Cod. Item;Item;Definicao;Classificacao; R$ Valor Sugerido ;Item Dolarizado;Especificacao Sugerida;Tipo
Cod. Item;Item;Definicao;Classificacao; R$ Valor Sugerido ;Item Dolarizado;Especificacao Sugerida;Tipo
11807;Acelerador Linear (Recursos avançados com IGRT 3D);Equipamento utilizado no serviço de radioterapia, que tem como função emitir a radiação utilizada em diversos tratamentos. As radiações emitidas são os raios x de alta energia (grande poder de penetração para tratamentos de câncer mais profundo) ou elétrons (radiações corpusculares com menor poder de penetração para tratamentos mais superficiais). A energia máxima de fótons deve estar em conformidade com o bunker autorizado (licença CNEN).;Médico Assistencial;R$ 11.881.011,68;S;Clique para Detalhar;ANÁLISE ESPECIALIZADA
10272;Adipômetro;Instrumento utilizado para medição de gordura localizada e/ou avaliação da composição corporal (cálculo do índice de gordura corporal). O equipamento realiza a medição através de uma prega na região corporal e seus resultados auxiliam num planejamento de atividades físicas e reeducação alimentar para adequação nutricional.;Médico Assistencial;R$ 175,00;N;Clique para Detalhar;NÃO ESPECIALIZADO
10848;Agitador com Incubadora;Equipamento utilizado para incubação de amostras que necessitam de agitação orbital e temperatura controlada.;Médico Assistencial;R$ 17.587,00;N;Clique para Detalhar;ESPECIALIZADO
2832;Agitador de Kline;Equipamento utilizado  para testes de VDRL, Kline, Alpha ou qualquer outro teste de aglutinação ou floculação.;Médico Assistencial;R$ 3.784,00;N;Clique para Detalhar;ESPECIALIZADO
1732;Agitador de Plaquetas;Equipamento para agitar plaquetas e bolsas de plaquetas de Apheresis com ou sem termostato.;Médico Assistencial;R$ 20.127,00;N;Clique para Detalhar;ESPECIALIZADO
41;Agitador de Tubos (Vórtex);Equipamento agitador de tubos e pequenos frascos utilizados em laboratórios.;Médico Assistencial;R$ 1.826,00;N;Clique para Detalhar;ESPECIALIZADO
1738;Agitador Magnético;Equipamento que promove agitação através de um campo magnético formado por um  ímã acoplado à um pequeno motor.;Médico Assistencial;R$ 1.707,00;N;Clique para Detalhar;ESPECIALIZADO
2827;Aglutinoscópio;Equipamento para visualizar aglutinação e possibilitar perfeita homogeneização.;Médico Assistencial;R$ 2.081,00;N;Clique para Detalhar;ESPECIALIZADO
11922;Agogô;Instrumento musical de percussão, composto por duas ou mais campanas metálicas de tamanhos diferentes, unidas por uma haste. O som é produzido ao bater com uma baqueta ou com as próprias mãos.;Apoio;R$ 147,00;N;Clique para Detalhar;ANÁLISE NÃO ESPECIALIZADA
2270;Alicate de Ordenha para Bolsa de Sangue;Alicate utilizado para confinar e selar na bolsa o sangue presente no tubo.;Apoio;R$ 21.726,00;N;Clique para Detalhar;NÃO ESPECIALIZADO
174;Amalgamador Odontológico;Equipamento de uso odontológico, utilizado para mistura de produtos para homogeneização, necessários à produção da amalgama. A sua função é obturação dental.;Médico Assistencial;R$ 2.065,00;N;Clique para Detalhar;ESPECIALIZADO
11994;Ambulância Padrão Samu 192 Furgão Sem Equipamentos Aquisição por Pregão 90105/2025 (Item 1);Veículo para transporte e assistência ao paciente (SAMU),para Suporte Básico e/ou Avançado de Vida para Renovação de Frota.;Veículo;R$ 292.600,00;N;Clique para Detalhar;ANÁLISE NÃO ESPECIALIZADA
11995;Ambulância Padrão Samu 192 Furgão Tipo B Aquisição por Pregão 90105/2025 (Item 2);Veículo para transporte e assistência ao paciente (SAMU),para Suporte Básico de Vida (USB).;Veículo;R$ 323.037,00;N;Clique para Detalhar;ANÁLISE NÃO ESPECIALIZADA
11996;Ambulância Padrão Samu 192 Furgão Tipo D Aquisição por Pregão 90105/2025 (Item 3);Veículo para transporte e assistência ao paciente (SAMU),para Suporte Avançado de Vida (USA).;Veículo;R$ 437.784,00;N;Clique para Detalhar;ANÁLISE NÃO ESPECIALIZADA
11998;Ambulância Tipo A - Simples Remoção Furgão (Agora Tem Especialistas) Aquisição por Pregão 90130/2025;Ambulância para suporte básico - Tipo A especial (Simples remoção sem risco de vida), destinada ao transporte de pacientes sem risco de vida aparente.;Veículo;R$ 274.977,00;N;Clique para Detalhar;ANÁLISE NÃO ESPECIALIZADA
11656;Ambulância Tipo A - Simples Remoção Tipo Furgão;"Ambulância de transporte para remoção simples e eletiva de pecientes sem risco de vida - Ambulância Tipo A.

Este equipamento possui especificação e preço unitário previamente validados pelo Ministério da Saúde e não serão permitidas alterações.";Veículo;R$ 312.730,00;N;Clique para Detalhar;ESPECIALIZADO
11974;Ambulância Tipo A - Simples Remoção Tipo Furgão (Agora Tem Especialistas);Ambulância para suporte básico - Tipo A especial (Simples remoção sem risco de vida), destinada ao transporte de pacientes sem risco de vida aparente.;Veículo;R$ 363.334,00;N;Clique para Detalhar;ANÁLISE NÃO ESPECIALIZADA
11677;Ambulância Tipo A - Simples Remoção Tipo Furgoneta;Ambulância de transporte para remoção simples e eletiva de pacientes sem risco de vida - Ambulância Tipo A.;Veículo;R$ 260.998,00;N;Clique para Detalhar;ESPECIALIZADO
11678;Ambulância Tipo A - Simples Remoção Tipo pick-up 4x4;Ambulância de transporte para remoção simples e eletiva de pacientes sem risco de vida - Ambulância Tipo A Pick-up 4x4.;Veículo;R$ 334.413,00;N;Clique para Detalhar;ESPECIALIZADO
95;Amnioscópio;Equipamento de diagnóstico portátil utilizado pelo médico obstetra para visualizar a cor e a transparência do líquido amniótico. Consiste em um exame simples e indolor onde o médico faz uma análise pela cor do líquido amniótico e com isso consegue determinar o bem estar do bebê.;Médico Assistencial;R$ 2.588,00;N;Clique para Detalhar;NÃO ESPECIALIZADO
11986;Amplificador Multicanais;É um dispositivo de áudio que contém multiplos circuitos amplificadores discretos (canais) em um único chassi.;Gerais;R$ 65.623,00;N;Clique para Detalhar;ANÁLISE NÃO ESPECIALIZADA
2828;Analisador Automático para Hematologia;Equipamento automático para rotinas hematológicas, na análise morfológica e contagem de células do sangue.;Médico Assistencial;R$ 104.987,00;N;Clique para Detalhar;ESPECIALIZADO
180;Analisador Bioquímico;Equipamento de uso essencial em laboratório com medição de analitos, sendo esse dispositivo (automático ou semi automático).;Médico Assistencial;R$ 111.634,00;N;Clique para Detalhar;ESPECIALIZADO
11416;Analisador de Composição Corporal;"Equipamento utilizado para diagnosticar deficiência ou excesso de nutrientes no organismo; Acompanhar a evolução terapêutica em várias situações clínicas bem como ser um indicador de risco.";Médico Assistencial;R$ 36.034,00;N;Clique para Detalhar;ESPECIALIZADO
718;Analisador de Gases Respiratórios/Hemogasômetro;Hemogasômetro, equipamento que permite a análise dos principais gases do sistema respiratório tais como oxigênio e gás carbônico.;Médico Assistencial;R$ 50.416,00;N;Clique para Detalhar;ESPECIALIZADO
11808;Analisador de G6PD;Analisador teste para a detecção quantitativa de Glicose-6-fosfato Desidrogenase (G6PD).;Médico Assistencial;R$ 1.934,00;N;Clique para Detalhar;ANÁLISE ESPECIALIZADA
2877;Analisador de Íons/ Eletrólitos;Analisador para dosagem de íons e eletrólitos (como Sódio, Potássio, Cloro, Lítio e Cálcio) nas rotinas laboratoriais de análises clínicas.;Médico Assistencial;R$ 29.347,00;N;Clique para Detalhar;ESPECIALIZADO
10518;Analisador de Meridianos;Sistema utilizado para análise bio-elétrica do paciente.;Médico Assistencial;R$ 2.244,00;N;Clique para Detalhar;ESPECIALIZADO
1461;Analisador de Partículas por Difração à Laser;Equipamneto utilizado para medir e caracterizar o tamanho das partículas presentes em uma amostra. Por meio da difração a laser monitora e otimiza a qualidade do produto, garantindo que as partículas estejam dentro das especificações dejedadas;Médico Assistencial;R$ 1.178.110,80;N;Clique para Detalhar;ANÁLISE ESPECIALIZADA
11324;Analisador de Tamanho de Partículas;Equipamento utilizado para medir tamanho de partículas sólidas e líquidas, podendo também determinar a forma da partícula analisada, com o objetivo de caracterizar partículas na faixa nano e micrométrica, como nanopartículas, polímeros, proteínas, emulsões, e outros sistemas dispersos.;Item Industrial Hosp/Farmacêutico e/ou Pesquisa;R$ 1.006.751,00;N;Clique para Detalhar;ANÁLISE ESPECIALIZADA
10493;Analisador de Urina;Equipamento para as rotinas de laboratório de urinálise, para determinação parâmetros físicos e químicos,  para auxiliar no diagnóstico de infecções, doenças renais e diabetes.;Médico Assistencial;R$ 8.471,00;N;Clique para Detalhar;ESPECIALIZADO
2789;Analisador Imunológico;Equipamento para as rotinas do laboratório de imunologia como: provas hormonais, detecção de marcadores específicos e reações antígeno-anticorpo.;Médico Assistencial;R$ 196.183,00;N;Clique para Detalhar;ESPECIALIZADO
11952;Analisador Termogravimétrico;Equipamento utilizado para analisar, avaliar, monitorar massa, por diferentes métodos.;Apoio;R$ 1.784.444,00;N;Clique para Detalhar;ANÁLISE NÃO ESPECIALIZADA
909;Andador;Equipamento utilizado no suporte de pacientes pediátrico a adulto com problemas locomotores.;Apoio;R$ 198,00;N;Clique para Detalhar;NÃO ESPECIALIZADO
11890;Andador Posterior com 04 Rodas;Equipamento utilizado no suporte de pacientes pediátrico a adulto com problemas locomotores.;Apoio;R$ 2.830,00;N;Clique para Detalhar;ANÁLISE NÃO ESPECIALIZADA
162;Aparelho de Anestesia;Equipamento destinado à administração e mistura de gases com vapores anestésicos ao paciente, através de respiração espontânea, controlada, manualmente ou mecanicamente, sendo constituído de seção de fluxo contínuo (incluindo vaporizador), sistema respiratório e respirador .;Médico Assistencial;R$ 287.847,00;N;Clique para Detalhar;ESPECIALIZADO
10927;Aparelho de Anestesia com Monitor Multiparâmetros;Equipamento destinado à administração e mistura de gases com vapores anestésicos ao paciente, através de respiração espontânea, controlada, manualmente ou mecanicamente, sendo constituído de seção de fluxo contínuo (incluindo vaporizador), sistema respiratório e respirador. Possui um Monitor Multiparâmetros acoplado ao sistema para medição dos parâmetros fisiológicos durante a anestesia.;Médico Assistencial;R$ 317.447,00;N;Clique para Detalhar;ESPECIALIZADO
11234;Aparelho de Anestesia para Ressonância Magnética;Equipamento destinado à administração e mistura de gases com vapores anestésicos ao paciente, através de respiração espontânea, controlada, manualmente ou mecanicamente, sendo constituído de seção de fluxo contínuo (incluindo vaporizador), sistema respiratório e respirador. Para este item deve ser apresentadas caracteristicas construtivas que permitam a aplicação correta e utilização segura do equipamento em ambientes que possuam Ressonância Nuclear Magnética.;Médico Assistencial;R$ 375.000,00;N;Clique para Detalhar;ESPECIALIZADO
10270;Aparelho de Bioimpedância Elétrica (BIA);Utilizado para analisar a composição corporal por meio da resistência total do corpo à passagem de uma corrente elétrica.;Médico Assistencial;R$ 215,00;N;Clique para Detalhar;ESPECIALIZADO
3034;Aparelho de Corrente Interferencial;É um equipamento de eletroterapia amplamente utilizado para fins de analgesia (alívio e dor) e estimulação neuromuscular.;Médico Assistencial;R$ 2.435,00;N;Clique para Detalhar;ESPECIALIZADO
10;Aparelho de DVD;Aparelho para audio-visualização de discos do tipo DVD.;Gerais;R$ 326,00;N;Clique para Detalhar;NÃO ESPECIALIZADO
11354;Aparelho de Fototerapia para Psoríase;Equipamento de fototerapia indicado para tratamento de psoríase, vitiligo, dermatite atópica, entre outros. Pode ser fixo aplicado para tratamentos de corpo inteiro ou portátil para aplicações em regiões isoladas, a depender do tipo da doença.;Médico Assistencial;R$ 10.361,00;N;Clique para Detalhar;ESPECIALIZADO
2775;Aparelho de Luz Infravermelho;Equipamento emissor de radiação infravermelha que auxilia na irrigação sanguínea, na redução da dor e também pode ser utilizado em bancos de leite.;Médico Assistencial;R$ 467,00;N;Clique para Detalhar;NÃO ESPECIALIZADO
10912;Aparelho de Raios X - Fixo Analógico;Equipamento emissor de Raios X para fins de diagnóstico médico.;Médico Assistencial;R$ 171.600,00;N;Clique para Detalhar;ESPECIALIZADO
10883;Aparelho de Raios X - Fixo Digital;Equipamento com tecnologia digital (detector de painel plano) emissor de Raios X para fins de diagnóstico clínico por imagem.;Médico Assistencial;R$ 405.977,00;N;Clique para Detalhar;ESPECIALIZADO
361;Aparelho de Raios X - Móvel;Aparelho móvel emissor de Raios X para fins de diagnóstico médico.;Médico Assistencial;R$ 249.000,00;N;Clique para Detalhar;ESPECIALIZADO
316;Aparelho de Raios X - Odontológico;Equipamento de uso odontológico, destinado à obtenção de radiografias odontológicas.;Médico Assistencial;R$ 12.917,00;N;Clique para Detalhar;ESPECIALIZADO
329;Aparelho de Raios X - Panorâmico;Equipamento emissor  de Raios X, para fins de diagnóstico médico-odontológico, que realiza movimento panorâmico ao redor da cabeça, para gerar imagens radiográficas da arcada dentária.;Médico Assistencial;R$ 146.809,00;N;Clique para Detalhar;ESPECIALIZADO
10913;Aparelho de Raios X Telecomandado com Fluoroscopia;Aparelho emissor de Raio X para fins diagnósticos, dotado de sistema de fluoroscopia, que gera imagens em tempo real para exames específicos.;Médico Assistencial;R$ 2.753.767,00;N;Clique para Detalhar;ESPECIALIZADO
1748;Aparelho de Som;Aparelho utilizado na reprodução de som.;Gerais;R$ 518,00;N;Clique para Detalhar;NÃO ESPECIALIZADO
11820;Aparelho Gerador de Ozônio para Odontologia;Equipamento que produz gás ozônio (O3), indicado para o combate a infecções e inflamações, possui propriedades analgésicas, anti-inflamatórias e antissépticas. Utilizado na endodontia, periodontia, cirurgia e no tratamento de cárie dental.;Médico Assistencial;R$ 13.553,00;N;Clique para Detalhar;ANÁLISE ESPECIALIZADA
61;Aparelho Medidor de Ponto de Fusão;Equipamento utilizado para a determinação do Ponto de Fusão em produtos sólidos (pós), verificação da pureza e qualidade da substância analisada.;Médico Assistencial;R$ 4.067,00;N;Clique para Detalhar;ESPECIALIZADO
418;Aparelho para Densitometria Óssea por Raios - X;Equipamento emissor de Raios X para fins Diagnósticos quanto ao grau de osteoporose e outros diagnósticos ósseos.;Médico Assistencial;R$ 406.847,00;N;Clique para Detalhar;ESPECIALIZADO
2524;Aparelho para Determinação da Desintegração;Aparelho para determinar o tempo de desintegração de comprimidos e cápsulas.;Médico Assistencial;R$ 72.634,00;N;Clique para Detalhar;ESPECIALIZADO
2902;Aparelho para Determinação de Dureza;Equipamento para Teste de Dureza de Comprimidos.;Médico Assistencial;R$ 35.381,58;N;Clique para Detalhar;ESPECIALIZADO
360;Aparelho para Fisioterapia por Microondas;É um equipamento de termoterapia profunda que utiliza a energia eletromagnética de alta frequência, na faixa das micro-ondas, para gerar calor terapêutico nos tecidos corporais.;Médico Assistencial;R$ 5.543,00;N;Clique para Detalhar;ESPECIALIZADO
453;Aparelho para Fisioterapia por Ondas Curtas;Equipamento utilizado para aplicar radiações produzidas por meio da corrente elétrica, podendo ser administrada de modo contínuo ou pulsado.;Médico Assistencial;R$ 9.314,00;N;Clique para Detalhar;ESPECIALIZADO
321;Aparelho para Fototerapia (icterícia/neonatologia);Aparelho de fototerapia por irradiação de lâmpadas (fluorescentes ou halógenas ou por fonte de LED), constituído por unidade refletora giratória e base móvel com rodízios e sistema de freio.;Médico Assistencial;R$ 9.565,00;N;Clique para Detalhar;ESPECIALIZADO
483;Aparelho para Hemodiálise;Aparelho microprocessado que permite o processo de filtragem do sangue.;Médico Assistencial;R$ 111.216,00;N;Clique para Detalhar;ESPECIALIZADO
10492;Aparelho para Hemossedimentação;Equipamento automatizado para leitura da Velocidade de Hemossedimentação (VHS) nas rotinas laboratoriais;Médico Assistencial;R$ 4.380,00;N;Clique para Detalhar;ESPECIALIZADO
882;Aparelho para Tração Ortopédica;O equipamento é utilizado em tratamento de  problemas nas regiões: cervical, lombar, tornozelo e pé.;Médico Assistencial;R$ 436,00;N;Clique para Detalhar;ESPECIALIZADO
10375;Aparelho Radiográfico Odontológico para Exame Extraoral;Equipamento de diagnóstico por imagens odontológicas, que são geradas por Raios X emitidos e captados em 360 graus ao redor do paciente, formando os chamados cortes da arcada dentária e demais áreas de interesse do estudo.;Médico Assistencial;R$ 257.294,00;N;Clique para Detalhar;ESPECIALIZADO
531;Aquecedor de Fluídos/ Sangue;Equipamento que realiza aquecimento de sangue, fluídos corporais, produtos à base de sangue e soluções intravenosas, durante infusão ou não, por meio da utilização de unidades de aquecimento.;Médico Assistencial;R$ 39.635,00;N;Clique para Detalhar;ESPECIALIZADO
11751;Aquecedor de Máscaras Termoplásticas para Radioterapia;Aquecedor de água para modelagem de máscaras termoplásticas.;Apoio;R$ 4.814,00;N;Clique para Detalhar;ESPECIALIZADO
992;Aquecedor Endodôntico para Gutta Percha;Equipamento utilizado para aquecer e plastificar a guta percha.;Médico Assistencial;R$ 3.468,00;N;Clique para Detalhar;ESPECIALIZADO
2356;Aquecedor Portátil de Ambiente;Equipamento portátil, utilizado para aqueceder ambientes.;Gerais;R$ 179,00;N;Clique para Detalhar;NÃO ESPECIALIZADO
2569;Ar Condicionado;Aparelho que trata o ar, regulando sua qualidade no que diz respeito às suas condições de temperatura.;Infraestrutura;R$ 2.840,00;N;Clique para Detalhar;NÃO ESPECIALIZADO
253;Arco Cirúrgico;Equipamento emissor de Raios-X para formação de imagens clínicas para fins diagnósticos. Arco em C móvel com fluoroscopia para a realização de procedimentos em pacientes adultos, pediátricos e neonatais.;Médico Assistencial;R$ 472.212,00;N;Clique para Detalhar;ESPECIALIZADO
2138;Armário;Armário móvel de aço ou madeira para guarda de materiais diversos.;Gerais;R$ 1.228,00;N;Clique para Detalhar;NÃO ESPECIALIZADO
11203;Armário com Aspiração de Segurança;Equipamento para armazenagem de resinas e produtos químicos voláteis utilizado na oficina ortopédica.;Apoio;R$ 7.622,00;N;Clique para Detalhar;NÃO ESPECIALIZADO
11925;Armário Eletrônico Dispensador de Medicamentos e Materiais Hospitalares com Sistema Automatizado;Equipamento utilizado para dispensação de medicamentos e materiais hospitalares, com a finalidade  de garantir uma gestão mais eficiente, segura e controlada das medicações materiais médicos utilizados na unidade de saúde. Ele permite a dispensação automatizada, controlada e rastreável dos materiais, ajudando a evitar desperdícios, erros e uso indevido.;Apoio;R$ 263.969,00;N;Clique para Detalhar;ANÁLISE NÃO ESPECIALIZADA
11718;Armário em Aço Inox para CME;Armário e/ou estante para utilização em Central de Material  Esterilizado.;Gerais;R$ 7.614,00;N;Clique para Detalhar;NÃO ESPECIALIZADO
2131;Armário Vitrine;Armário do tipo vitrine com porta para guarda de materiais ou medicamentos.;Gerais;R$ 1.671,00;N;Clique para Detalhar;NÃO ESPECIALIZADO
1730;Arquivo;Arquivo para documentos, tipo fichário com gaveta.;Gerais;R$ 2.332,00;N;Clique para Detalhar;NÃO ESPECIALIZADO
713;Articulador Odontológico;Equipamento utilizado para reproduzir as posições maxilo-mandibulares.;Apoio;R$ 2.081,00;N;Clique para Detalhar;ESPECIALIZADO
71;Aspirador de Secreções Elétrico Móvel;Aspirador móvel, utilizado nos procedimentos de aspirar secreção.;Médico Assistencial;R$ 4.538,00;N;Clique para Detalhar;ESPECIALIZADO
10376;Aspirador de Vapores;Equipamento utilizado para aspiração de vapores/gases, produzidos durante procedimentos cirúrgicos pela utilização de bisturis eletrônicos a fim de reter possíveis vírus e bactérias através dos filtros, além de eliminar os odores causados pelos cortes e coagulações realizados pelo equipamento. Deve ser utilizado para obter uma sala de cirurgia constantemente limpa e protegida, proporcionando melhores condições de trabalho aos profissionais da saúde.;Apoio;R$ 4.989,00;N;Clique para Detalhar;ESPECIALIZADO
10584;Aspirador Ultrassônico/ Bisturi Ultrassônico;"O Aspirador Ultrassônico é um equipamento indicado para simultaneamente, fragmentar, emulsificar, irrigar e aspirar tecidos das mais diversas origens, inclusive calcificados. 
Bisturi para corte e coagulação de tecidos moles com amplo controle do sangramento, sem lesões térmicas periféricas, sem utilização de corrente elétrica através do paciente, sem carbonização dos tecidos, sem escarificação, sem fumaça e odores. Ativação ultrassônica gerada por cerâmicas piezoelétricas.";Médico Assistencial;R$ 481.681,00;N;Clique para Detalhar;ESPECIALIZADO
11889;Assistente de Tosse;Equipamento projetado para simular a tosse natural e auxiliar na remoção de secreções das vias respiratórias;Médico Assistencial;R$ 31.396,00;N;Clique para Detalhar;ANÁLISE ESPECIALIZADA
956;Audiômetro;Aparelho usado para medir a sensibilidade auditiva e a intensidade do som. Neste equipamento não poderá ser especificado BERA (Sistema de Potencial Evocado).;Médico Assistencial;R$ 32.937,00;N;Clique para Detalhar;ESPECIALIZADO
10551;Autoclave Horizontal de Mesa (até 75 litros);Autoclave horizontal de bancada à vapor para esterilização de instrumentos e materiais médico-cirúrgicos.;Apoio;R$ 5.614,00;N;Clique para Detalhar;ESPECIALIZADO
10893;Autoclave Hospitalar Horizontal (acima de 350 litros);Autoclave Hospitalar Horizontal de grande porte para esterilização de instrumentais cirúrgicos e materiais em geral.;Apoio;R$ 402.750,00;N;Clique para Detalhar;ESPECIALIZADO
10892;Autoclave Hospitalar Horizontal (151 a 350 litros);Autoclave Hospitalar Horizontal de grande porte para esterilização de instrumentais cirúrgicos e materiais em geral.;Apoio;R$ 309.565,00;N;Clique para Detalhar;ESPECIALIZADO
10552;Autoclave Hospitalar Horizontal (75 a 150 litros);Autoclave Hospitalar Horizontal de grande porte para esterilização de instrumentais cirúrgicos e materiais em geral, na Central de Materiais Esterelizados.;Apoio;R$ 241.647,00;N;Clique para Detalhar;ESPECIALIZADO
2271;Autoclave Vertical;Autoclave vertical com controle microprocessado, para esterilização de materiais.;Apoio;R$ 31.258,00;N;Clique para Detalhar;ESPECIALIZADO
11672;Automação para Imuno-Histoquímica;Equipamento para a automação do preparo das amostras nos ensaios de imunohistoquímica. Equipamento para a automação da localização de antígenos em secções de tecido usando anticorpos primários específicos, permitindo a utilização de anticorpos primários de outros fabricantes.;Médico Assistencial;R$ 703.800,00;N;Clique para Detalhar;ESPECIALIZADO
10563;Autorefrator;*Equipamento oftalmológico utilizado para identificar automaticamente o grau de refração do olho, podendo também medir a curvatura da córnea.;Médico Assistencial;R$ 29.530,00;N;Clique para Detalhar;ESPECIALIZADO
2141;Balança Analítica de Precisão;Balança para preparação de reagentes, corantes e demais rotinas laboratoriais. Pode obter precisão de 0,0001g.;Médico Assistencial;R$ 7.365,00;N;Clique para Detalhar;ESPECIALIZADO
2980;Balança Antropométrica Adulto;Equipamento para pesagem e medição da estatura do paciente.;Médico Assistencial;R$ 1.843,00;N;Clique para Detalhar;NÃO ESPECIALIZADO
2981;Balança Antropométrica Infantil;*Equipamento para pesagem do paciente.;Médico Assistencial;R$ 1.092,00;N;Clique para Detalhar;NÃO ESPECIALIZADO
11247;Balança Antropométrica para Obesos;*Equipamento para pesagem e medição da estatura do paciente.;Médico Assistencial;R$ 2.245,00;N;Clique para Detalhar;NÃO ESPECIALIZADO
11886;Balança Digital para Pessoa em Cadeira de Rodas;"*Equipamento utilizado para pesagem de paciente.

Neste item não serão financiadas balanças do tipo domésticas sendo permitidas apenas balanças do tipo profissional.";Médico Assistencial;R$ 6.748,00;N;Clique para Detalhar;ANÁLISE ESPECIALIZADA
11076;Balança Digital Portátil;"*Equipamento utilizado para pesagem de paciente.

Neste item não serão financiadas balanças do tipo domésticas sendo permitidas apenas balanças do tipo profissional.";Médico Assistencial;R$ 1.993,00;N;Clique para Detalhar;NÃO ESPECIALIZADO
11796;Balança Dinâmica;Equipamento para checagem de peso em linha.;Apoio;R$ 192.000,00;N;Clique para Detalhar;ESPECIALIZADO
11280;Balança para Determinação de Umidade;Equipamento de laboratório que mede a quantidade de água em uma amostra (sólida ou líquida) usando o método de perda por secagem (termogravimétrico), aquecendo-a e calculando a diferença de peso antes e depois da evaporação da umidade.;Médico Assistencial;R$ 12.418,00;N;Clique para Detalhar;ESPECIALIZADO
10265;Balança para Laboratório;Equipamento de bancada utilizada em laboratório para medir massa em uso geral com precisão de 0,01g.;Médico Assistencial;R$ 2.836,00;N;Clique para Detalhar;ESPECIALIZADO
11339;Balança Semi-Analítica;Equipamentom digital para uso em laboratórios para medir massa com precisão entre 0,001g e 0,1 g. A capacidade máxima é variável de acordo com o uso pretendido.;Médico Assistencial;R$ 4.396,00;N;Clique para Detalhar;ESPECIALIZADO
2305;Balança Tipo Plataforma;Balança do tipo plataforma para pesagem de materiais diversos.;Médico Assistencial;R$ 2.042,00;N;Clique para Detalhar;NÃO ESPECIALIZADO
2965;Balancim Proprioceptivo;Equipamento utilizado para exercícios de equilíbrio, propriocepção e fortalecimento muscular.;Médico Assistencial;R$ 610,00;N;Clique para Detalhar;NÃO ESPECIALIZADO
2709;Balcão de Atendimento;Balcão utilizado para atender clientes em uma recepção.;Gerais;R$ 1.581,00;N;Clique para Detalhar;NÃO ESPECIALIZADO
2224;Balde a Chute;Equipamento com rodízios para transportar balde.;Gerais;R$ 637,00;N;Clique para Detalhar;NÃO ESPECIALIZADO
2099;Balde a Pedal;Recipiente para a coleta de detritos, com dispositivo de elevação da tampa acionado por pedal.;Gerais;R$ 418,00;N;Clique para Detalhar;NÃO ESPECIALIZADO
1717;Balde/ Lixeira;Cesto  de Lixo  sem pedal.;Gerais;R$ 95,00;N;Clique para Detalhar;NÃO ESPECIALIZADO
53;Bancada;Bancada com superfície em aço inoxidável para preparo e dispensação de imunobiológicos.;Gerais;R$ 2.888,00;N;Clique para Detalhar;NÃO ESPECIALIZADO
11205;Bancada para Oficina Ortopédica;Bancada para trabalhos manuais em oficina ortopédica.;Gerais;R$ 1.888,00;N;Clique para Detalhar;NÃO ESPECIALIZADO
10495;Banco de Wells;Utilizado na avaliação física, como um teste de flexibilidade para medir a amplitude do alongamento da parte posterior do tronco e pernas.;Médico Assistencial;R$ 412,00;N;Clique para Detalhar;NÃO ESPECIALIZADO
11935;Banco Regulável Ajustável Supino - 0 a 90°;Equipamento utilizado para a prática de musculação no processo de reabilitação e inserção no esporte adaptado, uso previsto para pessoas com mobilidade reduzida.;Apoio;R$ 1.242,00;N;Clique para Detalhar;ANÁLISE NÃO ESPECIALIZADA
11933;Banco Supino Reto;Equipamento utilizado para a prática de musculação no processo de reabilitação e inserção no esporte adaptado, uso previsto para pessoas com mobilidade reduzida.;Apoio;R$ 1.056,00;N;Clique para Detalhar;ANÁLISE NÃO ESPECIALIZADA
2840;Banho a Seco (Termobloco);"Equipamento para incubar substâncias utilizando ao invés de água aquecida (banho-maria tradicional) bloco de alumínio. 
Aplicações nas áreas de biologia molecular, biotecnologia, histologia, análises clínicas, farmacêutica, alimentícia, entre outras.";Médico Assistencial;R$ 2.722,00;N;Clique para Detalhar;ESPECIALIZADO
377;Banho de Parafina;Aparelho para manter a parafina líquida com temperatura constante e regulável.;Médico Assistencial;R$ 7.418,00;N;Clique para Detalhar;NÃO ESPECIALIZADO
11338;Banho Ultrassônico;Equipamento utilizado para preparo de soluções e limpeza de materiais.;Apoio;R$ 10.500,00;N;Clique para Detalhar;ESPECIALIZADO
220;Banho-Maria;Utilizado para aquecer lenta e uniformemente qualquer substância líquida ou sólida.;Médico Assistencial;R$ 2.271,00;N;Clique para Detalhar;ESPECIALIZADO
1828;Banho-Maria (para alimentos);Equipamento utilizado para aquecer as refeições por meio do calor indireto.;Gerais;R$ 1.209,00;N;Clique para Detalhar;ESPECIALIZADO
10257;Banho-Maria para Lactário;Equipamento destinado ao processamento de Leite Humano (aquecimento, degelo ou pasteurização).;Médico Assistencial;R$ 33.379,00;N;Clique para Detalhar;ESPECIALIZADO
2711;Banqueta;Banco pequeno e sem encosto.;Gerais;R$ 513,00;N;Clique para Detalhar;NÃO ESPECIALIZADO
11084;Banqueta Dobrável;Banco pequeno e sem encosto dobrável.;Gerais;R$ 135,00;N;Clique para Detalhar;NÃO ESPECIALIZADO
11074;Banqueta para Parto Vertical;Utilizado para auxiliar durante o trabalho de parto, com abertura na frente que permite a visualização do parto.;Médico Assistencial;R$ 1.050,00;N;Clique para Detalhar;NÃO ESPECIALIZADO
10298;Baropodômetro;Equipamento utilizado para análise e identificação de desvios, pressões anormais na região do pé, entre outros.;Médico Assistencial;R$ 22.212,00;N;Clique para Detalhar;ESPECIALIZADO
11897;Barra de Flexão em T;Equipamento utilizado para exercícios de força, especialmente para trabalhar os músculos das costas, ombro e braços;Apoio;R$ 1.206,00;N;Clique para Detalhar;ANÁLISE NÃO ESPECIALIZADA
911;Barras Paralelas para Fisioterapia;Equipamento para auxílio de exercicios de fisoterapia e reabilitação (treino, mancha, equilibrio em pé e transferência de peso).;Médico Assistencial;R$ 2.864,00;N;Clique para Detalhar;NÃO ESPECIALIZADO
1820;Bebedouro/ Purificador Refrigerado;Bebedouro elétrico para refrigeração de água potável.;Gerais;R$ 1.000,00;N;Clique para Detalhar;NÃO ESPECIALIZADO
146;BERA Sistema de Potencial Evocado;Utilizado para registrar a atividade elétrica da via auditiva até o sistema nervoso central e assim avaliar o funcionamento da cóclea, nervo da audição e via auditiva central. Também poderá  avaliar a função coclear, indicado para diagnósticar doença de Ménière e monitorar, por meio do módulo, ou função para eletrococleografia (EcohG).;Médico Assistencial;R$ 74.631,00;N;Clique para Detalhar;ESPECIALIZADO
11595;BERA Triagem;Detecta potenciais elétricos que surgem em resposta a sons e avalia a integridade do nervo auditivo e das vias auditivas no tronco encefálico. Realizado aplicando sons (com uma sonda ou fone de ouvido) e captando respostas elétricas através de eletrodos posicionados em 3 pontos na cabeça.;Médico Assistencial;R$ 40.684,00;N;Clique para Detalhar;ESPECIALIZADO
553;Berço Aquecido;Berço para acomodação de recém nascido, aquecido por sistema de calor irradiante para proporcionar conforto térmico.;Médico Assistencial;R$ 27.245,00;N;Clique para Detalhar;ESPECIALIZADO
20;Berço Hospitalar com Grades;Equipamento para acomodação de pacientes pediátricos.;Apoio;R$ 4.143,00;N;Clique para Detalhar;NÃO ESPECIALIZADO
2011;Berço para Recém Nascido;Equipamento para acomodação de pacientes recém-nascido.;Apoio;R$ 1.808,00;N;Clique para Detalhar;NÃO ESPECIALIZADO
10864;Berço para Recém Nascido com Fototerapia Reversa;É um berço podendo ser aquecido ou não para alojamento do recém-nascido que deve apresentar em sua estrutura o recurso de fototerapia reversa integrada para tratamento da hiperbilirrubinemia neonatal através de irradiação de lâmpadas.;Médico Assistencial;R$ 22.714,00;N;Clique para Detalhar;ESPECIALIZADO
11603;Bicicleta;Veículo de duas rodas, sendo a traseira acionada por um sistema de pedais que movimentam uma corrente transmissora.;Veículo;R$ 857,00;N;Clique para Detalhar;NÃO ESPECIALIZADO
11899;Bicicleta Elétrica;Veículo de duas rodas, tipo motocicleta elétrica utilizada para o deslocamento de profissionais da Estratégia Saúde da Família (ESF), Agentes Comunitários de Saúde (ACS), Equipes Multiprofissionais e outras equipes que necessitam se locomover com agilidade em áreas urbanas e rurais.;Veículo;R$ 6.273,00;N;Clique para Detalhar;ANÁLISE NÃO ESPECIALIZADA
6;Bicicleta Ergométrica Vertical;Equipamento utilizado para realizar estudos ergométricos envolvendo medições dos mais diversos tipos de esforços físicos.;Médico Assistencial;R$ 3.790,00;N;Clique para Detalhar;NÃO ESPECIALIZADO
632;Bilirrubinômetro;Aparelho analisador de bilirrubina.;Médico Assistencial;R$ 34.434,00;N;Clique para Detalhar;ESPECIALIZADO
11891;Biofeedback Eletromiográfico (Uroginecológico);Equipamento que contém um sistema eletrônico de amplificação de condicionamento de sinais para conseguir captar, isolar e amplificar o sinal elétrico muscular desejado.;Médico Assistencial;R$ 6.246,00;N;Clique para Detalhar;ANÁLISE ESPECIALIZADA
1737;Biombo;É um objeto ou móvel, geralmente movível (que pode ser movido), utilizado para divisão de ambientes e promover privacidade ao paciente.;Apoio;R$ 1.041,00;N;Clique para Detalhar;NÃO ESPECIALIZADO
2745;Biombo Plumbífero;Mobiliário hospitalar, revestido em chumbo, usado para proteção do profissional durante a realização de exames radiológicos.;Apoio;R$ 7.297,00;N;Clique para Detalhar;NÃO ESPECIALIZADO
3130;Biômetro de Coerência Óptica;Equipamento destinado ao diagnóstico oftalmológico para cálculo de medidas necessárias para determinação da lente intraocular (LIO) durante a cirurgia de catarata, utilizando as medições a partir da luz (interferometria).;Médico Assistencial;R$ 262.308,00;N;Clique para Detalhar;ESPECIALIZADO
10987;Biômetro Ultrassônico/Ecobiômetro;Aparelho oftalmológico que usa ultrassom para medir com precisão as dimensões internas do olho, como o comprimento axial (distância da córnea à retina) e a profundidade da câmara anterior, sendo crucial para calcular o grau da Lente Intraocular (LIO) implantada na cirurgia de catarata, além de auxiliar no diagnóstico de outras condições oculares.;Médico Assistencial;R$ 29.820,00;N;Clique para Detalhar;ESPECIALIZADO
1510;Biorreator/ Fermentador;Equipamento utilizado em laboratório em processos de fermentação aeróbica e anaeróbica.;Médico Assistencial;R$ 321.303,00;N;Clique para Detalhar;ESPECIALIZADO
10463;BIPAP;Sistema de suporte ventilatório não-invasivo.;Médico Assistencial;R$ 6.324,00;N;Clique para Detalhar;ESPECIALIZADO
11241;BIPAP com Monitor Gráfico;Sistema de suporte ventilatório não-invasivo que possua monitor gráfico para monitorização dos parâmetros em UTI.;Médico Assistencial;R$ 24.861,00;N;Clique para Detalhar;ESPECIALIZADO
10989;Bisturi Elétrico (a partir de 151 W);Aparelho utilizado na maioria dos procedimentos cirúrgicos com a finalidade de coagular, dissecar, cortar e fulgurar os tecidos biológicos.;Médico Assistencial;R$ 34.374,00;N;Clique para Detalhar;ESPECIALIZADO
10995;Bisturi Elétrico (até 150 W);Aparelho utilizado na maioria dos procedimentos cirúrgicos que transforma a corrente elétrica de baixa freqüência em corrente de alta freqüência. Tem a finalidade de coagular, dissecar, cortar e fulgurar os tecidos biológicos.;Médico Assistencial;R$ 14.033,00;N;Clique para Detalhar;ESPECIALIZADO
434;Bomba à Vácuo;Equipamento gerador de vácuo para diversas aplicações em ambiente hospitalar.;Infraestrutura;R$ 4.745,00;N;Clique para Detalhar;ESPECIALIZADO
11803;Bomba à Vácuo Odontológica;Equipamento gerador de vácuo para serviços de saúde bucal.;Infraestrutura;R$ 4.598,00;N;Clique para Detalhar;ESPECIALIZADO
2318;Bomba D'Agua Elétrica;Equipamento que transfere agua de um lugar para outro atraves da tubulação.;Infraestrutura;R$ 1.640,00;N;Clique para Detalhar;ESPECIALIZADO
407;Bomba de Infusão;Equipamento médico-hospitalar, utilizado para infundir líquidos tais como drogas ou nutrientes, com controle de fluxo e volume nas vias venosa.;Médico Assistencial;R$ 12.924,00;N;Clique para Detalhar;ESPECIALIZADO
10452;Bomba de Infusão de Seringa;Bomba de infusão para uso em unidade de terapia intensiva no cuidado de pacientes pediátricos e adultos.;Médico Assistencial;R$ 8.449,00;N;Clique para Detalhar;ESPECIALIZADO
11887;Bomba Dosadora para Fluoretação;Bomba para dosar com precisão os compostos de flúor utilizados na fluoretação da água de abastecimento público.;Gerais;R$ 5.789,00;N;Clique para Detalhar;ANÁLISE NÃO ESPECIALIZADA
246;Bomba Elétrica para Sucção de Leite;É um dispositivo médico-hospitalar e de uso doméstico projetado para remover o leite materno do seio de uma mãe lactante por meio de um mecanismo de sucção rítmica e controlada.;Médico Assistencial;R$ 22.782,00;N;Clique para Detalhar;NÃO ESPECIALIZADO
10543;Bomba Injetora de Contraste;Equipamento para infusão de contraste, automatizada com controle de fluxo e volume, para uso em exames de tomografia, hemodinâmica, ressonância, etc.;Médico Assistencial;R$ 113.247,00;N;Clique para Detalhar;ESPECIALIZADO
291;Bomba Peristáltica para uso Farmacêutico/ Laboratorial;Equipamento de uso laboratorial utilizado para bombear e dosar com precisão soluções.;Médico Assistencial;R$ 25.482,00;N;Clique para Detalhar;ESPECIALIZADO
10404;Botijão Criogênico;Recipientes projetados para o armazenamento e transporte de nitrogênio líquido.;Médico Assistencial;R$ 5.640,00;N;Clique para Detalhar;NÃO ESPECIALIZADO
2848;Botijão de Gás;É um recipiente pressurizado, projetado especificamente para armazenar e transportar Gás Liquefeito de Petróleo (GLP).;Gerais;R$ 255,00;N;Clique para Detalhar;NÃO ESPECIALIZADO
10541;Braçadeira para Injeção;É um dispositivo médico projetado especificamente para imobilizar e estabilizar o membro (geralmente o braço ou antebraço) de um paciente, a fim de facilitar a realização de procedimentos de injeção ou punção venosa.;Apoio;R$ 295,00;N;Clique para Detalhar;NÃO ESPECIALIZADO
10547;Braquiterapia com Sistema de Controle Remoto;"Constitui uma forma de tratamento que utiliza fontes radioativas, em contato direto com o tumor (colo uterino, vagina, vulva, próstata e pele)), sendo indicada a pacientes que se submetem à radioterapia.
Equipamento utilizado no serviço de radioterapia, para os procedimentos intracavitários com a inserção de semente (s) radioativa (s) (radioisótopo) no paciente durante o tratamento.
São premissas que estes equipamentos estejam alinhados com a tecnologia requerida pelo Sistema Único de Saúde, expressa na tabela de procedimentos aprovada e publicada pelo Ministério da Saúde.";Médico Assistencial;R$ 2.054.039,50;S;Clique para Detalhar;ESPECIALIZADO
1935;Bureta Automática;Equipamento utilizado para dispensações e titulações laboratoriais.;Médico Assistencial;R$ 8.864,00;N;Clique para Detalhar;ESPECIALIZADO
10806;Cabideiro;Móvel para pendurar roupas e pertences.;Gerais;R$ 272,00;N;Clique para Detalhar;NÃO ESPECIALIZADO
1047;Cabine Audiométrica;Utilizada para diminuir as interferências externas e assim realizar testes audiométricos.;Apoio;R$ 8.137,00;N;Clique para Detalhar;ESPECIALIZADO
11773;Cabine de Exaustão de Pós;Item que retem as partculas sólidas para manipulação laboratorial;Apoio;R$ 1.813,00;N;Clique para Detalhar;ESPECIALIZADO
1462;Cabine de Pesagem;Equipamento utilizado para pesagem e amostragem de matéria-primas.;Apoio;R$ 267.092,00;N;Clique para Detalhar;ANÁLISE NÃO ESPECIALIZADA
778;Cabine de Proteção Biológica;Equipamentos que oferecem proteção ao produto manipulado, ao operador e ao ambiente onde estão inseridos e o fluxo de ar é sempre vertical.;Apoio;R$ 26.172,00;N;Clique para Detalhar;ESPECIALIZADO
759;Cadeira;Cadeira de uso geral, utilizada para acomodar pessoas.;Gerais;R$ 307,00;N;Clique para Detalhar;NÃO ESPECIALIZADO
11934;Cadeira Adutora e Abdutora;Equipamento utilizado para a prática de musculação no processo de reabilitação e inserção no esporte adaptado, uso previsto ara pessoas com mobilidade reduzida.;Apoio;R$ 2.399,00;N;Clique para Detalhar;ANÁLISE NÃO ESPECIALIZADA
1736;Cadeira de Banho/ Higiênica;Utilizada para proceder no banho de aspersão em pacientes debilitados.;Apoio;R$ 499,00;N;Clique para Detalhar;NÃO ESPECIALIZADO
3052;Cadeira de Rodas Adulto;Equipamento utilizado no transporte de pessoas fragilizadas ou impossibilitada de andar.;Apoio;R$ 1.514,00;N;Clique para Detalhar;NÃO ESPECIALIZADO
11246;Cadeira de Rodas para Obeso;Equipamento utilizado no transporte de pessoas fragilizadas ou impossibilitada de andar.;Apoio;R$ 2.386,00;N;Clique para Detalhar;NÃO ESPECIALIZADO
11245;Cadeira de Rodas Pediátrica;Equipamento utilizado no transporte de pessoas fragilizadas ou impossibilitadas de andar.;Apoio;R$ 1.763,00;N;Clique para Detalhar;NÃO ESPECIALIZADO
11926;Cadeira Flexora e Extensora;É utilizado para a prática de musculação no processo de reabilitação e inserção no esporte adaptado, uso previsto para pessoas com mobilidade reduzida.;Médico Assistencial;R$ 1.466,00;N;Clique para Detalhar;ANÁLISE ESPECIALIZADA
519;Cadeira Odontológica Completa;Cadeira utiliza para realizar procedimentos odontológicos. Acompanha o equipo, o sugador e o refletor.;Médico Assistencial;R$ 27.405,00;N;Clique para Detalhar;ANÁLISE ESPECIALIZADA
1364;Cadeira Oftalmológica;Utilizada para proceder consultas clínicas e pequenas cirurgias oftalmológicas.;Apoio;R$ 20.528,00;N;Clique para Detalhar;ESPECIALIZADO
1754;Cadeira Otorrinológica;Utilizada para proceder consultas clínicas e pequenas cirurgias otorrinológicas.;Apoio;R$ 23.371,00;N;Clique para Detalhar;ESPECIALIZADO
10994;Cadeira para Coleta de Sangue;Cadeira utilizada para procedimentos de coleta de sangue.;Apoio;R$ 625,00;N;Clique para Detalhar;ESPECIALIZADO
10502;Cadeira para Massagem;Cadeira utilizada para aplicar técnicas de massagens.;Apoio;R$ 1.001,00;N;Clique para Detalhar;NÃO ESPECIALIZADO
11087;Cadeira para Obeso;Móbiliário para acomodar pessoas obesas.;Gerais;R$ 2.506,00;N;Clique para Detalhar;NÃO ESPECIALIZADO
3043;Cadeira para Turbilhão;Cadeira utilizada em hidroterapia para imersão de membros em recipiente onde o tratamento ocorre através do movimento rápido da água em forma de redemoinho.;Médico Assistencial;R$ 1.007,00;N;Clique para Detalhar;NÃO ESPECIALIZADO
2272;Cadeira Universitária;Cadeira universitária para utilização em salas de reuniões e auditórios.;Gerais;R$ 807,00;N;Clique para Detalhar;NÃO ESPECIALIZADO
11625;Caixa de Som Amplificada;É um sistema de áudio que integra o alto-falante (ou conjunto de alto-falantes) e o amplificador de potência no mesmo gabinete.;Gerais;R$ 1.043,00;N;Clique para Detalhar;NÃO ESPECIALIZADO
11086;Caixa para Desinfecção de Limas Endodônticas;É um dispositivo ou recipiente médico-odontológico projetado especificamente para organizar, limpar e desinfetar os instrumentos endodônticos (principalmente as limas).;Apoio;R$ 32,00;N;Clique para Detalhar;NÃO ESPECIALIZADO
11840;Caixa Sanfonada;Item destinado para armazenar, organizar, transportar, ferramentar, peças, acessórios.;Gerais;R$ 215,00;N;Clique para Detalhar;ANÁLISE NÃO ESPECIALIZADA
2172;Caixa Térmica;Recipiente utilizado para acondicionamento e/ou transporte temporário de substâncias que requeiram temperaturas controladas (não proporciona controle rigoroso).;Gerais;R$ 1.219,00;N;Clique para Detalhar;NÃO ESPECIALIZADO
11800;Calandra Hospitalar;Utilizada na lavanderia hospitalar para passar os tecidos através de vapor, gás ou aquecimento elétrico.;Apoio;R$ 167.473,00;N;Clique para Detalhar;ESPECIALIZADO
11147;Calibrador de Pressão;Equipamento portátil utilizado para medir, ajustar e calibrar a pressão em instrumentos de medição de pressão. Permite verificar se os dispositivos de medição estão operando corretamente e fornecendo leituras precisas.;Apoio;R$ 126.314,00;N;Clique para Detalhar;ANÁLISE NÃO ESPECIALIZADA
11162;Calorímetro Diferencial de Varredura;Equipamento utilizado para a Execução de Análises Térmicas.;Apoio;R$ 466.083,00;N;Clique para Detalhar;ANÁLISE NÃO ESPECIALIZADA
1236;Cama Comum (não hospitalar);"Cama para acomodar pessoas em ambientes como conforto médico, repouso de funcionários.
Esse item tem disponibilidade para aquisição de dois tipos de cama: cama simples, para acomodar uma pessoa ou beliche, para acomodar duas pessoas.";Apoio;R$ 736,00;N;Clique para Detalhar;NÃO ESPECIALIZADO
11441;Cama Elástica Proprioceptiva;É um equipamento de exercício e fisioterapia projetado especificamente para desafiar e estimular o Sistema Proprioceptivo e o Equilíbrio do usuário.;Médico Assistencial;R$ 555,00;N;Clique para Detalhar;NÃO ESPECIALIZADO
765;Cama Hospitalar Adulto (sem movimento Fawler);Cama para acomodação de pacientes adulto.;Médico Assistencial;R$ 2.547,00;N;Clique para Detalhar;NÃO ESPECIALIZADO
1002;Cama Hospitalar Tipo Fawler Elétrica;Cama com movimentos fawler (deve possuir motores elétricos) para acomodação de pacientes pediátrico, adulto e obeso.;Médico Assistencial;R$ 23.898,00;N;Clique para Detalhar;ESPECIALIZADO
1981;Cama Hospitalar Tipo Fawler Mecânica;"Cama com movimentos fawler (movimentos por manivela) para acomodação de pacientes adulto e obeso.

OBSERVAÇÃO: Para a característica Cabeceira/peseira removíveis, ao selecionar a opção ""Não possui"", entende-se que a cabeceira e peseira são fixas. Ao selecionar qualquer uma das outras duas opções, estará definido o material de confecção e entende-se que as mesmas são removíveis.";Médico Assistencial;R$ 7.187,00;N;Clique para Detalhar;ESPECIALIZADO
10844;Cama PPP;Cama hospitalar que reúne condições necessárias para parto normal (Parto Humanizado).;Médico Assistencial;R$ 14.576,00;N;Clique para Detalhar;ESPECIALIZADO
595;Câmara Cintilográfica (Gama Câmara);Equipamento detector de radiação emitida por radiofármaco utilizado pelo paciente para fins diagnósticos. Gama Câmara que permita realizar exames gerais de medicina nuclear com técnicas de imagens em SPECT e planares de corpo inteiro, com possibilidade de magnificação da imagem.;Médico Assistencial;R$ 3.580.000,00;N;Clique para Detalhar;ESPECIALIZADO
1998;Câmara Climática;Equipamento para testes de temperatura, estudos de estabilidade, envelhecimento, durabilidade de materiais, medicamentos, alimentos, peças, embalagens e culturas de tecidos vegetais.;Médico Assistencial;R$ 42.364,00;N;Clique para Detalhar;ESPECIALIZADO
1384;Câmara de Conservação para Transporte de Bolsas de Sangue;Equipamento utilizado no apoio ao transporte de bolsas de sangue, possuindo utensílios para este fim.;Apoio;R$ 9.745,00;N;Clique para Detalhar;ESPECIALIZADO
10491;Câmara Escura Odontológica;é um equipamento ou pequeno compartimento projetado para permitir que o profissional de odontologia realize a manipulação, remoção e processamento químico (revelação e fixação) de filmes radiográficos intraorais sob condições de total escuridão.;Apoio;R$ 344,00;N;Clique para Detalhar;ESPECIALIZADO
2940;Câmara Mortuária;Câmara refrigerada utilizada para conservação e guarda de cadáveres.;Apoio;R$ 65.342,00;N;Clique para Detalhar;ESPECIALIZADO
2460;Câmara para Conservação de Hemoderivados/ Imuno/ Termolábeis;Câmara fria, para armazenamento e conservação de sangue, vacinas ou outros materiais laboratoriais termolábeis.;Apoio;R$ 16.186,00;N;Clique para Detalhar;ESPECIALIZADO
3050;Câmara para Conservação de Imunobiológicos;Câmara fria para armazenamento e conservação de imunobiológicos.;Apoio;R$ 16.186,00;N;Clique para Detalhar;ESPECIALIZADO
11608;Câmara para Conservação de Imunobiológicos a Energia Solar;Câmara para conservação e armazenamento científico de imunobilógicos e/ou outros materiais termolábeis com temperatura controlada. A energia elétrica necessária para alimentar o equipamento é gerada através de um kit de energia solar já acoplado ao sistema.;Apoio;R$ 34.106,00;N;Clique para Detalhar;ESPECIALIZADO
2039;Câmara Ultra-Violeta/ Transiluminador;Câmara (Gabinete) de visualização específica para análise superior de fluorescência em placas ou papéis de cromatografia em camada delgada (TLC), e outros materiais como lipídios, esteróides, vitaminas, porfinas e hidrocarbonos clorados.;Médico Assistencial;R$ 3.625,00;N;Clique para Detalhar;ESPECIALIZADO
11834;Câmera de Segurança;Esse tipo de câmera de segurança é ideal para espaços externos, principalmente para os locais onde se deseja evidenciar a presença do equipamento no ambiente, reforçando a sensação de segurança;Gerais;R$ 2.256,00;N;Clique para Detalhar;ANÁLISE NÃO ESPECIALIZADA
11858;Câmera de Videoconferência;Câmera de vídeo que capta imagens, utilizada para videoconferência, monitoramento de ambientes, produção de vídeo e imagens para edição, entre outras aplicações.;Gerais;R$ 2.143,00;N;Clique para Detalhar;ANÁLISE NÃO ESPECIALIZADA
10165;Campímetro;Aparelho que realiza o acompanhamento e avaliação do percepção visual (amplitude de visão periférica). Pode ser usado para o diagnóstico precoce de glaucoma, degenerações do nervo óptico e retina. Através do Campímetro é realizado um exame ocular que estuda a percepção visual central e periférica. Quando o oftalmologista mede a visão de longe e de perto ele está observando a percepção visual central. A percepção periférica no ser humano é em torno de 180° se tivermos a falar dos dois olhos, mas, uma campimetria faz-se monocularmente o que reduz para 160°, isto porque temos a cana do nariz que não nos deixa perceber a 180°.;Médico Assistencial;R$ 87.844,00;N;Clique para Detalhar;ESPECIALIZADO
1845;Capela de Exaustão de Gases;Equipamento de proteção desenvolvida com a finalidade de dissipar gases nocivos, utilizado em laboratórios que realizam o manuseio de reagentes.;Apoio;R$ 5.249,00;N;Clique para Detalhar;ESPECIALIZADO
1863;Capela de Fluxo Laminar;Equipamento projetado para criar áreas de trabalhos estéreis dentro de um laboratório, para garantir que os materiais biológicos, químicos e estéreis sejam manipulados de forma segura e sem risco de contaminação.;Apoio;R$ 24.980,00;N;Clique para Detalhar;ESPECIALIZADO
149;Capnógrafo;Equipamento utilizado na monitoração da concentração de CO2 expirado pelos pacientes.;Médico Assistencial;R$ 13.183,00;N;Clique para Detalhar;ESPECIALIZADO
108;Cardiotocógrafo;Equipamento para monitoração externa da freqüência cardíaca fetal, movimento fetal e contração uterina materna.;Médico Assistencial;R$ 25.334,00;N;Clique para Detalhar;ESPECIALIZADO
936;Cardioversor;Equipamento utilizado para aplicar uma carga, sincronizada, buscando o restabelecimento do ritmo cardíaco.;Médico Assistencial;R$ 28.091,00;N;Clique para Detalhar;ESPECIALIZADO
11598;Cardioversor Para Unidade Móvel de Urgência;Desfibrilador e monitor de ECG, integrados, com opção de sincronismo para uso em pacientes adultos e pediátricos para Unidade Móvel de Urgência.;Médico Assistencial;R$ 55.798,00;N;Clique para Detalhar;ESPECIALIZADO
1703;Carrinho de Mão;Carro para transporte de materiais de construção.;Gerais;R$ 212,00;N;Clique para Detalhar;NÃO ESPECIALIZADO
1855;Carro de Curativos;Carro utilizado no apoio a realização de curativos e transporte de utensílios para este fim.;Apoio;R$ 1.203,00;N;Clique para Detalhar;NÃO ESPECIALIZADO
10798;Carro de Emergência;Carro para transporte de materiais e equipamentos utilizado para atender situações de emergência, urgência.;Apoio;R$ 6.487,00;N;Clique para Detalhar;ESPECIALIZADO
10805;Carro Maca Avançado;Maca, com rodízios, que apresenta recursos avançados, utilizada para transportar e acomodar o paciente.;Apoio;R$ 17.973,00;N;Clique para Detalhar;ESPECIALIZADO
11045;Carro Maca para Ressonância Magnética;Maca com rodízios confeccionada em material diamagnético utilizada no transporte de pacientes, para uso em procedimentos especiais.;Apoio;R$ 4.566,00;N;Clique para Detalhar;ESPECIALIZADO
1488;Carro Maca Simples;Maca com rodízios utilizada para acomodação e transporte de pacientes.;Apoio;R$ 3.832,00;N;Clique para Detalhar;ESPECIALIZADO
11842;Carro para Ferramentas;Item móvel utilizado para guardar, transportar materiais.;Gerais;R$ 1.853,00;N;Clique para Detalhar;ANÁLISE NÃO ESPECIALIZADA
2306;Carro para Material de Limpeza;É um equipamento móvel projetado para organizar, transportar e armazenar de forma eficiente e segura todos os suprimentos, ferramentas e produtos necessários para a realização de serviços de limpeza e manutenção;Gerais;R$ 1.463,00;N;Clique para Detalhar;NÃO ESPECIALIZADO
11843;Carro para Mecânico;Item utilizado para ajudar o profissional a ter acesso debaixo de veículos.;Gerais;R$ 285,00;N;Clique para Detalhar;ANÁLISE NÃO ESPECIALIZADA
2223;Carro para Transporte de Cadáveres;É um equipamento hospitalar ou funerário projetado especificamente para a movimentação segura, discreta e higiênica do corpo de uma pessoa falecida (cadáver) de seu local de óbito para o necrotério, câmara fria ou área de preparação.;Apoio;R$ 5.669,00;N;Clique para Detalhar;ESPECIALIZADO
2630;Carro para Transporte de Materiais (diversos);Carro para transporte de materiais.;Gerais;R$ 6.138,00;N;Clique para Detalhar;NÃO ESPECIALIZADO
10350;Carro para Transporte de Resíduos;Carro utilizado para o transporte de detritos com tampa.;Gerais;R$ 1.418,00;N;Clique para Detalhar;NÃO ESPECIALIZADO
2089;Carro Térmico;Carro térmico, utilizado no transporte de bandejas de refeição.;Apoio;R$ 64.097,00;N;Clique para Detalhar;ESPECIALIZADO
11916;Cavalete de Pintura;Suporte ou estrutura utilizada para sustentar uma tela nas atividades de arteterapia.;Apoio;R$ 103,00;N;Clique para Detalhar;ANÁLISE NÃO ESPECIALIZADA
11904;Cavaquinho;Instrumento musical de cordas, formado por um corpo oco e chato, em forma de oito, tem um braço que possui trastes que o torna um instrumento temperado, composto de quatro cordas.;Apoio;R$ 375,00;N;Clique para Detalhar;ANÁLISE NÃO ESPECIALIZADA
10397;Central de Inclusão de Parafina;Equipamento para inclusão de parafina nas rotinas do Latoratório de Anatomia Patológica. Sistema contendo um módulo de placa fria, um módulo com placa aquecida e dispensador de parafina.;Médico Assistencial;R$ 54.250,00;N;Clique para Detalhar;ESPECIALIZADO
10277;Central de Monitoração para UTI;Solução destinada para a monitorização simultânea de diversos leitos à distância do local onde o equipamento estiver instalado. A Central assegura e viabiliza aos profissionais a monitoração remota dos pacientes, o que facilita o trabalho no hospital.;Médico Assistencial;R$ 299.361,00;N;Clique para Detalhar;ESPECIALIZADO
2964;Central de Nebulização;Equipamento utilizado para nebulização e ou inalação com fins terapêuticos.;Médico Assistencial;R$ 3.022,00;N;Clique para Detalhar;ESPECIALIZADO
11802;Centrífuga de Roupas;Equipamento utlizado para centrifugar roupas e tecidos hospitalares.;Apoio;R$ 86.166,00;N;Clique para Detalhar;ESPECIALIZADO
2059;Centrífuga Laboratorial;Equipamento utilizado para separar as amostras, fazendo com que a parte líquida da amostra seja separada da parte sólida.;Médico Assistencial;R$ 4.778,00;N;Clique para Detalhar;ESPECIALIZADO
11264;Centrífuga Lavadora de Células;Centrifuga  utilizada para lavar células sanguíneas para testes de reagentes de antiglobulina tais como compatibilidade ABO, testes de Rh, cruzamento combinado, procedimento COOMBS, dentre outros.;Médico Assistencial;R$ 79.689,00;N;Clique para Detalhar;ESPECIALIZADO
1673;Centrífuga Refrigerada;Centrífuga utilizada em laboratórios clínicos, hospitais, pesquisas clínicas, microbiologia, bancos de sangue, com necessidade de refrigeração.;Médico Assistencial;R$ 30.319,00;N;Clique para Detalhar;ESPECIALIZADO
10929;Centrifugador para Prótese Dentária;Equipamento utilizado para fundir ligas de ouro, níquel/ cromo para a confecção de prótese dentária.;Apoio;R$ 1.135,00;N;Clique para Detalhar;NÃO ESPECIALIZADO
11782;Chapa Aquecedora;Equipamento utilizado para o aquecimento uniforme e controlado de diferentes substâncias colocadas no equipamento.;Apoio;R$ 1.715,00;N;Clique para Detalhar;NÃO ESPECIALIZADO
11910;Chocalho;Instrumento musical de percussão que emite sons ao ser agitado, sendo utilizado como um recurso para atividades de reabilitação sensoriais e motoras.;Apoio;R$ 311,00;N;Clique para Detalhar;ANÁLISE NÃO ESPECIALIZADA
2656;Chuveiro Lava-Olhos;São equipamentos de proteção coletiva imprescindíveis a todos os laboratórios. São destinados a eliminar ou minimizar os danos causados por acidentes nos olhos e/ou face e em qualquer parte do corpo.;Apoio;R$ 1.181,00;N;Clique para Detalhar;ESPECIALIZADO
3068;Cicloergômetro;É um equipamento de exercício e avaliação projetado para permitir que o usuário realize um trabalho físico mensurável utilizando o movimento de pedalar.;Médico Assistencial;R$ 1.924,00;N;Clique para Detalhar;NÃO ESPECIALIZADO
11927;Cicloergômetro para Membros Superiores;Equipamento utilizado  para membros superiores possui .regulação em altura a fim de possibilitar a realização do xercício nas posições em pé e sentado. As manivelas são bidirecionais, funcionando de forma ativa ou ativaassistida (o aparelho pode auxiliar o movimento).;Médico Assistencial;R$ 203,00;N;Clique para Detalhar;ANÁLISE ESPECIALIZADA
11252;Cilindro de CO2;Cilindro destinado ao preenchido/ carregamento com Dióxido de Carbono ou CO2, utilizado em várias aplicações na medicina. Existem diversas especificações de pureza deste gás, a qual é requerida pelo tipo de aplicação.;Apoio;R$ 1.128,00;N;Clique para Detalhar;NÃO ESPECIALIZADO
782;Cilindro de Gases Medicinais;Cilindro destinado ao preenchido/carregamento de gás ou mistura de gases destinados ao armazenamento e transporte de gases de alta pureza (como oxigênio, óxido nitroso, ar medicinal) para uso terapêutico, diagnóstico ou anestésico;Apoio;R$ 1.890,00;N;Clique para Detalhar;NÃO ESPECIALIZADO
10482;Citocentrífuga;Aparelho para preparo de lâminas a partir de células em suspensão dedicada aos procedimentos laboratoriais citológicos;Médico Assistencial;R$ 14.924,00;N;Clique para Detalhar;ESPECIALIZADO
11411;Citômetro de Fluxo ( a partir de 7 parâmetros);Equipamento de detecção óptico-eletrônico para análises de características físicas e/ou químicas de partículas/células microscópicas suspensas em meio líquido em fluxo. Permite a análise de vários parâmetros simultaneamente para contar, examinar e classificar as estruturas.;Médico Assistencial;R$ 919.000,00;N;Clique para Detalhar;ESPECIALIZADO
11410;Citômetro de Fluxo (até 6 parâmetros);Equipamento de detecção óptico-eletrônico para análises de características físicas e/ou químicas de partículas/células microscópicas suspensas em meio líquido em fluxo. Permite a análise de vários parâmetros simultaneamente para contar, examinar e classificar as estruturas.;Médico Assistencial;R$ 473.000,00;N;Clique para Detalhar;ESPECIALIZADO
10908;Coagulador de Argônio;O coagulador por plasma de argônio é uma técnica de eletrocoagulação utilizada para a coagulação de tecidos vascularizados e com perda substancial de sangue, que necessita de rápido controle do sangramento e baixa destruição tecidual por haver pouca penetração na espessura da parede do órgão. Indicado para cirurgias de ginecologia, vídeolaparoscopia e endoscopia, cirurgias oncológicas, dentre outras que necessitem de coagulação rápida e eficaz. São necessários para o procedimento um cilindro contendo o gás de argônio, um gerador eletrocirúrgico de alta frequência e uma sonda especial de eletrocoagulação.;Médico Assistencial;R$ 97.687,00;N;Clique para Detalhar;ESPECIALIZADO
2443;Coagulômetro;Equipamento para detecção qualitativa ou quantitativa relacionada formação do coágulo, destinado a realização de ensaios de coagulação como: Tempo de Protrombina (TP), Tempo de Tromboplastina Parcialmente ativada (TTPA), Fibrinogênio, Tempo de Trombina (TT), entre outros.;Médico Assistencial;R$ 12.502,00;N;Clique para Detalhar;ESPECIALIZADO
11946;Coletor de Dados Hospitalar Móvel;Dispositivo portátil robusto com tela sensível ao toque, usado para coleta de dados, comunicação e execução de tarefas à beira leito.;Apoio;R$ 4.305,00;N;Clique para Detalhar;ANÁLISE NÃO ESPECIALIZADA
10059;Colorador Automático de Lâminas;Equipamento para otimização de processos de coloração de lâminas em diversas rotinas laboratoriais.;Médico Assistencial;R$ 102.566,00;N;Clique para Detalhar;ESPECIALIZADO
378;Colposcópio;Equipamento utilizado para visualização do colo uterino, vagina e vulva.;Médico Assistencial;R$ 18.035,00;N;Clique para Detalhar;ESPECIALIZADO
2952;Coluna Oftalmológica;Coluna oftalmológica utilizada para apoio nas consultas e pequenas intervenções cirúrgicas e pós-cirúrgicas.;Médico Assistencial;R$ 13.925,00;N;Clique para Detalhar;ESPECIALIZADO
1006;Comadre;Recipiente anatômico utilizado pelo paciente feminino para fazer as suas necessidades fisiológicas.;Apoio;R$ 220,00;N;Clique para Detalhar;NÃO ESPECIALIZADO
11198;Compressor de Ar;Equipamento que produz e armazena ar comprimido para aplicações mecânicas, de pintura, dentre outras que requeiram ar comprimido não medicinal.;Gerais;R$ 1.914,00;N;Clique para Detalhar;NÃO ESPECIALIZADO
3119;Compressor Odontológico;Equipamento que produz e armazena ar comprimido, isento de óleo, utilizado no consultório odontológico para aplicação de alguns equipamentos que requeiram ar comprimido.;Apoio;R$ 3.478,00;N;Clique para Detalhar;ESPECIALIZADO
11907;Compressor Torácico Externo Automático;Um compressor torácico portátil é um equipamento médico projetado para realizar compressões torácicas automáticas em pacientes que sofreram parada cardíaca. Ele é usado em situações de emergência para manter a circulação sanguínea até que o paciente possa receber tratamento médico avançado.;Médico Assistencial;R$ 164.970,00;N;Clique para Detalhar;ANÁLISE ESPECIALIZADA
2149;Compressora (para comprimidos);equipamento utilização na compressão de fórmulas farmacêuticas em formato de comprimidos.;Apoio;R$ 238.626,00;N;Clique para Detalhar;ESPECIALIZADO
10894;Computador (Desktop-Avançado);"É um computador de mesa que oferece maior capacidade de armazenamento, maior versatilidade. Possui disco rígico com maior capacidade de armazenamento para fotos, vídeos, programas, sistema operacional; memória RAM superior, interface de vídeo capaz de  transmitir dados de áudio e vídeo em alta resolução simultaneamente por um único cabo,";Gerais;R$ 8.132,00;N;Clique para Detalhar;NÃO ESPECIALIZADO
2274;Computador (Desktop-Básico);É um computador de mesa que não realiza tarefas muito pesadas. Possui capacidade para assistir vídeo, abrir alguns programas, navegar na internet, conforme a quantidade de memória.;Gerais;R$ 5.613,00;N;Clique para Detalhar;NÃO ESPECIALIZADO
10557;Computador Portátil (Notebook);É um computador portátil, que pode ser transportado.;Gerais;R$ 7.165,00;N;Clique para Detalhar;NÃO ESPECIALIZADO
11871;Computador Portátil (Notebook para Telessaúde);É um computador portátil, que pode ser transportado voltado para as ações da Saúde Digital.;Gerais;R$ 7.165,00;N;Clique para Detalhar;ANÁLISE NÃO ESPECIALIZADA
10991;Computador Servidor (Apenas Servidor Básico de Entrada);O computador servidor é, basicamente, um computador mais potente do que seu desktop comum. Ele foi desenvolvido especificamente para transmitir informações e fornecer produtos de software a outros computadores que estiverem conectados a ele por uma rede. Os servidores têm o hardware para gerenciar o funcionamento em rede wireless e por cabo Ethernet, normalmente através de um roteador.;Gerais;R$ 13.640,00;N;Clique para Detalhar;NÃO ESPECIALIZADO
10558;Computador Servidor (Servidores de Médio e Grande Porte);O computador servidor é, basicamente, um computador mais potente do que seu desktop comum. Ele foi desenvolvido especificamente para transmitir informações e fornecer produtos de software a outros computadores que estiverem conectados a ele por uma rede. Os servidores têm o hardware para gerenciar o funcionamento em rede wireless e por cabo Ethernet, normalmente através de um roteador.;Gerais;R$ 41.155,00;N;Clique para Detalhar;NÃO ESPECIALIZADO
11593;Concentrador de Oxigênio;Equipamento que produz oxigênio para entregar ao paciente este gás mais purificado.;Médico Assistencial;R$ 5.735,00;N;Clique para Detalhar;ESPECIALIZADO
2160;Condutivímetro;Medidor de condutividade utilizado no controle de qualidade da água, formulações e soluções.;Apoio;R$ 9.929,00;N;Clique para Detalhar;ESPECIALIZADO
11912;Conjunto de Bancos Coloridos;Bancos versáteis para auxiliar terapias.;Apoio;R$ 1.653,00;N;Clique para Detalhar;ANÁLISE NÃO ESPECIALIZADA
11749;Conjunto de Controle de Qualidade e Dosimetria para Radioterapia;Item utilizado para determinação da dose absorvida através de medidas em Serviços de Radioterapia.;Apoio;R$ 529.856,00;N;Clique para Detalhar;ESPECIALIZADO
11750;Conjunto de Fixação de Pacientes em Radioterapia;O item permite a confecção de máscaras e moldes com a finalidade de reduzir a possibilidade de qualquer movimento durante a administração da dose de radioterapia.;Apoio;R$ 700.000,00;N;Clique para Detalhar;ESPECIALIZADO
10898;Consultório Odontológico Portátil;Cadeira odontológica portátil, acompanhada de itens como: sugador, compressor, refletor, seringa tríplice, banqueta, que serão utilizados para realizar procedimentos odontológicos.;Médico Assistencial;R$ 21.088,00;N;Clique para Detalhar;ESPECIALIZADO
11780;Contador de Cápsula;Contar cápsulas para que sejam dispensadas em quantidades corretas.;Apoio;R$ 301,00;N;Clique para Detalhar;ESPECIALIZADO
2190;Contador de Colônias;Equipamento usado para contar as colónias de bactérias e outros microorganismos que crescem sobre uma placa de ágar;Médico Assistencial;R$ 2.751,00;N;Clique para Detalhar;ESPECIALIZADO
1260;Contador Manual de Células;Aparelho contador manual de células sanguíneas, podendo ter display digital, tecla de zeragem e timer.;Médico Assistencial;R$ 1.145,00;N;Clique para Detalhar;ESPECIALIZADO
11812;Controladora para rede wifi;Reforçar a segurança da rede, impondo políticas de segurança em cada ponto de acesso e impedindo acessos não autorizados à sua rede sem fio. Alguns controladores WLAN ainda oferecem serviços de detecção e prevenção de intrusos em caso de ataque de rede.;Gerais;R$ 2.008,00;N;Clique para Detalhar;ANÁLISE NÃO ESPECIALIZADA
11362;Cortina de Ar;"A cortina de ar ou cortina de vento, é utilizada para proteção contra a perda de ar refrigerado. Além disso, as cortinas realizam a desestratificão  térmica do ar, misturando o ar parado junto ao forro com o ar do piso em ambientes não climatizados; oferecem eficiente barreira de ar para, dentre outros, manter a temperatura do ambiente. Permite o tráfego livre e previne acidentes em passagens através de portas.";Infraestrutura;R$ 929,00;N;Clique para Detalhar;NÃO ESPECIALIZADO
626;CPAP;Aparelho de pressão positiva contínua nas vias aéreas.;Médico Assistencial;R$ 3.382,00;N;Clique para Detalhar;ESPECIALIZADO
10449;CR - Digitalizador de Imagens Radiográficas (monocassete);Equipamento leitor de cassetes para digitalização de imagens radiográficas.;Médico Assistencial;R$ 128.667,00;N;Clique para Detalhar;ESPECIALIZADO
10921;CR - Digitalizador de Imagens Radiográficas (multicassetes);Equipamento leitor de cassetes para digitalização de imagens radiográficas.;Médico Assistencial;R$ 170.250,00;N;Clique para Detalhar;ESPECIALIZADO
3132;Criocautério;Equipamento dermatológico utilizado para criocauterização do colo uterino, codilomas, pólipos, lesões verrugosas e lesões de pele. O procedimento é feito através do congelamento da lesão, o que leva à destruição da mesma devido ás baixas temperaturas.;Médico Assistencial;R$ 5.766,00;N;Clique para Detalhar;ESPECIALIZADO
1422;Criostato;Equipamento dedicado para cortes em congelação, sendo um micrótomo montado dentro de um freezer trabalhando com temperaturas em torno de -20ºC.;Médico Assistencial;R$ 180.322,00;N;Clique para Detalhar;ESPECIALIZADO
906;Cromatógrafo;Aparelho utilizado na análise de substâncias por processo químico, capaz de separar os vários componentes da amostra.;Médico Assistencial;R$ 524.596,00;N;Clique para Detalhar;ESPECIALIZADO
2144;Cronômetro;É um tipo de relógio usado para medir pequenos intervalos de tempo.;Gerais;R$ 85,00;N;Clique para Detalhar;NÃO ESPECIALIZADO
11199;DEA - Desfibrilador Externo Automático;"É um equipamento eletrônico computadorizado que analisa o ritmo cardíaco, identifica arritmias passíveis de choque e administra a descarga elétrica automaticamente ou após o comando do operador. Ele é projetado para ser utilizado por leigos, com comandos de voz e visuais.

Equipamento que afere os batimentos cardíacos do ser humano e aplica a carga, se necessário, através do modo de Desfibrilação Externa Automática.";Médico Assistencial;R$ 13.493,00;N;Clique para Detalhar;ESPECIALIZADO
11485;Decibelímetro;Equipamento utilizado para medir o nível de pressão sonora.;Médico Assistencial;R$ 1.815,00;N;Clique para Detalhar;ESPECIALIZADO
11813;Decoder de videowall;É um recurso utilizado em projetos de Digital Signage no qual várias telas são dispostas juntas uma da outra, possibilitando a formação de um único painel. Com este recurso, é possível exibir conteúdo nos mais diversos formatos.;Gerais;R$ 6.260,00;N;Clique para Detalhar;ANÁLISE NÃO ESPECIALIZADA
2351;Deionizador;Equipamento para produção de água quimicamente pura (pureza iônica) em diversas áreas como: Laboratórios Químicos, Farmacêuticos, Análises Clínicas, etc.;Apoio;R$ 2.412,00;N;Clique para Detalhar;ESPECIALIZADO
1116;Dermátomo;Equipamento utilizado para corte de pele e debridamento de feridas;Médico Assistencial;R$ 160.763,00;N;Clique para Detalhar;ESPECIALIZADO
1394;Dermatoscópio;É um exame para detecção e prevenção de câncer do pele.;Médico Assistencial;R$ 13.187,00;N;Clique para Detalhar;ESPECIALIZADO
11861;Dermatoscópio para Telessaúde;É um exame para detecção e prevenção de câncer do pele, com aplicação para telemedicina.;Médico Assistencial;R$ 6.900,00;N;Clique para Detalhar;ANÁLISE ESPECIALIZADA
11874;Desempoeirador de Comprimido;O equipamento possibilita a extração de pó e remoção de rebarbas confiáveis, de acordo com as diretrizes das Boas Práticas de Fabricação (BPF) de medicamentos.;Gerais;R$ 1.062.396,00;N;Clique para Detalhar;ANÁLISE NÃO ESPECIALIZADA
11233;Desfibrilador Convencional;É um equipamento médico de suporte avançado de vida, utilizado para reverter arritmias graves, aplicando uma carga, não sincronizada, buscando o restabelecimanto do ritmo cardíaco.;Médico Assistencial;R$ 23.622,00;N;Clique para Detalhar;ESPECIALIZADO
337;Desintegrador de Agulhas;Tem o objetivo de impedir a reutilização de agulhas possivelmente contaminadas por diversas doenças transmitidas via contato sangüíneo, além de prevenir acidentes com alto risco de contaminações, evita agressões ao meio ambiente destruindo a agulha por completo.;Apoio;R$ 622,00;N;Clique para Detalhar;ESPECIALIZADO
636;Dessecador;Equipamento utilizado para diminuir a umidade de substância e dessecar produtos.;Apoio;R$ 6.448,00;N;Clique para Detalhar;ESPECIALIZADO
2339;Destilador de Água;Equipamento utilizado para eliminar contaminantes da água por meio do sistema de destilação.;Apoio;R$ 2.633,00;N;Clique para Detalhar;ESPECIALIZADO
11781;Destilador de Óleo Essencial;É um equipamento projetado para extrair compostos aromáticos voláteis de materiais botânicos.;Médico Assistencial;R$ 19.945,00;N;Clique para Detalhar;ESPECIALIZADO
2303;Desumidificador;Aparelho utilizado para reduzir a umidade relativa do ar no combate ao mofo, fungos e oxidações em ambientes hospitalares.;Apoio;R$ 3.152,00;N;Clique para Detalhar;ESPECIALIZADO
421;Detector Fetal;Equipamento de uso obstétrico, não invasivo, para avaliação por meio de auscultação de dados fetais.;Médico Assistencial;R$ 1.915,00;N;Clique para Detalhar;ESPECIALIZADO
910;Diapasão;Instrumento metálico em forma de forquilha, utilizado para o diagnótisco da surdez d problemas neurológicos em pacientes pediátricos e neonatais.;Apoio;R$ 125,00;N;Clique para Detalhar;NÃO ESPECIALIZADO
3039;Dinamômetro;Equipamento utilizado para medir a intensidade da força física do paciente.;Médico Assistencial;R$ 1.750,00;N;Clique para Detalhar;ESPECIALIZADO
11894;Disco Flexor;Equipamento utilizado em atividades terapêuticas, promovendo vivências sensoriais que levam a experimentar novos movimentos rotacionais e lineares;Apoio;R$ 1.212,00;N;Clique para Detalhar;ANÁLISE NÃO ESPECIALIZADA
10522;Dispensador de Parafina;Equipamento utilizado para armazenamento e dispensação de parafina derretida dedicada aos procedimentos laboratoriais histológicos.;Apoio;R$ 8.791,00;N;Clique para Detalhar;ESPECIALIZADO
11837;Dispositivo Auxiliar de Marcha;Dispositivo utilizado para auxiliar na mobilidade.;Apoio;R$ 190,00;N;Clique para Detalhar;ANÁLISE NÃO ESPECIALIZADA
11924;Disruptor de Células e Tecidos;Equipamento utilizado para romper ou quebrar células, tecidos e outros materiais biológicos, liberando seu conteúdo intracelular, para a extração de ácidos nucleicos.;Médico Assistencial;R$ 96.734,00;N;Clique para Detalhar;ANÁLISE ESPECIALIZADA
161;Dissolutor - Aparelho para Teste de Dissolução;Equipamento para teste de dissolução de comprimidos e cápsulas.;Médico Assistencial;R$ 151.969,00;N;Clique para Detalhar;ESPECIALIZADO
1678;Divã;Poltrona clínica para uso em exames ou para o repouso de pacientes.;Gerais;R$ 863,00;N;Clique para Detalhar;NÃO ESPECIALIZADO
11455;Dobradeira de Tubos;Equipamento utilizado para realizar curvas em tubos para a fabricação e adptação de peças tubulares no serviço de adequação postural de cadeiras de rodas.;Gerais;R$ 5.890,00;N;Clique para Detalhar;NÃO ESPECIALIZADO
10225;Doppler Vascular;Equipamento utilizado no diagnóstico e monitoração de pulsações de dificil percepção e baixa pressão sanguinea. Equipamento portátil ou de mesa.;Médico Assistencial;R$ 1.595,00;N;Clique para Detalhar;ESPECIALIZADO
451;Eletrocardiógrafo;Eletrocardiógrafo é um equipamento projetado para captar a diferença de potencial elétrico gerado pela atividade cardíaca e converte-a em registro gráfico.;Médico Assistencial;R$ 19.950,00;N;Clique para Detalhar;ESPECIALIZADO
11860;Eletrocardiógrafo para Telessaúde;ECG, Eletrocardiógrafo é um equipamento projetado para captar a diferença de potencial elétrico gerado pela atividade cardíaca e converte-a em registro gráfico, com aplicação para Telessaúde.;Médico Assistencial;R$ 12.852,00;N;Clique para Detalhar;ANÁLISE ESPECIALIZADA
484;Eletroencefalógrafo;Equipamento de utilização clínica, eletrônico para medição, amplificação e registro dos sinais fisiológicos do cérebro.;Médico Assistencial;R$ 20.497,00;N;Clique para Detalhar;ESPECIALIZADO
3016;Eletroestimulador com Corrente Galvânica-Farádica;Equipamento elétrico usado na eletroterapia cuja função é a estimulação dos músculos, aumentando o metabolismo muscular e a circulação local.;Médico Assistencial;R$ 3.808,00;N;Clique para Detalhar;ESPECIALIZADO
529;Eletromiógrafo;Equipamento para exame diagnóstico da função de nervos e músculos.;Médico Assistencial;R$ 107.500,00;N;Clique para Detalhar;ESPECIALIZADO
11242;Eletroneuromiógrafo;"Equipamento que detecta graficamente os procedimentos de avaliação da função do sistema nervoso periférico e muscular através do registro das respostas elétricas geradas.
A eletroneuromiografia (ENMG) é realizada em duas fases:  estudos dos nervos periférios e estudo dos músculos.
ENMG é realizado por médico com formação especializada em neurofisiologia clínica.";Médico Assistencial;R$ 247.900,00;N;Clique para Detalhar;ESPECIALIZADO
1199;Eletronistagmógrafo;Equipamento utilizado para realizar o exame otoneurológico, permitindo visualizar, registrar e reproduzir a movimentação ocular do paciente.;Médico Assistencial;R$ 30.037,00;N;Clique para Detalhar;ESPECIALIZADO
10163;Eletroretinógrafo;Equipamento de eletrofisiologia visual, para o estudo eletrofisiológico da retina e da visão óptica, permite medir a funcionalidade/vitalidade das células retinianas através de eletrodos.;Médico Assistencial;R$ 295.000,00;N;Clique para Detalhar;ESPECIALIZADO
10554;Elevador para Transposição de Leito;Utilizado para fazer a transferência do paciente entre leitos, poltronas, levar ao sanitário.;Apoio;R$ 12.553,00;N;Clique para Detalhar;ESPECIALIZADO
11083;Embarcação para Transporte com Motor Popa (até 12 pessoas);Embarcação para transporte em prol do acesso da População Ribeirinha à Atenção Básica de Saúde.;Veículo;R$ 96.971,00;N;Clique para Detalhar;ESPECIALIZADO
25;Emissões Otoacústicas;Utilizado para estimular e captar os sons emitidos pela cóclea após a apresentação de um estímulo sonoro. Destinado a realizar triagem e diagnóstico.;Médico Assistencial;R$ 39.224,00;N;Clique para Detalhar;ESPECIALIZADO
11594;Emissões Otoacústicas Triagem;Utilizado para estimular e captar os sons emitidos pela cóclea após a apresentação de um estímulo sonoro. Este equipamento é destinado SOMENTE para realizar triagem.;Médico Assistencial;R$ 20.987,00;N;Clique para Detalhar;ESPECIALIZADO
2844;Empilhadeira;É um equipamento que foi especialmente projetado para o manuseio de cargas paletizadas em geral, possibilitando elevar a mesma para carregar e descarregar caminhões, alimentar e retirar mercadorias de prateleiras e ainda efetuar o transporte de cargas.;Gerais;R$ 5.969,00;N;Clique para Detalhar;ESPECIALIZADO
2875;Encapsuladora;Equipamento ultilizado para encapsulamento de fórmula farmacêutica.;Apoio;R$ 4.855,00;N;Clique para Detalhar;ESPECIALIZADO
10138;Endoscópio Flexível (Fibroendoscopia);"Endoscópio Flexível composto por fibra óptica para fins de diagnóstico médico.

*SÓ PODEM SER ESPECIFICADOS OS FIBROENDOSCÓPIOS.";Médico Assistencial;R$ 67.347,00;N;Clique para Detalhar;ESPECIALIZADO
547;Endoscópio Rígido;Endoscópio Rígido para acoplamento em fonte de luz e observação interna do corpo humano.;Médico Assistencial;R$ 90.121,00;N;Clique para Detalhar;ESPECIALIZADO
11908;Equipamento de Análise Clínica Tipo Point Of Care;"Equipamentos que realizam testes rápidos (bioquímicos, glicemia, marcadores cardíacos, gases
sanguíneos, hemoglobina glicada, PCR etc.) diretamente no local de atendimento ao paciente.";Médico Assistencial;R$ 8.273,00;N;Clique para Detalhar;ANÁLISE ESPECIALIZADA
11936;Equipamento de Envase e Rotulagem de Soluções;Equipamento destinado a função envasar e rotulagem das soluções de tampão e extraçã quando aplicável dos testes produzidos.;Gerais;R$ 686.500,00;N;Clique para Detalhar;ANÁLISE NÃO ESPECIALIZADA
11955;Equipamento de Moldagem por Compressão à Vácuo;Equipamento utilizado para a prototipagem de sistemas de liberação implantáveis e com perda mínima de material.;Apoio;R$ 1.253.995,00;N;Clique para Detalhar;ANÁLISE NÃO ESPECIALIZADA
2301;Equipamento para Conexão Estéril;Equipamento para conexão de tubos estéreis de PVC, para garantia da esterilidade dos componentes.;Apoio;R$ 101.460,00;N;Clique para Detalhar;ESPECIALIZADO
11648;Equipamento para Crosslinking Corneano;Equipamento emissor de luz UVA para procedimento de reticulação do colágeno corneano. Utilizado em procedimento não invasivo, para auxílio no tratamento de Ceratocone.;Médico Assistencial;R$ 460.419,00;N;Clique para Detalhar;ESPECIALIZADO
10418;Equipamento para Drenagem Linfática;Equipamento utilizado para drenagem linfática.;Médico Assistencial;R$ 7.133,00;N;Clique para Detalhar;ESPECIALIZADO
11938;Equipamento para Impregnação e Laminação de Card;Equipamento de Impregnação e Laminação de Cards é utilizado na preparação de dispositivos diagnósticos, promovendo a aplicação uniforme de reagentes e a laminação de camadas funcionais nos cards. É indicado para a produção em larga escala de testes rápidos, garantindo precisão, padronização e qualidade do produto final.;Apoio;R$ 9.054.623,00;N;Clique para Detalhar;ANÁLISE NÃO ESPECIALIZADA
11937;Equipamento para Montagem e Embalagem de Cassetes;"Equipamento destinado para montar e embalar cassetes utilizados em testes laboratoriais ou diagnósticos, garantindo padronização, segurança e integridade dos produtos. É indicado para ambientes de produção farmacêutica, laboratorial
ou hospitalar que demandam agilidade e precisão na preparação de insumos diagnósticos.";Apoio;R$ 2.681.957,00;N;Clique para Detalhar;ANÁLISE NÃO ESPECIALIZADA
1592;Equipamento para Teste de Integridade de Filtros;O equipamento de teste de integridade de filtros tem como finalidade avaliar a integridade de filtros membrana (geralmente de 0,22 µm ou 0,45 µm) antes e/ou depois da filtração de líquidos ou gases estéreis, garantindo que o processo não foi comprometido.;Apoio;R$ 678.683,00;N;Clique para Detalhar;ANÁLISE NÃO ESPECIALIZADA
10055;Equipo Cart Odontológico;Utilizado para acoplar as pontas, os reservatórios de água que será utilizado para alimentar essas pontas e auxiliar o profissional durante os procedimentos odontológicos.;Médico Assistencial;R$ 6.593,00;N;Clique para Detalhar;ESPECIALIZADO
10356;Eretor Plataforma;Equipamento utilizado para estabilização de tronco, quadril e trabalho postural.;Médico Assistencial;R$ 2.507,00;N;Clique para Detalhar;ESPECIALIZADO
1829;Escada com 2 degraus;Dispositivo auxiliar para facilitar o acesso de pacientes à níveis mais altos, tais como leitos.;Gerais;R$ 391,00;N;Clique para Detalhar;NÃO ESPECIALIZADO
10902;Escada com 3 degraus;Dispositivo auxiliar para facilitar o acesso à níveis mais altos.;Gerais;R$ 471,00;N;Clique para Detalhar;NÃO ESPECIALIZADO
2374;Escada de 7 degraus;Escada com 7 degraus com revestimento antiderrapante.;Gerais;R$ 313,00;N;Clique para Detalhar;NÃO ESPECIALIZADO
10887;Escada Digital em Madeira para Reabilitação;Utilizada para realizar a amplitude de movimento de ombro e dedo.;Médico Assistencial;R$ 205,00;N;Clique para Detalhar;NÃO ESPECIALIZADO
11444;Escada em L com Rampa;Escada utilizada para realização de treinos de marcha para recuperação do equilíbrio e força durante a caminhada em rampa ou degraus.;Médico Assistencial;R$ 3.248,00;N;Clique para Detalhar;NÃO ESPECIALIZADO
10211;Escada Linear para Marcha (sem rampa);Utilizada para realizar a marcha ou caminha em pacientes com déficits neuromusculares.;Médico Assistencial;R$ 2.226,00;N;Clique para Detalhar;NÃO ESPECIALIZADO
11893;Escada Suspensa;Equipamento utilizado para ativar as reações de equilíbrio, buscar novas direções de subida e descida usando a coordenação bilateral ao mesmo tempo q desenvolve a coordenação viso-motora.;Apoio;R$ 515,00;N;Clique para Detalhar;ANÁLISE NÃO ESPECIALIZADA
10785;Esfigmomanômetro Adulto;Equipamento utilizado para aferição, não invasiva, da pressão arterial.;Médico Assistencial;R$ 111,00;N;Clique para Detalhar;NÃO ESPECIALIZADO
89;Esfigmomanômetro de Pedestal;Esfigmomanômetro de coluna de líquido manométrico para medição de pressão arterial em pacientes adultos.;Médico Assistencial;R$ 1.004,00;N;Clique para Detalhar;NÃO ESPECIALIZADO
10786;Esfigmomanômetro Infantil;Equipamento utilizado para aferição, não invasiva, da pressão arterial.;Médico Assistencial;R$ 297,00;N;Clique para Detalhar;NÃO ESPECIALIZADO
11244;Esfigmomanômetro Obeso;Equipamento utilizado para aferição, não invasiva, da pressão arterial.;Médico Assistencial;R$ 209,00;N;Clique para Detalhar;NÃO ESPECIALIZADO
10080;Esmerilhadeira;Equipamento utilizado para corte a seco, esmerilhamento e lixamento de metais;Gerais;R$ 576,00;N;Clique para Detalhar;ESPECIALIZADO
2934;Espaldar em Madeira (Barra/ Escada de Ling);Equipamento Utilizado para alongamentos e exercícios de fortalecimento muscular e reabilitação motora.;Médico Assistencial;R$ 1.295,00;N;Clique para Detalhar;NÃO ESPECIALIZADO
2453;Espectrofotômetro;Equipamento que mede e compara a quantidade de luz absorvida por uma solução.;Médico Assistencial;R$ 5.787,00;N;Clique para Detalhar;ESPECIALIZADO
11133;Espectrofotômetro UV-VIS;Equipamento para leituras na faixa ultravioleta e visível que permite determinar a concentração de um composto em solução.;Médico Assistencial;R$ 138.619,00;N;Clique para Detalhar;ESPECIALIZADO
2462;Espectrômetro;Instrumento analítico utilizado para medir a massa de íons, identificando compostos químicos em uma amostra. Pode ser utilizado em aplicações como a caracterização de antígenos vacinais e na identificação de componentes em matrizes de origem ambiental e biológica.;Médico Assistencial;R$ 810.000,00;N;Clique para Detalhar;ESPECIALIZADO
597;Espirômetro;Equipamento para medições de fluxo e volume inspirado e expirado em pacientes.;Médico Assistencial;R$ 19.811,00;N;Clique para Detalhar;ESPECIALIZADO
11868;Espirômetro para Telessaúde;Equipamento para medições de fluxo e volume inspirado e expirado em pacientes. Com aplicação para Telessaúde/telemedicina.;Médico Assistencial;R$ 19.811,00;N;Clique para Detalhar;ANÁLISE ESPECIALIZADA
11430;Estabilizador de Tensão/Módulo Isolador (Para Computador);Os estabilizadores são equipamentos eletrônicos responsáveis por corrigir a tensão da rede elétrica para fornecer aos equipamentos uma alimentação estável e segura.;Gerais;R$ 592,00;N;Clique para Detalhar;NÃO ESPECIALIZADO
10267;Estadiômetro;Equipamento utilizado para medir altura de pessoas.;Apoio;R$ 884,00;N;Clique para Detalhar;NÃO ESPECIALIZADO
1921;Estante;Estante desmontável, de aço, aberta no fundo e nas laterais.;Gerais;R$ 788,00;N;Clique para Detalhar;NÃO ESPECIALIZADO
10856;Estativa de Teto para Equipamentos;Destinada ao uso no centro cirúrgico com função de suporte para equipamentos.;Infraestrutura;R$ 34.197,00;N;Clique para Detalhar;ESPECIALIZADO
11932;Esteira Elétrica para Usuário de Cadeira de Rodas;"Equipamento para treino aeróbio para indivíduos que usam cadeira de rodas para a locomoção. Geralmente, possui base larga para caber a cadeira;
sistema de travamento para segurança; monitor que apresenta as medidas relacionadas (tempo, distância
percorrida); ajuste de de velocidade e distância; rampa removível para fácil armazenamento";Apoio;R$ 41.211,00;N;Clique para Detalhar;ANÁLISE NÃO ESPECIALIZADA
3;Esteira Ergométrica;Esteira elétrica para uso em exames ergométricos e avaliação física/cardiológica  e para exercícios de reabilitação física.;Médico Assistencial;R$ 3.701,00;N;Clique para Detalhar;ESPECIALIZADO
10888;Esterilizador por Métodos Físicos-Químicos;Esterilizador que utiliza processo físico-químico, para esterilização de dispositivos e materiais médicos.;Apoio;R$ 590.919,00;N;Clique para Detalhar;ESPECIALIZADO
11919;Estesiômetro (Monofilamentos de Semmes Weinstein);Instrumento utilizado para avaliar a sensibilidade tátil e neurológica da pele. Mede a percepção de estímulos mecânicos e pode ajudar a diagnosticar neuropatias, lesões nervosas periféricas e outras condições que afetam a sensibilidade cutânea.;Apoio;R$ 396,00;N;Clique para Detalhar;ANÁLISE NÃO ESPECIALIZADA
85;Estetoscópio Adulto;Aparelho portátil para auscultação de sons cardíacos e pulmonares de pacientes.;Médico Assistencial;R$ 345,00;N;Clique para Detalhar;NÃO ESPECIALIZADO
79;Estetoscópio de Pinard;"Utilizado na auscultação dos batimentos cardíacos, em gestantes. Instrumento em forma de ""corneta"" (cone);";Médico Assistencial;R$ 84,00;N;Clique para Detalhar;NÃO ESPECIALIZADO
11863;Estetoscópio Digital para Telessaúde;Aparelho portátil para auscultação de sons cardíacos e pulmonares de pacientes, com aplicação para Telessaúde/Telemedicina.;Médico Assistencial;R$ 6.697,00;N;Clique para Detalhar;ANÁLISE ESPECIALIZADA
110;Estetoscópio Infantil;Aparelho portátil para auscultação de sons cardíacos e pulmonares de pacientes;Médico Assistencial;R$ 316,00;N;Clique para Detalhar;NÃO ESPECIALIZADO
843;Estimulador Neuro-Muscular;Equipamento utilizado para realizar a terapia de disfunções neuromusculares por meio da aplicação de corrente elétrica (estimulação elétrica), que pode ser cutânea, anal, vaginal.;Médico Assistencial;R$ 2.985,00;N;Clique para Detalhar;ESPECIALIZADO
2841;Estufa de CO2;Equipamento utilizado para realização de trabalhos envolvendo pesquisas de cultura celular e microbiológicas. Permite o crescimento e desenvolvimento de células em cultura.;Apoio;R$ 78.970,00;N;Clique para Detalhar;ESPECIALIZADO
410;Estufa de Cultura;Equipamento para incubação com temperatura controlada, por tempo variável, para incubação, crescimento e multiplicação de microorganismos.;Apoio;R$ 4.617,00;N;Clique para Detalhar;ESPECIALIZADO
2825;Estufa de Secagem e Esterilização;Equipamento de esterilização e secagem para eliminação de microrganismos de materiais como vidrarias e instrumentais.;Apoio;R$ 5.062,00;N;Clique para Detalhar;ESPECIALIZADO
2452;Exaustor de Ar Industrial;Exaustão e filtragem de poluentes gerados em processos industriais. Equipamento de parede, podendo ser com ou sem filtro.;Infraestrutura;R$ 1.540,00;N;Clique para Detalhar;ESPECIALIZADO
359;Exaustor para Câmara Escura;Utilizado para remover os gases, decorrentes das revelações dos filmes radiológicos.;Infraestrutura;R$ 1.460,00;N;Clique para Detalhar;ESPECIALIZADO
11443;Exercitador de Mãos e Dedos;Aparelho para exercitar a flexão das mãos, dedos e antebraços. Indicado para fortalecimento da musculatura, aumento da mobilidade e coordenação dos dedos.;Médico Assistencial;R$ 52,00;N;Clique para Detalhar;NÃO ESPECIALIZADO
11446;Exercitador de Pés e Tornozelo;Equipamento para realização de exercícios de flexo-extensão de tornozelo e pés, através de exercícios ativos buscando o fortalecimento do tornozelo.;Médico Assistencial;R$ 416,00;N;Clique para Detalhar;NÃO ESPECIALIZADO
11984;Expansor de Áudio;É um processador de dinâmica que aumenta a faixa dinâmica de um sinal de áudio.;Apoio;R$ 6.659,00;N;Clique para Detalhar;ANÁLISE NÃO ESPECIALIZADA
10851;Expansor de Pele;Utilizado em procedimentos cirúrgicos, como enxerto, para promover maior elasticidade da pele.;Apoio;R$ 182.608,00;N;Clique para Detalhar;ESPECIALIZADO
1074;Extrator Manual de Plasma;Equipamento desenvolvido para extração de plasma, preparo de componentes ou fracionamento do sangue após centrifugação.;Apoio;R$ 2.159,00;N;Clique para Detalhar;ESPECIALIZADO
460;Extrator/ Purificador de Material Genético;Equipamento destinado a extração ou purificação da amostra para obtenção do material genético.;Médico Assistencial;R$ 135.392,00;N;Clique para Detalhar;ESPECIALIZADO
11943;Extrusora de Co-Rotação com Duplo Parafuso Aquecido;"Equipamento utilizado para misturar, fundir, dispersar, reagir e conformar materiais
termoplásticos ou pastosos sob alta temperatura e cisalhamento controlado, com alto grau de homogeneização e flexibilidade de formulação.";Apoio;R$ 319.675,00;N;Clique para Detalhar;ANÁLISE NÃO ESPECIALIZADA
1554;Facoemulsificador;Equipamento destinado às cirurgias de catarata pela técnica de facoemulsificação ultrassônica.;Médico Assistencial;R$ 405.667,00;N;Clique para Detalhar;ESPECIALIZADO
1980;Ferro Elétrico Industrial;Ferro elétrico industrial, utilizado para passar roupas.;Gerais;R$ 1.160,00;N;Clique para Detalhar;NÃO ESPECIALIZADO
2982;FES;A estimulação elétrica funcional é utilizada para contrair os músculos por meio da corrente elétrica.;Médico Assistencial;R$ 2.371,00;N;Clique para Detalhar;ESPECIALIZADO
11905;Flauta;Instrumento musical de sopro, com formato de um tubo oco com orifícios que emitem sons.;Apoio;R$ 42,00;N;Clique para Detalhar;ANÁLISE NÃO ESPECIALIZADA
11884;Fluorômetro;Equipamentos utilizado para quantificar ácido nucléicos (DNA e RNA) por meio de fluorescência.;Apoio;R$ 30.699,00;N;Clique para Detalhar;ANÁLISE NÃO ESPECIALIZADA
10795;Foco Cirúrgico de Solo Móvel;Foco cirúrgico portátil composto por base móvel com rodízio e cúpula (s).;Médico Assistencial;R$ 30.045,00;N;Clique para Detalhar;ESPECIALIZADO
3020;Foco Cirúrgico de Teto;Sistema de iluminação, de estrutura fixa, utilizado para auxiliar a visualização  dos profissionais durante a realização de procedimentos/intervenções médicas.;Médico Assistencial;R$ 55.660,00;N;Clique para Detalhar;ESPECIALIZADO
11417;Foco Cirúrgico de Teto com Câmera de Vídeo;Foco cirúrgico com câmera, de estrutura fixa, sistema de iluminação e vídeo utilizado para auxiliar a visualização em tempo real à equipe do centro cirúrgico.;Médico Assistencial;R$ 148.116,00;N;Clique para Detalhar;ESPECIALIZADO
971;Foco Refletor Ambulatorial;Equipamento com foco refletor parabólico de uso em consultórios.;Médico Assistencial;R$ 799,00;N;Clique para Detalhar;ESPECIALIZADO
2894;Fogão;Utensílio usado para cozinhar, por meio de calor, produzido por elemento combustível o gás.;Gerais;R$ 2.048,00;N;Clique para Detalhar;NÃO ESPECIALIZADO
2416;Fogão Industrial;Fogão a gás para uso industrial.;Gerais;R$ 3.621,00;N;Clique para Detalhar;NÃO ESPECIALIZADO
11987;Fone de Ouvido Monoauricular;É um headset ou fone que possui apenas um alto-falante para o usuário ouvir o áudio, cobrindo, portanto, somente uma orelha.;Apoio;R$ 117,00;N;Clique para Detalhar;ANÁLISE NÃO ESPECIALIZADA
1618;Forno de Despirogenização;Equipamento essencial na indústria farmacêutica, projetado para esterilizar e eliminar pirógenos de materiais como frascos, ampolas e utensílios de vidro, garantindo a segurança e a pureza dos produtos finais.;Apoio;R$ 2.991.773,00;N;Clique para Detalhar;ANÁLISE NÃO ESPECIALIZADA
1994;Forno de Microondas;Forno elétrico para aquecimento através de microondas, para utilização em ambientes de nutrição.;Gerais;R$ 784,00;N;Clique para Detalhar;NÃO ESPECIALIZADO
11829;Forno de Sinterização de Zircônia;Equipamento utilizado para sinterização de zircônias, cristalização de dissilicato e glaze de cerâmicas.;Apoio;R$ 52.300,00;N;Clique para Detalhar;ANÁLISE NÃO ESPECIALIZADA
11819;Forno Fotopolimerizador;Equipamento indicado para fotopolimerizar resinas de laboratório na confecção de próteses dentárias.;Apoio;R$ 4.649,00;N;Clique para Detalhar;ANÁLISE NÃO ESPECIALIZADA
1851;Forno Industrial;Forno para assar alimentos diversos de uso em cozinha industrial.;Gerais;R$ 3.385,00;N;Clique para Detalhar;NÃO ESPECIALIZADO
2358;Forno Mufla;Equipamento utilizado para aquecimento de materiais em temperaturas elevadas sem a contaminação com as cinzas, gazes e resíduos provenientes da combustão. Uttilizado principalmente para o processo de calcinação de substâncias.;Apoio;R$ 17.100,00;N;Clique para Detalhar;ESPECIALIZADO
11214;Forno Ortopédico de Infravermelho;Equipamento utilizado para termoformagem de órteses e próteses.;Apoio;R$ 167.438,00;N;Clique para Detalhar;ESPECIALIZADO
10372;Fotocoagulador a Laser;Equipamento dedicado para procedimentos de fotocoagulação dos segmentos anterior e posterior do olho, através de laser. A fotocoagulação consiste no procedimento cirúrgico ambulatorial, com finalidade terapêutica para tratamento de retinopatia diabética, vasculopatias retinianas, degeneração macular relacionada à idade, descolamento de retina e lesões periféricas de retina, entre outros.;Médico Assistencial;R$ 702.980,00;N;Clique para Detalhar;ESPECIALIZADO
11973;Fotodocumentador Multimodal;"É um equipamento utilizado para captura e documentação
digital de imagens de amostras biológicas em diferentes plataformas experimentais, utilizado em laboratórios e na área médica.";Apoio;R$ 293.065,00;N;Clique para Detalhar;ANÁLISE NÃO ESPECIALIZADA
3069;Fotóforo - Foco de Luz de Cabeça;Equipamento utilizado para iluminação clínica e cirúrgica em áreas pouco iluminadas.;Médico Assistencial;R$ 7.024,00;N;Clique para Detalhar;ANÁLISE ESPECIALIZADA
1129;Fotômetro;Aparelho que permite determinar a concentração de íons em amostras biológicas nas rotinas de análises laboratoriais.;Médico Assistencial;R$ 11.507,00;N;Clique para Detalhar;ESPECIALIZADO
419;Fotopolimerizador de Resinas;Aparelho indicado para polimerizar resinas através de luz visível.;Apoio;R$ 1.368,00;N;Clique para Detalhar;ESPECIALIZADO
1414;Freezer Comum;Equipamento utilizado para conservar alimentos e materiais afins.;Gerais;R$ 3.867,00;N;Clique para Detalhar;NÃO ESPECIALIZADO
11743;Freezer Laboratorial;Equipamento destinado para o armazenamento de amostras laboratoriais.;Apoio;R$ 25.904,00;N;Clique para Detalhar;ESPECIALIZADO
10930;Freezer para Armazenamento de Hemocomponentes;Freezer especial para armazenamento e ou conservação de amostras laboratoriais, hemoderivados ou hemocomponentes.;Apoio;R$ 25.904,00;N;Clique para Detalhar;ESPECIALIZADO
10906;Freezer para Banco de Leite;Equipamento utilizado para congelar e conservar leite humano.;Apoio;R$ 3.824,00;N;Clique para Detalhar;ESPECIALIZADO
11269;Freezer para Congelamento Rápido (Blast Freezer);Freezer para Congelamento Rápido (Blast Freezer);Apoio;R$ 120.946,00;N;Clique para Detalhar;ESPECIALIZADO
2312;Freezer para Congelamento Rápido (Ultrafreezer);Equipamento empregado na conservação e armazenamento de materiais para laboratório, produtos para laboratório, preparação de amostras que serão submetidas a testes de qualidade e também utilizado como Freezer para Plasma, já que promove temperaturas baixas.;Apoio;R$ 69.570,00;N;Clique para Detalhar;ESPECIALIZADO
1988;Freezer para Soroteca;Equipamento destinado para o armazenamento de amostras laboratoriais.;Apoio;R$ 25.904,00;N;Clique para Detalhar;ESPECIALIZADO
11828;Fresadora Odontológica;Equipamento de usinagem dental de alta precisão que utiliza tecnologia CAD/CAM para fabricar próteses dentárias, como coroas, pontes e facetas.;Médico Assistencial;R$ 186.200,00;N;Clique para Detalhar;ANÁLISE ESPECIALIZADA
2103;Fresadora Ortopédica;Equipamento utilizado para fresagem de Próteses e Órteses.;Apoio;R$ 38.426,00;N;Clique para Detalhar;ESPECIALIZADO
516;Friabilômetro;Equipamento utilizado em laboratórios e indústrias farmacêuticas para medir o grau de friabilidade dos comprimidos.;Médico Assistencial;R$ 25.624,00;N;Clique para Detalhar;ESPECIALIZADO
2347;Furadeira Elétrica de Bancada;Furadeira de precisão e eficiência nas operações.;Gerais;R$ 896,00;N;Clique para Detalhar;NÃO ESPECIALIZADO
11206;"Furadeira Manual Industrial 1/2""";Furadeira manual elétrica de uso profissional.;Gerais;R$ 558,00;N;Clique para Detalhar;NÃO ESPECIALIZADO
2355;Gabinete UV para Visualização de Cromatografia;Câmara escura/Gabinete UV para visualização de fluorescência com lâmpadas e visor conferindo proteção UV.;Apoio;R$ 4.198,00;N;Clique para Detalhar;ESPECIALIZADO
11928;Gaiola Power Hack;"Equipamento de musculação focado no treino dos membros inferiores a partir de
uma plataforma ajustável. Sua estrutura é feita de metal, possuindo ganchos para descanso de barras, apoio
para barras paralela com manopla de borracha, podendo ou não ser fixada no chão";Médico Assistencial;R$ 4.023,00;N;Clique para Detalhar;ANÁLISE ESPECIALIZADA
11251;Gama Probe;Sistema de sondas intra-operatórias destinadas a determinar com alta precisão a localização e extensão de um tecido patológico previamente marcado com radioisótopos emissores de raios gama.;Médico Assistencial;R$ 175.830,00;N;Clique para Detalhar;ESPECIALIZADO
10904;Gangorra de Equilíbrio;Equipamento utilizado na reabilitação e fisoterapia para teste de equilíbrio.;Médico Assistencial;R$ 404,00;N;Clique para Detalhar;NÃO ESPECIALIZADO
2398;Ganho de Inserção;Sistema de medição do ganho de inserção acústica, para avaliação da amplificação sonora individual.;Médico Assistencial;R$ 67.685,00;N;Clique para Detalhar;ESPECIALIZADO
10928;Garrote Pneumático Eletrônico;Utilizado para bloquear a circulação sanguínea e assim realizar procedimentos médicos e cirúrgicos.;Médico Assistencial;R$ 76.625,00;N;Clique para Detalhar;ESPECIALIZADO
10942;Geladeira Comercial de 4 Portas;Geladeira Comercial utilizada para resfriamento de produtos alimentícios.;Gerais;R$ 6.553,00;N;Clique para Detalhar;NÃO ESPECIALIZADO
10935;Geladeira de Porta Dupla para Hematologia;Refrigerador para armazenamento e conservação de hemoderivados.;Apoio;R$ 54.488,00;N;Clique para Detalhar;ESPECIALIZADO
2022;Geladeira/ Refrigerador;Equipamento destinado à conservação sob refrigeração e/ou em baixa temperatura de materiais diversos.;Gerais;R$ 2.891,00;N;Clique para Detalhar;NÃO ESPECIALIZADO
11853;Gerador de Umidade;É um dispositivo projetado para produzir e controlar níveis específicos de umidade relativa em um ambiente controlado. Ele pode ser usado em laboratórios, processos industriais, testes de materiais, calibração de instrumentos e outras aplicações que exigem condições precisas de umidade. O gerador de umidade permite criar uma atmosfera controlada para garantir a precisão e consistência nas medições e experimentos.;Apoio;R$ 100.941,00;N;Clique para Detalhar;ANÁLISE NÃO ESPECIALIZADA
428;Glicosímetro;Aparelho para medição da dosagem de glicose no sangue.;Médico Assistencial;R$ 115,00;N;Clique para Detalhar;ESPECIALIZADO
3027;Goniômetro;Goniômetro para mensuração de amplitude articular.;Apoio;R$ 120,00;N;Clique para Detalhar;NÃO ESPECIALIZADO
78;Gotejador Elétrico;Utilizado para encerar as próteses dentárias.;Apoio;R$ 1.734,00;N;Clique para Detalhar;ESPECIALIZADO
11610;GPS Portátil;GPS é um sistema de navegação por satélite com um aparelho móvel que envia informações sobre a posição de algo em qualquer horário e em qualquer condição climática. GPS é a sigla de Global Positioning System que significa sistema de posicionamento global, em português.;Gerais;R$ 2.101,00;N;Clique para Detalhar;ESPECIALIZADO
11208;Graminho Traçador;Equipamento utilizado para marcações de referência em moldes gessados.;Gerais;R$ 1.804,00;N;Clique para Detalhar;ESPECIALIZADO
2572;Granulador;Equipamento utilizado para granular produtos ou matéria prima.;Médico Assistencial;R$ 90.410,00;N;Clique para Detalhar;ESPECIALIZADO
11980;Gravador de Áudio Digital;É um dispositivo eletrônico projetado para capturar, converter, armazenar e reproduzir sinais de áudio em formato digital.;Apoio;R$ 1.223,00;N;Clique para Detalhar;ANÁLISE NÃO ESPECIALIZADA
11243;Grupo Gerador (acima de 300 KVA);Equipamento utilizado na redundância de abastecimento de energia elétrica, evitando-se contingências, garantindo o fornecimento de energia elétrica e também do funcionamento dos serviços.;Infraestrutura;R$ 225.953,00;N;Clique para Detalhar;ESPECIALIZADO
10901;Grupo Gerador Portátil (até 7 KVA);Equipamento utilizado na redundância de abastecimento de energia elétrica, evitando-se contingências, garantindo o fornecimento de energia elétrica e também do funcionamento dos serviços.;Infraestrutura;R$ 9.007,00;N;Clique para Detalhar;ESPECIALIZADO
10602;Grupo Gerador (101 a 300 KVA);Equipamento utilizado na redundância de abastecimento de energia elétrica, evitando-se contingências, garantindo o fornecimento de energia elétrica e também do funcionamento dos serviços.;Infraestrutura;R$ 172.159,00;N;Clique para Detalhar;ESPECIALIZADO
2570;Grupo Gerador (8 a 100 KVA);Equipamento utilizado na redundância de abastecimento de energia elétrica, evitando-se contingências, garantindo o fornecimento de energia elétrica e também do funcionamento dos serviços.;Infraestrutura;R$ 86.141,00;N;Clique para Detalhar;ESPECIALIZADO
2158;Hemoglobinômetro;Sistema de análise de hemoglobina, por meio de amostra de sangue.;Médico Assistencial;R$ 6.588,00;N;Clique para Detalhar;ESPECIALIZADO
1858;Homogeneizador;Aparelho utilizado as rotinas de laboratórios de Análises Clínicas, Hospitais, Universidades, Centros de Pesquisas e Ensino, dentre outros. Tem como função manter as células sangüíneas em suspensão homogênea nos exames hematológicos, lavar precipitados, preparar suspensões, dissolver as amostras que reagem vagarosamente, dentre outros.;Médico Assistencial;R$ 1.664,00;N;Clique para Detalhar;ESPECIALIZADO
10458;Homogeneizador de Bolsa de Sangue;Homogeneizador de sangue para hematologia.;Médico Assistencial;R$ 23.424,00;N;Clique para Detalhar;ESPECIALIZADO
11818;Imersor de Cera;"Equipamento aquecedor de cera para prótese dentária, desenvolvido para fabricação de coppings; derrete a cera rapidamente e mantem a temperatura ideal.";Apoio;R$ 612,00;N;Clique para Detalhar;ANÁLISE NÃO ESPECIALIZADA
1966;Imitanciômetro;Utilizado para avaliar as condições da orelha média. Sendo possível identificar o tipo de perda auditiva, se condutiva ou neurosensorial.;Médico Assistencial;R$ 38.000,00;N;Clique para Detalhar;ESPECIALIZADO
11920;Impressora de Cassetes;Equipamento utilizado no rastreio e identificação de amostras de tecidos.;Apoio;R$ 194.077,00;N;Clique para Detalhar;ANÁLISE NÃO ESPECIALIZADA
1731;Impressora de Código de Barras;Equipamento utilizado para impressão de código de barras.;Gerais;R$ 2.129,00;N;Clique para Detalhar;NÃO ESPECIALIZADO
11918;Impressora de Lâminas;"Equipamednto utilizado  para identificação e rastreamento de amostras microscópicas imprimindo diretamente
nas lâminas informações como código de barras, nomes de pacientes e números de
identificação, garantindo organização e rastreabilidade.";Apoio;R$ 188.790,00;N;Clique para Detalhar;ANÁLISE NÃO ESPECIALIZADA
288;Impressora Dry de Filmes Radiológicos;Sistema de impressão térmica de alta resolução para uso em aparelhos raiao-x, tomografia  computadorizada, ressonância magnética, ultra-som, medicina nuclear e etc.;Apoio;R$ 36.925,00;N;Clique para Detalhar;ESPECIALIZADO
10896;Impressora Laser (Comum);Equipamento utilizado para impressão de documentos ou imagens.;Gerais;R$ 3.105,00;N;Clique para Detalhar;NÃO ESPECIALIZADO
1373;Impressora Laser Multifuncional (copiadora, scanner e fax opcional);Equipamento multifucional utilizado para impressão, cópia, scanner e recebimento de fax.;Gerais;R$ 5.228,00;N;Clique para Detalhar;NÃO ESPECIALIZADO
11831;Impressora 3D Odontológica;Equipamento que permite a impressão 3D de modelos altamente detalhados e precisos, como a confecção de gengiva artificial, guia cirúrgico, placas miorrelaxantes, prótese total e moldeiras individuais.;Apoio;R$ 5.667,00;N;Clique para Detalhar;ANÁLISE NÃO ESPECIALIZADA
1697;Incubadora de Demanda Bioquímica de Oxigênio (BOD);Equipamento para medição de BOD (demanda bioquimica de oxigênio) ou para estudos de SHELF-LIFE (prazo de validade) a seco e incubações a baixa temperatura.;Médico Assistencial;R$ 10.336,00;N;Clique para Detalhar;ESPECIALIZADO
10319;Incubadora de Plaquetas;Equipamento utilizado para controle de temperatura durante a agitação de bolsas com plaquetas.;Médico Assistencial;R$ 82.944,00;N;Clique para Detalhar;ESPECIALIZADO
852;Incubadora de Transporte Neonatal;Equipamento utilizado para proporcionar suporte à vida, durante o transporte de recém-nascidos em ambiente adequado de umidade, temperatura e oxigenação.;Médico Assistencial;R$ 50.639,00;N;Clique para Detalhar;ESPECIALIZADO
537;Incubadora Neonatal (estacionária);Equipamento utilizado para fins terapêuticos, proporcionado condições de ambiente controlado para o paciente neonatal.;Médico Assistencial;R$ 42.138,00;N;Clique para Detalhar;ESPECIALIZADO
2642;Jogo de Peneiras com Aparelho Vibratório;Aparelho vibratório com peneiras para granulação.;Médico Assistencial;R$ 8.361,00;N;Clique para Detalhar;ESPECIALIZADO
10201;Jogo de Polias;Equipamento utilizado para exercícios de membros superiores e inferiores.;Médico Assistencial;R$ 2.628,00;N;Clique para Detalhar;NÃO ESPECIALIZADO
1289;Lâmpada de Fenda;Equipamento oftalmológico utilizado para realização de exames do segmento anterior do olho.;Médico Assistencial;R$ 28.975,00;N;Clique para Detalhar;ESPECIALIZADO
2705;Lanterna Clínica;Equipamento utilizado para melhorar a visibilidade nos exames físicos, como as avaliações dos reflexos pupilares, garganta, ouvidos e narinas.;Apoio;R$ 58,00;N;Clique para Detalhar;NÃO ESPECIALIZADO
11248;Laringoscópio Adulto;Equipamento  de engate rápido, para uso em procedimentos de emergência e anestesia, que necessitem de acesso às vias aéreas.;Médico Assistencial;R$ 1.416,00;N;Clique para Detalhar;ESPECIALIZADO
11249;Laringoscópio Infantil;Equipamento  de engate rápido, para uso em procedimentos de emergência e anestesia, que necessitem de acesso às vias aéreas.;Médico Assistencial;R$ 1.363,00;N;Clique para Detalhar;ESPECIALIZADO
3001;Laser para Fisioterapia;Laser utilizado em tratamentos  para distúrbios articulares, lesões traumáticas, lesões esportivas, por meio da aplicação da onda do laser.;Médico Assistencial;R$ 3.908,00;N;Clique para Detalhar;ESPECIALIZADO
10321;Laser para Oftalmologia (YAG/Diodo);Equipamento dedicado a procedimentos cirúrgicos e terapêuticos oftalmológicos.;Médico Assistencial;R$ 218.650,00;N;Clique para Detalhar;ESPECIALIZADO
184;Laser para Tratamento Odontológico;Utilizado com propriedades terapêuticas (anti-inflamatória, analgésica, bioestimulante) por meio da emissão de uma fonte de luz.;Médico Assistencial;R$ 9.681,00;N;Clique para Detalhar;ESPECIALIZADO
398;Lavadora de Endoscópio;Equipamento dedicado para reprocessamento/lavagem de endoscópios, obrigatoriamente comtemplando lavagem por meio de desinfecção enzimática. Não é passível de aprovação as configurações que realizem a lavagem por meio de ultrassom, por se tratar de outro item do sistema: Lavadora Ultrassônica..;Apoio;R$ 156.567,00;N;Clique para Detalhar;ESPECIALIZADO
10507;Lavadora de Microplacas;Equipamento projetado para realizar lavagens simples e completas em microplacas nas rotinas laboratoriais.;Apoio;R$ 24.821,00;N;Clique para Detalhar;ESPECIALIZADO
2163;Lavadora de Pipetas;Equipamento destinado a lavagem de pipetas.;Apoio;R$ 860,00;N;Clique para Detalhar;ESPECIALIZADO
1938;Lavadora de Roupas;Equipamento utilizado para lavagem de roupas. Este item corresponde a lavadora doméstica.;Gerais;R$ 2.429,00;N;Clique para Detalhar;NÃO ESPECIALIZADO
10920;Lavadora de Roupas Hospitalar (capacidade acima de 50 Kg);Lavadora para uso profissional, destinada a lavagem e enxágüe de roupas para uso hospitalar.;Apoio;R$ 109.927,00;N;Clique para Detalhar;NÃO ESPECIALIZADO
10562;Lavadora de Roupas Hospitalar (capacidade até 50 Kg);Lavadora para uso profissional, destinada a lavagem e enxágüe de roupas para uso hospitalar.;Apoio;R$ 65.444,00;N;Clique para Detalhar;NÃO ESPECIALIZADO
11414;Lavadora Extratora de Roupas Hospitalar;Lavadora para uso profissional, destinada a lavagem e enxágüe e centrifugação de roupas para uso hospitalar.;Apoio;R$ 510.893,00;N;Clique para Detalhar;ESPECIALIZADO
11304;Lavadora GMP;Equipamento utilizado em área produtiva para lavagem e secagem dos materiais utilizados durante o processo de fabricação dos medicamentos, imunobiológicos, tais como vacinas, soros,etc.;Apoio Laboratorial;R$ 3.126.368,00;N;Clique para Detalhar;ANÁLISE NÃO ESPECIALIZADA
10548;Lavadora Termodesinfectora;Equipamento para lavagem, enxágüe e desinfecção térmica automática de instrumentais, utensílios, vidrarias de laboratório, tubos e acessórios para anestesia, tubos de sucção, embalagens e outros.;Apoio;R$ 318.199,00;N;Clique para Detalhar;ESPECIALIZADO
10984;Lavadora Ultrassônica acima de 15 litros;Equipamento utilizado para auxiliar na limpeza de peças ou partes, retirando toda sujeira e impureza encontrada na superfície e nas reentrâncias minúsculas e mais profundas através de ultrassom, que consiste na transformação de energia elétrica em energia mecânica.;Apoio;R$ 54.833,00;N;Clique para Detalhar;ESPECIALIZADO
10983;Lavadora Ultrassônica até 15 litros;Equipamento utilizado para auxiliar na limpeza de peças ou partes, retirando toda sujeira e impureza encontrada na superfície e nas reentrâncias minúsculas e mais profundas através de ultrassom, que consiste na transformação de energia elétrica em energia mecânica.;Apoio;R$ 6.468,00;N;Clique para Detalhar;ESPECIALIZADO
11557;Leito Fluidizado;Equipamento utilizado para secagem de pós e granulados.;Apoio;R$ 3.582.784,20;N;Clique para Detalhar;ESPECIALIZADO
11992;Leitor Automatizado de Placas Elispot;Equipamento laboratorial especializado que captura imagens digitais de microplacas ELISPOT e utiliza software para contar e analisar automaticamente os pontos (spots) formados, que representam células secretoras de uma molécula específica.;Médico Assistencial;R$ 588.584,00;N;Clique para Detalhar;ANÁLISE ESPECIALIZADA
1234;Leitor de Código de Barras;Aparelho para leitura de códigos de barras por feixe ótico.;Gerais;R$ 255,00;N;Clique para Detalhar;NÃO ESPECIALIZADO
11099;Leitora de Microplacas de Elisa;Leitora (fotômetro) dedicada, controlada por um microprocessador para ler e calcular os resultados de ensaios em uma placa de microtitulação,podendo ser manual ou automatizado.;Médico Assistencial;R$ 30.180,00;N;Clique para Detalhar;ESPECIALIZADO
11833;Leitor/Quantificador de Material Genético em Placas;Leitor de placa para quantificação e avaliação de qualidade de material genético extraído. Avaliações essas fundamentais para melhor preparo de procedimentos genômicos, como sequenciamento e genotipagem.;Gerais;R$ 213.620,00;N;Clique para Detalhar;ANÁLISE NÃO ESPECIALIZADA
2927;Lensômetro;Equipamento para medição de lentes esféricas, cilíndricas, de contato, óculos de sol e prismas.;Médico Assistencial;R$ 10.100,00;N;Clique para Detalhar;ESPECIALIZADO
2682;Liofilizador;Equipamento utilizado para remove a umidade de alimentos, amostras biologicas e produtos farmacêuticos obtido pelo processo de sublimação.;Médico Assistencial;R$ 45.531,00;N;Clique para Detalhar;ESPECIALIZADO
1941;Liquidificador;Aparelho elétrico para mistura e liquidificação de alimentos e/ou sucos.;Gerais;R$ 867,00;N;Clique para Detalhar;NÃO ESPECIALIZADO
1387;Liquidificador Industrial;Aparelho elétrico para mistura e liquidificação de grandes massas e volumes de alimentos e sucos.;Gerais;R$ 2.760,00;N;Clique para Detalhar;NÃO ESPECIALIZADO
1044;Litotriptor Extracorpóreo;Sistema de fragmentação de cálculos renais por ondas de choque através da localização por fluoroscopia. O sistema é composto minimamente pela mesa de exames, arco cirúrgico, monitor e litotriptor, podendo solicitar o monitor de ECG e aparelho de ultrassonografia.;Médico Assistencial;R$ 1.200.000,00;N;Clique para Detalhar;ESPECIALIZADO
10194;Litotriptor Intracorpóreo;Equipamento para fragmentação de cálculos renais por meio de energia ultrassônica, pneumática, laser.;Médico Assistencial;R$ 35.990,00;N;Clique para Detalhar;ESPECIALIZADO
11220;Lixadeira Dupla;Lixadeira multifuncional, com cinta de lixa conjugada com disco de lixa, usada para desbastes e acabamentos de dispositivos ortopédicos, bem como seus componentes.;Gerais;R$ 51.525,00;N;Clique para Detalhar;ESPECIALIZADO
192;Localizador de Ápice;Utilizado para determinar a odontometria.;Médico Assistencial;R$ 2.215,00;N;Clique para Detalhar;ESPECIALIZADO
494;Longarina;Conjunto de cadeiras acopladas lateralmente (no mínimo dois assentos).;Gerais;R$ 770,00;N;Clique para Detalhar;NÃO ESPECIALIZADO
10565;Lousa Interativa;Equipamento no qual as informações de um computador serão transmitidas por meio de um projetor multimídia sobre a lousa, sensível ao toque, que funcionará como um monitor.;Gerais;R$ 4.027,00;N;Clique para Detalhar;NÃO ESPECIALIZADO
2327;Luminária Flexível de Mesa com Lupa;Trata-se de um produto de utilização profissional, encontrado na grande maioria das bancadas eletrônicas de modo a auxiliar o profissional.;Apoio;R$ 573,00;N;Clique para Detalhar;NÃO ESPECIALIZADO
2945;Maca de Transferência (dois carros);Conjunto de carros maca para transferência de paciente em centro cirúrgico (dois carros e um leito).;Apoio;R$ 6.416,00;N;Clique para Detalhar;NÃO ESPECIALIZADO
10925;Mamógrafo;Equipamento emissor de Raios X para fins diagnósticos de mamografia com tecnologia Digital (detector de painel plano).;Médico Assistencial;R$ 1.492.954,00;N;Clique para Detalhar;ESPECIALIZADO
11957;Manequim Adulto Simulador para Treino de habilidades clínicas em Suporte Básico de Vida;Equipamento utilizado para treinar profissionais especializados em Urgênia e Emergência que prestam assistência à pacientes em casos de Suporte Básico de Vida.;Apoio;R$ 13.305,00;N;Clique para Detalhar;ANÁLISE NÃO ESPECIALIZADA
11960;Manequim Lactente (Bebê) Simulador para Treino de habilidades clínicas em Suporte Básico de Vida;Equipamento utilizado para treinamento dos profissionais especializados em Urgência e Emergência que prestam assistência à pacientes em casos de Suporte Básico de vida.;Apoio;R$ 1.961,00;N;Clique para Detalhar;ANÁLISE NÃO ESPECIALIZADA
11959;Manequim Pediátrico Simulador para Treino de habilidades clínicas em Suporte Básico de Vida;Equipamento utilizado para treinamento dos profissionais especializadas em Urgência e Emergência que prestam assistência à pacientes em casos de Suporte Básico à Vida.;Apoio;R$ 9.296,00;N;Clique para Detalhar;ANÁLISE NÃO ESPECIALIZADA
11956;Manequim Simulador para Treino de habilidades clínicas em Suporte Avançado de Vida;Equipamento utilizado para capacitar profissionais de saúde especializados em Urgência e Emergência que prestam assistência aos pacientes em casos de Suporte Básico e Avançado de Vida.;Apoio;R$ 163.041,00;N;Clique para Detalhar;ANÁLISE NÃO ESPECIALIZADA
10422;Manovacuômetro;Equipamento utilizado para medir a pressão negativa e/ou positiva em sistemas hospitalares.;Médico Assistencial;R$ 2.044,00;N;Clique para Detalhar;ESPECIALIZADO
11783;Manta Aquecedora;A manta aquecedora é utilizada para aquecer balões de vidro contando soluções para diferentes finalidades.;Apoio;R$ 761,00;N;Clique para Detalhar;ESPECIALIZADO
1656;Manta Térmica Elétrica;Manta térmica elétrica para aquecimento corporal em resgate de emergência.;Médico Assistencial;R$ 1.397,00;N;Clique para Detalhar;ESPECIALIZADO
10274;MAPA - Monitor Ambulatorial de Pressão Arterial;Equipamento utilizado para medições de pressão sanguínea sistólica, diastólica e freqüência cardíaca.;Médico Assistencial;R$ 59.985,00;N;Clique para Detalhar;ESPECIALIZADO
11091;Máquina Chanfradeira;Equipamento utilizado para realizar chanfros em couro para costura de calçados ortopédicos.;Gerais;R$ 6.394,00;N;Clique para Detalhar;ESPECIALIZADO
10468;Máquina de Circulação Extracorpórea;Máquina que faz o papel do pulmão, de oxigenar o sangue, e do coração, de bombeá-lo.;Médico Assistencial;R$ 390.000,00;N;Clique para Detalhar;ESPECIALIZADO
11452;Máquina de Costura de Coluna;Equipamento utilizado na confecção de calçados ortopédicos, correias, joelheiras e demais acessórios em couro e materiais.;Gerais;R$ 13.044,00;N;Clique para Detalhar;ESPECIALIZADO
11216;Máquina de Costura em Zig Zag;Equipamento para costura tipo zig-zag, para tecidos e lona.;Gerais;R$ 3.700,00;N;Clique para Detalhar;ESPECIALIZADO
2456;Máquina de Costura Industrial;Máquina de costura reta, usada na confecção de órteses em tecidos, correias, forrações de cadeiras de rodas e afins.;Gerais;R$ 3.737,00;N;Clique para Detalhar;ESPECIALIZADO
11209;Máquina de Solda MIG MAG;Equipamento utilizado para soldagem de metais na confecção de dispositivos para adaptações  e adequações de cadeiras de rodas.;Gerais;R$ 4.276,00;N;Clique para Detalhar;ESPECIALIZADO
255;Máquina de Solda Odontológica;Utilizado para realizar trabalhos ortodônticos de solda.;Apoio;R$ 2.359,00;N;Clique para Detalhar;ESPECIALIZADO
10568;Máquina de Sucção para Laminação;Equipamento de sucção usado na fabricação de Próteses e Órteses.;Apoio;R$ 43.823,00;N;Clique para Detalhar;ESPECIALIZADO
11453;Máquina de Sucção para Termomoldagem em Ortopedia Técnica;Equipamento utilizado para gerar a pressão negativa na superfície dos moldes para a termoformação das próteses e encaixes protéticos.;Apoio;R$ 27.246,00;N;Clique para Detalhar;ESPECIALIZADO
11844;Máquina Fotográfica;Item destinado a capturar e registar imagens.;Gerais;R$ 14.996,00;N;Clique para Detalhar;ANÁLISE NÃO ESPECIALIZADA
2943;Máquina para Produzir Gelo;Aparelho termoelétrico para produção de gelo.;Gerais;R$ 6.230,00;N;Clique para Detalhar;NÃO ESPECIALIZADO
11267;Máquina Unitarizadora de Medicamentos;Equipamento utilizado para na unitarização de doses de medicamentos.;Apoio;R$ 215.000,00;N;Clique para Detalhar;ESPECIALIZADO
10252;Marcapasso Cardíaco Externo;Marcapasso Cardíaco para uso externo usado no cuidado intensivo temporário de estimulação do coração sem atividade espontânea ou com problemas no sistema de condução.;Médico Assistencial;R$ 13.236,00;N;Clique para Detalhar;ESPECIALIZADO
11211;Martelete Pneumático;Martelete tipo rompedor pneumático utilizado para quebrar moldes em gesso.;Médico Assistencial;R$ 612,00;N;Clique para Detalhar;NÃO ESPECIALIZADO
3079;Martelo de Reflexo;É um reflexo que provoca uma contração no joelho que leva a perna a movimentar-se involuntariamente para a frente.;Apoio;R$ 62,00;N;Clique para Detalhar;NÃO ESPECIALIZADO
11784;Medidor de Atividade de Água;Verificar a presença de água disponível para microrganismos nos produtos farmacêuticos e estabelecer limites de segurança para evitar contaminações e degradação dos produtos.;Apoio;R$ 169.191,00;N;Clique para Detalhar;ESPECIALIZADO
10414;Medidor de Cuff;"Utilizado para medição e calibração da pressão do cuff (balonete) de tubos endotraqueais sem comprometer a terapia do paciente; indica a faixa ideal da pressão do cuff.";Apoio;R$ 2.783,00;N;Clique para Detalhar;ESPECIALIZADO
512;Medidor de Densidade Aparente/ Compactada;Equipamento utilizado para medir a densidade de pós, grânulos e produtos similares.;Apoio;R$ 32.426,00;N;Clique para Detalhar;ANÁLISE NÃO ESPECIALIZADA
11909;Medidor de Fluxo Expiratório;Equipamento utilizado para medir fluxo expiratório em avaliação respiratória.;Médico Assistencial;R$ 185,00;N;Clique para Detalhar;ANÁLISE ESPECIALIZADA
836;Medidor de Nível de Oxigênio;Equipamento para medir/detectar da concentração de oxigênio em um ambiente.;Apoio;R$ 1.496,00;N;Clique para Detalhar;ESPECIALIZADO
478;Medidor Geiger de Radiação;Equipamento portátil para detectar radiação do tipo: alfa, beta, gama e raios X.;Apoio;R$ 9.712,00;N;Clique para Detalhar;ESPECIALIZADO
10128;Mesa Antropométrica;Mesa Antropométrica com tampo em aço esmaltado e estrutura tubular provida de cursor de medição para uso em consultório;Apoio;R$ 835,00;N;Clique para Detalhar;NÃO ESPECIALIZADO
2102;Mesa Auxiliar;Mesa auxiliar destinada ao apoio de recursos médico-assistenciais, utilizada em ambientes hospitalares.;Gerais;R$ 776,00;N;Clique para Detalhar;NÃO ESPECIALIZADO
2174;Mesa Cirúrgica Elétrica;Mesa composta por coluna, tampo e base, para procedimentos de alta cirurgia, com movimentos acionados eletricamente.;Médico Assistencial;R$ 104.029,00;N;Clique para Detalhar;ESPECIALIZADO
363;Mesa Cirúrgica Mecânica;Mesa composta por coluna, tampo e base, para procedimentos de alta cirurgia, com movimentos acionados mecanicamente.;Médico Assistencial;R$ 65.736,00;N;Clique para Detalhar;ESPECIALIZADO
2234;Mesa de Cabeceira;Mesa localizada na cabeceira da cama hospitalar, utilizada para guardar ou apoio de acessórios.;Gerais;R$ 763,00;N;Clique para Detalhar;NÃO ESPECIALIZADO
11228;Mesa de Cabeceira com Refeição Acoplada;"Mesa localizada na cabeceira da cama hospitalar, utilizada para guardar ou apoio de acessórios.
Este item deve possuir uma mesa de refeição acoplada e gavetas.
Nos agurpadores disponíveis, a opção ""Não possui"" não existe para essas duas características.";Gerais;R$ 814,00;N;Clique para Detalhar;NÃO ESPECIALIZADO
1868;Mesa de Escritório;Móvel para escritório.;Gerais;R$ 904,00;N;Clique para Detalhar;NÃO ESPECIALIZADO
1222;Mesa de Exames;Mesa fixa utilizada para exames/tratamento de pacientes;Médico Assistencial;R$ 2.325,00;N;Clique para Detalhar;NÃO ESPECIALIZADO
3099;Mesa de Kanavel;Equipamento para exercícios de flexo-extensão de dedos, prono-supinação e flexo-extensão de punho.;Médico Assistencial;R$ 5.703,00;N;Clique para Detalhar;NÃO ESPECIALIZADO
3026;Mesa de Mayo;Mesa auxiliar móvel, tipo mayo, para uso em procedimentos de anestesia e/ou cirúrgicos em geral.;Apoio;R$ 573,00;N;Clique para Detalhar;NÃO ESPECIALIZADO
2659;Mesa de Reunião;Mesa utilizada em ambientes administrativos.;Gerais;R$ 595,00;N;Clique para Detalhar;NÃO ESPECIALIZADO
10398;Mesa Ginecológica;Mesa para exame ginecológico, constituída por base, leito, gaveta de escoamento e par de porta coxa.;Médico Assistencial;R$ 1.623,00;N;Clique para Detalhar;NÃO ESPECIALIZADO
662;Mesa Ginecológica Elétrica;Mesa para exame ginecológico elétrica, constituída por base, leito, gaveta de escoamento e par de porta coxa.;Médico Assistencial;R$ 32.008,00;N;Clique para Detalhar;ESPECIALIZADO
3007;Mesa Ortostática;"Equipamento destinado para paraplégicos, para que possam ficar na posição vertical, saindo da cadeira de rodas sem auxílio de terceiros; ideal para a prevenção da osteoporose precoce dos membros inferiores e descontrole intestinal.";Médico Assistencial;R$ 8.870,00;N;Clique para Detalhar;NÃO ESPECIALIZADO
2098;Mesa para Computador;Móvel utilizado para alocar computadores do tipo desktop (mouse, teclado, monitor e CPU).;Gerais;R$ 382,00;N;Clique para Detalhar;NÃO ESPECIALIZADO
1923;Mesa para Consultório;Mobiliario utilizado para apoio a escrita, no atendimento médico/profissional da saúde.;Gerais;R$ 604,00;N;Clique para Detalhar;NÃO ESPECIALIZADO
2150;Mesa para Impressora;Móvel utilizado para acomodação de impressora.;Gerais;R$ 218,00;N;Clique para Detalhar;NÃO ESPECIALIZADO
2304;Mesa para Refeição;Mesa utilizada para refeição por pacientes acamados ou em cadeira de rodas em ambientes hospitalares.;Gerais;R$ 1.147,00;N;Clique para Detalhar;NÃO ESPECIALIZADO
2426;Mesa para Refeitório;Mesa para uso em refeitórios.;Gerais;R$ 1.512,00;N;Clique para Detalhar;NÃO ESPECIALIZADO
11930;Mesa Refrigerada;A mesa refrigerada ou mesa fria é utilizada para a preservação da temperatura das amostras de mosquitos e insetos vetores, durante a triagem e identificação taxonômica, visando a manutenção da viabilidade viral e preservação de ácidos nucleicos.;Apoio;R$ 63.500,00;N;Clique para Detalhar;ANÁLISE NÃO ESPECIALIZADA
1950;Mesas de Trabalho ou Bancada;Mesa de trabalho ou bancada utilizada para realizar atividades específicas diversas.;Infraestrutura;R$ 1.317,00;N;Clique para Detalhar;ANÁLISE NÃO ESPECIALIZADA
738;Micro Jato para Prótese Dentária;Equipamento utilizado para limpar e/ou remover resíduos de peças dentárias.;Médico Assistencial;R$ 1.174,00;N;Clique para Detalhar;ESPECIALIZADO
10316;Microcerátomo;Instrumento projetado para executar ressecções circulares na córnea com diâmetro e espessura predeterminados. O diâmetro da ressecção é determinado por características do anel vácuo, e a espessura pelo aplanador posicionado no cabeçote do microceratomo bem como a largura da lâmina.;Médico Assistencial;R$ 548.800,00;N;Clique para Detalhar;ESPECIALIZADO
2284;Microfone;Realização de cursos e capacitações para profissionais de saúde.;Gerais;R$ 184,00;N;Clique para Detalhar;NÃO ESPECIALIZADO
2812;Micrômetro;Item utilizado para medir espessura, largura, profundidade, altura de objetos.;Gerais;R$ 460,00;N;Clique para Detalhar;ANÁLISE NÃO ESPECIALIZADA
11738;Micromotor Elétrico com Localizador de Ápice;O equipamento motor de endodontia rotatória é indicado para a instrumentação automatizada e preparo de canais radiculares durante tratamento endodôntico facilitando a remoção total do tecido pulpar, limpeza e instrumentação do conduto radicular.;Médico Assistencial;R$ 10.044,00;N;Clique para Detalhar;ESPECIALIZADO
11821;Micromotor Elétrico de Bancada;Equipamento utilizado para realizar o acabamento, polimento e fabricação de próteses dentárias.;Apoio;R$ 4.129,00;N;Clique para Detalhar;ANÁLISE NÃO ESPECIALIZADA
12001;Micro-ônibus com Acessibilidade (Agora Tem Especialistas) Aquisição por Pregão 90414/2025;Micro-ônibus com acessibilidade destinado ao transporte sanitário.;Veículo;R$ 584.600,00;N;Clique para Detalhar;ANÁLISE NÃO ESPECIALIZADA
11654;Micro-ônibus Rural de Transporte Sanitário;Veículo tipo: Micro-ônibus Rural para transporte de passageiros.;Veículo;R$ 861.659,00;N;Clique para Detalhar;ESPECIALIZADO
11652;Micro-ônibus Urbano de Transporte Sanitário;Veículo tipo: Micro-ônibus urbano para transporte de passageiros;Veículo;R$ 719.582,00;N;Clique para Detalhar;ESPECIALIZADO
24;Micropipeta Monocanal;Equipamento de alta precisão para dispensar e/ou manusear liquídos e fluídos em pequenos volumes. Larga utilização em laboratórios de análises clínicas humana, análises clínicas veterinárias, biologia molecular, bioquímica, biotecnologia, controle de qualidade, indústria farmacêutica, universaidades, etc.;Médico Assistencial;R$ 1.270,00;N;Clique para Detalhar;ESPECIALIZADO
2510;Micropipeta Multicanal;Equipamento de alta precisão para dispensar e/ou manusear liquídos e fluídos em pequenos volumes. Larga utilização em laboratórios de análises clínicas humana, análises clínicas veterinárias, biologia molecular, bioquímica, biotecnologia, controle de qualidade, indústria farmacêutica, universaidades, etc.;Médico Assistencial;R$ 3.758,00;N;Clique para Detalhar;ESPECIALIZADO
11841;Microretífica;Item capaz de cortar, lixar, polir, perfurar materiais e superfícies.;Gerais;R$ 271,00;N;Clique para Detalhar;ANÁLISE NÃO ESPECIALIZADA
390;Microscópio Cirúrgico;Equipamento desenvolvido para uso em microcirurgias nas áreas como oftalmologia, neurologia, ortopedia, otorrinolaringologia entre outras especialidades.;Médico Assistencial;R$ 853.948,00;N;Clique para Detalhar;ESPECIALIZADO
11748;Microscópio Cirúrgico Oftalmológico;Equipamento desenvolvido para uso em cirurgias na área de oftalmologia.;Médico Assistencial;R$ 776.451,00;N;Clique para Detalhar;ESPECIALIZADO
11616;Microscópio Eletrônico de Varredura;Equipamento para  produzir imagens de alta resolução da superfície de uma amostra. Com tecnologia dedicada que permite que as imagens criadas tenham uma visualização tridimensional, sendo úteis opara avaliar a sua estrutura superficial.;Apoio;R$ 1.035.643,00;N;Clique para Detalhar;ANÁLISE NÃO ESPECIALIZADA
10432;Microscópio Especular de Córnea;Equipamento destinado a realizar a contagem de células endoteliais da córnea.;Médico Assistencial;R$ 102.534,00;N;Clique para Detalhar;ESPECIALIZADO
11785;Microscópio Estereoscópio;Utilizado para a realização de análises morfo-anatômicas;Médico Assistencial;R$ 3.480,00;N;Clique para Detalhar;ESPECIALIZADO
725;Microscópio Laboratorial;Equipamento utilizado em estudos e comportamentos de células não perceptíveis a olho nu.;Médico Assistencial;R$ 16.059,00;N;Clique para Detalhar;ESPECIALIZADO
11197;Microscópio Laboratorial Básico;Equipamento utilizado em estudos e comportamentos celulares não perceptíveis a olho nu.;Médico Assistencial;R$ 2.231,00;N;Clique para Detalhar;ESPECIALIZADO
11526;Microscópio Óptico com Câmera;Para atendimento tanto na demanda de desenvolvimento como de Controle de Qualidade, na análise e liberação de insumos farmacêuticos.;Apoio;R$ 449.944,00;N;Clique para Detalhar;ANÁLISE NÃO ESPECIALIZADA
433;Micrótomo;Equipamento para cortes histológicos micrométricos seqüenciais e precisos de materiais inclusos em parafina para uso em microscopia.;Médico Assistencial;R$ 46.531,00;N;Clique para Detalhar;ESPECIALIZADO
11953;Mini-Extrusora com GMP;Equipamento para produção de implantes.;Apoio;R$ 3.922.493,00;N;Clique para Detalhar;ANÁLISE NÃO ESPECIALIZADA
466;Misturador Laboratorial;Equipamento de laboratório usado para misturar, homogeneizar, cisalhar ou apenas agitar as fases de desenvolvimento e preparação de soluções, pastas ou emulsões.;Médico Assistencial;R$ 4.310,00;N;Clique para Detalhar;ESPECIALIZADO
2185;Mixer;Eletrodoméstico de utensílio multifuncional que tem a função de mistura e tritura alimentos em pequenas quantidades.;Gerais;R$ 180,00;N;Clique para Detalhar;NÃO ESPECIALIZADO
11839;Mochila de Resgate;Saco de tecido resistente utilizado para acondicionar e transportar itens utilizados em atendimentos de resgate.;Apoio;R$ 278,00;N;Clique para Detalhar;ANÁLISE NÃO ESPECIALIZADA
2954;Mocho;Tipo de cadeira giratória para facilitar a movimentação e precisão em procedimentos médicos cirurgicos, muito utilizado em consultórios odontológicos.;Gerais;R$ 532,00;N;Clique para Detalhar;NÃO ESPECIALIZADO
11628;Moinho de Facas e Martelos;Equipamento utilizado para moer matérias-primas sólidas para redução do tamanho de partículas.;Médico Assistencial;R$ 30.660,00;N;Clique para Detalhar;ESPECIALIZADO
11854;Moinho para Trituração de Comprimidos;Equipamento utilizado para moagem de amostras de diferentes materiais com o objetivo de prepará-las para análise em laboratórios;Apoio;R$ 8.203,00;N;Clique para Detalhar;ANÁLISE NÃO ESPECIALIZADA
11272;Moinho Rotativo Cônico;Equipamento utilizado para moer e reduzir o tamanho de partículas em matérias-primas sólidas.;Item Industrial Não Hospitalar;R$ 263.726,00;N;Clique para Detalhar;ANÁLISE NÃO ESPECIALIZADA
1159;Monitor de Pressão Intracraniana (PIC);Monitor utilizado no diagnóstico do aumento da pressão intracraniana, assim como para o tratamento da hipertensão intracraniana, conforme a aplicação clínica.;Médico Assistencial;R$ 135.172,00;N;Clique para Detalhar;ESPECIALIZADO
11864;Monitor de Sinais Vitais para Telessaúde;Medidor de sinais vitais como frequência cardíaca, oximetria, temperatura, pressão atrterial e eletrocardiograma com conectividade e apliocação para Telessaúde/Telemedicina.;Médico Assistencial;R$ 7.664,00;N;Clique para Detalhar;ANÁLISE ESPECIALIZADA
11949;Monitor de Vídeo;Equipamento eletrônico destinado à exibição de imagens em alta definição, com maior fidelidade de cores e amplo ângulo de visão.;Apoio;R$ 921,00;N;Clique para Detalhar;ANÁLISE NÃO ESPECIALIZADA
11799;Monitor Hemodinâmico;Utilizado para medição do débito cardíaco contínuo (volume de sangue bombeado pelo coração em minutos), o que auxilia num tratamento mais específico para pacientes críticos e de alto risco, pois se conhece melhor o desempenho cardíaco e variavelmente o consumo de O2. Utilizado para Tratamento Intensivo e Unidades Coronarianas.;Médico Assistencial;R$ 223.334,00;N;Clique para Detalhar;ESPECIALIZADO
673;Monitor Multiparâmetros;Monitor Multiparâmetros para uso na monitoração de Eletrocardiograma (ECG), Respiração, Temperatura, Pressão Não-Invasiva (PNI) e Oximetria (SPO2), para uso em pacientes adulto/pediátrico e neonatal.;Médico Assistencial;R$ 19.349,00;N;Clique para Detalhar;ESPECIALIZADO
11673;Monitor Multiparâmetros para Centro Cirúrgico;Monitor Multiparâmetros para Centro Cirúrgic para uso na monitoração de Eletrocardiograma (ECG), Respiração, Temperatura, Pressão Não-Invasiva (PNI), Oximetria (SPO2), Pressão Invasiva (PI), Capnografia (ETCO2), Agentes Anestésicos e Índice de Sedação Anestésica (BIS), para uso em pacientes adulto/pediátrico e neonatal.;Médico Assistencial;R$ 41.115,00;N;Clique para Detalhar;ESPECIALIZADO
11237;Monitor Multiparâmetros para Ressonância Magnética;"Monitor multiparamétrico podendo ser utilizado na monitoração de ECG/respiração, pressão não-invasiva (PNI), oximetria de pulso (SpO2), pressão invasiva (PI), capnografia (EtCO2), temperatura, débito cardíaco (DC), agentes anestésicos, índice de sedação anestésica (BIS/ISA), para uso em pacientes adulto/pediátrico e neonatal.
Para este item deve ser apresentadas características construtivas que permitam a aplicação correta e utilização segura do equipamento em ambientes que possuam Ressonância Nuclear Magnética.";Médico Assistencial;R$ 589.691,00;N;Clique para Detalhar;ESPECIALIZADO
10985;Monitor Multiparâmetros para UTI;Monitor Multiparâmetros para UTI para uso na monitoração de Eletrocardiograma (ECG), Respiração, Temperatura, Pressão Não-Invasiva (PNI), Oximetria (SPO2), Pressão Invasiva (PI), Capnografia (ETCO2), Débito Cardíaco (DC), Agentes Anestésicos e Índice de Sedação Anestésica (BIS/ISA), para uso em pacientes adulto/pediátrico e neonatal.;Médico Assistencial;R$ 27.943,00;N;Clique para Detalhar;ESPECIALIZADO
10765;Monitor para Imagens Radiológicas;Monitor de alta resolução específico para visualização de imagens radiológicas.;Médico Assistencial;R$ 63.900,00;N;Clique para Detalhar;ESPECIALIZADO
11219;Morsa de Bancada;Morsa tipo torno de bancada para fixação de peças e utensílios.;Gerais;R$ 211,00;N;Clique para Detalhar;NÃO ESPECIALIZADO
2295;Morsa para Furadeira de Bancada;Morsa para bancada para fixação de peças para a furação em furadeira de bancada.;Gerais;R$ 213,00;N;Clique para Detalhar;NÃO ESPECIALIZADO
10566;Moto Esmeril;Ferramenta utilizada para restauração, lixamento e limpeza de peças.;Gerais;R$ 1.387,00;N;Clique para Detalhar;ESPECIALIZADO
11900;Motocicleta Elétrica;Veículo de duas rodas, tipo motocicleta elétrica utilizada para o deslocamento de profissionais da Estratégia Saúde da Família (ESF), Agentes Comunitários de Saúde (ACS), Equipes Multiprofissionais e outras equipes que necessitam se locomover com agilidade em áreas urbanas e rurais.;Veículo;R$ 17.459,00;N;Clique para Detalhar;ANÁLISE NÃO ESPECIALIZADA
11774;Motocultivador;Equipamento movido a combustão que serve para preparar o plantio em hortas, afofando a terra e preparando o solo.;Gerais;R$ 3.669,00;N;Clique para Detalhar;ESPECIALIZADO
698;Motor de Suspensão;Equipamento utilizado para corte, lapidação, desgaste, polimento e gravações em próteses em conultórios odontológicos.;Apoio;R$ 830,00;N;Clique para Detalhar;ESPECIALIZADO
205;Motor Elétrico Cirúrgico Odontológico;Equipamento utilizado para cirurgias e implantes odontológicos (perfuração, macheamento e inserção), perfurações ósseas, cirurgias buco-maxilo-faciais, cirurgias paraendodônticas, cirurgias periodontais, aperto de peças protéticas, cirurgias plásticas, desgastes e polimentos.;Médico Assistencial;R$ 11.759,00;N;Clique para Detalhar;ESPECIALIZADO
2408;Multímetro;É um equipamento de teste utilizado para medir grandezas elétricas como tensão, corrente, resistência.;Gerais;R$ 422,00;N;Clique para Detalhar;ANÁLISE NÃO ESPECIALIZADA
11954;Nanoindentador Completo;Equipamento utilizado para caracterizar as propriedades mecânicas dos materiais em pequenas escalas de comprimento.;Apoio;R$ 1.893.876,00;N;Clique para Detalhar;ANÁLISE NÃO ESPECIALIZADA
11792;Nebulizador Costal;Item para Aplicação espacial de inseticidas a Ultra Baixo Volume, de uso individual com o equipamento acoplado nas costas do operador;Gerais;R$ 2.910,00;N;Clique para Detalhar;ESPECIALIZADO
11791;Nebulizador Pesado Veicular;Item para Aplicação espacial de inseticidas a Ultra Baixo Volume, de uso com o equipamento acoplado a veículo. A aplicação espacial de inseticidas a Ultra Baixo Volume, tem como objetivo eliminar as fêmeas do mosquito Aedes aegypti infectadas por arbovírus.;Gerais;R$ 122.250,00;N;Clique para Detalhar;ESPECIALIZADO
586;Nebulizador Portátil;Equipamento portátil com tecnologia de modo ultrassônico ou compressor, utilizado para administrar medicamentos por via inalatória ou recomendado para doenças respiratórias (bronquite, asma, resfriados, renite, etc.).;Médico Assistencial;R$ 227,00;N;Clique para Detalhar;ESPECIALIZADO
541;Negatoscópio;Equipamento utilizado para visualização de imagens radiográficas.;Apoio;R$ 1.028,00;N;Clique para Detalhar;ESPECIALIZADO
11223;Nível Pélvico;Equipamento usado para verificar o nivelamento do corpo humano através da posição da pélvis.;Apoio;R$ 1.305,00;N;Clique para Detalhar;ESPECIALIZADO
11965;No-break de 20KVA;Equipamento utilizado para estabilização elétrica e manutenção de servidoes mesmo em picos de estabilidade energia,;Apoio;R$ 73.023,00;N;Clique para Detalhar;ANÁLISE NÃO ESPECIALIZADA
1978;No-Break (Para Computador/Impressora);É um aparelho que funciona como uma reserva de energia, proporcionando um tempo de autonomia para que tarefas sejam concluídas, caso seja necessário. Além de proteger os computadores da eletricidade que alimenta esses equipamentos, evitando perda de dados e danos aos computadores que estejam ligados a ele.;Gerais;R$ 1.299,00;N;Clique para Detalhar;NÃO ESPECIALIZADO
11849;No-Break (Para Mamógrafo);É um aparelho que funciona como uma reserva de energia, proporcionando um tempo de autonomia para que tarefas sejam concluídas, caso seja necessário.;Gerais;R$ 8.937,00;N;Clique para Detalhar;ANÁLISE NÃO ESPECIALIZADA
10990;No-Break (Para Servidor);É um aparelho que funciona como uma reserva de energia, proporcionando um tempo de autonomia para que tarefas sejam concluídas, caso seja necessário. Além de proteger os servidores da eletricidade, evitando perda de dados e danos aos servodores que estejam ligados a ele.;Gerais;R$ 10.687,00;N;Clique para Detalhar;NÃO ESPECIALIZADO
1506;Oftalmoscópio;Utilizado para realização de exames não invasivos, para auxiliar a visualização dos exames da estrutura do olho como: atérias, veias, nervo óptico, retina, córnea, humor aquoso, humos vítreo e cristalino. Indicado também para diagnosticar doenças como Glaucoma e Catarata. Pode ser utilizado para detectar outros tipos de doenças como tuberculose, hipertensão, toxoplasmose, diabestes, AIDS, artrite reumatóide, esclerose múltipla entre outras, pois, muitas dessas doenças alteram o aspecto do fundo do olho humano.;Médico Assistencial;R$ 2.273,00;N;Clique para Detalhar;ESPECIALIZADO
11429;Oftalmoscópio Binocular Indireto;Equipamento que permite ao examinador o uso prolongado, sem causar fadigas. Possui ampla e nítida imagem do fundo do olho e auxilia no mapeamento de retina.;Médico Assistencial;R$ 17.897,00;N;Clique para Detalhar;ESPECIALIZADO
11867;Oftalmoscópio para Telessaúde;tilizado para realização de exames não invasivos, para auxiliar a visualização dos exames da estrutura do olho como: atérias, veias, nervo óptico, retina, córnea, humor aquoso, humos vítreo e cristalino. Indicado também para diagnosticar doenças como Glaucoma e Catarata. Pode ser utilizado para detectar outros tipos de doenças como tuberculose, hipertensão, toxoplasmose, diabestes, AIDS, artrite reumatóide, esclerose múltipla entre outras, pois, muitas dessas doenças alteram o aspecto do fundo do olho humano. Com aplicação para Telessaúde/telemedicina.;Médico Assistencial;R$ 7.373,00;N;Clique para Detalhar;ANÁLISE ESPECIALIZADA
2229;Osmômetro;"O Osmômetro é um aparelho eletrônico de precisão utilizado para determinar a osmolalidade de uma amostra através da medida de seu ponto de congelamento (ponto de fusão).
Aplicação: determinação da concentração de soluções químicas, produtos alimentícios, sangue, urina etc.";Médico Assistencial;R$ 41.497,00;N;Clique para Detalhar;ESPECIALIZADO
10353;Osmose Reversa;Equipamento de purificação para a produção de água química e microbiologicamente pura.;Apoio;R$ 3.677,00;N;Clique para Detalhar;ESPECIALIZADO
11649;Otoscópio de Sistema Aberto;Equipamento destinado para a visualização, acesso e iluminação do conduto auditivo em pequenos procedimentos.;Médico Assistencial;R$ 3.677,00;N;Clique para Detalhar;ESPECIALIZADO
11866;Otoscópio para Telessaúde;Equipamento destinado para a visualização, acesso e iluminação do conduto auditivo em pequenos procedimentos. Com aplicação para Telessaúde/telemedicina.;Médico Assistencial;R$ 7.114,00;N;Clique para Detalhar;ANÁLISE ESPECIALIZADA
1073;Otoscópio Simples;Equipamento destinado à realização de exame visual do ouvido externo.;Médico Assistencial;R$ 1.293,00;N;Clique para Detalhar;ESPECIALIZADO
699;Oxímetro de Pulso;Equipamento utilizado para medição, de forma contínua e não invasiva, da saturação parcial de oxigênio (SpO2) no sangue e da freqüência cardíaca, através de um sensor não-invasivo. Indicado para uso adulto, pediátrico e/ou neonatal.;Médico Assistencial;R$ 6.046,00;N;Clique para Detalhar;ESPECIALIZADO
11235;Oxímetro de Pulso para Ressonância Magnética;Equipamento utilizado para medição, de forma contínua e não invasiva, da saturação parcial de oxigênio (SpO2) no sangue e da freqüência cardíaca, através de um sensor não-invasivo. Para este item deve ser apresentadas características construtivas que permitam a aplicação correta e utilização segura do equipamento em ambientes que possuam Ressonância Nuclear Magnética.;Médico Assistencial;R$ 38.392,00;N;Clique para Detalhar;ESPECIALIZADO
11870;Oxímetro para Telessaúde;Equipamento utilizado para medição, de forma contínua e não invasiva, da saturação parcial de oxigênio (SpO2) no sangue e da freqüência cardíaca, através de um sensor não-invasivo. Indicado para uso adulto, pediátrico e/ou neonatal. Com aplicação para Telessaúde/Telemedicina.;Médico Assistencial;R$ 1.942,00;N;Clique para Detalhar;ANÁLISE ESPECIALIZADA
10850;Palete;Paletes, é um tipo de estrado fabricado em madeira, ferro ou plástico utilizado para acomodar caixas, produtos, etc. A função dos paletes é viabilizar a otimização do transporte de cargas através do uso de paleteiras e/ou empilhadeiras. Paletes de plástico tem uma vida útil mais longa, facilidade na limpeza, adequação a temperatura e umidade de algumas cargas.;Gerais;R$ 306,00;N;Clique para Detalhar;NÃO ESPECIALIZADO
11911;Pandeiro;Instrumento musical de percussão que emite sons ao ser agitado, sendo utilizado como um recurso para atividades de reabilitação sensoriais e motoras.;Apoio;R$ 181,00;N;Clique para Detalhar;ANÁLISE NÃO ESPECIALIZADA
11213;Panela Elétrica para Confecção de Órteses;Equipamento utilizado para modelagem de termoplásticos de baixa temperaturas.;Apoio;R$ 3.030,00;N;Clique para Detalhar;ESPECIALIZADO
11822;Panela Elétrica Polimerizadora Digital;Equipamento utilizado na confecção de peças que utilizam resinas termo-polimerizantes como polimerização de dentaduras e trabalhos que necessitam de pressão e calor.;Apoio;R$ 3.355,00;N;Clique para Detalhar;ANÁLISE NÃO ESPECIALIZADA
11823;Panela Eliminadora de Bolhas;Equipamento utilizado para realizar a polimerização do acrílico auto-polimerizável com o objetivo de eliminar as bolhas da peça.;Apoio;R$ 928,00;N;Clique para Detalhar;ANÁLISE NÃO ESPECIALIZADA
496;Papagaio;Recurso utilizado pelo paciente masculino acamado ou com dificuldades locomotoras, em situações adversas, para coleta de urina.;Apoio;R$ 148,00;N;Clique para Detalhar;NÃO ESPECIALIZADO
1175;Paquímetro;É um instrumento utlizado para medir as dimensões de um material.;Gerais;R$ 900,00;N;Clique para Detalhar;ANÁLISE NÃO ESPECIALIZADA
11092;Parafusadeira Pneumática Manual;Equipamento utilizado para montagem e desmontagem de juntas afixadas com parafusos ou porcas.;Gerais;R$ 1.318,00;N;Clique para Detalhar;ESPECIALIZADO
569;Passa Chassi Radiográfico;Passa chassi com portas, construído em aço (inoxidável ou tratado e pintado), para transposição de filme radiológico, acondicionado em chassi à câmara-escura.;Apoio;R$ 5.152,00;N;Clique para Detalhar;ESPECIALIZADO
11412;PCR em Tempo Real;Equipamento de PCR Quantitativo em Tempo Real para aplicações de amplificação e quantificação de número de cópias do DNA, quantificação da expressão gênica e proteica em tempo real, genotipagem de alelos, dentre outros. A PCR em tempo real é realizada por meio de uma plataforma de instrumentação que contém um termociclador com sistema ótico para excitação da fluorescência e na coleção da emissão e um computador com software para aquisição de dados e análise final da reação.;Médico Assistencial;R$ 184.580,00;N;Clique para Detalhar;ESPECIALIZADO
1521;Pedígrafo;Equipamento utilizado para obter a plantígrafia do pé do paciente.;Médico Assistencial;R$ 813,00;N;Clique para Detalhar;ESPECIALIZADO
11962;Pedômetro Digital;Dispositivo portátil destinado à contagem de passos e ao monitoramento de parâmetros relacionados à atividade física e deslocamento.;Apoio;R$ 100,00;N;Clique para Detalhar;ANÁLISE NÃO ESPECIALIZADA
10779;Percolador;Equipamento que realiza a extração de componentes soluvéis atraves da passagem da solução por materiais porosos.;Médico Assistencial;R$ 662,00;N;Clique para Detalhar;ESPECIALIZADO
11775;Perfurador De Solo À Gasolina;Item movido a combustão que serve para realizar perfurações para plantio, cultivo de hortaliças, plantas (mudas) e instalações de mourões;Gerais;R$ 1.396,00;N;Clique para Detalhar;ESPECIALIZADO
301;PET CT;Equipamento emissor de Raios X combinado com a detecção de pósitrons para fins de diagnóstico médico principalmene para detectar o câncer de forma precoce.;Médico Assistencial;R$ 8.240.000,00;N;Clique para Detalhar;ESPECIALIZADO
304;pHmetro - Medidor;O medidor de pH ou pHmetro é um equipamento de laboratório muito utilizado para a medição do pH. O pH ou potencial de hidrogênio iônico, é um índice que indica se o meio é ácido, neutro ou alcalino. A determinação e controle do pH é padrão em muitas aplicações industriais, em tratamento de água e no controle de qualidade de líquidos.;Médico Assistencial;R$ 4.849,00;N;Clique para Detalhar;ESPECIALIZADO
11786;Picnômetro com Tampa;Determinação de massa específica e densidade de líquidos.;Apoio;R$ 747,00;N;Clique para Detalhar;ESPECIALIZADO
1706;Pipetador Automático;Instrumento para acoplar nas pipetas para auxiliar na aspiração e dispensação de volumes.;Médico Assistencial;R$ 1.641,00;N;Clique para Detalhar;ESPECIALIZADO
11915;Piscina de bolinhas;Piscina de bolinhas é um brinquedo com laterais espumadas preenchido com bolinhas coloridas.;Apoio;R$ 3.115,00;N;Clique para Detalhar;ANÁLISE NÃO ESPECIALIZADA
10963;Pistola para Biópsia Mamária;Equipamento utilizado para biopsia de tecidos moles (pulmão, rim, mama, fígado, próstata, tireóide, etc.).;Médico Assistencial;R$ 94.572,00;N;Clique para Detalhar;ESPECIALIZADO
2429;Placa Aquecedora;Equipamento utilizado para o aquecimento de moldes metálicos, cassetes plásticos e lâminas microscópicas.;Médico Assistencial;R$ 1.549,00;N;Clique para Detalhar;ESPECIALIZADO
10523;Placa Refrigerada;Equipamento que permite o resfriamento de cassetes plásticos ou blocos de parafina para rotinas laboratoriais de anatomia patológica/histologia.;Médico Assistencial;R$ 8.097,00;N;Clique para Detalhar;ESPECIALIZADO
730;Plastificadora para uso Odontológico;Equipamento utlizado para cópia de modelos em gesso em diversos trabalhos odontológicos como: protetor bucal, placa bio-relaxante, placa de mordida, bruxismo, placa de base, moldeiras individuais, moldeira para clareamento caseiro, embalagem de modelo de estudo e moldeira para fluoretação.;Apoio;R$ 1.714,00;N;Clique para Detalhar;ESPECIALIZADO
11811;Plataforma Automática de Pipetagem de Alto Desempenho;Equipamento destinado ao manuseio de líquidos de laboratório.;Apoio;R$ 1.983.936,00;N;Clique para Detalhar;ANÁLISE NÃO ESPECIALIZADA
11204;Plataforma de Elevação;Equipamento utilizado para moldagem de encaixe protético.;Gerais;R$ 27.195,00;N;Clique para Detalhar;NÃO ESPECIALIZADO
11895;Plataforma Inclinada (Plano Inclinado);É um equipamento versátil que pode ser utilizado em diversas situações, desde apresentações e aulas até trabalhos artísticos e organização documental.;Apoio;R$ 245,00;N;Clique para Detalhar;ANÁLISE NÃO ESPECIALIZADA
11892;Plataforma Suspensa;Equipamento utilizado em atividade terapêuticas, promovendo vivências sensoriais que levam a experimentar novos movimentos rotacionais e lineares.;Apoio;R$ 1.502,00;N;Clique para Detalhar;ANÁLISE NÃO ESPECIALIZADA
10213;Podoscópio;Equipamento utilizado para análise planar completa das deformidades do pé.;Médico Assistencial;R$ 2.790,00;N;Clique para Detalhar;ESPECIALIZADO
610;Polarímetro;Equipamento utilizado para determinação de rotação ótica de substâncias e através destas, definir a sua concentração, conteúdo e pureza.;Médico Assistencial;R$ 5.130,00;N;Clique para Detalhar;ESPECIALIZADO
154;Polígrafo;Sistema Eletromédico computadorizado para realização de procedimentos de Hemodinâmica.;Médico Assistencial;R$ 181.467,00;N;Clique para Detalhar;ESPECIALIZADO
10325;Polissonógrafo;Equipamento utilizado para realização do exame de polissonografia que investiga os distúrbios do sono, sendo possível avaliar os registros de variáveis eletrofisiológicas, como atividade elétrica cerebral, frequência cardíaca e outros através de sensores posicionados na superfície corporal do paciente.;Médico Assistencial;R$ 63.049,00;N;Clique para Detalhar;ESPECIALIZADO
10111;Politriz;Máquina utilizada para polir hastes metálicas que são usadas na montagem de órteses.;Gerais;R$ 652,00;N;Clique para Detalhar;NÃO ESPECIALIZADO
2345;Poltrona Hospitalar;Poltrona com estofamento utilizada em ambientes hospitalares.;Gerais;R$ 2.051,00;N;Clique para Detalhar;NÃO ESPECIALIZADO
1672;Poltrona para Doação de Sangue;Poltrona com estofamento para utilização em hemodiálise, quimioterapia, doação/coleta de sangue, ou seja, procedimentos mais longos que necessitam de acomodação.;Apoio;R$ 9.318,00;N;Clique para Detalhar;NÃO ESPECIALIZADO
11814;Ponto de acesso sem fio;Dispositivo de rede, para uso interno, que permite aos dispositivos sem fio se conectarem a uma rede cabeada. É mais simples e fácil instalá-los para conectar todos os computadores ou dispositivos na rede do que usar fios e cabos.;Gerais;R$ 2.475,00;N;Clique para Detalhar;ANÁLISE NÃO ESPECIALIZADA
10794;Prancha Longa de Imobilização de Coluna;Utilizada na imobilização e transporte de pacientes acidentados. Possui orifícios ao longo de sua estrutura permitindo a fixação por tirantes, realização de amarras e fixação de imobilizadores de cabeça.;Apoio;R$ 677,00;N;Clique para Detalhar;NÃO ESPECIALIZADO
11787;Prensa Hidráulica;Extração de óleo fixo de plantas medicinais, como óleo de fava de sucupira, e outros.;Apoio;R$ 1.380,00;N;Clique para Detalhar;ESPECIALIZADO
11983;Processador de Áudio;É um dispositivo cuja função é manipular, aprimorar, corrigir e modificar o sinal de áudio, alterando duas características antes que ele seja reproduzido ou gravado;Apoio;R$ 41.485,00;N;Clique para Detalhar;ANÁLISE NÃO ESPECIALIZADA
545;Processadora de Filmes Radiográficos;Processadora automática de filmes para Raois-X e Mamografia com misturador de químicos.;Apoio;R$ 12.104,00;N;Clique para Detalhar;ESPECIALIZADO
616;Processadora de Tecidos (Histotécnico);Equipamento automático de bancada (sistema de carrossel) utilizado no processamento de tecidos para exame histológico, na passagem dos fragmentos de tecido no processo de fixação, desidratação, clareamento e embebição em parafina para a confecção do bloco para corte.;Médico Assistencial;R$ 54.675,00;N;Clique para Detalhar;ESPECIALIZADO
11240;Processadora de Tecidos (Vertical);Equipamento automático vertical (sistema à vácuol) utilizado no processamento de tecidos para exame histológico em rotinas de grande porte.;Médico Assistencial;R$ 238.742,00;N;Clique para Detalhar;ESPECIALIZADO
510;Projetor Multimídia (Datashow);Equipamento utilizado na projeção de apresentações profissionais, vídeos, filmes, imagens, fotos, etc.;Gerais;R$ 3.186,00;N;Clique para Detalhar;NÃO ESPECIALIZADO
452;Projetor Oftalmológico;Equipamento utilizado por oftalmologistas na realização de testes de acuidade visual.;Médico Assistencial;R$ 21.005,00;N;Clique para Detalhar;ESPECIALIZADO
10438;Prono-supinador;Equipamento utilizado no auxílio ao tratamento de lesões dos nervos mediano e radial. O prono supinador é indicado em sequelas que comprometem a prono supinação (lesões dos nervos mediano e radial), auxiliam nas sequelas que afetam a rotação externa do ombro (artrite reumatoide, osteoartrite, artrite traumática), interna (ombro congelado idiopático) e no comprometimento de bíceps braquial.;Médico Assistencial;R$ 322,00;N;Clique para Detalhar;NÃO ESPECIALIZADO
11605;Pulverizador de Compressão Prévia;Pulverizador de Compressão Prévia.;Gerais;R$ 2.128,00;N;Clique para Detalhar;ESPECIALIZADO
1519;Pupilômetro;O Pupilômetro é um aparelho que serve para tirar as medidas da distância nazopupilar, ou seja, ele tira as medidas e centraliza a montagem dos óculos em cada rosto individualmente.;Médico Assistencial;R$ 1.073,00;N;Clique para Detalhar;ESPECIALIZADO
10582;Purificador de Ar;Utilizado para renovar a qualidade do ar.;Gerais;R$ 2.330,00;N;Clique para Detalhar;NÃO ESPECIALIZADO
11881;Quadriciclo UTV;Veículo Quadriciclo UTV para o transporte de equipe com função de intensificação da vigilância, prevenção e controle da malária em áreas remotas e de difícil acesso.;Veículo;R$ 101.149,00;N;Clique para Detalhar;ANÁLISE NÃO ESPECIALIZADA
11880;Quadriciclo 4x4;Veículo Quadriciclo 4x4 para o transporte de equipe com função de intensificação da vigilância, prevenção e controle da malária em áreas remotas e de difícil acesso.;Veículo;R$ 64.508,00;N;Clique para Detalhar;ANÁLISE NÃO ESPECIALIZADA
10905;Rack de Servidor;Gabinete metálico padronizado para a montagem e armazenamento modular de equipamentos de informática.;Gerais;R$ 2.874,00;N;Clique para Detalhar;NÃO ESPECIALIZADO
11966;Rack para Servidores Genomicos;Equipamento em estrutura metálica utlizado para suporte adequado a servidores computacionais que possuam tamanho padrão parea racks de 42U.;Apoio;R$ 70.843,00;N;Clique para Detalhar;ANÁLISE NÃO ESPECIALIZADA
11856;Rádio Comunicador Marítimo;Rádio Comunicador Marítimo permite a comunicação por voz entre as embarcações e as estações costeiras em uma faixa de frequência específica. Os rádios VHF são fáceis de usar, possuem alcance adequado para a maioria das necessidades de comunicação marítima e são amplamente adotados em todo o mundo.;Apoio;R$ 3.911,00;N;Clique para Detalhar;ANÁLISE NÃO ESPECIALIZADA
11848;Rádio VHF;É um aparelho de alta frequência que permite transmitir e receber mensagens de longas distâncias.;Gerais;R$ 2.732,00;N;Clique para Detalhar;ANÁLISE NÃO ESPECIALIZADA
806;Radiômetro para Fototerapia;Equipamento utilizado para monitorar a radiação emitida por equipamentos de fototerapia dentro de um determinado espectro concentrado no azul visível, bem como monitorar a exposição do paciente a essa irradiação (valor da irradiância) e a eficiência da fonte de luz.;Apoio;R$ 3.956,00;N;Clique para Detalhar;ESPECIALIZADO
2930;Rampa com Degraus;Rampa com degraus para uso fisioterápico adulto e pediátrico.;Médico Assistencial;R$ 3.530,00;N;Clique para Detalhar;NÃO ESPECIALIZADO
11896;Rampa de Equilíbrio;Equipamento utilizado para exercícios de equilíbrio, coordenação e propriocepção, com a característica principal de ter a altura ou inclinação ajustável.;Apoio;R$ 1.623,00;N;Clique para Detalhar;ANÁLISE NÃO ESPECIALIZADA
3091;Rampa para Alongamento;Rampa de alongamento para fisioterapia e RPG.;Médico Assistencial;R$ 163,00;N;Clique para Detalhar;NÃO ESPECIALIZADO
779;Reanimador Pulmonar em T;Equipamento portátil aplicado para utilização em ventilação pulmonar mecânica manual não invasiva, permitindo otimização da complacência pulmonar e das trocas gasosas, através da manutenção contínua e segura do fluxo de ventilação.;Médico Assistencial;R$ 15.788,00;N;Clique para Detalhar;ESPECIALIZADO
3006;Reanimador Pulmonar Manual Adulto (Ambu);Dispositivo bolsa-valva, que quando conectado à máscara, tubo traqueal ou tubo de traqueostomia, é destinado a fornecer ventilação manual à vítima.;Médico Assistencial;R$ 277,00;N;Clique para Detalhar;ESPECIALIZADO
3010;Reanimador Pulmonar Manual Pediátrico (Ambu);Dispositivo bolsa-valva, que quando conectado à máscara, tubo traqueal ou tubo de traqueostomia, é destinado a fornecer ventilação manual à vítima.;Médico Assistencial;R$ 364,00;N;Clique para Detalhar;ESPECIALIZADO
11979;Receptor Quádruplo sem Fio Digital;É um componente central de um sistema de áudio profissional, como um sistema de microfones sem fio ou um sistema de monitoramento In-Ear (IEM).;Apoio;R$ 51.890,00;N;Clique para Detalhar;ANÁLISE NÃO ESPECIALIZADA
11913;Reco-reco;Instrumento musical de percussão que emite sons, sendo utilizado como um recurso para atividades de reabilitação sensoriais e motoras.;Apoio;R$ 250,00;N;Clique para Detalhar;ANÁLISE NÃO ESPECIALIZADA
11824;Recortador de Gesso;Equipamento indicado para recortes e acabamentos em modelos de gesso utilizados para a confecção de peças odontológicas.;Apoio;R$ 3.266,00;N;Clique para Detalhar;ANÁLISE NÃO ESPECIALIZADA
744;Refletor Odontológico;Utilizado para proporcionar luminosidade no interior da cavidade oral.;Médico Assistencial;R$ 3.073,00;N;Clique para Detalhar;NÃO ESPECIALIZADO
688;Refratômetro;Instrumento para avaliar o índice de refração, concentração, dispersão e pureza de amostras líquidas, viscosas e sólidas de substâncias opacas e transparentes.;Médico Assistencial;R$ 368,00;N;Clique para Detalhar;ESPECIALIZADO
11294;Refratômetro de Bancada;Equipamento utilizado pela Seção de Controle Físico Químico na realização de testes para excipientes líquidos utilizados pelo LFM na produção de medicamentos.;Médico Assistencial;R$ 70.221,00;N;Clique para Detalhar;ESPECIALIZADO
66;Refrator de Greens;Equipamento óptico (manual) de Teste de Refração Subjetiva para avaliação da acuidade visual.;Médico Assistencial;R$ 11.857,00;N;Clique para Detalhar;ESPECIALIZADO
10546;Refrigerador Laboratorial;Equipamento utilizado para resfriar amostras biológicas, químicas ou materiais sensíveis, mantendo-os em temperaturas específicas controladas. Este tipo de refrigerador é essencial para preservar a integridade e estabilidade das amostras durante armazenamento ou experimentos.;Apoio;R$ 28.012,00;N;Clique para Detalhar;ANÁLISE NÃO ESPECIALIZADA
11950;Registrador de Ponto Eletrônico;Equipamento eletrônico destinado ao registro de jornada de trabalho de colaboradores, por meio de autenticação biométrica, facial ou por cartão, conforme regulamentação vigente.;Apoio;R$ 2.498,00;N;Clique para Detalhar;ANÁLISE NÃO ESPECIALIZADA
2966;Régua de Gases (Assistência Respiratória de Parede);Equipamento utilizado para assistência respiratória.;Infraestrutura;R$ 2.460,00;N;Clique para Detalhar;ESPECIALIZADO
1320;Relógio Comparador;É um instrumento de medida por comparação.;Gerais;R$ 786,00;N;Clique para Detalhar;ANÁLISE NÃO ESPECIALIZADA
2482;Relógio de Parede;Relógio de parede analógico ou digital.;Gerais;R$ 148,00;N;Clique para Detalhar;NÃO ESPECIALIZADO
10258;Resfriador Rápido para Lactário;Equipamento destinado ao resfriamento rápido do leite humano.;Apoio;R$ 56.296,00;N;Clique para Detalhar;ESPECIALIZADO
10891;Ressonância Nuclear Magnética até 0,5 T;Equipamento que utliza campo magnético e ondas de radiofrequência para formar imagens médicas para fins de radiodiagnóstico.;Médico Assistencial;R$ 3.711.262,00;N;Clique para Detalhar;ESPECIALIZADO
10889;Ressonância Nuclear Magnética 1,5 T;Equipamento que utliza campo magnético e ondas de radiofrequência para formar imagens médicas para fins de radiodiagnóstico.;Médico Assistencial;R$ 5.094.050,00;N;Clique para Detalhar;ESPECIALIZADO
10890;Ressonância Nuclear Magnética 3,0 T;Equipamento que utliza campo magnético e ondas de radiofrequência para formar imagens médicas para fins de radiodiagnóstico.;Médico Assistencial;R$ 10.500.000,00;N;Clique para Detalhar;ESPECIALIZADO
98;Retinógrafo;Retinógrafo computadorizado com sistema digitalizador para captura, processamento e armazenamento dos exames realizados, com imagens do fundo de olho para avaliação da retinopatia hipertensiva e diabética.;Médico Assistencial;R$ 298.334,00;N;Clique para Detalhar;ESPECIALIZADO
11862;Retinógrafo para Telessaúde;Retinógrafo Portátil para processamento e armazenamento dos exames realizados, com imagens do fundo de olho para avaliação da retinopatia hipertensiva e diabética.;Médico Assistencial;R$ 31.520,00;N;Clique para Detalhar;ANÁLISE ESPECIALIZADA
1534;Retinoscópio;Equipamento de uso oftalmológico, para medição do grau de refração do olho para determinação de anomalias de refração, como miopia, hipermetropia ou astigmatismo.;Médico Assistencial;R$ 6.166,00;N;Clique para Detalhar;ESPECIALIZADO
11705;Revestidora para Comprimidos e Pellets;Equipamento utilizado para revestimento de comprimidos e pellts na indústria farmacêutica.;Apoio;R$ 2.497.687,00;N;Clique para Detalhar;ESPECIALIZADO
11778;Roçadeira Multifuncional à Gasolina;Item utilizado para podar grama e pequenas ervas que crescem no meio de plantações de plantas medicinais.;Gerais;R$ 1.253,00;N;Clique para Detalhar;NÃO ESPECIALIZADO
11898;Rolo Suspenso com Apoio dos Pés;Equipamento terapêutico utilizado para promover o equilíbrio, a coordenação e a integração sensorial;Apoio;R$ 1.682,00;N;Clique para Detalhar;ANÁLISE NÃO ESPECIALIZADA
11674;Rotaevaporador;Equipamento para concentrar amostras através de evaporação rotativa sob vácuo, em banho aquecido.;Apoio;R$ 27.424,00;N;Clique para Detalhar;ESPECIALIZADO
2594;Roteador (LAN);Dispositivo que encaminha pacotes de dados entre redes de computadores, criando um conjunto de redes de sobreposição. Um roteador é conectado a duas ou mais linhas de dados de redes diferentes. Quando um pacote de dados chega, em uma das linhas, o roteador lê a informação de endereço no pacote para determinar o seu destino final. Em seguida, usando a informação na sua política de tabela de roteamento ou encaminhamento, ele direciona o pacote para a rede mais próxima em sua viagem.;Gerais;R$ 691,00;N;Clique para Detalhar;NÃO ESPECIALIZADO
2487;Scanner;Digitalizador ou Scanner é um aparelho de leitura ótica que permite converter imagens, fotos, ilustrações e textos em papel, num formato digital que pode ser manipulado em computador.;Gerais;R$ 4.217,00;N;Clique para Detalhar;NÃO ESPECIALIZADO
11830;Scanner de Bancada (CAD/CAM);Equipamento utilizado para digitalizar modelos dentários, oferecendo uma varredura rápida e detalhada produzindo resultados de alta qualidade em pouso tempo.;Apoio;R$ 43.428,00;N;Clique para Detalhar;ANÁLISE NÃO ESPECIALIZADA
11923;Scanner de Lâminas;Equipamento utilizado para digitalizar lâminas microscópicas, transformando imagens deamostras biológicas em arquivos digitais de alta resolução.;Apoio;R$ 3.209.059,00;N;Clique para Detalhar;ANÁLISE NÃO ESPECIALIZADA
11825;Scanner Intraoral Odontológico;Equipamento utilizado para realizar escaneamentos precisos e ágeis para a confecção de alinhadores ortodônticos, todo tipo de dispositivo protético sobre dentes e implantes, próteses móveis, placas mio-relaxantes e outros trabalhos.;Apoio;R$ 60.150,00;N;Clique para Detalhar;ANÁLISE NÃO ESPECIALIZADA
11815;Scanner 3D;Escaneia a forma espacial, estrutura e cor de um objeto para obter informações sobre as coordenadas espaciais da superfície do objeto, podendo efetuar a digitalização 3D de partes do corpo (orelhas, mãos, pés e nariz) para visualizar aparência pré-cirúrgica e pós-cirúrgica ou simular os efeitos do procedimento cirúrgico.;Gerais;R$ 9.329,00;N;Clique para Detalhar;ANÁLISE NÃO ESPECIALIZADA
11801;Secadora de Roupas Hospitalar;Secadora rotativa de roupas industrial para lavanderia hospitalar.;Apoio;R$ 86.758,00;N;Clique para Detalhar;NÃO ESPECIALIZADO
10442;Secadora de Traquéias;Secadora utilizada para secagem de acessórios de ventilação pulmonar e intrumentais cirúrgicos em geral.;Apoio;R$ 91.441,00;N;Clique para Detalhar;ESPECIALIZADO
1503;Seladora;Equipamento utilizado para selar embalagens plásticas para uso em hospitais, clínicas e outros.;Apoio;R$ 1.112,00;N;Clique para Detalhar;NÃO ESPECIALIZADO
2290;Seladora Dielétrica para Bolsa de Sangue;Equipamento utilizado para selar, exclusivamente bolsa de sangue.;Apoio;R$ 26.434,00;N;Clique para Detalhar;ESPECIALIZADO
11963;Sensor Inercial;Equipamento utilizado para mensuração objetiva de parâmetros como: marcha, equilíbrio, postura e amplitude de movimento articular. Sua aplicação abrange áreas de reabilitação, medicina esportiva, ergonomia e pesquisa científica, garantindo dados quantitativos, padronizados e exportáveis para relatórios.;Apoio;R$ 26.665,00;N;Clique para Detalhar;ANÁLISE NÃO ESPECIALIZADA
2857;Sequenciador de DNA;Equipamento dedicado a análise de sequências de DNA, estudo de polimorfismo e detecção de alterações genéticas.;Médico Assistencial;R$ 830.536,00;N;Clique para Detalhar;ESPECIALIZADO
10071;Serra de Autópsia;Serra para dissecar e dissecção de corpos humanos.;Médico Assistencial;R$ 2.271,00;N;Clique para Detalhar;ESPECIALIZADO
11064;Serra de Fita;Equipamento para corte com serra tipo fita para secção de madeiras,plástico, alumínio e aço.;Gerais;R$ 13.050,00;N;Clique para Detalhar;ESPECIALIZADO
3054;Serra para Gesso;Equipamento utilizado para remoção de imobilização de fratura, feita em gesso e similares.;Apoio;R$ 2.539,00;N;Clique para Detalhar;NÃO ESPECIALIZADO
11629;Serra/ Perfuradora Óssea (Drill);Equipamento utilizado para serrar ou perfurar ossos em procedimentos cirúrgicos.;Médico Assistencial;R$ 42.075,00;N;Clique para Detalhar;ESPECIALIZADO
11065;Serra Tico-Tico;Equipamento vesátil utilizado para cortes de madeira, metais, plásticos e acrílico.;Gerais;R$ 545,00;N;Clique para Detalhar;ESPECIALIZADO
11967;Servidor de Ancoragem de Sistemas Web;Servidor computacional para ancoragem de servidores da web.;Apoio;R$ 760.789,00;N;Clique para Detalhar;ANÁLISE NÃO ESPECIALIZADA
11968;Servidor de Armazenamento Central de Dados Genômicos;Servidor computacional para armazenamento central de dados genômicos;Apoio;R$ 6.835.000,00;N;Clique para Detalhar;ANÁLISE NÃO ESPECIALIZADA
11964;Servidor de Armazenamento em Redundância;Servidor computacional de grande porte.;Apoio;R$ 4.636.000,00;N;Clique para Detalhar;ANÁLISE NÃO ESPECIALIZADA
11969;Servidor de Armazenamento para Sequenciador Genético de Alto Desempenho-NGS;Servidor computacional para armazenamento de grande volume de dados.;Apoio;R$ 800.000,00;N;Clique para Detalhar;ANÁLISE NÃO ESPECIALIZADA
11970;Servidor de Gerenciamento de Logs;Servidor computacional para armazenamento e monitoramento de dados de acessos.;Apoio;R$ 768.197,00;N;Clique para Detalhar;ANÁLISE NÃO ESPECIALIZADA
11835;Servidor de Videomonitoramento;Sistema que permite que imagens geradas e gravadas em formato digital a partir da própria câmera sejam analisadas. Assim, quando captura e gera uma imagem, a câmera IP pode oferecer uma alta resolução, o que significa melhor qualidade nas imagens.;Gerais;R$ 1.847,00;N;Clique para Detalhar;ANÁLISE NÃO ESPECIALIZADA
11971;Servidor para Processamento de Análises Genômicas;Servidor computacional de grande portre otimizado para processamento e análise de alta densidade de dados genômicos.;Apoio;R$ 768.197,00;N;Clique para Detalhar;ANÁLISE NÃO ESPECIALIZADA
10567;Silo;Equipamento utilizado para armazenamento de gesso, usado para confeccionar moldes para confecção de órteses e próteses.;Gerais;R$ 28.660,00;N;Clique para Detalhar;ESPECIALIZADO
10297;Simetrógrafo;Equipamento utilizado para avaliação postural que permite identificar os desvios posturais mais evidentes, por meio da observação de pontos anatômicos específicos que permitirão identificar possíveis assimetrias decorrentes desta alteração postural.;Médico Assistencial;R$ 1.019,00;N;Clique para Detalhar;ESPECIALIZADO
2260;Simulador de Cabeça para Intubação;Utilizado para simular a intubação em treinamentos e práticas clínicas.;Apoio;R$ 3.458,00;N;Clique para Detalhar;ESPECIALIZADO
11929;Simulador de Escada;"Equipamento utilizado para treino de resistência aeróbia a partir da simulação
da tarefa de subir escada. Pode possuir suporte em aço para apoio dos membros superiores, display LCD(velocidade, distância, cronômetro, monitoramento cardíaco e calorias) e porta objetos. Comumente, esse
equipamento suporta até 150 kg e altura máxima de 2,30m. Para composição dos degraus, o material é
antiderrapante. Ao longo do exercício, é possível programa resistência para a impulsão do passo.";Apoio;R$ 18.409,00;N;Clique para Detalhar;ANÁLISE NÃO ESPECIALIZADA
1977;Simulador de Maternidade;Utilizado para simular a ausculta do batimento cardíaco fetal, medição pélvica, apalpação das mamas nos treinamentos e práticas clínicas.;Apoio;R$ 17.689,00;N;Clique para Detalhar;ESPECIALIZADO
1857;Simulador de Parto;O simulador é destinado para possibilitar a prática de manobras pré-natais, intraparto e pré-parto.;Apoio;R$ 4.061,00;N;Clique para Detalhar;ESPECIALIZADO
11931;Simulador de Remo;"Equipamento para exercício aeróbio que simula o esporte de remo. Ele trabalha o
condicionamento cardiorrespiratório e função muscular da cintura escapular e de membros superioresnto utilizado no processo final de reabilitação para inserção no esporte adaptado.";Apoio;R$ 1.908,00;N;Clique para Detalhar;ANÁLISE NÃO ESPECIALIZADA
719;Simulador/ Tomógrafo para Radioterapia;Equipamento de diagnóstico por imagens, que são geradas por Raios X emitidos e captados em 360 graus ao redor do paciente, formando os chamados cortes tomográficos, e que possui acessórios específicos para fins de simulação de radioterapia.;Médico Assistencial;R$ 3.357.500,00;N;Clique para Detalhar;ESPECIALIZADO
11859;Sistema Automatizado Elisa;Sistema automatizado, que inclui as etapas de pipetagem, incubação, lavagem de placas, leitura e geração de resultados em um mesmo equipamento.;Médico Assistencial;R$ 1.434.459,00;N;Clique para Detalhar;ANÁLISE ESPECIALIZADA
878;Sistema Completo de Mistura de Sólidos por BINS;Sistema para prepração de mistura de sólidos para compressão e encapsulamento de medicamentos.;Item Industrial Hosp/Farmacêutico e/ou Pesquisa;R$ 754.243,00;N;Clique para Detalhar;ANÁLISE ESPECIALIZADA
10446;Sistema Computadorizado para Teste Ergométrico;Sistema computadorizado composto de esteira ergométrica e sistema de análise cardíaca para realização de teste de esforço cardíaco.;Médico Assistencial;R$ 77.740,00;N;Clique para Detalhar;ESPECIALIZADO
2095;Sistema de Aférese;Sistema de aférese é utilizado no procedimento de separação do sangue total em seus derivados.;Médico Assistencial;R$ 691.667,00;N;Clique para Detalhar;ESPECIALIZADO
11732;Sistema de Água Ultrapura;Equipamento projetado para fornecer água ultrapura de alta qualidade adaptado às necessidades de cada usuário de laboratório;Apoio;R$ 36.278,00;N;Clique para Detalhar;ESPECIALIZADO
11798;Sistema de Análise de Proteína;"Equipamento utilizado para caracterização do antígeno vacinal, com a detecção e
caracterização de proteínas";Médico Assistencial;R$ 416.482,00;N;Clique para Detalhar;ESPECIALIZADO
10278;Sistema de Bomba Intraórtica / Balão Intraórtico;Equipamento utilizado para assistência cardíaca temporária em diversos procedimentos.;Médico Assistencial;R$ 585.000,00;N;Clique para Detalhar;ESPECIALIZADO
2275;Sistema de Campo Livre;Equipamento destinado para realizar exames audiométricos.;Médico Assistencial;R$ 4.899,00;N;Clique para Detalhar;ESPECIALIZADO
11875;Sistema de Centrifugação;Sistema utilizado para separar componentes de uma mistura por meio de força centrífuga, otimizando processos como purificação, concentração e clarificação de amostras.;Gerais;R$ 3.069.125,00;N;Clique para Detalhar;ANÁLISE NÃO ESPECIALIZADA
1543;Sistema de Cirurgia Guiada por Imagem (Neuronavegador);Equipamento de localização espacial em tempo real que rastreia, à distância e continuamente, os instrumentos cirúrgicos e sua relação com as estruturas anatômicas do paciente. As imagens tomográficas são utilizadas como mapas tridimensionais orientando todo o procedimento cirúrgico.;Médico Assistencial;R$ 1.637.946,00;N;Clique para Detalhar;ESPECIALIZADO
11826;Sistema de Digitalização de Imagens Odontológicas;Equipamento utilizado para finalidade diagnóstica, com captura de imagens radiológicas intraorais, de forma nítida e instantânea.;Apoio;R$ 11.867,00;N;Clique para Detalhar;ANÁLISE NÃO ESPECIALIZADA
994;Sistema de Eletroforese;Equipamento utilizado para a  separação de moléculas.;Médico Assistencial;R$ 11.762,00;N;Clique para Detalhar;ESPECIALIZADO
11200;Sistema de Embalagem Primária e Secundária para Sólidos;Sistema completo destinado à embalagens de medicamentos produzidos nos laboratórios para envasar, embalar. encaixotar e paletizar produtos sólidos orais no formato de blister e/ou frasco plástico/vidro.;Apoio;R$ 16.000.000,00;N;Clique para Detalhar;ESPECIALIZADO
11991;Sistema de Envase Asséptico;Equipamento para envase estéril de produtos biológicos.;Apoio;R$ 29.157.370,00;N;Clique para Detalhar;ANÁLISE NÃO ESPECIALIZADA
11944;Sistema de Fermentadores;Equipamento utilizado para cultivo de levedura responsável pela produção das partículas semelhantes ao vírus VLP utilizada na produção do IFA.;Apoio;R$ 34.463.052,00;N;Clique para Detalhar;ANÁLISE NÃO ESPECIALIZADA
11876;Sistema de Filtração em Fluxo Tangencial;Equipamento para separar e concentrar partículas ou moléculas de uma solução, permitindo a passagem de líquidos e pequenos solutos através de uma membrana, enquanto retém partículas maiores, como células, proteínas ou outros componentes.;Gerais;R$ 1.942.140,00;N;Clique para Detalhar;ANÁLISE NÃO ESPECIALIZADA
11878;Sistema de Fluxo de Trabalho de Biologia Molecular;Equipamento destinado a realizar o fluxo de trabalho do laboratório.;Apoio;R$ 2.544.209,00;N;Clique para Detalhar;ANÁLISE NÃO ESPECIALIZADA
282;Sistema de Hemodinâmica;Equipamento emissor de raios-x com detector plano digital (Flat Panel) para a realização de angiografia por meio da obtenção de imagens digitais em diagnósticos cardiológicos, neurológicos, vasculares periféricos e procedimentos intervencionistas.;Médico Assistencial;R$ 4.178.374,00;N;Clique para Detalhar;ESPECIALIZADO
11667;Sistema de Higienização de Pacientes;Sistema de higienização para pacientes acamados, com deficiência física e/ou outros problemas de locomoção.;Apoio;R$ 53.334,00;N;Clique para Detalhar;ESPECIALIZADO
3012;Sistema de Hipo/Hipertermia (Colchão/ Manta);Sistema de hipotermia e hipertermia dotado de sensor para monitorização da temperatura do líquido circulante no interior do colchão e do paciente.;Médico Assistencial;R$ 250.000,00;N;Clique para Detalhar;ESPECIALIZADO
2734;Sistema de Identificação e de Antibiograma;Sistema Automático para Incubação de Microorganismo podendo realizar a identificação, detecção de crescimento bacteriano e testes de sensibilidade.;Médico Assistencial;R$ 320.850,00;N;Clique para Detalhar;ESPECIALIZADO
11882;Sistema de Inspeção das Linhas de Embalagem;Sistema de inspeção das linhas de embalagem utilizado para garantir o controle total do processo de embalagem na indústria farmacêutica;Apoio;R$ 1.062.353,00;N;Clique para Detalhar;ANÁLISE NÃO ESPECIALIZADA
11961;Sistema de Luzes de Treinamento Reativo (Flash Reflex Training);Dispositivos interativos projetados para aprimorar a velocidade de reação, coordenação motora, agilidade e atenção. Compostas por unidades portáteis que emitem luzes coloridas e desafiam o usuário a responder rapidamente a estímulos visuais. Utilizadas em treinamentos físicos, reabilitação neuromotora e avaliações cognitivas.;Apoio;R$ 4.461,00;N;Clique para Detalhar;ANÁLISE NÃO ESPECIALIZADA
10947;Sistema de Microscopia Cirúrgica com Vídeo Angiografia;O sistema deve conter minimamente o microscópio cirúrgico com sistema de vídeo angiografia digital e sistema compatível para realizar neuronavegação.;Médico Assistencial;R$ 1.620.372,00;N;Clique para Detalhar;ANÁLISE ESPECIALIZADA
10934;Sistema de Monitoramento de Temperatura;Sistema composto por sensores e software para monitor a temperatura da cadeia de frio.;Apoio;R$ 324.579,00;N;Clique para Detalhar;ESPECIALIZADO
11948;Sistema de Monitorização Neurofisiológica Intraoperatória;Equipamento destinado ao monitoramento neurofisiológico em tempo real durante procedimentos cirúrgicos, com foco na preservação de estruturas neurológicas funcionais. Permite a detecção imediata de alterações na condução neural por meio de técnicas de estimulação elétrica e registro de respostas neurofisiológicas, sendo aplicado em cirurgias neurológicas, otorrinolaringológicas, ortopédicas, vasculares e outras em que exista risco de comprometimento neurológico.;Médico Assistencial;R$ 285.031,00;N;Clique para Detalhar;ANÁLISE ESPECIALIZADA
11879;Sistema de Produção de Biomedicamentos;Sistema utilizado para o processo produtivo de biofármacos.;Apoio;R$ 52.838.768,00;N;Clique para Detalhar;ANÁLISE NÃO ESPECIALIZADA
11978;Sistema de Retorno de Aúdio sem Fio;Equipamento eletrônico projetado para fornecer uma mixagem de áudio personalisada e sem fio diretamente aos ouvidos do artista, músico ou palestrante no palco ou em abientes de performance.;Apoio;R$ 1.972,00;N;Clique para Detalhar;ANÁLISE NÃO ESPECIALIZADA
11268;Sistema de Vídeo Endoscopia Flexível;Sistema de Vídeo Endoscopia flexível para observação e biópsia de pacientes.;Médico Assistencial;R$ 348.945,00;N;Clique para Detalhar;ESPECIALIZADO
10254;Sistema de Vídeo Endoscopia Rígida;Sistema para Video  Endoscopia Rígida para realização de procedimentos de vídeocirurgias minimamente invasivas, de acordo com cada aplicação, Vídeolaparoscopia, Artroscopia,  Vídeocirurgia, Histeroscopia, Cistoscopia, Ureteroscopia, Nefroscopia, etc.;Médico Assistencial;R$ 418.000,00;N;Clique para Detalhar;ESPECIALIZADO
1123;Sistema Holter - Analisador e Gravador;O Sistema Holter trata-se de um monitor portátil que registra a atividade elétrica do coração e suas variações durante as 24 horas do dia ou mais e pode, assim, detectar alterações que em geral não aparecem num exame de tempo mais limitado, como num eletrocardiograma simples, por exemplo.;Médico Assistencial;R$ 60.646,00;N;Clique para Detalhar;ESPECIALIZADO
11873;Sistema Integrado de Granulação, Secagem e Mistura;Sistema utilizado no processo de granulação, secagem e mistura de insumos farmacêuticos para produção de medicamentos.;Gerais;R$ 56.110.373,00;N;Clique para Detalhar;ANÁLISE NÃO ESPECIALIZADA
11951;Sistema Integrado de Monitoramento de Radiação de Àrea;Essencial para garantir a segurança radiológica de ambientes que utilizam ou armazenam materiais radioativos. O equipamento permite a detecção e medição precisa dos níveis deradiação ionizante, assegurando que estejam dentro dos limites estabelecidos pelas normas de segurança e vigilância sanitária. Além disso, é fundamental para a proteção dos profissionais envolvidos e para a prevenção de exposições indevidas.;Infraestrutura;R$ 2.160.800,00;N;Clique para Detalhar;ANÁLISE NÃO ESPECIALIZADA
11939;Sistema Manual de Células de Difusão Vertical;"Equipamento utilizado para avaliar a permeação ou liberação de substâncias através de barreiras biológicas como pele humana, pele animal, membranas sintéticas ou mucosas, usado amplamente em ensaios de permeação transdérmica de medicamentos, cosméticos e produtos químicos; ensaios de liberação in vitro; desenvolvimento e validação de formulações dermatológicas, farmacêuticas, cosméticas e veterinárias; avaliação comparativa de bioequivalência tópica in vitro; estudos de cinética de liberação e absorção cutânea.";Apoio;R$ 217.020,00;N;Clique para Detalhar;ANÁLISE NÃO ESPECIALIZADA
264;Sistema para Urodinâmica;Equipamento utilizado para realização de análise do funcionamento do trato urinário inferior (bexiga e uretra) nas suas funções de armazenamento, transporte e esvaziamento de urina.;Médico Assistencial;R$ 69.800,00;N;Clique para Detalhar;ESPECIALIZADO
1990;Sofá-cama Hospitalar;Sofá utilizado para descanço, espera, entre outras funcionalidades.;Gerais;R$ 3.619,00;N;Clique para Detalhar;NÃO ESPECIALIZADO
11836;Sonofletor de Comunicação;É uma solução de sonorização voltada para emitir avisos sonoros dentre outras funções.;Gerais;R$ 5.075,00;N;Clique para Detalhar;ANÁLISE NÃO ESPECIALIZADA
2527;Soprador Térmico;Equipamento de aquecimento ultilizado em banco de tecidos e oficina ortopédica.;Gerais;R$ 433,00;N;Clique para Detalhar;NÃO ESPECIALIZADO
2692;Suporte de Hamper;Dispositivo utilizado para descarte de roupas usadas.;Apoio;R$ 511,00;N;Clique para Detalhar;NÃO ESPECIALIZADO
2369;Suporte de Soro;Estrutura utilizada para colocar o frasco de soro durante a aplicação no paciente.;Apoio;R$ 415,00;N;Clique para Detalhar;NÃO ESPECIALIZADO
11239;Suporte de Soro para Ressonância Magnética;Estrutura utilizada para colocar o frasco de soro durante a aplicação no paciente, para uso em salas de ressonância magnética.;Apoio;R$ 711,00;N;Clique para Detalhar;NÃO ESPECIALIZADO
1590;Suporte de Westergreen;Suporte que possui capacidade para acomodar pipetas de sedimentação sanguínea segundo método Westergreen.;Médico Assistencial;R$ 463,00;N;Clique para Detalhar;NÃO ESPECIALIZADO
11838;Suporte para Perfurocortante;Suporte destinado para suportar caixa coletora de material perfurocortante no ambiente de saúde.;Gerais;R$ 35,00;N;Clique para Detalhar;ANÁLISE NÃO ESPECIALIZADA
1327;Switch;"É um equipamento de interconexão, do tipo concentrador de rede, porém, ele divide a rede em domínios de colisão independentes.

*Este equipamento possui especificação e preço unitário previamente validados pelo Ministério da Saúde e não serão permitidas alterações.";Gerais;R$ 4.033,00;N;Clique para Detalhar;NÃO ESPECIALIZADO
11816;Switch de distribuição;Elemento intermediário entre os switches core e os switches de acesso. Esses equipamentos normalmente são utilizados em redes locais com múltiplas unidades.;Gerais;R$ 79.228,00;N;Clique para Detalhar;ANÁLISE NÃO ESPECIALIZADA
11972;Switch de 100GB;Switch de alto desempenho para transmissão de grande volume de dados.;Apoio;R$ 93.246,00;N;Clique para Detalhar;ANÁLISE NÃO ESPECIALIZADA
11817;Switcher de vídeo;O Switcher de Vídeo é uma solução portátil para produção de vídeo HD que acomoda até quatro entradas HDMI. Você pode controlar o switcher manualmente usando os controles embutidos ou conectá-lo a um computador executando software opcional para opções de controle adicionais.;Gerais;R$ 11.746,00;N;Clique para Detalhar;ANÁLISE NÃO ESPECIALIZADA
2951;Tablado para Fisioterapia;Tablado para Fisioterapia Neurológica e Reabilitação.;Médico Assistencial;R$ 1.760,00;N;Clique para Detalhar;NÃO ESPECIALIZADO
11744;Tablet;Dispositivo portátil, de tamanho pequeno e com tela sensível ao toque. Permite acessar a internet, enviar e-mails, utilizar aplicativos e funcionalidades de acordo com demandas próprias.;Gerais;R$ 2.193,00;N;Clique para Detalhar;NÃO ESPECIALIZADO
11776;Tábua De Passar Roupa;Item utilizado como base para desamassar roupas, panos e tecidos em geral;Gerais;R$ 185,00;N;Clique para Detalhar;NÃO ESPECIALIZADO
10903;Tábua de Propriocepção;Equipamento utilizada em Exercício de equilíbrio, Transferência de Peso, Fortalecimento de MMII e Exercícios Proprioceptivos.;Médico Assistencial;R$ 369,00;N;Clique para Detalhar;NÃO ESPECIALIZADO
3094;Tábua de Quadríceps;Equipamento utilizado para  reabilitação motora de membros inferiores com ganho de força muscular, flexibilidade e amplitude de movimento.;Médico Assistencial;R$ 208,00;N;Clique para Detalhar;NÃO ESPECIALIZADO
3103;Tábua de Tríceps;Equipamento usado como rampa para a prática de alongamento da panturrilha (batata da perna) em paciente em reabilitação e fisioterapia.;Médico Assistencial;R$ 219,00;N;Clique para Detalhar;NÃO ESPECIALIZADO
11901;Tambor;Equipamento utilizado como um recurso para atividades de reabilitação sensoriais e motoras;Gerais;R$ 62,00;N;Clique para Detalhar;ANÁLISE NÃO ESPECIALIZADA
11945;Tanque Inox de Processamento;"O tanque de inox para processamento é utilizado principalmente na manipulação, mistura, armazenamento
temporário e preparo de substâncias líquidas ou pastosas em ambientes que exigem alto padrão de higiene, como os
setores farmacêutico, alimentício e cosmético. Sua construção em aço inoxidável garante resistência à corrosão,
facilidade de limpeza e compatibilidade com normas sanitárias, sendo ideal para processos que demandam controle
de temperatura, homogeneidade e segurança no manuseio de produtos sensíveis.";Apoio;R$ 851.110,00;N;Clique para Detalhar;ANÁLISE NÃO ESPECIALIZADA
11914;Teclado Eletrônico;Instrumento musical composto por conjuntos de teclas que produzem sons quando pressionadas.;Gerais;R$ 1.443,00;N;Clique para Detalhar;ANÁLISE NÃO ESPECIALIZADA
2625;Tela de Projeção;Tela retrátil para projeção de imagens, com sistema de fixação no teto e/ou parede e/ou pedestal.;Gerais;R$ 974,00;N;Clique para Detalhar;NÃO ESPECIALIZADO
1382;Telefone;Telefone é um aparelho que permite transmitir sons à distância através de sinais elétricos.;Gerais;R$ 241,00;N;Clique para Detalhar;NÃO ESPECIALIZADO
11596;Telefone Celular Rural de Mesa;Telefone celular rural de mesa que proporciona longo alcance devido a sua antena externa de alto ganho.;Gerais;R$ 713,00;N;Clique para Detalhar;NÃO ESPECIALIZADO
11847;Telefone Satelital;É um aparelho telefônico que envia sinal ao satélite para realizar as ligações.;Gerais;R$ 19.957,00;N;Clique para Detalhar;ANÁLISE NÃO ESPECIALIZADA
2259;Televisor;Aparelho utilizado para captação de sinais de imagens e sons.;Gerais;R$ 1.363,00;N;Clique para Detalhar;NÃO ESPECIALIZADO
2958;TENS - Estimulador Transcutâneo;É um equipamento que realizada neuroestimulação elétrica por meio transcutâneo.;Médico Assistencial;R$ 2.371,00;N;Clique para Detalhar;ESPECIALIZADO
3093;TENS e FES;Aparelho clínico de FES e TENS, indicado para tratamento por eletroestimulação e eletroanalgesia.;Médico Assistencial;R$ 2.371,00;N;Clique para Detalhar;ESPECIALIZADO
10560;Termociclador para PCR;"Equipamento automático para realização de técnicas de PCR (Reação em cadeia da polimerase), amplificação de DNA, entre outras análises.

*Não é passível de aprovação neste item a tecnologia de PCR em Tempo Real por existir item com nomenclatura própria.
As configurações permitidas referem-se aos termocicladores convencionais com ou sem gradiente.";Médico Assistencial;R$ 34.643,00;N;Clique para Detalhar;ESPECIALIZADO
11855;Termohigrobarômetro;É um dispositivo que mede temperatura, umidade relativa e pressão atmosférica simultaneamente.;Apoio;R$ 2.294,00;N;Clique para Detalhar;ANÁLISE NÃO ESPECIALIZADA
1339;Termohigrômetro;Aparelho de medição que indica temperaturas externas e internas e umidade relativa do ar.;Apoio;R$ 215,00;N;Clique para Detalhar;ESPECIALIZADO
11415;Termômetro Clínico;Utilizado para verificar temperatura corporal.;Médico Assistencial;R$ 182,00;N;Clique para Detalhar;NÃO ESPECIALIZADO
11604;Termonebulizador tipo FOG;Aparelho Termonebulizador, tipo portátil, para aplicação espacial.;Gerais;R$ 8.269,00;N;Clique para Detalhar;ESPECIALIZADO
2797;Titulador Automático;Equipamento utilizado para identificar a concentração de substâncias em amostras analisadas, com a função de realizar procedimentos de titulação de acordo com as necessidades do método e usuário em questão.;Médico Assistencial;R$ 36.853,00;N;Clique para Detalhar;ESPECIALIZADO
11805;Tomógrafo Computadorizado (Acima de 16 canais até 80 canais);Tomógrafo Computadorizado Helicoidal Multislice, composto por unidade de comando, gantry, mesa paciente móvel e demais acessórios. O sistema (software) deverá permitir operar com simultaneidade plena de operações distintas, como: exploração, reconstrução e demonstração de imagens. Deve possuir pacote de softwares integrados que possibilitem imagens livres de artefatos e de alta resolução.;Médico Assistencial;R$ 3.000.000,00;N;Clique para Detalhar;ANÁLISE ESPECIALIZADA
11804;Tomógrafo Computadorizado (Até 16 canais);Tomógrafo Computadorizado Helicoidal Multislice, composto por unidade de comando, gantry, mesa paciente móvel e demais acessórios. O sistema (software) deverá permitir operar com simultaneidade plena de operações distintas, como: exploração, reconstrução e demonstração de imagens. Deve possuir pacote de softwares integrados que possibilitem imagens livres de artefatos e de alta resolução.;Médico Assistencial;R$ 1.485.000,00;N;Clique para Detalhar;ANÁLISE ESPECIALIZADA
10323;Tomógrafo de Coerência Óptica;Equipamento utilizado para gerar imagens tomográficas da porção posterior do olho, possibilitar a análise da retina, glaucoma e diagnósticos oftalmológicos de pacientes.;Médico Assistencial;R$ 609.150,00;N;Clique para Detalhar;ESPECIALIZADO
1551;Tonômetro;Equipamento utilizado para o processo de medição da pressão interna do globo ocular em pacientes com suspeita de glaucoma.;Médico Assistencial;R$ 5.696,00;N;Clique para Detalhar;ESPECIALIZADO
3123;Topógrafo de Córnea;Sistema destinado ao mapeamento topográfico do relevo da córnea para identificação de diagnóstico de patologias, planejamento e avaliação pré e pós-cirúrgico nas cirurgias refrativas, facectomias e transplante de córnea.;Médico Assistencial;R$ 69.625,00;N;Clique para Detalhar;ESPECIALIZADO
789;Torno Odontológico;Equipamento utilizado para polir próteses dentárias.;Apoio;R$ 1.035,00;N;Clique para Detalhar;ESPECIALIZADO
11088;Torno Universal;Equipamento utilizado para confecção de peças personalizadas para órteses, próteses e adaptações em cadeiras de rodas e meios auxiliares de locomoção.;Gerais;R$ 44.720,00;N;Clique para Detalhar;ESPECIALIZADO
10776;Torquímetro;É uma ferramenta utilizada para medir o torque aplicado em parafusos e porcas.;Gerais;R$ 1.432,00;N;Clique para Detalhar;ANÁLISE NÃO ESPECIALIZADA
1229;Transiluminador Cutâneo (Venoscópio);Equipamento localizador de veias baseado no princípio da captação da hemoglobina presente nos vasos sanguíneos através da emissão de luz em espectro infravermelho.;Médico Assistencial;R$ 1.630,00;N;Clique para Detalhar;ESPECIALIZADO
259;Transportadora de Paletes (Paleteira);Equipamento utilizado para transporte de cargas dispostas em palets.;Gerais;R$ 2.218,00;N;Clique para Detalhar;ESPECIALIZADO
11917;Trapézio;Equipamento desenvolvido para atividades terapêuticas, indicado como recurso nas terapias IS (Integração Sensorial), para trabalhar membros superiores, promove estímulos vestibulares reações de equilíbrio.;Apoio;R$ 231,00;N;Clique para Detalhar;ANÁLISE NÃO ESPECIALIZADA
11903;Triângulo;Equipamento utilizado como um recurso para atividades de reabilitação sensoriais e motoras;Apoio;R$ 58,00;N;Clique para Detalhar;ANÁLISE NÃO ESPECIALIZADA
11374;Triturador Forrageiro;Equipamento utilizado para triturar materiais como cascas de frutas, legumes, verduras, restos de alimento entre outros materiais.;Gerais;R$ 1.916,00;N;Clique para Detalhar;ESPECIALIZADO
11651;Trocador de Fraldas de Parede;Item utilizado para a realização de troca de fraldas.;Gerais;R$ 1.701,00;N;Clique para Detalhar;NÃO ESPECIALIZADO
10909;Tromboelastógrafo/ Tromboelastômetro;Equipamento utilizado para análise de coagulação.;Médico Assistencial;R$ 720.000,00;N;Clique para Detalhar;ESPECIALIZADO
11883;Turbidímetro;Equipamento destinado a efetuar leitura de inóculos, cuja medição é convertida em uma leitura de turbidez, expressa em unidades de nefelometria.;Apoio;R$ 15.030,00;N;Clique para Detalhar;ANÁLISE NÃO ESPECIALIZADA
928;Turbilhão;Equipamento utilizado para estimulação da circulação sanguinea e alívio da dor através da exploração da reação do corpo aos estímulos exercidos pela pressão e calor da água.;Médico Assistencial;R$ 11.205,00;N;Clique para Detalhar;ESPECIALIZADO
11254;Ultracongelador de Nitrogênio Líquido;Congelador de criogênico é projetado para congelar qualquer tipo de amostras biológicas sensíveis através de abastecimento por nitrogênio líquido.;Apoio;R$ 115.677,00;N;Clique para Detalhar;ESPECIALIZADO
11266;UltraSonicador;Equipamento que promove a homogeneização de amostras, o rompimento e fragmentação, como também extração de componentes e redução de tamanho de partículas.;Médico Assistencial;R$ 25.687,00;N;Clique para Detalhar;ESPECIALIZADO
11423;Ultrassom Diagnóstico com Aplicação Transesofágica;Equipamento para diagnóstico por imagens médicas geradas através de ondas mecânicas de frequência ultrassônica, para realização de exames ginecologia, obstetrícia, ecografia abdominal Geral, urologia, cerebrovascular, vascular periférico, ecografia mamária, músculo-esquelético, pequenas partes (tireóide, testículo), transcraniano, transfontanela, cardiologia adulta e pediátrica e transesofágico.;Médico Assistencial;R$ 333.750,00;N;Clique para Detalhar;ESPECIALIZADO
11869;Ultrassom Diagnóstico Portátil paraTelessaúde;Equipamento para diagnóstico por imagens médicas geradas através de ondas mecânicas de frequência ultrassônica, para realização de exames. Com aplicação para Telessaúde/Telemedicina.;Médico Assistencial;R$ 55.000,00;N;Clique para Detalhar;ANÁLISE ESPECIALIZADA
11422;Ultrassom Diagnóstico sem Aplicação Transesofágica;Equipamento para diagnóstico por imagens médicas geradas através de ondas mecânicas de frequência ultrassônica, para realização de exames.;Médico Assistencial;R$ 179.667,00;N;Clique para Detalhar;ESPECIALIZADO
11655;Ultrassom Diagnóstico Transcraniano;Equipamento que utiliza a técnica de ultrassom para medir indiretamente o fluxo nas porções proximais das principais artérias intracranianas, oferecendo informações dinâmicas da circulação cerebral.;Médico Assistencial;R$ 308.500,00;N;Clique para Detalhar;ESPECIALIZADO
2729;Ultrassom Odontológico;Equipamento utilizado nos processos de limpeza dentário e em processos odontológicos que necessitam de alta energia.;Médico Assistencial;R$ 5.431,00;N;Clique para Detalhar;ESPECIALIZADO
194;Ultrassom Oftalmológico;Aparelho para diagnóstico que aproveita o eco produzido pelo som para ver em tempo real as sombras produzidas pelas estruturas e órgãos, nesse caso utilizado para os olhos.;Médico Assistencial;R$ 80.740,00;N;Clique para Detalhar;ESPECIALIZADO
204;Ultrassom para Fisioterapia;Equipamento para terapia de estruturas superficiais e profundas geradas através de ondas mecânicas de frequência ultrassônica.;Médico Assistencial;R$ 2.356,00;N;Clique para Detalhar;ESPECIALIZADO
10754;Unidade Automática para Reprocessamento de Filtros;Equipamento utilizado para reprocessamento dos filtros utilizados em tratamento hemodialítico.;Apoio;R$ 31.032,00;N;Clique para Detalhar;ESPECIALIZADO
97;Unidade Auxiliar com Sugador;Mangueira que recebe ar, do comprocessor, na qual será acoplado o sugador.;Médico Assistencial;R$ 1.220,00;N;Clique para Detalhar;ESPECIALIZADO
11993;Unidade Móvel da Saúde - SAMU 192 (Motolância);Motocicleta equipada para atendimento de emergência, usada para chegar rapidamente a locais com trânsito intenso ou de difícil acesso, oferecendo suporte inicial e agilidade para salvar vidas antes da chegada da ambulância.;Veículo;R$ 69.101,00;N;Clique para Detalhar;ANÁLISE NÃO ESPECIALIZADA
11997;Unidade Móvel da Saúde - SAMU 192 Sem Equipamentos (Motolância);Motocicleta equipada para atendimento de emergência, usada para chegar rapidamente a locais com trânsito intenso ou de difícil acesso, oferecendo suporte inicial e agilidade para salvar vidas antes da chegada da ambulância.;Veículo;R$ 50.812,00;N;Clique para Detalhar;ANÁLISE NÃO ESPECIALIZADA
32;Unidade Móvel de Coleta;Ônibus adaptado para atuar como posto móvel de coleta de sangue.;Veículo;R$ 3.600.176,00;N;Clique para Detalhar;ESPECIALIZADO
11587;Unidade Móvel de Saúde - SAMU (Suporte Básico e/ou Avançado de Vida);Veículo para transporte e assistência ao paciente (SAMU),para Suporte Básico e/ou Avançado de Vida exclusivamente para o Componente Renovação de Frota.;Veículo;R$ 472.800,00;N;Clique para Detalhar;ESPECIALIZADO
11845;Unidade Móvel de Saúde - SAMU 192 - (USA);Veículo para transporte e assistência ao paciente (SAMU),para Suporte  Avançado de Vida exclusivamente para o Componente Ampliação/Expansão da Frota (USA).;Veículo;R$ 693.029,00;N;Clique para Detalhar;ANÁLISE NÃO ESPECIALIZADA
11846;Unidade Móvel de Saúde - SAMU 192 - (USB);Veículo para transporte e assistência ao paciente (SAMU),para Suporte Básico de Vida exclusivamente para o Componente Ampliação/Expansão da Frota (USB).;Veículo;R$ 552.293,00;N;Clique para Detalhar;ANÁLISE NÃO ESPECIALIZADA
11885;Unidade Odontológica Móvel - UOM (Pregão nº 90105/2024);Unidade Odontológica Móvel destinada às ações assistenciais de saúde bucal.;Veículo;R$ 399.381,00;N;Clique para Detalhar;ANÁLISE NÃO ESPECIALIZADA
11771;Vacuômetro para Rede de Gases;Equipamento utilizado na rede de gases para aspiração de secreções, fluídos corporais, corpos estranhos nas áreas nasais, faringe e traqueias. Transforma a pressão positiva em negativa gerando vácuo.;Infraestrutura;R$ 247,00;N;Clique para Detalhar;ESPECIALIZADO
11770;Válvula Reguladora de Pressão para Rede de Gases;Equipamento utilizado para controle de pressão e distribuição de gases medicinais proveniente de rede de alimentação de gases (Ar comprimido, Oxigênio ou Óxido nitroso medicinais).;Infraestrutura;R$ 372,00;N;Clique para Detalhar;ESPECIALIZADO
11777;Varal de Chão;Item utilizado para secagem de roupas, panos e tecidos em geral;Gerais;R$ 185,00;N;Clique para Detalhar;NÃO ESPECIALIZADO
36;Veículo de Passeio - Transporte de Equipe  (5 pessoas, 0 Km);Veículo para transportar a equipe de saúde.;Veículo;R$ 97.516,00;N;Clique para Detalhar;ESPECIALIZADO
11585;Veículo de Transporte Adaptado;"Veículo adpatado 4x2 para transporte de pessoas com deficiência tipo cadeirante e dificiculdade de locomoção.

Este equipamento possui especificação e preço unitário previamente validados pelo Ministério da Saúde e não serão permitidas alterações.";Veículo;R$ 409.778,00;N;Clique para Detalhar;ESPECIALIZADO
11795;Veículo de Transporte Adaptado (Com Acessibilidade - 1 Cadeirante);Transporte sanitário adaptado para atendimentos eletivos de pessoas com deficiência que não apresentem condições de mobilidade e acessibilidade autônoma aos meios de transporte convencional.;Veículo;R$ 350.593,00;N;Clique para Detalhar;ESPECIALIZADO
11653;Veículo de Transporte Sanitário ( Com Acessibilidade - 1 Cadeirante);Veículo 4x2 para transporte pessoas com acessibilidade para 1 cadeirante.;Veículo;R$ 350.593,00;N;Clique para Detalhar;ESPECIALIZADO
10923;Veículo Pick-up Cabine Dupla 4x4 (Diesel);Veículo utilizado no transporte de equipe de saúde em regiões rurais.;Veículo;R$ 250.692,00;N;Clique para Detalhar;ESPECIALIZADO
11611;Veículo Tipo Motocicleta (Cross);Veículo de duas rodas e tração traseira - salvo raras excepções - com um motor que propicia sua auto-locomoção capaz de desenvolver velocidade de cruzeiro com segurança e conforto.;Veículo;R$ 25.048,00;N;Clique para Detalhar;ESPECIALIZADO
11103;Veículo tipo Van - Diesel;Veículo tipo van utilizado para transportar a equipe de saúde.;Veículo;R$ 354.840,00;N;Clique para Detalhar;ESPECIALIZADO
11975;Veículo Tipo Van com Acessibilidade (Agora Tem Especialistas);Veículo tipo VAN com acessibilidade para cadeirante destinado ao transporte sanitário.;Veículo;R$ 447.267,00;N;Clique para Detalhar;ANÁLISE NÃO ESPECIALIZADA
11999;Veículo Tipo Van com Acessibilidade (Agora Tem Especialistas)  Aquisição por Pregão 90447/2025;Veículo tipo VAN com acessibilidade para cadeirante destinado ao transporte sanitário.;Veículo;R$ 304.600,00;N;Clique para Detalhar;ANÁLISE NÃO ESPECIALIZADA
2624;Ventilador de Teto/ Parede;Equipamento utilizado para proporcionar a circulação de ar no ambiente, promovendo maior conforto térmico.;Gerais;R$ 374,00;N;Clique para Detalhar;NÃO ESPECIALIZADO
11236;Ventilador Pulmonar para Ressonância Magnética;Equipamento usado nos casos de insuficiência respiratória, com a função de realizar o bombeamento de ar enriquecido com oxigênio para o interior dos pulmões, permitindo de forma cíclica, a lavagem do CO2 (ventilação pulmonar). Para este item deve ser apresentadas características construtivas que permitam a aplicação correta e utilização segura do equipamento em ambientes que possuam Ressonância Nuclear Magnética.;Médico Assistencial;R$ 28.344,00;N;Clique para Detalhar;ESPECIALIZADO
11425;Ventilador Pulmonar Pressométrico e Volumétrico;Equipamento usado nos casos de insuficiência respiratória, com a função de realizar o bombeamento de ar enriquecido com oxigênio para o interior dos pulmões.;Médico Assistencial;R$ 108.372,00;N;Clique para Detalhar;ESPECIALIZADO
10294;Ventilômetro/ Respirômetro;Aparelho para medição do volume corrente de ar expirado. Utilizado para medir o volume corrente, volume minuto, dentre outros parâmetros respiratórios.;Médico Assistencial;R$ 36.656,00;N;Clique para Detalhar;ESPECIALIZADO
11827;Vibrador de Gesso;Equipamento que produz efeito vibratório no gesso previamente a sua espatulação, eliminam as bolhas de ar que causam falhas técnicas nos modelos de gesso utilizados na confecção das próteses dentárias e aparelhos ortodônticos.;Apoio;R$ 1.314,00;N;Clique para Detalhar;ANÁLISE NÃO ESPECIALIZADA
10907;Vídeo Laringoscópio;Laringoscópio específico com câmera e luz acoplada.;Médico Assistencial;R$ 18.833,00;N;Clique para Detalhar;ESPECIALIZADO
11921;Videogame;Dispositivo eletrônico projetado para executar jogos digitais, conectado a uma tela para exibição de imagem. Possui hardware dedicado para processamento gráfico e computacional, permitindo a interação por meio de controles. Pode oferecer suporte a jogos em formato digital e/ou físico, além de funcionalidades online, como multiplayer e acesso a conteúdos adicionais.;Apoio;R$ 3.909,00;N;Clique para Detalhar;ANÁLISE NÃO ESPECIALIZADA
11906;Violão;O violão é um instrumento de cordas pinçadas, geralmente com seis cordas, e possui um corpo acústico (a caixa de ressonância) ligado a um braço com trastes, funcionando como uma atividade relaxante e terapêutica, auxiliando na reabilitação física e cognitiva.;Apoio;R$ 322,00;N;Clique para Detalhar;ANÁLISE NÃO ESPECIALIZADA
11902;Violino;Equipamento utilizado como um recurso para atividades de reabilitação sensoriais e motoras.;Apoio;R$ 81,00;N;Clique para Detalhar;ANÁLISE NÃO ESPECIALIZADA
973;Viscosímetro;Equipamento utilizado para medir a viscosidade dos fluidos.;Médico Assistencial;R$ 7.644,00;N;Clique para Detalhar;ESPECIALIZADO
10155;Vitreófago;Equipamento cirúrgico oftalmológico destinado às cirurgias do segmento posterior e anterior do olho.;Médico Assistencial;R$ 785.201,00;N;Clique para Detalhar;ESPECIALIZADO
0;0;0;0;R$ 0,00;0;Clique para Detalhar;0
