Instrumento;Link Externo;UF;Municipio;CNPJ;Nome Proponente;Modalidade;Emenda;Objeto;Situacao;Natureza Juridica;Inicio Vigencia;Fim Vigencia; Valor Global ;Valor Empenhado; Valor Liberado ;Valor de Contrapartida; Total em Movimentacoes Financeiras ; Saldo em conta ; Vl Devolvido ;PC Informatizada;Relatorios de Execucao;Acao de Monitoramnto;Percental  Exec;Parecer Financeiro;Grau de Prioridade;Acao de Analise de PC;Data Limite para Apresentar PC;Data de Envio da  PC;Dias de Atraso Envio da PC;Status de Execucao;Analise de Equipamentos;Percentual de Evolucao da Analise;Parecer Tec -Merito;Pareceres Incluidos na Plataforma;Execucao  Financeira Concedente  e Convenente;Devolucao de Saldo p Uniao;Resto a Pagar ;Tecnico / Analista;Processo SEI;Nota de Risco;Limite Toler  Risco;Faixa de Risco;Data de Vinculo Fiscal ;Dias apos Envio da PC;ANOTACOES OBS;Ano;Ingresso de $; ALERTA de Execucao Financeira ; ALERTA Sem Desembolso ; ALERTA Sem Pgt + 150 Dias ; Acordao  TCU1203 ; GRAU DE PRIORIDADE ;
708682;https://discricionarias.transferegov.sistema.gov.br/voluntarias/ConsultarProposta/ResultadoDaConsultaDePropostaDetalharProposta.do?idProposta=103204&Usr=guest&Pwd=guest;PB;CACIMBA DE DENTRO;08929648000159;MUNICIPIO DE CACIMBA DE DENTRO;CONTRATO DE REPASSE;NÃO;CONSTRUÇÃO DE UNIDADE BÁSICA DE SAÚDE;Prestação de Contas Concluída;Administração Pública Municipal;30/12/2009;30/06/2015; 206.186,00 ; 200.000,00 ; 200.000,00 ; 6.186,00 ; 188.151,49 ; -   ; 44.066,63 ;NÃO;PENDENTE;MONITORAR  DESEMBOLSO;0%;PENDENTE;Indefinida;NÃO HOUVE DESEMBOLSO;30/08/2015;14/03/2014;0;Baixa Execução;PENDENTE;0,00%;PENDENTE;NÃO INCLUÍDOS;FNS: 100,00%   |  Convenente: 91,25%;SEM INFORMAÇÃO;SEM IFORMAÇÃO;Fiscal Não Identificado;065954/2009;-;;;Sem Vínculo;-; ;2009;6.186,00;Negativo;-;-;NÃO;INDEFINIDO;*
709515;https://discricionarias.transferegov.sistema.gov.br/voluntarias/ConsultarProposta/ResultadoDaConsultaDePropostaDetalharProposta.do?idProposta=130166&Usr=guest&Pwd=guest;PB;CAMPINA GRANDE;12671814000137;UNIVERSIDADE ESTADUAL DA PARAIBA;CONVENIO;NÃO;"Ampliação de área para o Núcleo de Tecnologias Estratégicas em Saúde da UEPB de modo a adequar a estrutura para realizaratividades de PD&I.OBJETIVOS ESPECÍFICOS1. Ampliar a estrutura que permita apoio tecnológico a empresas nacionaisquanto a PD&I de produtos médicos;";Prestação de Contas Concluída;#VALOR!;31/12/2009;20/11/2014; 555.000,00 ; 489.500,00 ; 489.500,00 ; 55.500,00 ; 551.216,50 ; -   ; 2.267,10 ;NÃO;PENDENTE;MONITORAR  DESEMBOLSO;0%;PENDENTE;Indefinida;NÃO HOUVE DESEMBOLSO;16/09/2015;14/03/2019;1275;Baixa Execução;PENDENTE;0,00%;PENDENTE;NÃO INCLUÍDOS;FNS: 98,00%   |  Convenente: 101,14%;SEM INFORMAÇÃO;SEM IFORMAÇÃO;M.JOSÉ;25000639795200918;-;;;31/12/2020;-; ;2009;55.500,00;Negativo;-;-;NÃO;INDEFINIDO;*
709653;https://discricionarias.transferegov.sistema.gov.br/voluntarias/ConsultarProposta/ResultadoDaConsultaDePropostaDetalharProposta.do?idProposta=129515&Usr=guest&Pwd=guest;PB;CAMPINA GRANDE;12671814000137;UNIVERSIDADE ESTADUAL DA PARAIBA;CONVENIO;NÃO;Apoiar o desenvolvimento de pesquisas e atividades de PD&I de produtos estratégicos de modo a garantir suporte tecnológico aos estabelecimentos de saúde da Região Nordeste.;Prestação de Contas Concluída;Administração Pública Estadual ou do Distrito Federal;31/12/2009;05/02/2019; 2.195.545,92 ; 1.967.986,36 ; 1.967.986,36 ; 227.559,56 ; 1.882.116,88 ; -   ; 746.388,38 ;SIM;PENDENTE;MONITORAR  DESEMBOLSO;0%;PENDENTE;Indefinida;NÃO HOUVE DESEMBOLSO;07/03/2019;;0;Baixa Execução;PENDENTE;0,00%;PENDENTE;NÃO INCLUÍDOS;FNS: 100,00%   |  Convenente: 95,64%;SEM INFORMAÇÃO;SEM IFORMAÇÃO;FRANCIBERTO;25000639817200940;0,72089;;;30/12/2022;-; ;2009;0,00;Negativo;-;-;NÃO;INDEFINIDO;*
709749;https://discricionarias.transferegov.sistema.gov.br/voluntarias/ConsultarProposta/ResultadoDaConsultaDePropostaDetalharProposta.do?idProposta=97931&Usr=guest&Pwd=guest;PB;PEDRAS DE FOGO;09072455000197;MUNICIPIO DE PEDRAS DE FOGO;CONVENIO;NÃO;AQUISICAO DE MEDICAMENTOS - RENAME - EMENDAS;Prestação de Contas Concluída;Administração Pública Municipal;31/12/2009;25/06/2011; 206.186,04 ; 200.000,00 ; 200.000,00 ; 6.186,04 ; -   ; -   ; 234.786,13 ;NÃO;PENDENTE;MONITORAR  DESEMBOLSO;0%;PENDENTE;1ª Prioridade;NÃO HOUVE DESEMBOLSO;18/11/2015;;0;Baixa Execução;PENDENTE;0,00%;PENDENTE;NÃO INCLUÍDOS;FNS: 100,00%   |  Convenente: 0,00%;SEM INFORMAÇÃO;SEM IFORMAÇÃO;FRANCIBERTO;25000665408200907;-;;;30/12/2019;-; ;2009;0,00;Negativo;-;-;NÃO;1ª Prioridade;*
709750;https://discricionarias.transferegov.sistema.gov.br/voluntarias/ConsultarProposta/ResultadoDaConsultaDePropostaDetalharProposta.do?idProposta=106653&Usr=guest&Pwd=guest;PB;JOÃO PESSOA;09112236000194;FUNDACAO NAPOLEAO LAUREANO;CONVENIO;NÃO;FUNDAMENTALMENTE É ATENDER COM QUALIDADE E EFICIÊNCIA A DEMANDA DE PACIENTES PORTADORES DE CÂNCER DO SISTEMA ÚNICO DE SAÚDE-SUS, GERANDO EFICÁCIA NO TRATAMENTO ONCOLÓGICO, COM A AQUISIÇÃO DE NOVOS EQUIPAMENTOS PARA O SERVIÇO DE CENTRO CIRÚRGICO E LAVANDERIA DO HOSPITAL NAPOLEÃO LAUREANO MANTIDO PELA FUNDAÇÃO LAUREANO.;Prestação de Contas Concluída;Organização da Sociedade Civil;31/12/2009;04/11/2016; 293.500,00 ; 280.000,00 ; 280.000,00 ; -   ; 293.500,00 ; -   ; -   ;SIM;PENDENTE;MONITORAR  DESEMBOLSO;0%;PENDENTE;Indefinida;NÃO HOUVE DESEMBOLSO;18/01/2019;;0;Baixa Execução;PENDENTE;0,00%;PENDENTE;NÃO INCLUÍDOS;FNS: 100,00%   |  Convenente: 100,00%;SEM INFORMAÇÃO;SEM IFORMAÇÃO;FRANCIBERTO;25000.652171/2009-96;0,909757162;;;04/01/2017;-; ;2009;0,00;Negativo;-;-;NÃO;INDEFINIDO;*
710590;https://discricionarias.transferegov.sistema.gov.br/voluntarias/ConsultarProposta/ResultadoDaConsultaDePropostaDetalharProposta.do?idProposta=106650&Usr=guest&Pwd=guest;PB;JOÃO PESSOA;09112236000194;FUNDACAO NAPOLEAO LAUREANO;CONVENIO;NÃO;FUNDAMENTALMENTE É ATENDER COM QUALIDADE E EFICIÊNCIA A DEMANDA DE PACIENTES PORTADORES DE CÂNCER DO SISTEMA ÚNICO DE SAÚDE-SUS, GERANDO EFICÁCIA NO TRATAMENTO ONCOLÓGICO, COM A AQUISIÇÃO DE NOVOS EQUIPAMENTOS PARA O SERVIÇO DE ANATOMIA PATOLÓGICA E CENTRO CIRÚRGICO DO HOSPITAL NAPOLEÃO LAUREANO MANTIDO PELA FUNDAÇÃO LAUREANO.;Prestação de Contas Concluída;Organização da Sociedade Civil;31/12/2009;26/02/2015; 100.000,00 ; 100.000,00 ; 100.000,00 ; -   ; 100.000,00 ; -   ; 2.551,77 ;NÃO;PENDENTE;MONITORAR  DESEMBOLSO;0%;PENDENTE;Indefinida;NÃO HOUVE DESEMBOLSO;13/11/2015;;0;Baixa Execução;PENDENTE;0,00%;PENDENTE;NÃO INCLUÍDOS;FNS: 100,00%   |  Convenente: 100,00%;SEM INFORMAÇÃO;SEM IFORMAÇÃO;Fiscal Não Identificado;25000.650444/2009-68;-;;;Sem Vínculo;-; ;2009;0,00;Negativo;-;-;NÃO;INDEFINIDO;*
710603;https://discricionarias.transferegov.sistema.gov.br/voluntarias/ConsultarProposta/ResultadoDaConsultaDePropostaDetalharProposta.do?idProposta=102675&Usr=guest&Pwd=guest;PB;NOVA PALMEIRA;08739930000173;MUNICIPIO DE NOVA PALMEIRA;CONVENIO;NÃO;AQUISIÇÃO DE 01 AMBULÂNCIA TIPO A E 02 VEÍCULOS PARA EQUIPES DE PSF;Prestação de Contas Concluída;Administração Pública Municipal;31/12/2009;31/03/2015; 102.200,00 ; 97.333,34 ; 97.333,34 ; 4.866,66 ; 102.200,00 ; -   ; 1.165,63 ;NÃO;PENDENTE;MONITORAR  DESEMBOLSO;0%;PENDENTE;Indefinida;NÃO HOUVE DESEMBOLSO;25/04/2016;;0;Baixa Execução;PENDENTE;0,00%;PENDENTE;NÃO INCLUÍDOS;FNS: 100,00%   |  Convenente: 100,00%;SEM INFORMAÇÃO;SEM IFORMAÇÃO;FRANCIBERTO;25000.650027/2009-15;-;;;30/12/2016;-; ;2009;4.866,66;Negativo;-;-;NÃO;INDEFINIDO;*
710615;https://discricionarias.transferegov.sistema.gov.br/voluntarias/ConsultarProposta/ResultadoDaConsultaDePropostaDetalharProposta.do?idProposta=100565&Usr=guest&Pwd=guest;PB;JOÃO PESSOA;09112236000194;FUNDACAO NAPOLEAO LAUREANO;CONVENIO;NÃO;FUNDAMENTALMENTE É ATENDER COM QUALIDADE E EFICIÊNCIA A DEMANDA DE PACIENTES PORTADORES DE CÂNCER DO SISTEMA ÚNICO DE SAÚDE-SUS, GERANDO EFICÁCIA NO TRATAMENTO ONCOLÓGICO, COM A AQUISIÇÃO DE NOVOS EQUIPAMENTOS PARA O SERVIÇO DE RADIOTERAPIA E CENTRO CIRÚRGICO DO HOSPITAL NAPOLEÃO LAUREANO MANTIDO PELA FUNDAÇÃO LAUREANO.;Prestação de Contas Concluída;Organização da Sociedade Civil;31/12/2009;26/11/2014; 770.000,00 ; 770.000,00 ; 770.000,00 ; -   ; 238.000,00 ; -   ; 654.241,13 ;NÃO;PENDENTE;MONITORAR  DESEMBOLSO;0%;PENDENTE;Indefinida;NÃO HOUVE DESEMBOLSO;26/12/2014;;0;Baixa Execução;PENDENTE;0,00%;PENDENTE;NÃO INCLUÍDOS;FNS: 100,00%   |  Convenente: 30,91%;SEM INFORMAÇÃO;SEM IFORMAÇÃO;M.JOSÉ;25000.651867/2009-03;-;;;31/12/2020;-; ;2009;0,00;Negativo;-;-;NÃO;INDEFINIDO;*
710626;https://discricionarias.transferegov.sistema.gov.br/voluntarias/ConsultarProposta/ResultadoDaConsultaDePropostaDetalharProposta.do?idProposta=95090&Usr=guest&Pwd=guest;PB;SANTA RITA;09433715000102;FUNDACAO GOVERNADOR FLAVIO RIBEIRO COUTINHO;CONVENIO;NÃO;ADQUIRIR EQUIPAMENTOS HOSPITALAR E INSTRUMENTAIS CIRURGICO, ELEVANDO ASSIM O PADRÃO E AQUALIDADE NO ATENDIMENTO PRESTADO À POPULAÇÃO, POR MEIO DE APARELHOS TECNOLÓGICOS MODERNOS  E RESOLUTIVOS.;Prestação de Contas enviada para Análise;Organização da Sociedade Civil;31/12/2009;30/06/2026; 377.707,00 ; 300.000,00 ; 300.000,00 ; 6.000,00 ; 280.331,31 ; 251.187,54 ; -   ;NÃO;PENDENTE;MONITORAR  DESEMBOLSO;0%;PENDENTE;4ª Prioridade;NÃO HOUVE DESEMBOLSO;30/07/2026;;0;Baixa Execução;PENDENTE;0,00%;PENDENTE;NÃO INCLUÍDOS;FNS: 100,00%   |  Convenente: 74,22%;SEM INFORMAÇÃO;SEM IFORMAÇÃO;JULIO;25000651862200972;-;;;15/04/2024;6; ;2009;6.000,00;Negativo;-;-;NÃO;4ª Prioridade;46239
710641;https://discricionarias.transferegov.sistema.gov.br/voluntarias/ConsultarProposta/ResultadoDaConsultaDePropostaDetalharProposta.do?idProposta=101178&Usr=guest&Pwd=guest;PB;JOÃO PESSOA;09112236000194;FUNDACAO NAPOLEAO LAUREANO;CONVENIO;NÃO;FUNDAMENTALMENTE É ATENDER COM QUALIDADE E EFICIÊNCIA A DEMANDA DE PACIENTES PORTADORES DE CÂNCER DO SISTEMA ÚNICO DE SAÚDE-SUS, GERANDO EFICÁCIA NO TRATAMENTO ONCOLÓGICO, COM A AQUISIÇÃO DE MEDICAMENTOS DE USO HOSPITALAR/AMBULATORIAL PARA A ADMINISTRAÇÃO E DISPENSAÇÃO NO HOSPITAL NAPOLEÃO LAUREANO MANTIDO PELA FUNDAÇÃO LAUREANO.;Prestação de Contas Concluída;Organização da Sociedade Civil;31/12/2009;14/09/2011; 200.000,00 ; 200.000,00 ; 200.000,00 ; -   ; 140.214,00 ; -   ; 69.517,22 ;NÃO;PENDENTE;MONITORAR  DESEMBOLSO;0%;PENDENTE;Indefinida;NÃO HOUVE DESEMBOLSO;23/05/2014;;0;Baixa Execução;PENDENTE;0,00%;PENDENTE;NÃO INCLUÍDOS;FNS: 100,00%   |  Convenente: 70,11%;SEM INFORMAÇÃO;SEM IFORMAÇÃO;Fiscal Não Identificado;25000668414200916;-;;;Sem Vínculo;-; ;2009;0,00;Negativo;-;-;NÃO;INDEFINIDO;*
710652;https://discricionarias.transferegov.sistema.gov.br/voluntarias/ConsultarProposta/ResultadoDaConsultaDePropostaDetalharProposta.do?idProposta=100564&Usr=guest&Pwd=guest;PB;JOÃO PESSOA;09112236000194;FUNDACAO NAPOLEAO LAUREANO;CONVENIO;NÃO;FUNDAMENTALMENTE É ATENDER COM QUALIDADE E EFICIÊNCIA A DEMANDA DE PACIENTES PORTADORES DE CÂNCER DO SISTEMA ÚNICO DE SAÚDE-SUS, GERANDO EFICÁCIA NO TRATAMENTO ONCOLÓGICO, COM A AQUISIÇÃO DE NOVOS EQUIPAMENTOS PARA O SERVIÇO DE NUTRIÇÃO E DIETÉTICA, FARMÁCIA E CENTRO CIRÚRGICO DO HOSPITAL NAPOLEÃO LAUREANO MANTIDO PELA FUNDAÇÃO LAUREANO.;Prestação de Contas Concluída;Organização da Sociedade Civil;31/12/2009;12/11/2013; 85.640,00 ; 85.640,00 ; 85.640,00 ; -   ; 85.640,00 ; -   ; -   ;NÃO;PENDENTE;MONITORAR  DESEMBOLSO;0%;PENDENTE;Indefinida;NÃO HOUVE DESEMBOLSO;28/11/2015;;0;Baixa Execução;PENDENTE;0,00%;PENDENTE;NÃO INCLUÍDOS;FNS: 100,00%   |  Convenente: 100,00%;SEM INFORMAÇÃO;SEM IFORMAÇÃO;Fiscal Não Identificado;25000.651832/2009-66;-;;;Sem Vínculo;-; ;2009;0,00;Negativo;-;-;NÃO;INDEFINIDO;*
710665;https://discricionarias.transferegov.sistema.gov.br/voluntarias/ConsultarProposta/ResultadoDaConsultaDePropostaDetalharProposta.do?idProposta=100562&Usr=guest&Pwd=guest;PB;JOÃO PESSOA;09112236000194;FUNDACAO NAPOLEAO LAUREANO;CONVENIO;NÃO;FUNDAMENTALMENTE É ATENDER COM QUALIDADE E EFICIÊNCIA A DEMANDA DE PACIENTES PORTADORES DE CÂNCER DO SISTEMA ÚNICO DE SAÚDE-SUS, GERANDO EFICÁCIA NO TRATAMENTO ONCOLÓGICO, COM A AQUISIÇÃO DE NOVOS EQUIPAMENTOS PARA O SERVIÇO DE DIAGNÓSTICO POR IMAGEM DO HOSPITAL NAPOLEÃO LAUREANO MANTIDO PELA FUNDAÇÃO LAUREANO.;Prestação de Contas Concluída;Organização da Sociedade Civil;31/12/2009;31/12/2011; 300.000,00 ; 300.000,00 ; 300.000,00 ; -   ; 283.000,00 ; -   ; 38.143,18 ;NÃO;PENDENTE;MONITORAR  DESEMBOLSO;0%;PENDENTE;Indefinida;NÃO HOUVE DESEMBOLSO;13/05/2014;;0;Baixa Execução;PENDENTE;0,00%;PENDENTE;NÃO INCLUÍDOS;FNS: 100,00%   |  Convenente: 94,33%;SEM INFORMAÇÃO;SEM IFORMAÇÃO;Fiscal Não Identificado;25000.651910/2009-22;-;;;Sem Vínculo;-; ;2009;0,00;Negativo;-;-;NÃO;INDEFINIDO;*
710675;https://discricionarias.transferegov.sistema.gov.br/voluntarias/ConsultarProposta/ResultadoDaConsultaDePropostaDetalharProposta.do?idProposta=100563&Usr=guest&Pwd=guest;PB;JOÃO PESSOA;09112236000194;FUNDACAO NAPOLEAO LAUREANO;CONVENIO;NÃO;FUNDAMENTALMENTE É ATENDER COM QUALIDADE E EFICIÊNCIA A DEMANDA DE PACIENTES PORTADORES DE CÂNCER DO SISTEMA ÚNICO DE SAÚDE-SUS, GERANDO EFICÁCIA NO TRATAMENTO ONCOLÓGICO, COM A AQUISIÇÃO DE NOVOS EQUIPAMENTOS PARA O SERVIÇO DE CENTRO CIRÚRGICO NA CENTRAL DE MATERIAL ESTERELIZADO(CME)DO HOSPITAL NAPOLEÃO LAUREANO MANTIDO PELA FUNDAÇÃO LAUREANO.;Prestação de Contas Concluída;Organização da Sociedade Civil;31/12/2009;31/12/2011; 150.000,00 ; 150.000,00 ; 150.000,00 ; -   ; 150.000,00 ; -   ; 6.568,38 ;NÃO;PENDENTE;MONITORAR  DESEMBOLSO;0%;PENDENTE;Indefinida;NÃO HOUVE DESEMBOLSO;13/05/2014;;0;Baixa Execução;PENDENTE;0,00%;PENDENTE;NÃO INCLUÍDOS;FNS: 100,00%   |  Convenente: 100,00%;SEM INFORMAÇÃO;SEM IFORMAÇÃO;Fiscal Não Identificado;25000.651929/2009-79;-;;;Sem Vínculo;-; ;2009;0,00;Negativo;-;-;NÃO;INDEFINIDO;*
712103;https://discricionarias.transferegov.sistema.gov.br/voluntarias/ConsultarProposta/ResultadoDaConsultaDePropostaDetalharProposta.do?idProposta=99015&Usr=guest&Pwd=guest;PB;SÃO MIGUEL DE TAIPU;08868515000110;MUNICIPIO DE SAO MIGUEL DE TAIPU;CONTRATO DE REPASSE;NÃO;CONSTRUÇÃO DE UNIDADE DE SAUDE NO LOTEAMENTO NOVA ESPERANÇA;Convênio Anulado;Administração Pública Municipal;30/12/2009;30/06/2013; 204.100,00 ; -   ; -   ; 4.100,00 ; -   ; -   ; -   ;NÃO;PENDENTE;MONITORAR  DESEMBOLSO;0%;PENDENTE;Indefinida;NÃO HOUVE DESEMBOLSO;30/06/2013;;0;Baixa Execução;PENDENTE;0,00%;PENDENTE;NÃO INCLUÍDOS;FNS: 0,00%   |  Convenente: -;SEM INFORMAÇÃO;SEM IFORMAÇÃO;Fiscal Não Identificado;061845/2009;-;;;Sem Vínculo;-; ;2009;0,00;Negativo;-;-;NÃO;INDEFINIDO;*
714636;https://discricionarias.transferegov.sistema.gov.br/voluntarias/ConsultarProposta/ResultadoDaConsultaDePropostaDetalharProposta.do?idProposta=105334&Usr=guest&Pwd=guest;PB;ARAÇAGI;08778029000100;MUNICIPIO DE ARACAGI;CONTRATO DE REPASSE;NÃO;CONSTRUÇÃO DE 2 (DUAS) UNIDADES BÁSICAS DE SAÚDE;Prestação de Contas Concluída;Administração Pública Municipal;31/12/2009;30/03/2023; 414.768,50 ; 400.000,00 ; 400.000,00 ; 14.768,50 ; 252.104,51 ; -   ; 532.980,50 ;SIM;PENDENTE;MONITORAR  DESEMBOLSO;0%;PENDENTE;Indefinida;NÃO HOUVE DESEMBOLSO;20/04/2019;;0;Baixa Execução;PENDENTE;0,00%;PENDENTE;NÃO INCLUÍDOS;FNS: 100,00%   |  Convenente: 60,91%;SEM INFORMAÇÃO;SEM IFORMAÇÃO;Fiscal Não Identificado;068074/2009;0,698922;;;Sem Vínculo;-; ;2009;13.883,06;Negativo;-;-;NÃO;INDEFINIDO;*
714637;https://discricionarias.transferegov.sistema.gov.br/voluntarias/ConsultarProposta/ResultadoDaConsultaDePropostaDetalharProposta.do?idProposta=86439&Usr=guest&Pwd=guest;PB;MAMANGUAPE;08898124000148;MUNICIPIO DE MAMANGUAPE;CONTRATO DE REPASSE;NÃO;AMPLIAÇÃO DE UNIDADE DE ATENÇÃO ESPECIALIZADA EM SAÚDE;Convênio Anulado;Administração Pública Municipal;31/12/2009;30/06/2013; 510.500,00 ; -   ; -   ; 10.500,00 ; -   ; -   ; -   ;NÃO;PENDENTE;MONITORAR  DESEMBOLSO;0%;PENDENTE;Indefinida;NÃO HOUVE DESEMBOLSO;30/06/2013;;0;Baixa Execução;PENDENTE;0,00%;PENDENTE;NÃO INCLUÍDOS;FNS: 0,00%   |  Convenente: -;SEM INFORMAÇÃO;SEM IFORMAÇÃO;Fiscal Não Identificado;049547/2009;-;;;Sem Vínculo;-; ;2009;0,00;Negativo;-;-;NÃO;INDEFINIDO;*
716022;https://discricionarias.transferegov.sistema.gov.br/voluntarias/ConsultarProposta/ResultadoDaConsultaDePropostaDetalharProposta.do?idProposta=122777&Usr=guest&Pwd=guest;PB;JOÃO PESSOA;09112236000194;FUNDACAO NAPOLEAO LAUREANO;CONVENIO;NÃO;FUNDAMENTALMENTE É ATENDER COM QUALIDADE E EFICIÊNCIA A DEMANDA DE PACIENTES PORTADORES DE CÂNCER DO SISTEMA ÚNICO DE SAÚDE-SUS, GERANDO EFICÁCIA NO TRATAMENTO ONCOLÓGICO, COM A AQUISIÇÃO DE MATERIAL MÉDICO-HOSPITALAR PARA O HOSPITAL NAPOLEÃO LAUREANO MANTIDO PELA FUNDAÇÃO LAUREANO.;Prestação de Contas Concluída;Organização da Sociedade Civil;31/12/2009;30/12/2013; 186.305,00 ; 186.305,00 ; 186.305,00 ; -   ; 182.050,00 ; -   ; 7.419,95 ;NÃO;PENDENTE;MONITORAR  DESEMBOLSO;0%;PENDENTE;1ª Prioridade;NÃO HOUVE DESEMBOLSO;15/11/2014;;0;Baixa Execução;PENDENTE;0,00%;PENDENTE;NÃO INCLUÍDOS;FNS: 100,00%   |  Convenente: 97,72%;SEM INFORMAÇÃO;SEM IFORMAÇÃO;Fiscal Não Identificado;25000655509200961;-;;;Sem Vínculo;-; ;2009;0,00;Negativo;-;-;NÃO;1ª Prioridade;*
716024;https://discricionarias.transferegov.sistema.gov.br/voluntarias/ConsultarProposta/ResultadoDaConsultaDePropostaDetalharProposta.do?idProposta=122847&Usr=guest&Pwd=guest;PB;JOÃO PESSOA;09112236000194;FUNDACAO NAPOLEAO LAUREANO;CONVENIO;NÃO;FUNDAMENTALMENTE É ATENDER COM QUALIDADE E EFICIÊNCIA A DEMANDA DE PACIENTES PORTADORES DE CÂNCER DO SISTEMA ÚNICO DE SAÚDE-SUS, GERANDO EFICÁCIA NO TRATAMENTO ONCOLÓGICO, COM A AQUISIÇÃO DE MATERIAL-MÉDICO HOSPITALAR PARA O SERVIÇO DE FARMÁCIA DO HOSPITAL NAPOLEÃO LAUREANO MANTIDO PELA FUNDAÇÃO LAUREANO.;Prestação de Contas Concluída;Organização da Sociedade Civil;31/12/2009;31/12/2011; 100.000,00 ; 100.000,00 ; 100.000,00 ; -   ; 86.450,00 ; -   ; 16.492,43 ;NÃO;PENDENTE;MONITORAR  DESEMBOLSO;0%;PENDENTE;Indefinida;NÃO HOUVE DESEMBOLSO;30/01/2012;;0;Baixa Execução;PENDENTE;0,00%;PENDENTE;NÃO INCLUÍDOS;FNS: 100,00%   |  Convenente: 86,45%;SEM INFORMAÇÃO;SEM IFORMAÇÃO;Fiscal Não Identificado;25000.670181/2009-11;-;;;Sem Vínculo;-; ;2009;0,00;Negativo;-;-;NÃO;INDEFINIDO;*
716188;https://discricionarias.transferegov.sistema.gov.br/voluntarias/ConsultarProposta/ResultadoDaConsultaDePropostaDetalharProposta.do?idProposta=124376&Usr=guest&Pwd=guest;PB;JOÃO PESSOA;09112236000194;FUNDACAO NAPOLEAO LAUREANO;CONVENIO;NÃO;FUNDAMENTALMENTE É ATENDER COM QUALIDADE E EFICIÊNCIA A DEMANDA DE PACIENTES PORTADORES DE CÂNCER DO SISTEMA ÚNICO DE SAÚDE-SUS, GERANDO EFICÁCIA NO TRATAMENTO ONCOLÓGICO, COM A AQUISIÇÃO DE NOVOS EQUIPAMENTOS PARA O SERVIÇO DE UNIDADE DE TERAPIA INTENSIVA E CENTRO CIRÚRGICO DO HOSPITAL NAPOLEÃO LAUREANO MANTIDO PELA FUNDAÇÃO LAUREANO.;Prestação de Contas Concluída;Organização da Sociedade Civil;31/12/2009;12/11/2013; 200.000,00 ; 200.000,00 ; 200.000,00 ; -   ; 200.000,00 ; -   ; 2.714,47 ;NÃO;PENDENTE;MONITORAR  DESEMBOLSO;0%;PENDENTE;1ª Prioridade;NÃO HOUVE DESEMBOLSO;12/12/2013;;0;Baixa Execução;PENDENTE;0,00%;PENDENTE;NÃO INCLUÍDOS;FNS: 100,00%   |  Convenente: 100,00%;SEM INFORMAÇÃO;SEM IFORMAÇÃO;Fiscal Não Identificado;25000655426200972;-;;;Sem Vínculo;-; ;2009;0,00;Negativo;-;-;NÃO;1ª Prioridade;*
716205;https://discricionarias.transferegov.sistema.gov.br/voluntarias/ConsultarProposta/ResultadoDaConsultaDePropostaDetalharProposta.do?idProposta=129065&Usr=guest&Pwd=guest;PB;CAMPINA GRANDE;08841421000157;FUNDACAO ASSISTENCIAL DA PARAIBA- FAP;CONVENIO;NÃO;AQUISIÇÃO DE EQUIPAMENTO E MATERIAL PERMANENTE PARA UNIDADE DE ATENÇÃO ESPECIALIZADA EM SAÚDE.;Prestação de Contas Concluída;Organização da Sociedade Civil;31/12/2009;10/01/2012; 100.000,00 ; 100.000,00 ; 100.000,00 ; -   ; 67.270,00 ; -   ; -   ;NÃO;PENDENTE;MONITORAR  DESEMBOLSO;0%;PENDENTE;Indefinida;NÃO HOUVE DESEMBOLSO;09/02/2012;;0;Baixa Execução;PENDENTE;0,00%;PENDENTE;NÃO INCLUÍDOS;FNS: 100,00%   |  Convenente: 67,27%;SEM INFORMAÇÃO;SEM IFORMAÇÃO;Fiscal Não Identificado;25000655436200916;-;;;Sem Vínculo;-; ;2009;0,00;Negativo;-;-;NÃO;INDEFINIDO;*
716234;https://discricionarias.transferegov.sistema.gov.br/voluntarias/ConsultarProposta/ResultadoDaConsultaDePropostaDetalharProposta.do?idProposta=129085&Usr=guest&Pwd=guest;PB;CAMPINA GRANDE;08841421000157;FUNDACAO ASSISTENCIAL DA PARAIBA- FAP;CONVENIO;NÃO;MANUTENÇÃO DE UNIDADE DE SAÚDE.;Convênio Anulado;Organização da Sociedade Civil;31/12/2009;30/12/2012; 87.366,50 ; -   ; -   ; -   ; -   ; -   ; -   ;NÃO;PENDENTE;MONITORAR  DESEMBOLSO;0%;PENDENTE;Indefinida;NÃO HOUVE DESEMBOLSO;29/01/2013;;0;Baixa Execução;PENDENTE;0,00%;PENDENTE;NÃO INCLUÍDOS;FNS: 0,00%   |  Convenente: -;SEM INFORMAÇÃO;SEM IFORMAÇÃO;Fiscal Não Identificado;25000655477200902;-;;;Sem Vínculo;-; ;2009;0,00;Negativo;-;-;NÃO;INDEFINIDO;*
716307;https://discricionarias.transferegov.sistema.gov.br/voluntarias/ConsultarProposta/ResultadoDaConsultaDePropostaDetalharProposta.do?idProposta=128861&Usr=guest&Pwd=guest;PB;CAMPINA GRANDE;08841421000157;FUNDACAO ASSISTENCIAL DA PARAIBA- FAP;CONVENIO;NÃO;AQUISIÇÃO DE EQUIPAMENTO E MATERIAL PERMANENTE PARA UNIDADE DE ATENÇÃO ESPECIALIZADA EM SAÚDE.;Convênio Anulado;Organização da Sociedade Civil;31/12/2009;30/12/2014; 445.100,00 ; -   ; -   ; -   ; -   ; -   ; -   ;NÃO;PENDENTE;MONITORAR  DESEMBOLSO;0%;PENDENTE;Indefinida;NÃO HOUVE DESEMBOLSO;29/01/2015;;0;Baixa Execução;PENDENTE;0,00%;PENDENTE;NÃO INCLUÍDOS;FNS: 0,00%   |  Convenente: -;SEM INFORMAÇÃO;SEM IFORMAÇÃO;Fiscal Não Identificado;25000655449200987;-;;;Sem Vínculo;-; ;2009;0,00;Negativo;-;-;NÃO;INDEFINIDO;*
716324;https://discricionarias.transferegov.sistema.gov.br/voluntarias/ConsultarProposta/ResultadoDaConsultaDePropostaDetalharProposta.do?idProposta=128223&Usr=guest&Pwd=guest;PB;CAMPINA GRANDE;08841421000157;FUNDACAO ASSISTENCIAL DA PARAIBA- FAP;CONVENIO;NÃO;AQUISIÇÃO DE EQUIPAMENTO E MATERIAL PERMANENTE PARA UNIDADE DE ATENÇÃO ESPECIALIZADA EM SAÚDE.;Convênio Anulado;Organização da Sociedade Civil;31/12/2009;30/12/2014; 200.000,00 ; -   ; -   ; -   ; -   ; -   ; -   ;NÃO;PENDENTE;MONITORAR  DESEMBOLSO;0%;PENDENTE;Indefinida;NÃO HOUVE DESEMBOLSO;29/01/2015;;0;Baixa Execução;PENDENTE;0,00%;PENDENTE;NÃO INCLUÍDOS;FNS: 0,00%   |  Convenente: -;SEM INFORMAÇÃO;SEM IFORMAÇÃO;Fiscal Não Identificado;25000655750200991;-;;;Sem Vínculo;-; ;2009;0,00;Negativo;-;-;NÃO;INDEFINIDO;*
716338;https://discricionarias.transferegov.sistema.gov.br/voluntarias/ConsultarProposta/ResultadoDaConsultaDePropostaDetalharProposta.do?idProposta=123688&Usr=guest&Pwd=guest;PB;JOÃO PESSOA;09112236000194;FUNDACAO NAPOLEAO LAUREANO;CONVENIO;NÃO;FUNDAMENTALMENTE É ATENDER COM QUALIDADE E EFICIÊNCIA A DEMANDA DE PACIENTES PORTADORES DE CÂNCER DO SISTEMA ÚNICO DE SAÚDE-SUS, GERANDO EFICÁCIA NO TRATAMENTO ONCOLÓGICO, COM A AQUISIÇÃO DE NOVOS EQUIPAMENTOS PARA O SERVIÇO DE CENTRO CIRÚRGICO E HEMATOLOGIA DO HOSPITAL NAPOLEÃO LAUREANO MANTIDO PELA FUNDAÇÃO LAUREANO.;Prestação de Contas Concluída;Organização da Sociedade Civil;31/12/2009;12/11/2013; 112.000,00 ; 112.000,00 ; 112.000,00 ; -   ; 107.600,00 ; -   ; 7.771,62 ;NÃO;PENDENTE;MONITORAR  DESEMBOLSO;0%;PENDENTE;Indefinida;NÃO HOUVE DESEMBOLSO;13/12/2014;;0;Baixa Execução;PENDENTE;0,00%;PENDENTE;NÃO INCLUÍDOS;FNS: 100,00%   |  Convenente: 96,07%;SEM INFORMAÇÃO;SEM IFORMAÇÃO;JULIO;25000655420200903;-;;;25/09/2016;-; ;2009;0,00;Negativo;-;-;NÃO;INDEFINIDO;*
718210;https://discricionarias.transferegov.sistema.gov.br/voluntarias/ConsultarProposta/ResultadoDaConsultaDePropostaDetalharProposta.do?idProposta=127151&Usr=guest&Pwd=guest;PB;POÇO DE JOSÉ DE MOURA;01615784000125;MUNICIPIO DE POCO DE JOSE DE MOURA;CONVENIO;NÃO;AQUISIÇÃO DE EQUIPAMENTOS E MATERIAL PERMANENTE PARA POSTO DE SAÚDE DE CASAS VELAs, 5957214 E POSTO DE SAÚDE DE TORRÕES, 5957213;Convênio Anulado;Administração Pública Municipal;31/12/2009;30/12/2014; 102.100,00 ; -   ; -   ; 2.100,00 ; -   ; -   ; -   ;NÃO;PENDENTE;MONITORAR  DESEMBOLSO;0%;PENDENTE;Indefinida;NÃO HOUVE DESEMBOLSO;30/12/2014;;0;Baixa Execução;PENDENTE;0,00%;PENDENTE;NÃO INCLUÍDOS;FNS: 0,00%   |  Convenente: -;SEM INFORMAÇÃO;SEM IFORMAÇÃO;Fiscal Não Identificado;25000657727200931;-;;;Sem Vínculo;-; ;2009;0,00;Negativo;-;-;NÃO;INDEFINIDO;*
718611;https://discricionarias.transferegov.sistema.gov.br/voluntarias/ConsultarProposta/ResultadoDaConsultaDePropostaDetalharProposta.do?idProposta=127101&Usr=guest&Pwd=guest;PB;SANTA LUZIA;09090689000167;MUNICIPIO DE SANTA LUZIA;CONTRATO DE REPASSE;NÃO;CONSTRUÇÃO DE UNIDADE DE SAÚDE;Convênio Anulado;Administração Pública Municipal;30/12/2009;30/06/2013; 102.100,00 ; -   ; -   ; 2.100,00 ; -   ; -   ; -   ;NÃO;PENDENTE;MONITORAR  DESEMBOLSO;0%;PENDENTE;Indefinida;NÃO HOUVE DESEMBOLSO;29/08/2013;;0;Baixa Execução;PENDENTE;0,00%;PENDENTE;NÃO INCLUÍDOS;FNS: 0,00%   |  Convenente: -;SEM INFORMAÇÃO;SEM IFORMAÇÃO;Fiscal Não Identificado;087126/2009;-;;;Sem Vínculo;-; ;2009;0,00;Negativo;-;-;NÃO;INDEFINIDO;*
723930;https://discricionarias.transferegov.sistema.gov.br/voluntarias/ConsultarProposta/ResultadoDaConsultaDePropostaDetalharProposta.do?idProposta=113596&Usr=guest&Pwd=guest;PB;JOÃO PESSOA;08778326000156;MUNICIPIO DE JOAO PESSOA;CONVENIO;NÃO;Realização de capacitação e formação de agentes multiplicadores para promover a qualidade de vida das Pessoas Vivendo com HIV/Aids fortalecendo os seus direitos, a adesão ao tratamento, como também, ampliar o acesso ao diagnóstico, insumos e informações a população em geral.;Convênio Anulado;Administração Pública Municipal;31/12/2009;18/12/2015; 500.000,00 ; -   ; -   ; 40.000,00 ; -   ; -   ; -   ;NÃO;PENDENTE;MONITORAR  DESEMBOLSO;0%;PENDENTE;Indefinida;NÃO HOUVE DESEMBOLSO;17/01/2016;;0;Baixa Execução;PENDENTE;0,00%;PENDENTE;NÃO INCLUÍDOS;FNS: 0,00%   |  Convenente: -;SEM INFORMAÇÃO;SEM IFORMAÇÃO;Fiscal Não Identificado;25000663201/2009-90;-;;;Sem Vínculo;-; ;2009;0,00;Negativo;-;-;NÃO;INDEFINIDO;*
725928;https://discricionarias.transferegov.sistema.gov.br/voluntarias/ConsultarProposta/ResultadoDaConsultaDePropostaDetalharProposta.do?idProposta=111751&Usr=guest&Pwd=guest;PB;ALAGOINHA;08926263000138;MUNICIPIO DE ALAGOINHA;CONTRATO DE REPASSE;NÃO;CONCLUSÃO DA UNIDADE DE SAÚDE DE ALAGOINHA - PB;Convênio Anulado;Administração Pública Municipal;31/12/2009;30/12/2013; 184.000,00 ; -   ; -   ; 4.000,00 ; -   ; -   ; -   ;NÃO;PENDENTE;MONITORAR  DESEMBOLSO;0%;PENDENTE;Indefinida;NÃO HOUVE DESEMBOLSO;30/12/2013;;0;Baixa Execução;PENDENTE;0,00%;PENDENTE;NÃO INCLUÍDOS;FNS: 0,00%   |  Convenente: -;SEM INFORMAÇÃO;SEM IFORMAÇÃO;Fiscal Não Identificado;074029/2009;-;;;Sem Vínculo;-; ;2009;0,00;Negativo;-;-;NÃO;INDEFINIDO;*
726008;https://discricionarias.transferegov.sistema.gov.br/voluntarias/ConsultarProposta/ResultadoDaConsultaDePropostaDetalharProposta.do?idProposta=153507&Usr=guest&Pwd=guest;PB;GADO BRAVO;01612651000103;MUNICIPIO DE GADO BRAVO;CONTRATO DE REPASSE;NÃO;Ampliação da Unidade Básica de Saúde Severino Rufino Barbosa em Gado Bravo - PB;Convênio Anulado;Administração Pública Municipal;28/09/2010;27/10/2013; 154.640,00 ; -   ; -   ; 4.640,00 ; -   ; -   ; -   ;NÃO;PENDENTE;MONITORAR  DESEMBOLSO;0%;PENDENTE;Indefinida;NÃO HOUVE DESEMBOLSO;26/12/2013;;0;Baixa Execução;PENDENTE;0,00%;PENDENTE;NÃO INCLUÍDOS;FNS: 0,00%   |  Convenente: -;SEM INFORMAÇÃO;SEM IFORMAÇÃO;Fiscal Não Identificado;111719/2009;-;;;Sem Vínculo;-; ;2009;0,00;Negativo;-;-;NÃO;INDEFINIDO;*
726013;https://discricionarias.transferegov.sistema.gov.br/voluntarias/ConsultarProposta/ResultadoDaConsultaDePropostaDetalharProposta.do?idProposta=153541&Usr=guest&Pwd=guest;PB;DONA INÊS;08782146000148;MUNICIPIO DE DONA INES;CONTRATO DE REPASSE;NÃO;Ampliação do Centro de Saúde de Dona Inês – PB;Convênio Anulado;Administração Pública Municipal;20/10/2010;19/12/2013; 154.640,00 ; -   ; -   ; 4.640,00 ; -   ; -   ; -   ;NÃO;PENDENTE;MONITORAR  DESEMBOLSO;0%;PENDENTE;Indefinida;NÃO HOUVE DESEMBOLSO;17/02/2014;;0;Baixa Execução;PENDENTE;0,00%;PENDENTE;NÃO INCLUÍDOS;FNS: 0,00%   |  Convenente: -;SEM INFORMAÇÃO;SEM IFORMAÇÃO;Fiscal Não Identificado;111745/2009;-;;;Sem Vínculo;-; ;2009;0,00;Negativo;-;-;NÃO;INDEFINIDO;*
726018;https://discricionarias.transferegov.sistema.gov.br/voluntarias/ConsultarProposta/ResultadoDaConsultaDePropostaDetalharProposta.do?idProposta=153716&Usr=guest&Pwd=guest;PB;NATUBA;09072448000195;MUNICIPIO DE NATUBA;CONTRATO DE REPASSE;NÃO;Ampliação do Centro de Saúde de Natuba – PB;Prestação de Contas Concluída;Administração Pública Municipal;28/09/2010;30/10/2018; 154.640,00 ; 150.000,00 ; 150.000,00 ; 4.640,00 ; 132.833,62 ; -   ; 78.141,06 ;NÃO;PENDENTE;MONITORAR  DESEMBOLSO;0%;PENDENTE;Indefinida;NÃO HOUVE DESEMBOLSO;12/09/2020;;0;Baixa Execução;PENDENTE;0,00%;PENDENTE;NÃO INCLUÍDOS;FNS: 100,00%   |  Convenente: 88,56%;SEM INFORMAÇÃO;SEM IFORMAÇÃO;Fiscal Não Identificado;111908/2009;-;;;Sem Vínculo;-; ;2009;0,00;Negativo;-;-;NÃO;INDEFINIDO;*
726024;https://discricionarias.transferegov.sistema.gov.br/voluntarias/ConsultarProposta/ResultadoDaConsultaDePropostaDetalharProposta.do?idProposta=153738&Usr=guest&Pwd=guest;PB;BARRA DE SÃO MIGUEL;08701708000181;MUNICIPIO DE BARRA DE SAO MIGUEL;CONTRATO DE REPASSE;NÃO;Ampliação da Unidade de Saúde da Família M. Braz Cândido no Município de Barra de São Miguel - PB;Prestação de Contas Aprovada;Administração Pública Municipal;30/12/2010;29/12/2014; 154.640,00 ; 150.000,00 ; 150.000,00 ; 4.640,00 ; 149.780,99 ; -   ; 16.484,40 ;NÃO;PENDENTE;MONITORAR  DESEMBOLSO;0%;PENDENTE;Indefinida;NÃO HOUVE DESEMBOLSO;15/04/2015;;0;Baixa Execução;PENDENTE;0,00%;PENDENTE;NÃO INCLUÍDOS;FNS: 100,00%   |  Convenente: 96,86%;SEM INFORMAÇÃO;SEM IFORMAÇÃO;Fiscal Não Identificado;111928/2009;-;;;Sem Vínculo;-; ;2009;4.640,00;Negativo;-;-;NÃO;INDEFINIDO;*
726030;https://discricionarias.transferegov.sistema.gov.br/voluntarias/ConsultarProposta/ResultadoDaConsultaDePropostaDetalharProposta.do?idProposta=154110&Usr=guest&Pwd=guest;PB;PEDRAS DE FOGO;09072455000197;MUNICIPIO DE PEDRAS DE FOGO;CONTRATO DE REPASSE;NÃO;Ampliação da Unidade de Saúde da Família Santo Antônio no Município de Pedras de Fogo - PB;Prestação de Contas Aprovada com Ressalvas;Administração Pública Municipal;28/09/2010;29/10/2015; 154.640,00 ; 150.000,00 ; 150.000,00 ; 4.640,00 ; -   ; -   ; -   ;NÃO;PENDENTE;MONITORAR  DESEMBOLSO;0%;PENDENTE;Indefinida;NÃO HOUVE DESEMBOLSO;28/12/2015;;0;Baixa Execução;PENDENTE;0,00%;PENDENTE;NÃO INCLUÍDOS;FNS: 100,00%   |  Convenente: 0,00%;SEM INFORMAÇÃO;SEM IFORMAÇÃO;Fiscal Não Identificado;112280/2009;-;;;Sem Vínculo;-; ;2009;0,00;Negativo;-;-;NÃO;INDEFINIDO;*
726630;https://discricionarias.transferegov.sistema.gov.br/voluntarias/ConsultarProposta/ResultadoDaConsultaDePropostaDetalharProposta.do?idProposta=146978&Usr=guest&Pwd=guest;PB;JOÃO PESSOA;08778268000160;SECRETARIA DE ESTADO DA SAUDE - SES;CONTRATO DE REPASSE;NÃO;CONSTRUÇÃO DE UNIDADES BASICAS DE SAÚDE, AQUISIÇÃO DE EQUIPAMENTO E MATERIAL PERMANENTE, AQUISIÇÃO DE UNIDADE MÓVEL E AQUISIÇÃO DE VEÍCULO PARA AS EQUIPES ESTRATÉGICAS DE SAÚDE DA FAMÍLIA.;Convênio Anulado;Administração Pública Estadual ou do Distrito Federal;31/12/2009;30/06/2013; 1.650.000,00 ; -   ; -   ; 150.000,00 ; -   ; -   ; -   ;NÃO;PENDENTE;MONITORAR  DESEMBOLSO;0%;PENDENTE;Indefinida;NÃO HOUVE DESEMBOLSO;29/08/2013;;0;Baixa Execução;PENDENTE;0,00%;PENDENTE;NÃO INCLUÍDOS;FNS: 0,00%   |  Convenente: -;SEM INFORMAÇÃO;SEM IFORMAÇÃO;Fiscal Não Identificado;105568/2009;-;;;Sem Vínculo;-; ;2009;0,00;Negativo;-;-;NÃO;INDEFINIDO;*
730642;https://discricionarias.transferegov.sistema.gov.br/voluntarias/ConsultarProposta/ResultadoDaConsultaDePropostaDetalharProposta.do?idProposta=123872&Usr=guest&Pwd=guest;PB;JOÃO PESSOA;08778268000918;SECRETARIA DE ESTADO DA SAUDE - SES;CONVENIO;NÃO;Aquisição de Equipamentos e Materiais Permanentes.;Prestação de Contas Concluída;Administração Pública Estadual ou do Distrito Federal;31/12/2009;30/10/2016; 668.160,00 ; 532.118,00 ; 532.118,00 ; 136.042,00 ; 485.995,64 ; -   ; 323.317,56 ;NÃO;PENDENTE;MONITORAR  DESEMBOLSO;0%;PENDENTE;Indefinida;NÃO HOUVE DESEMBOLSO;19/09/2017;;0;Baixa Execução;PENDENTE;0,00%;PENDENTE;NÃO INCLUÍDOS;FNS: 100,00%   |  Convenente: 72,74%;SEM INFORMAÇÃO;SEM IFORMAÇÃO;Fiscal Não Identificado;25000.655855/2009-40;-;;;Sem Vínculo;-; ;2009;136.042,00;Negativo;-;-;NÃO;INDEFINIDO;*
731468;https://discricionarias.transferegov.sistema.gov.br/voluntarias/ConsultarProposta/ResultadoDaConsultaDePropostaDetalharProposta.do?idProposta=131411&Usr=guest&Pwd=guest;PB;JOÃO PESSOA;08778268000160;SECRETARIA DE ESTADO DA SAUDE - SES;CONVENIO;NÃO;Ampliação da rede de serviços, proporcionando um atendimento especializado e qualificado para as pessoas portadoras de deficiência em todo o Estado.;Convênio Anulado;Administração Pública Estadual ou do Distrito Federal;31/12/2009;30/12/2014; 440.000,00 ; -   ; -   ; 40.000,00 ; -   ; -   ; -   ;NÃO;PENDENTE;MONITORAR  DESEMBOLSO;0%;PENDENTE;Indefinida;NÃO HOUVE DESEMBOLSO;29/01/2015;;0;Baixa Execução;PENDENTE;0,00%;PENDENTE;NÃO INCLUÍDOS;FNS: 0,00%   |  Convenente: -;SEM INFORMAÇÃO;SEM IFORMAÇÃO;Fiscal Não Identificado;25000.667164/2009-99;-;;;Sem Vínculo;-; ;2009;0,00;Negativo;-;-;NÃO;INDEFINIDO;*
731497;https://discricionarias.transferegov.sistema.gov.br/voluntarias/ConsultarProposta/ResultadoDaConsultaDePropostaDetalharProposta.do?idProposta=159306&Usr=guest&Pwd=guest;PB;JOÃO PESSOA;08778268000160;SECRETARIA DE ESTADO DA SAUDE - SES;CONVENIO;NÃO;Aquisição de equipamento e material permanente visando implantar e ampliar o sistema de fluoretação nas águas de abastecimento das cidades de João Pessoa / Bayeux / Cabedelo / e o Distrito de Várzea Nova (Santa Rita) e de Campina Grande / Alagoa Nova / Barra de Santana / Caturité / Galante / Lagoa Seca / Pocinhos / Queimadas e São Sebastião de Lagoa de Roça.;Convênio Anulado;Administração Pública Estadual ou do Distrito Federal;31/12/2009;25/10/2016; 1.043.600,00 ; -   ; -   ; 104.360,00 ; -   ; -   ; -   ;NÃO;PENDENTE;MONITORAR  DESEMBOLSO;0%;PENDENTE;Indefinida;NÃO HOUVE DESEMBOLSO;24/11/2016;;0;Baixa Execução;PENDENTE;0,00%;PENDENTE;NÃO INCLUÍDOS;FNS: 0,00%   |  Convenente: -;SEM INFORMAÇÃO;SEM IFORMAÇÃO;Fiscal Não Identificado;25000.669053/2009-17;-;;;Sem Vínculo;-; ;2009;0,00;Negativo;-;-;NÃO;INDEFINIDO;*
731507;https://discricionarias.transferegov.sistema.gov.br/voluntarias/ConsultarProposta/ResultadoDaConsultaDePropostaDetalharProposta.do?idProposta=134111&Usr=guest&Pwd=guest;PB;JOÃO PESSOA;08778268000160;SECRETARIA DE ESTADO DA SAUDE - SES;CONVENIO;NÃO;Capacitação das Parteiras Tradicionais da Paraíba;Prestação de Contas Concluída;Administração Pública Estadual ou do Distrito Federal;31/12/2009;30/09/2017; 110.000,00 ; 100.000,00 ; 100.000,00 ; 10.000,00 ; 22.815,00 ; -   ; 124.645,77 ;SIM;PENDENTE;MONITORAR  DESEMBOLSO;0%;PENDENTE;Indefinida;NÃO HOUVE DESEMBOLSO;17/05/2018;;0;Baixa Execução;PENDENTE;0,00%;PENDENTE;NÃO INCLUÍDOS;FNS: 100,00%   |  Convenente: 20,74%;SEM INFORMAÇÃO;SEM IFORMAÇÃO;Fiscal Não Identificado;25000.668484/2009-66;0,89337589;;;Sem Vínculo;-; ;2009;10.000,00;Negativo;-;-;NÃO;INDEFINIDO;*
737169;https://discricionarias.transferegov.sistema.gov.br/voluntarias/ConsultarProposta/ResultadoDaConsultaDePropostaDetalharProposta.do?idProposta=155360&Usr=guest&Pwd=guest;PB;LAGOA DE DENTRO;09071622000185;MUNICIPIO DE LAGOA DE DENTRO;CONTRATO DE REPASSE;NÃO;Ampliação de Unidade Atenção Básica de Saúde.;Convênio Anulado;Administração Pública Municipal;20/10/2010;20/09/2013; 153.100,00 ; -   ; -   ; 3.100,00 ; -   ; -   ; -   ;NÃO;PENDENTE;MONITORAR  DESEMBOLSO;0%;PENDENTE;Indefinida;NÃO HOUVE DESEMBOLSO;19/11/2013;;0;Baixa Execução;PENDENTE;0,00%;PENDENTE;NÃO INCLUÍDOS;FNS: 0,00%   |  Convenente: -;SEM INFORMAÇÃO;SEM IFORMAÇÃO;Fiscal Não Identificado;113368/2009;-;;;Sem Vínculo;-; ;2009;0,00;Negativo;-;-;NÃO;INDEFINIDO;*
737518;https://discricionarias.transferegov.sistema.gov.br/voluntarias/ConsultarProposta/ResultadoDaConsultaDePropostaDetalharProposta.do?idProposta=112136&Usr=guest&Pwd=guest;PB;JOÃO PESSOA;08778268000160;SECRETARIA DE ESTADO DA SAUDE - SES;CONTRATO DE REPASSE;NÃO;REFORMA DA CENTRAL ESTADUAL DE ARMAZENAMENTO E DISTRIBUIÇÃO DE IMUNOBIOLÓGICOS VISANDO ASSEGURAR A QUALIDADE DOS IMUNOBIOLÓGICOS OFERECIDOS A POPULAÇÃO E QUANTO AO DESENVOLVIMENTO DAS AÇÕES RELACIONADAS A IMUNIZAÇÃO NO ESTADO.AMPLIAÇÃO DA CENTRAL ESTADUAL DE ARMAZENAMENTO E DISTRIBUIÇÃO DE IMUNOBIOLÓGICOS VISANDO ASSEGURAR A QUALIDADE DOS IMUNOBIOLÓGICOS OFERECIDOS A POPULAÇÃO E QUANTO AO DESENVOLVIMENTO DAS AÇÕES RELACIONADAS A IMUNIZAÇÃO NO ESTADO.;Prestação de Contas Concluída;Administração Pública Estadual ou do Distrito Federal;30/12/2010;25/09/2019; 2.841.362,31 ; 700.000,00 ; 700.000,00 ; 1.446.362,31 ; 1.261.802,02 ; -   ; 295.119,31 ;NÃO;PENDENTE;MONITORAR  DESEMBOLSO;0%;PENDENTE;Indefinida;NÃO HOUVE DESEMBOLSO;14/01/2020;;0;Baixa Execução;PENDENTE;0,00%;PENDENTE;NÃO INCLUÍDOS;FNS: 50,18%   |  Convenente: 93,91%;SEM INFORMAÇÃO;SEM IFORMAÇÃO;Fiscal Não Identificado;74409;-;;;Sem Vínculo;-; ;2009;643.634,29;Negativo;-;-;NÃO;INDEFINIDO;*
748638;https://discricionarias.transferegov.sistema.gov.br/voluntarias/ConsultarProposta/ResultadoDaConsultaDePropostaDetalharProposta.do?idProposta=329169&Usr=guest&Pwd=guest;PB;CAMPINA GRANDE;08841421000157;FUNDACAO ASSISTENCIAL DA PARAIBA- FAP;CONVENIO;SIM;AQUISIÇÃO DE EQUIPAMENTO E MATERIAL PERMANENTE PARA UNIDADE DE ATENÇÃO ESPECIALIZADA EM SAÚDE.;Prestação de Contas Concluída;Organização da Sociedade Civil;26/11/2010;25/08/2015; 163.500,00 ; 156.960,00 ; 156.960,00 ; 6.540,00 ; 151.500,00 ; -   ; -   ;NÃO;PENDENTE;MONITORAR  DESEMBOLSO;0%;PENDENTE;Indefinida;NÃO HOUVE DESEMBOLSO;24/09/2015;21/07/2020;1762;Baixa Execução;PENDENTE;0,00%;PENDENTE;NÃO INCLUÍDOS;FNS: 100,00%   |  Convenente: 92,66%;SEM INFORMAÇÃO;SEM IFORMAÇÃO;Fiscal Não Identificado;25000.121823/2010-89;-;;;Sem Vínculo;-; ;2010;6.540,00;Negativo;-;-;NÃO;INDEFINIDO;*
748642;https://discricionarias.transferegov.sistema.gov.br/voluntarias/ConsultarProposta/ResultadoDaConsultaDePropostaDetalharProposta.do?idProposta=327559&Usr=guest&Pwd=guest;PB;CAMPINA GRANDE;08841421000157;FUNDACAO ASSISTENCIAL DA PARAIBA- FAP;CONVENIO;SIM;AQUISIÇÃO DE EQUIPAMENTO E MATERIAL PERMANENTE PARA UNIDADE DE ATENÇÃO ESPECIALIZADA EM SAÚDE.;Prestação de Contas Concluída;Organização da Sociedade Civil;26/11/2010;25/08/2015; 95.000,00 ; 91.200,00 ; 91.200,00 ; 3.800,00 ; 94.579,33 ; -   ; 4.231,13 ;NÃO;PENDENTE;MONITORAR  DESEMBOLSO;0%;PENDENTE;Indefinida;NÃO HOUVE DESEMBOLSO;30/12/2015;;0;Baixa Execução;PENDENTE;0,00%;PENDENTE;NÃO INCLUÍDOS;FNS: 100,00%   |  Convenente: 99,56%;SEM INFORMAÇÃO;SEM IFORMAÇÃO;Fiscal Não Identificado;25000.121821/2010-90;-;;;Sem Vínculo;-; ;2010;3.800,00;Negativo;-;-;NÃO;INDEFINIDO;*
748645;https://discricionarias.transferegov.sistema.gov.br/voluntarias/ConsultarProposta/ResultadoDaConsultaDePropostaDetalharProposta.do?idProposta=323349&Usr=guest&Pwd=guest;PB;CAMPINA GRANDE;08841421000157;FUNDACAO ASSISTENCIAL DA PARAIBA- FAP;CONVENIO;SIM;AQUISIÇÃO DE EQUIPAMENTO E MATERIAL PERMANENTE PARA UNIDADE DE ATENÇÃO ESPECIALIZADA EM SAÚDE.;Prestação de Contas Concluída;Organização da Sociedade Civil;22/12/2010;25/06/2014; 100.000,00 ; 96.000,00 ; 96.000,00 ; 4.000,00 ; 91.500,00 ; -   ; 4.859,73 ;NÃO;PENDENTE;MONITORAR  DESEMBOLSO;0%;PENDENTE;Indefinida;NÃO HOUVE DESEMBOLSO;08/01/2016;11/04/2019;1189;Baixa Execução;PENDENTE;0,00%;PENDENTE;NÃO INCLUÍDOS;FNS: 100,00%   |  Convenente: 95,31%;SEM INFORMAÇÃO;SEM IFORMAÇÃO;Fiscal Não Identificado;25000.121819/2010-11;-;;;Sem Vínculo;-; ;2010;0,00;Negativo;-;-;NÃO;INDEFINIDO;*
749658;https://discricionarias.transferegov.sistema.gov.br/voluntarias/ConsultarProposta/ResultadoDaConsultaDePropostaDetalharProposta.do?idProposta=338848&Usr=guest&Pwd=guest;PB;JOÃO PESSOA;09112236000194;FUNDACAO NAPOLEAO LAUREANO;CONVENIO;SIM;FUNDAMENTALMENTE É ATENDER COM QUALIDADE E EFICIÊNCIA A DEMANDA DE PACIENTES PORTADORES DE CÂNCER DO SISTEMA ÚNICO DE SAÚDE-SUS, GERANDO EFICÁCIA NO TRATAMENTO ONCOLÓGICO, COM A AQUISIÇÃO DE MEDICAMENTOS DE USO HOSPITALAR/AMBULATORIAL PARA A ADMINISTRAÇÃO E DISPENSAÇÃO NO HOSPITAL NAPOLEÃO LAUREANO MANTIDO PELA FUNDAÇÃO LAUREANO.;Convênio Anulado;Organização da Sociedade Civil;14/12/2010;05/12/2015; 150.000,00 ; -   ; -   ; 6.000,00 ; -   ; -   ; -   ;NÃO;PENDENTE;MONITORAR  DESEMBOLSO;0%;PENDENTE;Indefinida;NÃO HOUVE DESEMBOLSO;04/01/2016;21/11/2019;1417;Baixa Execução;PENDENTE;0,00%;PENDENTE;NÃO INCLUÍDOS;FNS: 0,00%   |  Convenente: -;SEM INFORMAÇÃO;SEM IFORMAÇÃO;Fiscal Não Identificado;25000.154525/2010-75;-;;;Sem Vínculo;-; ;2010;0,00;Negativo;-;-;NÃO;INDEFINIDO;*
749659;https://discricionarias.transferegov.sistema.gov.br/voluntarias/ConsultarProposta/ResultadoDaConsultaDePropostaDetalharProposta.do?idProposta=338841&Usr=guest&Pwd=guest;PB;JOÃO PESSOA;09112236000194;FUNDACAO NAPOLEAO LAUREANO;CONVENIO;SIM;FUNDAMENTALMENTE É ATENDER COM QUALIDADE E EFICIÊNCIA A DEMANDA DE PACIENTES PORTADORES DE CÂNCER DO SISTEMA ÚNICO DE SAÚDE-SUS, GERANDO EFICÁCIA NO TRATAMENTO ONCOLÓGICO, COM A AQUISIÇÃO DE MEDICAMENTOS DE USO HOSPITALAR/AMBULATORIAL PARA A ADMINISTRAÇÃO E DISPENSAÇÃO NO HOSPITAL NAPOLEÃO LAUREANO MANTIDO PELA FUNDAÇÃO LAUREANO.;Prestação de Contas Concluída;Organização da Sociedade Civil;15/12/2010;31/01/2015; 182.000,00 ; 174.720,00 ; 174.720,00 ; 7.280,00 ; 174.560,00 ; -   ; 34.225,11 ;NÃO;PENDENTE;MONITORAR  DESEMBOLSO;0%;PENDENTE;Indefinida;NÃO HOUVE DESEMBOLSO;30/11/2015;18/05/2017;535;Baixa Execução;PENDENTE;0,00%;PENDENTE;NÃO INCLUÍDOS;FNS: 100,00%   |  Convenente: 99,91%;SEM INFORMAÇÃO;SEM IFORMAÇÃO;Fiscal Não Identificado;25000.154528/2010-17;-;;;Sem Vínculo;-; ;2010;0,00;Negativo;-;-;NÃO;INDEFINIDO;*
749986;https://discricionarias.transferegov.sistema.gov.br/voluntarias/ConsultarProposta/ResultadoDaConsultaDePropostaDetalharProposta.do?idProposta=338827&Usr=guest&Pwd=guest;PB;JOÃO PESSOA;09112236000194;FUNDACAO NAPOLEAO LAUREANO;CONVENIO;SIM;AQUISIÇÃO DE MEDICAMENTOS;Prestação de Contas Concluída;Organização da Sociedade Civil;15/12/2010;21/07/2012; 200.000,00 ; 192.000,00 ; 192.000,00 ; 8.000,00 ; 200.000,00 ; -   ; 1.188,09 ;NÃO;PENDENTE;MONITORAR  DESEMBOLSO;0%;PENDENTE;Indefinida;NÃO HOUVE DESEMBOLSO;16/10/2015;;0;Baixa Execução;PENDENTE;0,00%;PENDENTE;NÃO INCLUÍDOS;FNS: 100,00%   |  Convenente: 100,00%;SEM INFORMAÇÃO;SEM IFORMAÇÃO;Fiscal Não Identificado;25000.159624/2010-43;-;;;Sem Vínculo;-; ;2010;8.000,00;Negativo;-;-;NÃO;INDEFINIDO;*
750310;https://discricionarias.transferegov.sistema.gov.br/voluntarias/ConsultarProposta/ResultadoDaConsultaDePropostaDetalharProposta.do?idProposta=331526&Usr=guest&Pwd=guest;PB;CAMPINA GRANDE;08841421000157;FUNDACAO ASSISTENCIAL DA PARAIBA- FAP;CONVENIO;SIM;AQUISIÇÃO DE EQUIPAMENTO E MATERIAL PERMANENTE PARA UNIDADE DE ATENÇÃO ESPECIALIZADA EM SAÚDE.;Prestação de Contas Concluída;Organização da Sociedade Civil;26/11/2010;29/08/2015; 194.100,00 ; 186.336,00 ; 186.336,00 ; 7.764,00 ; 151.700,00 ; -   ; -   ;NÃO;PENDENTE;MONITORAR  DESEMBOLSO;0%;PENDENTE;Indefinida;NÃO HOUVE DESEMBOLSO;30/11/2016;;0;Baixa Execução;PENDENTE;0,00%;PENDENTE;NÃO INCLUÍDOS;FNS: 100,00%   |  Convenente: 78,16%;SEM INFORMAÇÃO;SEM IFORMAÇÃO;JULIO;25000.129184/2010-08;-;;;28/10/2016;-; ;2010;7.764,00;Negativo;-;-;NÃO;INDEFINIDO;*
750324;https://discricionarias.transferegov.sistema.gov.br/voluntarias/ConsultarProposta/ResultadoDaConsultaDePropostaDetalharProposta.do?idProposta=338845&Usr=guest&Pwd=guest;PB;JOÃO PESSOA;09112236000194;FUNDACAO NAPOLEAO LAUREANO;CONVENIO;SIM;APOIO À MANUTENÇÃO DA UNIDADE DE SAÚDE COM A AQUISIÇÃO DE MATERIAL MÉDICO-HOSPITALAR PARA O SERVIÇO DE FARMÁCIA, VISANDO A DEMANDA DE PACIENTES PORTADORES DE CÂNCER DO SISTEMA ÚNICO DE SAÚDE-SUS.;Prestação de Contas Concluída;Organização da Sociedade Civil;14/12/2010;13/12/2012; 100.000,00 ; 96.000,00 ; 96.000,00 ; 4.000,00 ; 100.000,00 ; -   ; 4.143,21 ;NÃO;PENDENTE;MONITORAR  DESEMBOLSO;0%;PENDENTE;Indefinida;NÃO HOUVE DESEMBOLSO;18/09/2015;;0;Baixa Execução;PENDENTE;0,00%;PENDENTE;NÃO INCLUÍDOS;FNS: 100,00%   |  Convenente: 104,17%;SEM INFORMAÇÃO;SEM IFORMAÇÃO;Fiscal Não Identificado;25000.150529/2010-84;-;;;Sem Vínculo;-; ;2010;0,00;Negativo;-;-;NÃO;INDEFINIDO;*
750393;https://discricionarias.transferegov.sistema.gov.br/voluntarias/ConsultarProposta/ResultadoDaConsultaDePropostaDetalharProposta.do?idProposta=311911&Usr=guest&Pwd=guest;PB;JOÃO PESSOA;09185398000152;FUNDACAO DE APOIO A PESQUISA E A EXTENSAO;CONVENIO;NÃO;"OBJETIVO GERAL  •	Qualificar Gerentes de CEO’s e Coordenadores Municipais de Saúde Bucal em gestão de sistemas e serviços de Saúde Bucal, no estado da Paraíba, fortalecendo o direito humano à saúde  OBJETIVOS ESPECÍFICOS•	Discutir temas relacionados à gestão de sistemas de serviços em Saúde Bucal;•	Desenvolver ferramentas de gestão capazes de potencializar a organização e funcionamento do SUS;•	Ampliar a capacidade de equipes gestoras em coordenar e operar sistemas integrais de saúde em face de efetivação dos princípios e dos pactos no SUS;";Prestação de Contas Concluída;Organização da Sociedade Civil;29/11/2010;28/11/2014; 147.417,09 ; 141.520,41 ; 141.520,41 ; 5.896,68 ; -   ; -   ; 177.852,56 ;NÃO;PENDENTE;MONITORAR  DESEMBOLSO;0%;PENDENTE;Indefinida;NÃO HOUVE DESEMBOLSO;28/12/2014;;0;Baixa Execução;PENDENTE;0,00%;PENDENTE;NÃO INCLUÍDOS;FNS: 100,00%   |  Convenente: 0,00%;SEM INFORMAÇÃO;SEM IFORMAÇÃO;Fiscal Não Identificado;25000.190861/2010-81;-;;;Sem Vínculo;-; ;2010;5.896,68;Negativo;-;-;NÃO;INDEFINIDO;*
750608;https://discricionarias.transferegov.sistema.gov.br/voluntarias/ConsultarProposta/ResultadoDaConsultaDePropostaDetalharProposta.do?idProposta=305071&Usr=guest&Pwd=guest;PB;JOÃO PESSOA;08778268000160;SECRETARIA DE ESTADO DA SAUDE - SES;CONTRATO DE REPASSE;NÃO;REFORMA DO HEMOCENTRO DE JOÃO PESSOA.;Prestação de Contas em Análise;Administração Pública Estadual ou do Distrito Federal;30/12/2010;30/09/2025; 199.492,61 ; 177.292,80 ; 177.292,80 ; 22.199,81 ; 144.807,96 ; -   ; 114.731,86 ;NÃO;PENDENTE;MONITORAR  DESEMBOLSO;0%;PENDENTE;Indefinida;NÃO HOUVE DESEMBOLSO;29/11/2025;;0;Baixa Execução;PENDENTE;0,00%;PENDENTE;NÃO INCLUÍDOS;FNS: 100,00%   |  Convenente: 74,87%;SEM INFORMAÇÃO;SEM IFORMAÇÃO;Fiscal Não Identificado;059157/2010;-;;;Sem Vínculo;249; ;2010;16.126,28;Negativo;-;-;NÃO;INDEFINIDO;05/08/2026
751215;https://discricionarias.transferegov.sistema.gov.br/voluntarias/ConsultarProposta/ResultadoDaConsultaDePropostaDetalharProposta.do?idProposta=339059&Usr=guest&Pwd=guest;PB;JOÃO PESSOA;08778268000160;SECRETARIA DE ESTADO DA SAUDE - SES;CONVENIO;NÃO;Aquisição de material de consumo visando implantar e ampliar o sistema de fluoretação nas águas de abastecimento das cidades de João Pessoa / Bayeux / Cabedelo / e o Distrito de Várzea Nova (Santa Rita) e de Campina Grande / Alagoa Nova / Barra de Santana / Caturité / Galante / Lagoa Seca / Pocinhos / Queimadas e São Sebastião de Lagoa de Roça.;Prestação de Contas Concluída;Administração Pública Estadual ou do Distrito Federal;20/12/2010;03/07/2017; 1.055.556,00 ; 950.000,00 ; 950.000,00 ; 105.556,00 ; -   ; 18.728,85 ; 1.459.997,75 ;SIM;PENDENTE;MONITORAR  DESEMBOLSO;0%;PENDENTE;Indefinida;NÃO HOUVE DESEMBOLSO;09/06/2018;;0;Baixa Execução;PENDENTE;0,00%;PENDENTE;NÃO INCLUÍDOS;FNS: 100,00%   |  Convenente: 0,00%;SEM INFORMAÇÃO;SEM IFORMAÇÃO;Fiscal Não Identificado;25000.190908/2010-15;0,895912475;;;Sem Vínculo;-; ;2010;105.556,00;Negativo;-;-;NÃO;INDEFINIDO;*
751627;https://discricionarias.transferegov.sistema.gov.br/voluntarias/ConsultarProposta/ResultadoDaConsultaDePropostaDetalharProposta.do?idProposta=364232&Usr=guest&Pwd=guest;PB;CUITÉ;08732174000150;MUNICIPIO DE CUITE;CONTRATO DE REPASSE;NÃO;Reforma para atender o Programa de Saúde Bucal;Convênio Anulado;Administração Pública Municipal;28/12/2010;28/12/2015; 510.205,00 ; -   ; -   ; 10.205,00 ; -   ; -   ; -   ;NÃO;PENDENTE;MONITORAR  DESEMBOLSO;0%;PENDENTE;Indefinida;NÃO HOUVE DESEMBOLSO;26/02/2016;29/04/2021;1889;Baixa Execução;PENDENTE;0,00%;PENDENTE;NÃO INCLUÍDOS;FNS: 0,00%   |  Convenente: -;SEM INFORMAÇÃO;SEM IFORMAÇÃO;Fiscal Não Identificado;100930/2010;-;;;Sem Vínculo;-; ;2010;0,00;Negativo;-;-;NÃO;INDEFINIDO;*
751643;https://discricionarias.transferegov.sistema.gov.br/voluntarias/ConsultarProposta/ResultadoDaConsultaDePropostaDetalharProposta.do?idProposta=365387&Usr=guest&Pwd=guest;PB;PATOS;09084815000170;MUNICIPIO DE PATOS;CONTRATO DE REPASSE;NÃO;Reforma para atender o Programa de Saúde Bucal;Convênio Anulado;Administração Pública Municipal;28/12/2010;05/11/2013; 417.000,00 ; -   ; -   ; 17.000,00 ; -   ; -   ; -   ;NÃO;PENDENTE;MONITORAR  DESEMBOLSO;0%;PENDENTE;Indefinida;NÃO HOUVE DESEMBOLSO;04/01/2014;;0;Baixa Execução;PENDENTE;0,00%;PENDENTE;NÃO INCLUÍDOS;FNS: 0,00%   |  Convenente: -;SEM INFORMAÇÃO;SEM IFORMAÇÃO;Fiscal Não Identificado;101803/2010;-;;;Sem Vínculo;-; ;2010;0,00;Negativo;-;-;NÃO;INDEFINIDO;*
751767;https://discricionarias.transferegov.sistema.gov.br/voluntarias/ConsultarProposta/ResultadoDaConsultaDePropostaDetalharProposta.do?idProposta=364373&Usr=guest&Pwd=guest;PB;CAAPORÃ;08865644000154;MUNICIPIO DE CAAPORA;CONTRATO DE REPASSE;NÃO;Reforma para atender o Programa de Saúde Bucal;Prestação de Contas Concluída;Administração Pública Municipal;30/12/2010;27/03/2018; 497.450,00 ; 487.500,00 ; 487.500,00 ; 9.950,00 ; 154.351,34 ; -   ; 570.183,13 ;NÃO;PENDENTE;MONITORAR  DESEMBOLSO;0%;PENDENTE;Indefinida;NÃO HOUVE DESEMBOLSO;15/06/2020;;0;Baixa Execução;PENDENTE;0,00%;PENDENTE;NÃO INCLUÍDOS;FNS: 100,00%   |  Convenente: 31,44%;SEM INFORMAÇÃO;SEM IFORMAÇÃO;Fiscal Não Identificado;101014/2010;-;;;Sem Vínculo;-; ;2010;3.398,66;Negativo;-;-;NÃO;INDEFINIDO;*
751768;https://discricionarias.transferegov.sistema.gov.br/voluntarias/ConsultarProposta/ResultadoDaConsultaDePropostaDetalharProposta.do?idProposta=364305&Usr=guest&Pwd=guest;PB;CACIMBA DE DENTRO;08929648000159;MUNICIPIO DE CACIMBA DE DENTRO;CONTRATO DE REPASSE;NÃO;Reforma para atender o Programa de Saúde Bucal;Convênio Anulado;Administração Pública Municipal;28/12/2010;27/12/2012; 510.205,00 ; -   ; -   ; 10.205,00 ; -   ; -   ; -   ;NÃO;PENDENTE;MONITORAR  DESEMBOLSO;0%;PENDENTE;Indefinida;NÃO HOUVE DESEMBOLSO;25/02/2013;;0;Baixa Execução;PENDENTE;0,00%;PENDENTE;NÃO INCLUÍDOS;FNS: 0,00%   |  Convenente: -;SEM INFORMAÇÃO;SEM IFORMAÇÃO;Fiscal Não Identificado;100981/2010;-;;;Sem Vínculo;-; ;2010;0,00;Negativo;-;-;NÃO;INDEFINIDO;*
751796;https://discricionarias.transferegov.sistema.gov.br/voluntarias/ConsultarProposta/ResultadoDaConsultaDePropostaDetalharProposta.do?idProposta=364200&Usr=guest&Pwd=guest;PB;PEDRAS DE FOGO;09072455000197;MUNICIPIO DE PEDRAS DE FOGO;CONTRATO DE REPASSE;NÃO;Reforma para atender o Programa de Saúde Bucal;Convênio Anulado;Administração Pública Municipal;28/12/2010;31/12/2014; 510.205,00 ; -   ; -   ; 10.205,00 ; -   ; -   ; -   ;NÃO;PENDENTE;MONITORAR  DESEMBOLSO;0%;PENDENTE;Indefinida;NÃO HOUVE DESEMBOLSO;01/03/2015;;0;Baixa Execução;PENDENTE;0,00%;PENDENTE;NÃO INCLUÍDOS;FNS: 0,00%   |  Convenente: -;SEM INFORMAÇÃO;SEM IFORMAÇÃO;Fiscal Não Identificado;100911/2010;-;;;Sem Vínculo;-; ;2010;0,00;Negativo;-;-;NÃO;INDEFINIDO;*
751798;https://discricionarias.transferegov.sistema.gov.br/voluntarias/ConsultarProposta/ResultadoDaConsultaDePropostaDetalharProposta.do?idProposta=364398&Usr=guest&Pwd=guest;PB;CONDE;08916645000180;MUNICIPIO DO CONDE;CONTRATO DE REPASSE;NÃO;Reforma para atender o Programa de Saúde Bucal;Convênio Anulado;Administração Pública Municipal;30/12/2010;30/12/2014; 497.450,00 ; -   ; -   ; 9.950,00 ; -   ; -   ; -   ;NÃO;PENDENTE;MONITORAR  DESEMBOLSO;0%;PENDENTE;Indefinida;NÃO HOUVE DESEMBOLSO;28/02/2015;;0;Baixa Execução;PENDENTE;0,00%;PENDENTE;NÃO INCLUÍDOS;FNS: 0,00%   |  Convenente: -;SEM INFORMAÇÃO;SEM IFORMAÇÃO;Fiscal Não Identificado;101030/2010;-;;;Sem Vínculo;-; ;2010;0,00;Negativo;-;-;NÃO;INDEFINIDO;*
751802;https://discricionarias.transferegov.sistema.gov.br/voluntarias/ConsultarProposta/ResultadoDaConsultaDePropostaDetalharProposta.do?idProposta=363622&Usr=guest&Pwd=guest;PB;ESPERANÇA;08993909000108;MUNICIPIO DE ESPERANCA;CONTRATO DE REPASSE;NÃO;Reforma para atender o Programa de Saúde Bucal;Convênio Anulado;Administração Pública Municipal;28/12/2010;27/12/2013; 408.164,00 ; -   ; -   ; 8.164,00 ; -   ; -   ; -   ;NÃO;PENDENTE;MONITORAR  DESEMBOLSO;0%;PENDENTE;Indefinida;NÃO HOUVE DESEMBOLSO;25/02/2014;;0;Baixa Execução;PENDENTE;0,00%;PENDENTE;NÃO INCLUÍDOS;FNS: 0,00%   |  Convenente: -;SEM INFORMAÇÃO;SEM IFORMAÇÃO;Fiscal Não Identificado;100602/2010;-;;;Sem Vínculo;-; ;2010;0,00;Negativo;-;-;NÃO;INDEFINIDO;*
753259;https://discricionarias.transferegov.sistema.gov.br/voluntarias/ConsultarProposta/ResultadoDaConsultaDePropostaDetalharProposta.do?idProposta=338602&Usr=guest&Pwd=guest;PB;JOÃO PESSOA;09112236000194;FUNDACAO NAPOLEAO LAUREANO;CONVENIO;SIM;APOIO À MANUTENÇÃO DE UNIDADES DE SAÚDE;Prestação de Contas Concluída;Organização da Sociedade Civil;31/12/2010;30/12/2012; 200.000,00 ; 192.000,00 ; 192.000,00 ; 8.000,00 ; 200.000,00 ; -   ; 11.476,01 ;NÃO;PENDENTE;MONITORAR  DESEMBOLSO;0%;PENDENTE;Indefinida;NÃO HOUVE DESEMBOLSO;29/01/2013;;0;Baixa Execução;PENDENTE;0,00%;PENDENTE;NÃO INCLUÍDOS;FNS: 100,00%   |  Convenente: 100,00%;SEM INFORMAÇÃO;SEM IFORMAÇÃO;Fiscal Não Identificado;25000.150525/2010-04;-;;;Sem Vínculo;-; ;2010;8.000,00;Negativo;-;-;NÃO;INDEFINIDO;*
757011;https://discricionarias.transferegov.sistema.gov.br/voluntarias/ConsultarProposta/ResultadoDaConsultaDePropostaDetalharProposta.do?idProposta=466063&Usr=guest&Pwd=guest;PB;CAMPINA GRANDE;07678950000119;SISTEMA DE ASSISTENCIA SOCIAL E DE SAUDE - SAS;CONVENIO;SIM;AQUISIÇÃO DE EQUIPAMENTO E MATERIAL PERMANENTE PARA UNIDADE DE ATENÇÃO ESPECIALIZADA EM SAÚDE;Convênio Anulado;Organização da Sociedade Civil;20/06/2013;05/12/2015; 1.000.000,00 ; -   ; -   ; -   ; -   ; -   ; -   ;NÃO;PENDENTE;MONITORAR  DESEMBOLSO;0%;PENDENTE;Indefinida;NÃO HOUVE DESEMBOLSO;03/02/2016;;0;Baixa Execução;PENDENTE;0,00%;PENDENTE;NÃO INCLUÍDOS;FNS: 0,00%   |  Convenente: -;SEM INFORMAÇÃO;SEM IFORMAÇÃO;Fiscal Não Identificado;25000.165558/2011-21;-;;;Sem Vínculo;-; ;2011;0,00;Negativo;-;-;NÃO;INDEFINIDO;*
757022;https://discricionarias.transferegov.sistema.gov.br/voluntarias/ConsultarProposta/ResultadoDaConsultaDePropostaDetalharProposta.do?idProposta=459089&Usr=guest&Pwd=guest;PB;CAMPINA GRANDE;08841421000157;FUNDACAO ASSISTENCIAL DA PARAIBA- FAP;CONVENIO;SIM;AQUISIÇÃO DE EQUIPAMENTO E MATERIAL PERMANENTE PARA UNIDADE DE ATENÇÃO ESPECIALIZADA EM SAÚDE.;Prestação de Contas Concluída;Organização da Sociedade Civil;28/12/2011;07/07/2017; 200.000,00 ; 200.000,00 ; 200.000,00 ; -   ; 175.500,00 ; -   ; 30.438,19 ;SIM;PENDENTE;MONITORAR  DESEMBOLSO;0%;PENDENTE;Indefinida;NÃO HOUVE DESEMBOLSO;29/11/2017;;0;Baixa Execução;PENDENTE;0,00%;PENDENTE;NÃO INCLUÍDOS;FNS: 100,00%   |  Convenente: 87,75%;SEM INFORMAÇÃO;SEM IFORMAÇÃO;JULIO;25000.176458/2011-21;0,813658936;;;06/08/2017;-; ;2011;0,00;Negativo;-;-;NÃO;INDEFINIDO;*
757788;https://discricionarias.transferegov.sistema.gov.br/voluntarias/ConsultarProposta/ResultadoDaConsultaDePropostaDetalharProposta.do?idProposta=458791&Usr=guest&Pwd=guest;PB;CAMPINA GRANDE;08841421000157;FUNDACAO ASSISTENCIAL DA PARAIBA- FAP;CONVENIO;SIM;AQUISIÇÃO DE EQUIPAMENTO E MATERIAL PERMANENTE PARA UNIDADE DE ATENÇÃO ESPECIALIZADA EM SAÚDE;Prestação de Contas Concluída;Organização da Sociedade Civil;28/12/2011;20/01/2016; 100.000,00 ; 90.000,00 ; 90.000,00 ; -   ; 98.000,00 ; -   ; -   ;NÃO;PENDENTE;MONITORAR  DESEMBOLSO;0%;PENDENTE;Indefinida;NÃO HOUVE DESEMBOLSO;19/02/2016;22/08/2019;1280;Baixa Execução;PENDENTE;0,00%;PENDENTE;NÃO INCLUÍDOS;FNS: 90,00%   |  Convenente: 108,89%;SEM INFORMAÇÃO;SEM IFORMAÇÃO;Fiscal Não Identificado;25000.159435/2011-51;-;;;Sem Vínculo;-; ;2011;0,00;Negativo;-;-;NÃO;INDEFINIDO;*
757827;https://discricionarias.transferegov.sistema.gov.br/voluntarias/ConsultarProposta/ResultadoDaConsultaDePropostaDetalharProposta.do?idProposta=451982&Usr=guest&Pwd=guest;PB;JOÃO PESSOA;09112236000194;FUNDACAO NAPOLEAO LAUREANO;CONVENIO;SIM;AQUISIÇÃO DE MATERIAL MÉDICO-HOSPITALAR PARA O SERVIÇO DE FARMÁCIA DO HOSPITAL NAPOLEÃO LAUREANO MANTIDO PELA FUNDAÇÃO LAUREANO.;Prestação de Contas Concluída;Organização da Sociedade Civil;20/12/2011;30/05/2019; 456.899,70 ; 352.305,00 ; 352.305,00 ; -   ; 449.562,20 ; -   ; -   ;SIM;PENDENTE;MONITORAR  DESEMBOLSO;0%;PENDENTE;Indefinida;NÃO HOUVE DESEMBOLSO;12/01/2023;;0;Baixa Execução;PENDENTE;0,00%;PENDENTE;NÃO INCLUÍDOS;FNS: 100,00%   |  Convenente: 98,39%;SEM INFORMAÇÃO;SEM IFORMAÇÃO;JOSIELY;25000179955201181;0,923635;;;28/12/2023;-; ;2011;0,00;Negativo;-;-;NÃO;INDEFINIDO;*
758651;https://discricionarias.transferegov.sistema.gov.br/voluntarias/ConsultarProposta/ResultadoDaConsultaDePropostaDetalharProposta.do?idProposta=466321&Usr=guest&Pwd=guest;PB;JOÃO PESSOA;08667206000181;INSTITUTO SAO JOSE;CONVENIO;SIM;AQUISICAO DE MATERIAL MEDICO HOSPITALAR E LAVANDERIA;Prestação de Contas Concluída;Organização da Sociedade Civil;30/12/2011;17/07/2014; 22.000,00 ; 22.000,00 ; 22.000,00 ; -   ; 22.000,00 ; -   ; 556,44 ;NÃO;PENDENTE;MONITORAR  DESEMBOLSO;0%;PENDENTE;Indefinida;NÃO HOUVE DESEMBOLSO;29/08/2015;17/01/2019;1237;Baixa Execução;PENDENTE;0,00%;PENDENTE;NÃO INCLUÍDOS;FNS: 100,00%   |  Convenente: 100,00%;SEM INFORMAÇÃO;SEM IFORMAÇÃO;Fiscal Não Identificado;25000186761201131;-;;;Sem Vínculo;-; ;2011;0,00;Negativo;-;-;NÃO;INDEFINIDO;*
759525;https://discricionarias.transferegov.sistema.gov.br/voluntarias/ConsultarProposta/ResultadoDaConsultaDePropostaDetalharProposta.do?idProposta=456425&Usr=guest&Pwd=guest;PB;JOÃO PESSOA;09112236000194;FUNDACAO NAPOLEAO LAUREANO;CONVENIO;SIM;AQUISIÇÃO DO EQUIPAMENTO MÉDICO HOSPITALARES.;Prestação de Contas Concluída;Organização da Sociedade Civil;08/12/2011;05/12/2018; 2.920.000,00 ; 2.500.000,00 ; 2.500.000,00 ; -   ; 2.920.000,00 ; -   ; -   ;SIM;PENDENTE;MONITORAR  DESEMBOLSO;0%;PENDENTE;Indefinida;NÃO HOUVE DESEMBOLSO;31/05/2022;09/02/2021;0;Baixa Execução;PENDENTE;0,00%;PENDENTE;NÃO INCLUÍDOS;FNS: 100,00%   |  Convenente: 100,00%;SEM INFORMAÇÃO;SEM IFORMAÇÃO;JOSIELY;25000199363201185;0,893027;1,0000000;A;29/12/2023;-; ;2011;0,00;Negativo;-;-;NÃO;INDEFINIDO;*
761117;https://discricionarias.transferegov.sistema.gov.br/voluntarias/ConsultarProposta/ResultadoDaConsultaDePropostaDetalharProposta.do?idProposta=455830&Usr=guest&Pwd=guest;PB;JOÃO PESSOA;08778268000160;SECRETARIA DE ESTADO DA SAUDE - SES;CONVENIO;NÃO;Capacitar e aperfeiçoar enfermeiros e técnicos em enfermagem quanto aos novos conceitos de imunização e estratégia de implementação de normas de vacinação no estado da Paraíba.;Prestação de Contas Comprovada em Análise;Administração Pública Estadual ou do Distrito Federal;29/12/2011;23/05/2018; 600.602,00 ; 540.541,80 ; 540.541,80 ; 60.060,20 ; 502.466,37 ; 98.637,74 ; 91.661,68 ;SIM;PENDENTE;MONITORAR  DESEMBOLSO;0%;PENDENTE;Indefinida;NÃO HOUVE DESEMBOLSO;18/01/2025;;0;Baixa Execução;PENDENTE;0,00%;PENDENTE;NÃO INCLUÍDOS;FNS: 100,00%   |  Convenente: 83,66%;SEM INFORMAÇÃO;SEM IFORMAÇÃO;JOSIELY;25000.209026/2011-11;0,867346;;;28/12/2023;564; ;2011;60.060,02;Negativo;-;-;NÃO;INDEFINIDO;*
761532;https://discricionarias.transferegov.sistema.gov.br/voluntarias/ConsultarProposta/ResultadoDaConsultaDePropostaDetalharProposta.do?idProposta=467058&Usr=guest&Pwd=guest;PB;SANTA RITA;09433715000102;FUNDACAO GOVERNADOR FLAVIO RIBEIRO COUTINHO;CONVENIO;SIM;AQUISIÇÃO DE EQUIPAMENTO E MATERIAL PERMANENTE PARA UNIDADE DE ATENÇÃO ESPECIALIZADA EM SAÚDE.;Prestação de Contas Concluída;Organização da Sociedade Civil;30/12/2011;02/08/2016; 64.200,00 ; 64.200,00 ; 64.200,00 ; -   ; 26.700,00 ; -   ; -   ;SIM;PENDENTE;MONITORAR  DESEMBOLSO;0%;PENDENTE;Indefinida;NÃO HOUVE DESEMBOLSO;17/05/2022;;0;Baixa Execução;PENDENTE;0,00%;PENDENTE;NÃO INCLUÍDOS;FNS: 100,00%   |  Convenente: 41,59%;SEM INFORMAÇÃO;SEM IFORMAÇÃO;FRANCIBERTO;25000.189418/2011-49;0,908445;;;01/10/2016;-; ;2011;0,00;Negativo;-;-;NÃO;INDEFINIDO;*
761800;https://discricionarias.transferegov.sistema.gov.br/voluntarias/ConsultarProposta/ResultadoDaConsultaDePropostaDetalharProposta.do?idProposta=448035&Usr=guest&Pwd=guest;PB;CAMPINA GRANDE;07678950000119;SISTEMA DE ASSISTENCIA SOCIAL E DE SAUDE - SAS;CONVENIO;SIM;AQUISIÇÃO DE EQUIPAMENTO E MATERIAL PERMANENTE PARA UNIDADE DE ATENÇÃO ESPECIALIZADA EM SAÚDE;Convênio Anulado;Organização da Sociedade Civil;20/06/2013;22/04/2014; 100.000,00 ; -   ; -   ; -   ; -   ; -   ; -   ;NÃO;PENDENTE;MONITORAR  DESEMBOLSO;0%;PENDENTE;Indefinida;NÃO HOUVE DESEMBOLSO;21/06/2014;;0;Baixa Execução;PENDENTE;0,00%;PENDENTE;NÃO INCLUÍDOS;FNS: 0,00%   |  Convenente: -;SEM INFORMAÇÃO;SEM IFORMAÇÃO;Fiscal Não Identificado;25000.215232/2011-52;-;;;Sem Vínculo;-; ;2011;0,00;Negativo;-;-;NÃO;INDEFINIDO;*
762116;https://discricionarias.transferegov.sistema.gov.br/voluntarias/ConsultarProposta/ResultadoDaConsultaDePropostaDetalharProposta.do?idProposta=462783&Usr=guest&Pwd=guest;PB;JOÃO PESSOA;08667206000181;INSTITUTO SAO JOSE;CONVENIO;SIM;Aquisição de Equipamentos Hospitalar;Prestação de Contas Concluída;Organização da Sociedade Civil;30/12/2011;16/07/2014; 193.884,00 ; 193.884,00 ; 193.884,00 ; -   ; 193.274,00 ; -   ; 7.489,35 ;NÃO;PENDENTE;MONITORAR  DESEMBOLSO;0%;PENDENTE;Indefinida;NÃO HOUVE DESEMBOLSO;29/08/2015;;0;Baixa Execução;PENDENTE;0,00%;PENDENTE;NÃO INCLUÍDOS;FNS: 100,00%   |  Convenente: 99,69%;SEM INFORMAÇÃO;SEM IFORMAÇÃO;Fiscal Não Identificado;25000216667201114;-;;;Sem Vínculo;-; ;2011;0,00;Negativo;-;-;NÃO;INDEFINIDO;*
762133;https://discricionarias.transferegov.sistema.gov.br/voluntarias/ConsultarProposta/ResultadoDaConsultaDePropostaDetalharProposta.do?idProposta=458730&Usr=guest&Pwd=guest;PB;JOÃO PESSOA;08778268000160;SECRETARIA DE ESTADO DA SAUDE - SES;CONVENIO;NÃO;O Curso de Formação em Biodanza tem como objetivo formar 50 profissionais da saúde do Sistema Único de Saúde como facilitadores aptos a aplicar a Biodanza como sistema de desenvolvimento humano, em parceria com a Escola de Biodanza da Paraíba, unidade da International Biocentric Foundation, instituição que coordenada metodologicamente a formação de Biodanza no mundo.;Convênio Anulado;Administração Pública Estadual ou do Distrito Federal;29/12/2011;31/12/2014; 444.700,00 ; -   ; -   ; 44.470,00 ; -   ; -   ; -   ;NÃO;PENDENTE;MONITORAR  DESEMBOLSO;0%;PENDENTE;Indefinida;NÃO HOUVE DESEMBOLSO;30/01/2015;;0;Baixa Execução;PENDENTE;0,00%;PENDENTE;NÃO INCLUÍDOS;FNS: 0,00%   |  Convenente: -;SEM INFORMAÇÃO;SEM IFORMAÇÃO;Fiscal Não Identificado;25000.209029/2011-47;-;;;Sem Vínculo;-; ;2011;0,00;Negativo;-;-;NÃO;INDEFINIDO;*
762135;https://discricionarias.transferegov.sistema.gov.br/voluntarias/ConsultarProposta/ResultadoDaConsultaDePropostaDetalharProposta.do?idProposta=470475&Usr=guest&Pwd=guest;PB;JOÃO PESSOA;08778268000160;SECRETARIA DE ESTADO DA SAUDE - SES;CONVENIO;NÃO;O Curso de Qualificação de Enfermeiras(os) Obstetras visa o aperfeiçoamento de enfermeiras(os) com Especialização em Enfermagem Obstétrica que possuem déficit de experiência prática em serviços de atenção obstétrica. O curso será oferecido gratuitamente e possuirá duas turmas, com um total de (20) vagas por turma.;Prestação de Contas Concluída;Administração Pública Estadual ou do Distrito Federal;29/12/2011;15/02/2020; 118.763,00 ; 99.758,70 ; 99.758,70 ; 11.876,30 ; -   ; 11.131,96 ; 110.931,67 ;NÃO;PENDENTE;MONITORAR  DESEMBOLSO;0%;PENDENTE;Indefinida;NÃO HOUVE DESEMBOLSO;16/07/2020;;0;Baixa Execução;PENDENTE;0,00%;PENDENTE;NÃO INCLUÍDOS;FNS: 93,33%   |  Convenente: 0,00%;SEM INFORMAÇÃO;SEM IFORMAÇÃO;FRANCIBERTO;25000.211279/2011-47;-;;;31/12/2020;-; ;2011;11.876,30;Negativo;-;-;NÃO;INDEFINIDO;*
762198;https://discricionarias.transferegov.sistema.gov.br/voluntarias/ConsultarProposta/ResultadoDaConsultaDePropostaDetalharProposta.do?idProposta=473662&Usr=guest&Pwd=guest;PB;JOÃO PESSOA;08778268000160;SECRETARIA DE ESTADO DA SAUDE - SES;CONVENIO;NÃO;Realizar Curso de Especialização em Pedagogia Aplicada à Saúde para 160 profissionais que atuam no Sistema Único de Saúde no Estado da Paraíba que trabalham ou desejam trabalhar na área da Educação.;Prestação de Contas Concluída;Administração Pública Estadual ou do Distrito Federal;29/12/2011;15/05/2018; 399.395,50 ; 101.676,00 ; 101.676,00 ; 39.939,55 ; -   ; -   ; 124.627,21 ;SIM;PENDENTE;MONITORAR  DESEMBOLSO;0%;PENDENTE;Indefinida;NÃO HOUVE DESEMBOLSO;14/06/2018;;0;Baixa Execução;PENDENTE;0,00%;PENDENTE;NÃO INCLUÍDOS;FNS: 28,29%   |  Convenente: 0,00%;SEM INFORMAÇÃO;SEM IFORMAÇÃO;FRANCIBERTO;25000.210516/2011-52;0,910035398;;;31/12/2019;-; ;2011;39.939,55;Negativo;-;-;NÃO;INDEFINIDO;*
762711;https://discricionarias.transferegov.sistema.gov.br/voluntarias/ConsultarProposta/ResultadoDaConsultaDePropostaDetalharProposta.do?idProposta=463479&Usr=guest&Pwd=guest;PB;JOÃO PESSOA;08667206000181;INSTITUTO SAO JOSE;CONVENIO;SIM;AQUISIÇÃO DE EQUIPAMENTO E MATERIAL PERMANENTE PARA UNIDADE DE ATENÇÃO ESPECIALIZADA EM SAÚDE.;Convênio Rescindido;Organização da Sociedade Civil;30/12/2011;21/01/2022; 100.000,00 ; -   ; -   ; -   ; -   ; -   ; -   ;NÃO;PENDENTE;MONITORAR  DESEMBOLSO;0%;PENDENTE;Indefinida;NÃO HOUVE DESEMBOLSO;20/02/2022;22/02/2022;2;Baixa Execução;PENDENTE;0,00%;PENDENTE;NÃO INCLUÍDOS;FNS: 0,00%   |  Convenente: -;SEM INFORMAÇÃO;SEM IFORMAÇÃO;Fiscal Não Identificado;25000.201415/2011-91;-;;;Sem Vínculo;-; ;2011;0,00;Negativo;-;-;NÃO;INDEFINIDO;*
763597;https://discricionarias.transferegov.sistema.gov.br/voluntarias/ConsultarProposta/ResultadoDaConsultaDePropostaDetalharProposta.do?idProposta=467154&Usr=guest&Pwd=guest;PB;JOÃO PESSOA;08778268000160;SECRETARIA DE ESTADO DA SAUDE - SES;CONTRATO DE REPASSE;NÃO;REFORMA DE UNIDADE DE HEMATOLOGIA E HEMOTERAPIA;Prestação de Contas Concluída;Administração Pública Estadual ou do Distrito Federal;31/12/2011;29/06/2022; 218.000,00 ; 196.200,00 ; 196.200,00 ; 21.800,00 ; 127.857,58 ; -   ; 215.427,70 ;SIM;PENDENTE;MONITORAR  DESEMBOLSO;0%;PENDENTE;Indefinida;NÃO HOUVE DESEMBOLSO;03/09/2022;;0;Baixa Execução;PENDENTE;0,00%;PENDENTE;NÃO INCLUÍDOS;FNS: 100,00%   |  Convenente: 58,65%;SEM INFORMAÇÃO;SEM IFORMAÇÃO;Fiscal Não Identificado;035953/2011;0,531309279;;;Sem Vínculo;-; ;2011;21.800,00;Negativo;-;-;NÃO;INDEFINIDO;*
763606;https://discricionarias.transferegov.sistema.gov.br/voluntarias/ConsultarProposta/ResultadoDaConsultaDePropostaDetalharProposta.do?idProposta=474875&Usr=guest&Pwd=guest;PB;JOÃO PESSOA;08778268000160;SECRETARIA DE ESTADO DA SAUDE - SES;CONTRATO DE REPASSE;NÃO;Ampliação do Hemocentro de João Pessoa.;Prestação de Contas Concluída;Administração Pública Estadual ou do Distrito Federal;31/12/2011;28/08/2022; 390.000,00 ; 351.000,00 ; 280.870,20 ; 39.000,00 ; 324.446,44 ; -   ; 17.440,63 ;SIM;PENDENTE;MONITORAR  DESEMBOLSO;0%;PENDENTE;Indefinida;NÃO HOUVE DESEMBOLSO;09/12/2022;27/04/2022;0;Baixa Execução;PENDENTE;0,00%;PENDENTE;NÃO INCLUÍDOS;FNS: 80,02%   |  Convenente: 101,43%;SEM INFORMAÇÃO;SEM IFORMAÇÃO;Fiscal Não Identificado;042384/2011;0,540029337;1,0000000;A;Sem Vínculo;-; ;2011;39.000,00;Negativo;-;-;NÃO;INDEFINIDO;*
766211;https://discricionarias.transferegov.sistema.gov.br/voluntarias/ConsultarProposta/ResultadoDaConsultaDePropostaDetalharProposta.do?idProposta=481720&Usr=guest&Pwd=guest;PB;JOÃO PESSOA;08778326000156;MUNICIPIO DE JOAO PESSOA;CONTRATO DE REPASSE;NÃO;Construir um Centro de Parto Normal peri-hospitalar;Prestação de Contas Aprovada com Ressalvas;Administração Pública Municipal;31/12/2011;29/04/2016; 1.095.905,00 ; 350.000,00 ; 350.000,00 ; 745.905,00 ; -   ; -   ; -   ;NÃO;PENDENTE;MONITORAR  DESEMBOLSO;0%;PENDENTE;Indefinida;NÃO HOUVE DESEMBOLSO;28/06/2016;13/11/2019;1233;Baixa Execução;PENDENTE;0,00%;PENDENTE;NÃO INCLUÍDOS;FNS: 100,00%   |  Convenente: 0,00%;SEM INFORMAÇÃO;SEM IFORMAÇÃO;Fiscal Não Identificado;047159/2011;-;;;Sem Vínculo;-; ;2011;0,00;Negativo;-;-;NÃO;INDEFINIDO;*
766222;https://discricionarias.transferegov.sistema.gov.br/voluntarias/ConsultarProposta/ResultadoDaConsultaDePropostaDetalharProposta.do?idProposta=485998&Usr=guest&Pwd=guest;PB;JOÃO PESSOA;08778326000156;MUNICIPIO DE JOAO PESSOA;CONTRATO DE REPASSE;NÃO;Ampliação das portas de entrada hospitalares do Hospital Municipal Santa Isabel.;Convênio Anulado;Administração Pública Municipal;31/12/2011;30/04/2014; 2.939.150,00 ; -   ; -   ; 117.566,00 ; -   ; -   ; -   ;NÃO;PENDENTE;MONITORAR  DESEMBOLSO;0%;PENDENTE;Indefinida;NÃO HOUVE DESEMBOLSO;29/06/2014;26/03/2022;2827;Baixa Execução;PENDENTE;0,00%;PENDENTE;NÃO INCLUÍDOS;FNS: 0,00%   |  Convenente: -;SEM INFORMAÇÃO;SEM IFORMAÇÃO;Fiscal Não Identificado;050100/2011;-;;;Sem Vínculo;-; ;2011;0,00;Negativo;-;-;NÃO;INDEFINIDO;*
766224;https://discricionarias.transferegov.sistema.gov.br/voluntarias/ConsultarProposta/ResultadoDaConsultaDePropostaDetalharProposta.do?idProposta=486162&Usr=guest&Pwd=guest;PB;JOÃO PESSOA;08778268000160;SECRETARIA DE ESTADO DA SAUDE - SES;CONTRATO DE REPASSE;SIM;CONSTRUÇÃO DO HOSPITAL METROPOLITANO DE SANTA RITA;Prestação de Contas Concluída;Administração Pública Estadual ou do Distrito Federal;31/12/2011;01/04/2019; 43.950.000,00 ; 21.369.551,00 ; 21.369.551,00 ; 22.580.449,00 ; 43.037.650,99 ; -   ; 6.899.499,20 ;NÃO;PENDENTE;MONITORAR  DESEMBOLSO;0%;PENDENTE;Indefinida;NÃO HOUVE DESEMBOLSO;25/05/2019;;0;Baixa Execução;PENDENTE;0,00%;PENDENTE;NÃO INCLUÍDOS;FNS: 100,00%   |  Convenente: 97,92%;SEM INFORMAÇÃO;SEM IFORMAÇÃO;Fiscal Não Identificado;050225/2011;-;;;Sem Vínculo;-; ;2011;22.580.449,00;Negativo;-;-;NÃO;INDEFINIDO;*
766226;https://discricionarias.transferegov.sistema.gov.br/voluntarias/ConsultarProposta/ResultadoDaConsultaDePropostaDetalharProposta.do?idProposta=486514&Usr=guest&Pwd=guest;PB;JOÃO PESSOA;08778326000156;MUNICIPIO DE JOAO PESSOA;CONTRATO DE REPASSE;NÃO;"- Construir uma casa da gestante, bebê e puérpera;";Prestação de Contas Concluída;Administração Pública Municipal;31/12/2011;29/03/2020; 403.639,76 ; 335.000,00 ; 335.000,00 ; 68.639,76 ; 377.436,81 ; -   ; 129.340,56 ;SIM;PENDENTE;MONITORAR  DESEMBOLSO;0%;PENDENTE;Indefinida;NÃO HOUVE DESEMBOLSO;22/07/2020;;0;Baixa Execução;PENDENTE;0,00%;PENDENTE;NÃO INCLUÍDOS;FNS: 100,00%   |  Convenente: 93,51%;SEM INFORMAÇÃO;SEM IFORMAÇÃO;Fiscal Não Identificado;050488/2011;0,476764906;;;Sem Vínculo;-; ;2011;68.639,76;Negativo;-;-;NÃO;INDEFINIDO;*
766406;https://discricionarias.transferegov.sistema.gov.br/voluntarias/ConsultarProposta/ResultadoDaConsultaDePropostaDetalharProposta.do?idProposta=465963&Usr=guest&Pwd=guest;PB;CAMPINA GRANDE;06101061000121;FUNDACAO PEDRO AMERICO;CONVENIO;SIM;AQUISIÇÃO DE EQUIPAMENTO E MATERIAL PERMANENTE PARA UNIDADE DE ATENÇÃO ESPECIALIZADA EM SAÚDE.;Prestação de Contas Concluída;Organização da Sociedade Civil;30/12/2011;31/03/2021; 1.000.000,00 ; 1.000.000,00 ; 1.000.000,00 ; -   ; -   ; -   ; 75.487,09 ;SIM;PENDENTE;MONITORAR  DESEMBOLSO;0%;PENDENTE;Indefinida;NÃO HOUVE DESEMBOLSO;12/09/2023;;0;Baixa Execução;PENDENTE;0,00%;PENDENTE;NÃO INCLUÍDOS;FNS: 100,00%   |  Convenente: 0,00%;SEM INFORMAÇÃO;SEM IFORMAÇÃO;JULIO;25000220949201116;0,871309;;;30/12/2023;-; ;2011;0,00;Negativo;-;-;NÃO;INDEFINIDO;*
766591;https://discricionarias.transferegov.sistema.gov.br/voluntarias/ConsultarProposta/ResultadoDaConsultaDePropostaDetalharProposta.do?idProposta=451978&Usr=guest&Pwd=guest;PB;JOÃO PESSOA;09112236000194;FUNDACAO NAPOLEAO LAUREANO;CONVENIO;SIM;AQUISIÇÃO DE MATERIAL MÉDICO-HOSPITALAR PARA O HOSPITAL NAPOLEÃO LAUREANO MANTIDO PELA FUNDAÇÃO LAUREANO;Prestação de Contas Concluída;Organização da Sociedade Civil;27/12/2011;28/12/2014; 347.010,00 ; 347.010,00 ; 347.010,00 ; -   ; 347.010,00 ; -   ; 12.684,81 ;NÃO;PENDENTE;MONITORAR  DESEMBOLSO;0%;PENDENTE;Indefinida;NÃO HOUVE DESEMBOLSO;27/01/2015;;0;Baixa Execução;PENDENTE;0,00%;PENDENTE;NÃO INCLUÍDOS;FNS: 100,00%   |  Convenente: 100,00%;SEM INFORMAÇÃO;SEM IFORMAÇÃO;Fiscal Não Identificado;25000222682201100;-;;;Sem Vínculo;-; ;2011;0,00;Negativo;-;-;NÃO;INDEFINIDO;*
767881;https://discricionarias.transferegov.sistema.gov.br/voluntarias/ConsultarProposta/ResultadoDaConsultaDePropostaDetalharProposta.do?idProposta=482405&Usr=guest&Pwd=guest;PB;JOÃO PESSOA;08778326000156;MUNICIPIO DE JOAO PESSOA;CONTRATO DE REPASSE;NÃO;Obra de Ampliação do Centro de Especialidades Odontológicas  -  CEO Mangabeira.;Prestação de Contas Concluída;Administração Pública Municipal;31/12/2011;15/07/2021; 673.036,00 ; 646.114,56 ; 646.114,56 ; 26.921,44 ; 439.365,59 ; -   ; 473.775,29 ;SIM;PENDENTE;MONITORAR  DESEMBOLSO;0%;PENDENTE;Indefinida;NÃO HOUVE DESEMBOLSO;13/09/2021;;0;Baixa Execução;PENDENTE;0,00%;PENDENTE;NÃO INCLUÍDOS;FNS: 100,00%   |  Convenente: 65,28%;SEM INFORMAÇÃO;SEM IFORMAÇÃO;Fiscal Não Identificado;047662/2011;0,619362146;;;Sem Vínculo;-; ;2011;26.921,44;Negativo;-;-;NÃO;INDEFINIDO;*
768469;https://discricionarias.transferegov.sistema.gov.br/voluntarias/ConsultarProposta/ResultadoDaConsultaDePropostaDetalharProposta.do?idProposta=467396&Usr=guest&Pwd=guest;PB;CAMPINA GRANDE;08993917000146;MUNICIPIO DE CAMPINA GRANDE;CONTRATO DE REPASSE;NÃO;REFORMA DE UNIDADE DE ATENÇÃO ESPECIALIZADA EM SAÚDE.;Prestação de Contas Concluída;Administração Pública Municipal;31/12/2011;31/12/2018; 200.000,00 ; 192.000,00 ; 192.000,00 ; 8.000,00 ; 58.000,00 ; -   ; 161.378,50 ;NÃO;PENDENTE;MONITORAR  DESEMBOLSO;0%;PENDENTE;Indefinida;NÃO HOUVE DESEMBOLSO;13/03/2019;;0;Baixa Execução;PENDENTE;0,00%;PENDENTE;NÃO INCLUÍDOS;FNS: 100,00%   |  Convenente: 29,00%;SEM INFORMAÇÃO;SEM IFORMAÇÃO;Fiscal Não Identificado;036134/2011;-;;;Sem Vínculo;-; ;2011;8.000,00;Negativo;-;-;NÃO;INDEFINIDO;*
768831;https://discricionarias.transferegov.sistema.gov.br/voluntarias/ConsultarProposta/ResultadoDaConsultaDePropostaDetalharProposta.do?idProposta=466461&Usr=guest&Pwd=guest;PB;SANTA RITA;09433715000102;FUNDACAO GOVERNADOR FLAVIO RIBEIRO COUTINHO;CONVENIO;SIM;AQUISIÇÃO DE EQUIPAMENTOS E MATERIAIS PERMANENTES.;Prestação de Contas Concluída;Organização da Sociedade Civil;30/12/2011;06/08/2016; 200.000,00 ; 200.000,00 ; 200.000,00 ; -   ; 200.000,00 ; -   ; -   ;SIM;PENDENTE;MONITORAR  DESEMBOLSO;0%;PENDENTE;Indefinida;NÃO HOUVE DESEMBOLSO;17/10/2018;;0;Baixa Execução;PENDENTE;0,00%;PENDENTE;NÃO INCLUÍDOS;FNS: 100,00%   |  Convenente: 100,00%;SEM INFORMAÇÃO;SEM IFORMAÇÃO;FRANCIBERTO;25000227963201141;0,904666069;;;05/10/2016;-; ;2011;0,00;Negativo;-;-;NÃO;INDEFINIDO;*
771253;https://discricionarias.transferegov.sistema.gov.br/voluntarias/ConsultarProposta/ResultadoDaConsultaDePropostaDetalharProposta.do?idProposta=602516&Usr=guest&Pwd=guest;PB;CAMPINA GRANDE;12671814000137;UNIVERSIDADE ESTADUAL DA PARAIBA;CONVENIO;NÃO;Complementar a atuação NUTES para a prestação de serviços tecnológicos ao SUS e para o desenvolvimento de tecnologias estratégicas a saúde mediante a aquisição de equipamentos e material permanentes.;Prestação de Contas em Complementação;Administração Pública Estadual ou do Distrito Federal;06/07/2012;29/02/2024; 4.036.090,00 ; 3.500.000,00 ; 3.500.000,00 ; 185.000,00 ; 3.833.195,32 ; -   ; 428.389,41 ;NÃO;PENDENTE;MONITORAR  DESEMBOLSO;0%;PENDENTE;Indefinida;NÃO HOUVE DESEMBOLSO;23/06/2026;;0;Baixa Execução;PENDENTE;0,00%;PENDENTE;NÃO INCLUÍDOS;FNS: 100,00%   |  Convenente: 97,20%;SEM INFORMAÇÃO;SEM IFORMAÇÃO;JOSIELY;25000.102453/2012-42;-;;;28/12/2023;43; ;2012;92.500,00;Negativo;-;-;NÃO;INDEFINIDO;46239
771983;https://discricionarias.transferegov.sistema.gov.br/voluntarias/ConsultarProposta/ResultadoDaConsultaDePropostaDetalharProposta.do?idProposta=598627&Usr=guest&Pwd=guest;PB;JOÃO PESSOA;08778268000160;SECRETARIA DE ESTADO DA SAUDE - SES;CONTRATO DE REPASSE;NÃO;Construção de uma Oficina Ortopédica destinada à confecção e adaptação de órteses e próteses - calçados, palmilhas e meios auxiliares de locomoção, localizada no município de João Pessoa-PB, para atender a demanda das Unidades de Reabilitação Física, proposta esta que compõe a estruturação da Rede de Atenção a Saúde das  Pessoa com Deficiência no Estado da PB.;Prestação de Contas Concluída;Administração Pública Estadual ou do Distrito Federal;29/09/2012;30/04/2023; 765.807,88 ; 247.000,00 ; 247.000,00 ; 518.807,88 ; 726.784,82 ; -   ; 54.239,75 ;SIM;PENDENTE;MONITORAR  DESEMBOLSO;0%;PENDENTE;Indefinida;NÃO HOUVE DESEMBOLSO;29/06/2023;01/11/2019;0;Baixa Execução;PENDENTE;0,00%;PENDENTE;NÃO INCLUÍDOS;FNS: 100,00%   |  Convenente: 95,62%;SEM INFORMAÇÃO;SEM IFORMAÇÃO;Fiscal Não Identificado;026178/2012;0,254087;1,0000000;A;Sem Vínculo;-; ;2012;513.044,05;Negativo;-;-;NÃO;INDEFINIDO;*
771988;https://discricionarias.transferegov.sistema.gov.br/voluntarias/ConsultarProposta/ResultadoDaConsultaDePropostaDetalharProposta.do?idProposta=599459&Usr=guest&Pwd=guest;PB;JOÃO PESSOA;08778268000160;SECRETARIA DE ESTADO DA SAUDE - SES;CONTRATO DE REPASSE;NÃO;Construção de um Centro Especializado de Reabilitação IV (CER IV), no município de Sousa, localizado no Alto-Sertão do Estado da Paraíba  considerando a Portaria n. 835, de 25 de abril de 2012.;Prestação de Contas Concluída;Administração Pública Estadual ou do Distrito Federal;29/09/2012;30/04/2019; 5.500.000,00 ; 1.000.000,00 ; 1.000.000,00 ; 500.000,00 ; 927.869,44 ; -   ; 529.286,89 ;NÃO;PENDENTE;MONITORAR  DESEMBOLSO;0%;PENDENTE;Indefinida;NÃO HOUVE DESEMBOLSO;29/06/2019;;0;Baixa Execução;PENDENTE;0,00%;PENDENTE;NÃO INCLUÍDOS;FNS: 20,00%   |  Convenente: 69,67%;SEM INFORMAÇÃO;SEM IFORMAÇÃO;Fiscal Não Identificado;026785/2012;-;;;Sem Vínculo;-; ;2012;331.713,33;Negativo;-;-;NÃO;INDEFINIDO;*
772015;https://discricionarias.transferegov.sistema.gov.br/voluntarias/ConsultarProposta/ResultadoDaConsultaDePropostaDetalharProposta.do?idProposta=607793&Usr=guest&Pwd=guest;PB;JOÃO PESSOA;08778268000160;SECRETARIA DE ESTADO DA SAUDE - SES;CONTRATO DE REPASSE;NÃO;Construção de uma Unidade de Assistência de Alta Complexidade em Oncologia (UNACON), no município de Patos, localizado no alto sertão da Paraíba.;Prestação de Contas Concluída;Administração Pública Estadual ou do Distrito Federal;28/09/2012;27/05/2018; 3.799.699,31 ; 2.788.025,42 ; 2.788.025,42 ; 1.011.673,89 ; 3.686.624,38 ; -   ; 171.584,61 ;SIM;PENDENTE;MONITORAR  DESEMBOLSO;0%;PENDENTE;Indefinida;NÃO HOUVE DESEMBOLSO;09/11/2018;;0;Baixa Execução;PENDENTE;0,00%;PENDENTE;NÃO INCLUÍDOS;FNS: 100,00%   |  Convenente: 97,02%;SEM INFORMAÇÃO;SEM IFORMAÇÃO;Fiscal Não Identificado;031617/2012;0,47983021;;;Sem Vínculo;-; ;2012;1.011.673,89;Negativo;-;-;NÃO;INDEFINIDO;*
772458;https://discricionarias.transferegov.sistema.gov.br/voluntarias/ConsultarProposta/ResultadoDaConsultaDePropostaDetalharProposta.do?idProposta=604253&Usr=guest&Pwd=guest;PB;CUITÉ;08732174000150;MUNICIPIO DE CUITE;CONTRATO DE REPASSE;NÃO;Construção de um Centro de Reabilitação em Cuité - PB;Prestação de Contas Concluída;Administração Pública Municipal;01/11/2012;30/12/2018; 2.551.021,00 ; 50.000,00 ; 50.000,00 ; 51.021,00 ; -   ; -   ; -   ;NÃO;PENDENTE;MONITORAR  DESEMBOLSO;0%;PENDENTE;Indefinida;NÃO HOUVE DESEMBOLSO;28/02/2019;;0;Baixa Execução;PENDENTE;0,00%;PENDENTE;NÃO INCLUÍDOS;FNS: 2,00%   |  Convenente: 0,00%;SEM INFORMAÇÃO;SEM IFORMAÇÃO;Fiscal Não Identificado;029482/2012;-;;;Sem Vínculo;-; ;2012;0,00;Negativo;-;-;NÃO;INDEFINIDO;*
775277;https://discricionarias.transferegov.sistema.gov.br/voluntarias/ConsultarProposta/ResultadoDaConsultaDePropostaDetalharProposta.do?idProposta=628409&Usr=guest&Pwd=guest;PB;JOÃO PESSOA;08778268000160;SECRETARIA DE ESTADO DA SAUDE - SES;CONVENIO;NÃO;AQUISIÇÃO DE EQUIPAMENTO E MATERIAL PERMANENTE PARA UNIDADE DE HEMATOLOGIA E HEMOTERAPIA;Prestação de Contas Concluída;Administração Pública Estadual ou do Distrito Federal;11/12/2012;28/06/2018; 250.000,00 ; 120.000,00 ; 120.000,00 ; 81.996,45 ; 250.000,00 ; -   ; -   ;SIM;PENDENTE;MONITORAR  DESEMBOLSO;0%;PENDENTE;Indefinida;NÃO HOUVE DESEMBOLSO;28/07/2018;;0;Baixa Execução;PENDENTE;0,00%;PENDENTE;NÃO INCLUÍDOS;FNS: 100,00%   |  Convenente: 100,00%;SEM INFORMAÇÃO;SEM IFORMAÇÃO;JULIO;25000.185234/2012-91;0,498060929;;;31/12/2019;-; ;2012;81.996,45;Negativo;-;-;NÃO;INDEFINIDO;*
775529;https://discricionarias.transferegov.sistema.gov.br/voluntarias/ConsultarProposta/ResultadoDaConsultaDePropostaDetalharProposta.do?idProposta=615760&Usr=guest&Pwd=guest;PB;BELÉM;08928517000157;MUNICIPIO DE BELEM;CONTRATO DE REPASSE;NÃO;Ampliação de estrutura para realização de serviços de referência para Diagnóstico e Tratamento do Câncer de Mama (SDM) e Câncer do Colo do Útero (SRC).;Convênio Anulado;Administração Pública Municipal;01/12/2012;01/11/2015; 1.100.000,00 ; -   ; -   ; 22.000,00 ; -   ; -   ; -   ;NÃO;PENDENTE;MONITORAR  DESEMBOLSO;0%;PENDENTE;Indefinida;NÃO HOUVE DESEMBOLSO;31/12/2015;;0;Baixa Execução;PENDENTE;0,00%;PENDENTE;NÃO INCLUÍDOS;FNS: 0,00%   |  Convenente: -;SEM INFORMAÇÃO;SEM IFORMAÇÃO;Fiscal Não Identificado;035561/2012;-;;;Sem Vínculo;-; ;2012;0,00;Negativo;-;-;NÃO;INDEFINIDO;*
776003;https://discricionarias.transferegov.sistema.gov.br/voluntarias/ConsultarProposta/ResultadoDaConsultaDePropostaDetalharProposta.do?idProposta=608169&Usr=guest&Pwd=guest;PB;CAMPINA GRANDE;08841421000157;FUNDACAO ASSISTENCIAL DA PARAIBA- FAP;CONVENIO;SIM;Aquisição de Equipamento e Material Permanente para Unidade de Atenção Especializada em Saúde;Prestação de Contas Concluída;Organização da Sociedade Civil;26/12/2012;30/11/2014; 98.000,00 ; 98.000,00 ; 98.000,00 ; -   ; 93.000,00 ; -   ; 10.832,90 ;NÃO;PENDENTE;MONITORAR  DESEMBOLSO;0%;PENDENTE;Indefinida;NÃO HOUVE DESEMBOLSO;08/01/2016;;0;Baixa Execução;PENDENTE;0,00%;PENDENTE;NÃO INCLUÍDOS;FNS: 100,00%   |  Convenente: 94,90%;SEM INFORMAÇÃO;SEM IFORMAÇÃO;Fiscal Não Identificado;25000.205211/2012-18;-;;;Sem Vínculo;-; ;2012;0,00;Negativo;-;-;NÃO;INDEFINIDO;*
776016;https://discricionarias.transferegov.sistema.gov.br/voluntarias/ConsultarProposta/ResultadoDaConsultaDePropostaDetalharProposta.do?idProposta=608100&Usr=guest&Pwd=guest;PB;CAMPINA GRANDE;08841421000157;FUNDACAO ASSISTENCIAL DA PARAIBA- FAP;CONVENIO;SIM;Aquisição de Equipamento e Material Permanente para Unidade de Atenção Especializada em Saúde;Prestação de Contas Concluída;Organização da Sociedade Civil;26/12/2012;30/11/2014; 100.000,00 ; 100.000,00 ; 100.000,00 ; -   ; 80.000,00 ; -   ; 27.396,22 ;NÃO;PENDENTE;MONITORAR  DESEMBOLSO;0%;PENDENTE;Indefinida;NÃO HOUVE DESEMBOLSO;08/01/2016;22/09/2017;623;Baixa Execução;PENDENTE;0,00%;PENDENTE;NÃO INCLUÍDOS;FNS: 100,00%   |  Convenente: 80,00%;SEM INFORMAÇÃO;SEM IFORMAÇÃO;Fiscal Não Identificado;25000.205219/2012-76;-;;;Sem Vínculo;-; ;2012;0,00;Negativo;-;-;NÃO;INDEFINIDO;*
777165;https://discricionarias.transferegov.sistema.gov.br/voluntarias/ConsultarProposta/ResultadoDaConsultaDePropostaDetalharProposta.do?idProposta=599827&Usr=guest&Pwd=guest;PB;JOÃO PESSOA;08778268000160;SECRETARIA DE ESTADO DA SAUDE - SES;CONTRATO DE REPASSE;NÃO;Reforma - Adequação da ambiência para  o Hospital Regional de Cajazeiras;Convênio Anulado;Administração Pública Estadual ou do Distrito Federal;31/12/2012;30/12/2016; 275.000,00 ; -   ; -   ; 25.000,00 ; -   ; -   ; -   ;NÃO;PENDENTE;MONITORAR  DESEMBOLSO;0%;PENDENTE;Indefinida;NÃO HOUVE DESEMBOLSO;28/02/2017;;0;Baixa Execução;PENDENTE;0,00%;PENDENTE;NÃO INCLUÍDOS;FNS: 0,00%   |  Convenente: -;SEM INFORMAÇÃO;SEM IFORMAÇÃO;Fiscal Não Identificado;027087/2012;-;;;Sem Vínculo;-; ;2012;0,00;Negativo;-;-;NÃO;INDEFINIDO;*
778697;https://discricionarias.transferegov.sistema.gov.br/voluntarias/ConsultarProposta/ResultadoDaConsultaDePropostaDetalharProposta.do?idProposta=625136&Usr=guest&Pwd=guest;PB;JOÃO PESSOA;08715618000140;FUNDO MUNICIPAL DE SAUDE;CONVENIO;SIM;Capacitar e mobilizar lideranças dos movimentos negros na pespectiva da promoção da equidade no SUS.;Prestação de Contas Concluída;Administração Pública Municipal;21/12/2012;25/07/2017; 208.333,33 ; 200.000,00 ; 200.000,00 ; 8.333,33 ; -   ; -   ; 277.775,46 ;SIM;PENDENTE;MONITORAR  DESEMBOLSO;0%;PENDENTE;Indefinida;NÃO HOUVE DESEMBOLSO;23/09/2017;;0;Baixa Execução;PENDENTE;0,00%;PENDENTE;NÃO INCLUÍDOS;FNS: 100,00%   |  Convenente: 0,00%;SEM INFORMAÇÃO;SEM IFORMAÇÃO;JULIO;25000212149201211;0,787753812;;;31/12/2019;-; ;2012;17.665,00;Negativo;-;-;NÃO;INDEFINIDO;*
779089;https://discricionarias.transferegov.sistema.gov.br/voluntarias/ConsultarProposta/ResultadoDaConsultaDePropostaDetalharProposta.do?idProposta=606027&Usr=guest&Pwd=guest;PB;CUITÉ;08732174000150;MUNICIPIO DE CUITE;CONTRATO DE REPASSE;NÃO;AMPLIAÇÃO DO HOSPITAL E MATERNIDADE MUNICÍPIO DE CUITE - PB;Convênio Anulado;Administração Pública Municipal;31/12/2012;01/07/2015; 408.164,00 ; -   ; -   ; 8.164,00 ; -   ; -   ; -   ;NÃO;PENDENTE;MONITORAR  DESEMBOLSO;0%;PENDENTE;Indefinida;NÃO HOUVE DESEMBOLSO;30/08/2015;;0;Baixa Execução;PENDENTE;0,00%;PENDENTE;NÃO INCLUÍDOS;FNS: 0,00%   |  Convenente: -;SEM INFORMAÇÃO;SEM IFORMAÇÃO;Fiscal Não Identificado;030520/2012;-;;;Sem Vínculo;-; ;2012;0,00;Negativo;-;-;NÃO;INDEFINIDO;*
781420;https://discricionarias.transferegov.sistema.gov.br/voluntarias/ConsultarProposta/ResultadoDaConsultaDePropostaDetalharProposta.do?idProposta=605539&Usr=guest&Pwd=guest;PB;JOÃO PESSOA;09112236000194;FUNDACAO NAPOLEAO LAUREANO;CONVENIO;SIM;AQUISIÇÃO DE EQUIPAMENTOS E MATERIAIS PERMANENTES;Prestação de Contas Concluída;Organização da Sociedade Civil;29/12/2012;02/12/2017; 645.960,00 ; 620.000,00 ; 620.000,00 ; -   ; 645.960,00 ; -   ; 22.248,94 ;NÃO;PENDENTE;MONITORAR  DESEMBOLSO;0%;PENDENTE;Indefinida;NÃO HOUVE DESEMBOLSO;31/01/2018;04/02/2019;369;Baixa Execução;PENDENTE;0,00%;PENDENTE;NÃO INCLUÍDOS;FNS: 100,00%   |  Convenente: 100,00%;SEM INFORMAÇÃO;SEM IFORMAÇÃO;FRANCIBERTO;25000227209201291;-;;;02/12/2016;-; ;2012;0,00;Negativo;-;-;NÃO;INDEFINIDO;*
781529;https://discricionarias.transferegov.sistema.gov.br/voluntarias/ConsultarProposta/ResultadoDaConsultaDePropostaDetalharProposta.do?idProposta=605538&Usr=guest&Pwd=guest;PB;JOÃO PESSOA;09112236000194;FUNDACAO NAPOLEAO LAUREANO;CONVENIO;SIM;AQUISIÇÃO DO EQUIPAMENTO E MATERIAL PERMANENTE PARA UNIDADE DE ATENÇÃO ESPECIALIZADA EM SAUDE;Prestação de Contas Concluída;Organização da Sociedade Civil;29/12/2012;30/05/2015; 900.000,00 ; 900.000,00 ; 900.000,00 ; -   ; 760.000,00 ; -   ; 193.983,04 ;NÃO;PENDENTE;MONITORAR  DESEMBOLSO;0%;PENDENTE;Indefinida;NÃO HOUVE DESEMBOLSO;29/07/2015;26/03/2022;2432;Baixa Execução;PENDENTE;0,00%;PENDENTE;NÃO INCLUÍDOS;FNS: 100,00%   |  Convenente: 84,44%;SEM INFORMAÇÃO;SEM IFORMAÇÃO;FRANCIBERTO;25000.227522/2012-20;-;;;29/07/2016;-; ;2012;0,00;Negativo;-;-;NÃO;INDEFINIDO;*
782134;https://discricionarias.transferegov.sistema.gov.br/voluntarias/ConsultarProposta/ResultadoDaConsultaDePropostaDetalharProposta.do?idProposta=605544&Usr=guest&Pwd=guest;PB;JOÃO PESSOA;09112236000194;FUNDACAO NAPOLEAO LAUREANO;CONTRATO DE REPASSE;SIM;REFORMA DA UNIDADE DE SAÚDE;Prestação de Contas Concluída;Organização da Sociedade Civil;31/12/2012;31/12/2020; 957.261,71 ; 950.000,00 ; 950.000,00 ; 7.261,71 ; 957.251,51 ; -   ; 180.366,64 ;SIM;PENDENTE;MONITORAR  DESEMBOLSO;0%;PENDENTE;Indefinida;NÃO HOUVE DESEMBOLSO;01/03/2021;;0;Baixa Execução;PENDENTE;0,00%;PENDENTE;NÃO INCLUÍDOS;FNS: 100,00%   |  Convenente: 100,00%;SEM INFORMAÇÃO;SEM IFORMAÇÃO;Fiscal Não Identificado;030238/2012;0,699741345;;;Sem Vínculo;-; ;2012;7.261,71;Negativo;-;-;NÃO;INDEFINIDO;*
787289;https://discricionarias.transferegov.sistema.gov.br/voluntarias/ConsultarProposta/ResultadoDaConsultaDePropostaDetalharProposta.do?idProposta=740150&Usr=guest&Pwd=guest;PB;CAMPINA GRANDE;12671814000137;UNIVERSIDADE ESTADUAL DA PARAIBA;CONVENIO;NÃO;Reforma de unidade do complexo industrial e produtivo da saúde;Prestação de Contas Concluída;Administração Pública Estadual ou do Distrito Federal;02/12/2013;30/06/2019; 1.685.236,11 ; 1.425.000,00 ; 1.425.000,00 ; 75.000,00 ; 1.685.236,11 ; -   ; 90.412,01 ;SIM;PENDENTE;MONITORAR  DESEMBOLSO;0%;PENDENTE;Indefinida;NÃO HOUVE DESEMBOLSO;29/08/2019;22/02/2019;0;Baixa Execução;PENDENTE;0,00%;PENDENTE;NÃO INCLUÍDOS;FNS: 100,00%   |  Convenente: 95,74%;SEM INFORMAÇÃO;SEM IFORMAÇÃO;FRANCIBERTO;25000162076201381;0,711912;1,0000000;A;30/04/2017;-; ;2013;150.000,00;Negativo;-;-;NÃO;INDEFINIDO;*
787296;https://discricionarias.transferegov.sistema.gov.br/voluntarias/ConsultarProposta/ResultadoDaConsultaDePropostaDetalharProposta.do?idProposta=740903&Usr=guest&Pwd=guest;PB;CAMPINA GRANDE;12671814000137;UNIVERSIDADE ESTADUAL DA PARAIBA;CONVENIO;NÃO;Construção de Unidade de Complexo Industrial da Saúde;Em execução;Administração Pública Estadual ou do Distrito Federal;20/12/2013;13/12/2026; 15.000.000,00 ; 14.000.000,00 ; 4.000.000,00 ; 1.000.000,00 ; 911.553,70 ; 7.013.031,05 ; -   ;NÃO;PENDENTE;MONITORAR  DESEMBOLSO;0%;PENDENTE;4ª Prioridade;NÃO HOUVE DESEMBOLSO;11/02/2027;;0;Baixa Execução;PENDENTE;0,00%;PENDENTE;NÃO INCLUÍDOS;FNS: 28,57%   |  Convenente: 18,23%;SEM INFORMAÇÃO;SEM IFORMAÇÃO;FRANCIBERTO;25000162156201337;-;;;20/09/2022;-; ;2013;1.000.000,00;Até 90 dias;Acima de 365 dias;Não;NÃO;4ª Prioridade;*
787665;https://discricionarias.transferegov.sistema.gov.br/voluntarias/ConsultarProposta/ResultadoDaConsultaDePropostaDetalharProposta.do?idProposta=749749&Usr=guest&Pwd=guest;PB;CAMPINA GRANDE;12671814000137;UNIVERSIDADE ESTADUAL DA PARAIBA;CONVENIO;NÃO;Aquisição de equipamento para unidade do Complexo Industrial da Saúde;Prestação de Contas Concluída;Administração Pública Estadual ou do Distrito Federal;20/12/2013;20/11/2018; 3.847.569,12 ; 3.448.000,00 ; 3.448.000,00 ; 182.000,00 ; 2.705.591,53 ; -   ; 1.526.484,75 ;SIM;PENDENTE;MONITORAR  DESEMBOLSO;0%;PENDENTE;Indefinida;NÃO HOUVE DESEMBOLSO;28/11/2019;;0;Baixa Execução;PENDENTE;0,00%;PENDENTE;NÃO INCLUÍDOS;FNS: 100,00%   |  Convenente: 70,32%;SEM INFORMAÇÃO;SEM IFORMAÇÃO;FRANCIBERTO;25000177101201321;0,736608;;;31/12/2021;-; ;2013;182.000,00;Negativo;-;-;NÃO;INDEFINIDO;*
790686;https://discricionarias.transferegov.sistema.gov.br/voluntarias/ConsultarProposta/ResultadoDaConsultaDePropostaDetalharProposta.do?idProposta=818263&Usr=guest&Pwd=guest;PB;CAMPINA GRANDE;08841421000157;FUNDACAO ASSISTENCIAL DA PARAIBA- FAP;CONVENIO;SIM;AQUISIÇÃO DE EQUIPAMENTO E MATERIAL PERMANENTE PARA UNIDADE DE ATENÇÃO ESPECIALIZADA EM SAÚDE;Prestação de Contas Concluída;Organização da Sociedade Civil;31/12/2013;03/12/2019; 399.500,00 ; 350.000,00 ; 350.000,00 ; -   ; 292.502,17 ; -   ; 141.554,49 ;SIM;PENDENTE;MONITORAR  DESEMBOLSO;0%;PENDENTE;Indefinida;NÃO HOUVE DESEMBOLSO;26/12/2025;11/04/2019;0;Baixa Execução;PENDENTE;0,00%;PENDENTE;NÃO INCLUÍDOS;FNS: 100,00%   |  Convenente: 73,22%;SEM INFORMAÇÃO;SEM IFORMAÇÃO;JOSIELY;25000239187201393;0,744316;0,7999999;B;31/12/2025;-; ;2013;0,00;Negativo;-;-;NÃO;INDEFINIDO;*
790689;https://discricionarias.transferegov.sistema.gov.br/voluntarias/ConsultarProposta/ResultadoDaConsultaDePropostaDetalharProposta.do?idProposta=819894&Usr=guest&Pwd=guest;PB;SANTA RITA;09433715000102;FUNDACAO GOVERNADOR FLAVIO RIBEIRO COUTINHO;CONVENIO;SIM;AQUISIÇÃO DE EQUIPAMENTO E MATERIAL PERMANENTE PARA UNIDADE DE ATENÇÃO ESPECIALIZADA EM SAÚDE;Prestação de Contas Concluída;Organização da Sociedade Civil;30/12/2013;05/11/2016; 350.000,00 ; 350.000,00 ; 350.000,00 ; -   ; 271.700,00 ; -   ; 119.283,20 ;SIM;PENDENTE;MONITORAR  DESEMBOLSO;0%;PENDENTE;Indefinida;NÃO HOUVE DESEMBOLSO;17/05/2018;;0;Baixa Execução;PENDENTE;0,00%;PENDENTE;NÃO INCLUÍDOS;FNS: 100,00%   |  Convenente: 77,63%;SEM INFORMAÇÃO;SEM IFORMAÇÃO;FRANCIBERTO;25000240807201337;0,756031385;;;05/12/2016;-; ;2013;0,00;Negativo;-;-;NÃO;INDEFINIDO;*
792576;https://discricionarias.transferegov.sistema.gov.br/voluntarias/ConsultarProposta/ResultadoDaConsultaDePropostaDetalharProposta.do?idProposta=775781&Usr=guest&Pwd=guest;PB;CAMPINA GRANDE;12671814000137;UNIVERSIDADE ESTADUAL DA PARAIBA;CONVENIO;NÃO;Construção do laboratório de simulação e usabilidade da UEPB;Prestação de Contas em Análise;Administração Pública Estadual ou do Distrito Federal;21/12/2013;31/08/2024; 1.700.000,00 ; 1.614.000,00 ; 1.614.000,00 ; 86.000,00 ; 1.467.731,32 ; -   ; 879.058,30 ;NÃO;PENDENTE;MONITORAR  DESEMBOLSO;0%;PENDENTE;4ª Prioridade;NÃO HOUVE DESEMBOLSO;20/02/2025;;0;Baixa Execução;PENDENTE;0,00%;PENDENTE;NÃO INCLUÍDOS;FNS: 100,00%   |  Convenente: 82,23%;SEM INFORMAÇÃO;SEM IFORMAÇÃO;FRANCIBERTO;25000212754201364;-;;;20/09/2022;531; ;2013;170.987,43;Negativo;-;-;NÃO;4ª Prioridade;46239
793024;https://discricionarias.transferegov.sistema.gov.br/voluntarias/ConsultarProposta/ResultadoDaConsultaDePropostaDetalharProposta.do?idProposta=786966&Usr=guest&Pwd=guest;PB;JOÃO PESSOA;08715618000140;FUNDO MUNICIPAL DE SAUDE;CONVENIO;NÃO;AMPLIAÇÃO E FORTALECIMENTO DE AÇÕES E SERVIÇOS EM SAÚDE (PROESF);Prestação de Contas Concluída;Administração Pública Municipal;20/12/2013;25/10/2018; 106.870,00 ; 100.000,00 ; 100.000,00 ; 6.870,00 ; -   ; -   ; 131.871,35 ;SIM;PENDENTE;MONITORAR  DESEMBOLSO;0%;PENDENTE;Indefinida;NÃO HOUVE DESEMBOLSO;08/05/2019;;0;Baixa Execução;PENDENTE;0,00%;PENDENTE;NÃO INCLUÍDOS;FNS: 100,00%   |  Convenente: 0,00%;SEM INFORMAÇÃO;SEM IFORMAÇÃO;FRANCIBERTO;25000213018201323;0,759226269;;;16/05/2017;-; ;2013;6.870,00;Negativo;-;-;NÃO;INDEFINIDO;*
793428;https://discricionarias.transferegov.sistema.gov.br/voluntarias/ConsultarProposta/ResultadoDaConsultaDePropostaDetalharProposta.do?idProposta=804585&Usr=guest&Pwd=guest;PB;CAMPINA GRANDE;08841421000157;FUNDACAO ASSISTENCIAL DA PARAIBA- FAP;CONVENIO;SIM;AQUISIÇÃO DE EQUIPAMENTO E MATERIAL PERMANENTE PARA UNIDADE DE ATENÇÃO ESPECIALIZADA EM SAÚDE;Prestação de Contas Concluída;Organização da Sociedade Civil;18/12/2013;17/02/2015; 150.000,00 ; 150.000,00 ; 150.000,00 ; -   ; 102.300,00 ; -   ; 57.195,39 ;NÃO;PENDENTE;MONITORAR  DESEMBOLSO;0%;PENDENTE;Indefinida;NÃO HOUVE DESEMBOLSO;18/04/2015;;0;Baixa Execução;PENDENTE;0,00%;PENDENTE;NÃO INCLUÍDOS;FNS: 100,00%   |  Convenente: 68,20%;SEM INFORMAÇÃO;SEM IFORMAÇÃO;Fiscal Não Identificado;25000228945201348;-;;;Sem Vínculo;-; ;2013;0,00;Negativo;-;-;NÃO;INDEFINIDO;*
794336;https://discricionarias.transferegov.sistema.gov.br/voluntarias/ConsultarProposta/ResultadoDaConsultaDePropostaDetalharProposta.do?idProposta=780938&Usr=guest&Pwd=guest;PB;JOÃO PESSOA;08715618000140;FUNDO MUNICIPAL DE SAUDE;CONVENIO;NÃO;AQUISIÇÃO DE EQUIPAMENTO E MATERIAL PERMANENTE PARA ATENÇÃO AOS PORTADORES DE DOENÇAS HEMATOLÓGICAS;Prestação de Contas Concluída;Administração Pública Municipal;12/11/2014;16/11/2017; 132.000,00 ; 120.000,00 ; 120.000,00 ; 12.000,00 ; 132.000,00 ; -   ; 31.322,56 ;SIM;PENDENTE;MONITORAR  DESEMBOLSO;0%;PENDENTE;Indefinida;NÃO HOUVE DESEMBOLSO;07/11/2019;;0;Baixa Execução;PENDENTE;0,00%;PENDENTE;NÃO INCLUÍDOS;FNS: 100,00%   |  Convenente: 91,67%;SEM INFORMAÇÃO;SEM IFORMAÇÃO;JULIO;25000206561201374;0,722042342;;;31/12/2019;-; ;2013;24.000,00;Negativo;-;-;NÃO;INDEFINIDO;*
797350;https://discricionarias.transferegov.sistema.gov.br/voluntarias/ConsultarProposta/ResultadoDaConsultaDePropostaDetalharProposta.do?idProposta=804225&Usr=guest&Pwd=guest;PB;JOÃO PESSOA;03609595000175;FUNDO ESTADUAL DE SAUDE DO ESTADO DA PARAIBA - FESEP;CONVENIO;NÃO;Estruturação do Núcleo de Economia da Secretaria de Estado da Saúde do Estado da Paraíba SES/NES-PB.;Prestação de Contas Concluída;Administração Pública Estadual ou do Distrito Federal;30/12/2013;31/12/2020; 247.537,90 ; 161.850,00 ; 235.161,00 ; 12.376,90 ; -   ; -   ; -   ;NÃO;PENDENTE;MONITORAR  DESEMBOLSO;0%;PENDENTE;Indefinida;NÃO HOUVE DESEMBOLSO;01/03/2021;;0;Baixa Execução;PENDENTE;0,00%;PENDENTE;NÃO INCLUÍDOS;FNS: 100,00%   |  Convenente: 0,00%;SEM INFORMAÇÃO;SEM IFORMAÇÃO;FRANCIBERTO;25000226073201383;-;;;16/10/2021;-; ;2013;0,00;Negativo;-;-;NÃO;INDEFINIDO;*
797431;https://discricionarias.transferegov.sistema.gov.br/voluntarias/ConsultarProposta/ResultadoDaConsultaDePropostaDetalharProposta.do?idProposta=805707&Usr=guest&Pwd=guest;PB;JOÃO PESSOA;03609595000175;FUNDO ESTADUAL DE SAUDE DO ESTADO DA PARAIBA - FESEP;CONVENIO;NÃO;AQUISIÇÃO DE EQUIPAMENTO E MATERIAL PERMANENTE PARA ATENÇÃO AOS PORTADORES DE DOENÇAS HEMATOLÓGICAS;Prestação de Contas Concluída;Administração Pública Estadual ou do Distrito Federal;12/11/2014;31/03/2021; 135.994,48 ; 119.400,00 ; 119.400,00 ; 12.000,00 ; 109.094,48 ; -   ; -   ;SIM;PENDENTE;MONITORAR  DESEMBOLSO;0%;PENDENTE;Indefinida;NÃO HOUVE DESEMBOLSO;21/09/2021;01/09/2020;0;Baixa Execução;PENDENTE;0,00%;PENDENTE;NÃO INCLUÍDOS;FNS: 100,00%   |  Convenente: 80,22%;SEM INFORMAÇÃO;SEM IFORMAÇÃO;FRANCIBERTO;25000227829201310;0,658409051;;X;25/02/2022;-; ;2013;12.000,00;Negativo;-;-;NÃO;INDEFINIDO;*
797434;https://discricionarias.transferegov.sistema.gov.br/voluntarias/ConsultarProposta/ResultadoDaConsultaDePropostaDetalharProposta.do?idProposta=805611&Usr=guest&Pwd=guest;PB;JOÃO PESSOA;03609595000175;FUNDO ESTADUAL DE SAUDE DO ESTADO DA PARAIBA - FESEP;CONVENIO;NÃO;QUALIFICAÇÃO DOS SERVIÇOS DE HEMATOLOGIA E HEMOTERAPIA;Prestação de Contas Concluída;Administração Pública Estadual ou do Distrito Federal;14/11/2014;31/12/2021; 275.000,00 ; 250.000,00 ; 250.000,00 ; 25.000,00 ; 189.565,10 ; -   ; -   ;SIM;PENDENTE;MONITORAR  DESEMBOLSO;0%;PENDENTE;Indefinida;NÃO HOUVE DESEMBOLSO;01/03/2022;08/01/2020;0;Baixa Execução;PENDENTE;0,00%;PENDENTE;NÃO INCLUÍDOS;FNS: 100,00%   |  Convenente: 68,93%;SEM INFORMAÇÃO;SEM IFORMAÇÃO;FRANCIBERTO;25000227825201323;0,710678;;X;31/12/2023;-; ;2013;25.000,00;Negativo;-;-;NÃO;INDEFINIDO;*
798508;https://discricionarias.transferegov.sistema.gov.br/voluntarias/ConsultarProposta/ResultadoDaConsultaDePropostaDetalharProposta.do?idProposta=816563&Usr=guest&Pwd=guest;PB;JOÃO PESSOA;08667206000181;INSTITUTO SAO JOSE;CONVENIO;NÃO;AÇÕES DE PROMOÇÃO E PREVENÇÃO DE VIGILÂNCIA EM SAÚDE;Prestação de Contas Concluída;Organização da Sociedade Civil;28/12/2013;30/05/2015; 140.400,00 ; 140.400,00 ; 140.400,00 ; -   ; -   ; -   ; 146.760,05 ;NÃO;PENDENTE;MONITORAR  DESEMBOLSO;0%;PENDENTE;Indefinida;NÃO HOUVE DESEMBOLSO;09/06/2017;;0;Baixa Execução;PENDENTE;0,00%;PENDENTE;NÃO INCLUÍDOS;FNS: 100,00%   |  Convenente: 0,00%;SEM INFORMAÇÃO;SEM IFORMAÇÃO;Fiscal Não Identificado;25000235034201377;-;;;Sem Vínculo;-; ;2013;0,00;Negativo;-;-;NÃO;INDEFINIDO;*
798516;https://discricionarias.transferegov.sistema.gov.br/voluntarias/ConsultarProposta/ResultadoDaConsultaDePropostaDetalharProposta.do?idProposta=813733&Usr=guest&Pwd=guest;PB;BREJO DO CRUZ;12452534000138;FUNDO MUNICIPAL DE SAUDE DE BREJO DO CRUZ;CONTRATO DE REPASSE;SIM;AMPLIAÇÃO DE UNIDADE DE ATENÇÃO ESPECIALIZADA EM SAÚDE;Convênio Anulado;Administração Pública Municipal;31/12/2013;13/12/2015; 408.200,00 ; -   ; -   ; 8.200,00 ; -   ; -   ; -   ;NÃO;PENDENTE;MONITORAR  DESEMBOLSO;0%;PENDENTE;Indefinida;NÃO HOUVE DESEMBOLSO;11/02/2016;;0;Baixa Execução;PENDENTE;0,00%;PENDENTE;NÃO INCLUÍDOS;FNS: 0,00%   |  Convenente: -;SEM INFORMAÇÃO;SEM IFORMAÇÃO;Fiscal Não Identificado;0947262013;-;;;Sem Vínculo;-; ;2013;0,00;Negativo;-;-;NÃO;INDEFINIDO;*
799392;https://discricionarias.transferegov.sistema.gov.br/voluntarias/ConsultarProposta/ResultadoDaConsultaDePropostaDetalharProposta.do?idProposta=795139&Usr=guest&Pwd=guest;PB;JOÃO PESSOA;08715618000140;FUNDO MUNICIPAL DE SAUDE;CONTRATO DE REPASSE;NÃO;REFORMA DE UNIDADE DE ATENÇÃO ESPECIALIZADA EM SAÚDE;Convênio Anulado;Administração Pública Municipal;31/12/2013;30/06/2016; 265.000,00 ; -   ; -   ; 15.000,00 ; -   ; -   ; -   ;NÃO;PENDENTE;MONITORAR  DESEMBOLSO;0%;PENDENTE;Indefinida;NÃO HOUVE DESEMBOLSO;29/08/2016;09/03/2020;1288;Baixa Execução;PENDENTE;0,00%;PENDENTE;NÃO INCLUÍDOS;FNS: 0,00%   |  Convenente: -;SEM INFORMAÇÃO;SEM IFORMAÇÃO;Fiscal Não Identificado;0852472013;-;;;Sem Vínculo;-; ;2013;0,00;Negativo;-;-;NÃO;INDEFINIDO;*
799428;https://discricionarias.transferegov.sistema.gov.br/voluntarias/ConsultarProposta/ResultadoDaConsultaDePropostaDetalharProposta.do?idProposta=807633&Usr=guest&Pwd=guest;PB;ALAGOA GRANDE;17698753000115;FUNDO MUNICIPAL DE SAUDE DE ALAGOA GRANDE;CONTRATO DE REPASSE;SIM;AMPLIAÇÃO DE UNIDADE DE ATENÇÃO ESPECIALIZADA EM SAÚDE;Convênio Anulado;Administração Pública Municipal;31/12/2013;09/12/2015; 510.210,00 ; -   ; -   ; 10.210,00 ; -   ; -   ; -   ;NÃO;PENDENTE;MONITORAR  DESEMBOLSO;0%;PENDENTE;Indefinida;NÃO HOUVE DESEMBOLSO;07/02/2016;;0;Baixa Execução;PENDENTE;0,00%;PENDENTE;NÃO INCLUÍDOS;FNS: 0,00%   |  Convenente: -;SEM INFORMAÇÃO;SEM IFORMAÇÃO;Fiscal Não Identificado;0903312013;-;;;Sem Vínculo;-; ;2013;0,00;Negativo;-;-;NÃO;INDEFINIDO;*
799611;https://discricionarias.transferegov.sistema.gov.br/voluntarias/ConsultarProposta/ResultadoDaConsultaDePropostaDetalharProposta.do?idProposta=819054&Usr=guest&Pwd=guest;PB;MARIZÓPOLIS;11404727000150;FUNDO MUNICIPAL DE SAUDE;CONTRATO DE REPASSE;NÃO;CONSTRUÇÃO DE UNIDADE DE ATENÇÃO ESPECIALIZADA EM SAÚDE;Em execução;Administração Pública Municipal;31/12/2013;28/02/2027; 1.417.475,82 ; 980.000,00 ; 980.000,00 ; 437.475,82 ; 827.038,94 ; 548.815,52 ; -   ;NÃO;PENDENTE;MONITORAR  DESEMBOLSO;0%;PENDENTE;Indefinida;NÃO HOUVE DESEMBOLSO;29/04/2027;;0;Baixa Execução;PENDENTE;0,00%;PENDENTE;NÃO INCLUÍDOS;FNS: 100,00%   |  Convenente: 73,36%;SEM INFORMAÇÃO;SEM IFORMAÇÃO;Fiscal Não Identificado;0983502013;-;;;Sem Vínculo;-; ;2013;147.358,73;Acima de 180 até 365 dias;Acima de 365 dias;Sim;NÃO;INDEFINIDO;*
800244;https://discricionarias.transferegov.sistema.gov.br/voluntarias/ConsultarProposta/ResultadoDaConsultaDePropostaDetalharProposta.do?idProposta=795144&Usr=guest&Pwd=guest;PB;JOÃO PESSOA;08715618000140;FUNDO MUNICIPAL DE SAUDE;CONTRATO DE REPASSE;SIM;REFORMA DE UNIDADE DE ATENÇÃO ESPECIALIZADA EM SAÚDE;Convênio Anulado;Organização da Sociedade Civil;06/11/2014;15/04/2021; 265.000,00 ; -   ; -   ; 15.000,00 ; 735.260,32 ; -   ; 29.367,86 ;NÃO;PENDENTE;MONITORAR  DESEMBOLSO;0%;PENDENTE;Indefinida;NÃO HOUVE DESEMBOLSO;01/06/2024;23/07/2022;0;Baixa Execução;PENDENTE;0,00%;PENDENTE;NÃO INCLUÍDOS;FNS: 100,00%   |  Convenente: 99,71%;SEM INFORMAÇÃO;SEM IFORMAÇÃO;Fiscal Não Identificado;0995722013;-;1,0000000;A;Sem Vínculo;-; ;2013;0,00;Negativo;-;-;NÃO;INDEFINIDO;*
800424;https://discricionarias.transferegov.sistema.gov.br/voluntarias/ConsultarProposta/ResultadoDaConsultaDePropostaDetalharProposta.do?idProposta=820614&Usr=guest&Pwd=guest;PB;TAVARES;10598364000179;FUNDO MUNICIPAL DE SAUDE DE TAVARES;CONTRATO DE REPASSE;SIM;AMPLIAÇÃO DE UNIDADE DE ATENÇÃO ESPECIALIZADA EM SAÚDE;Prestação de Contas Concluída;Organização da Sociedade Civil;11/08/2014;29/10/2016; 406.605,18 ; 300.000,00 ; 300.000,00 ; 106.605,18 ; 115.010,00 ; -   ; -   ;SIM;PENDENTE;MONITORAR  DESEMBOLSO;0%;PENDENTE;Indefinida;NÃO HOUVE DESEMBOLSO;29/09/2017;27/07/2022;1762;Baixa Execução;PENDENTE;0,00%;PENDENTE;NÃO INCLUÍDOS;FNS: 100,00%   |  Convenente: 62,82%;SEM INFORMAÇÃO;SEM IFORMAÇÃO;Fiscal Não Identificado;25000227784201375;0,548839;;;Sem Vínculo;-; ;2013;106.605,18;Negativo;-;-;NÃO;INDEFINIDO;*
800440;https://discricionarias.transferegov.sistema.gov.br/voluntarias/ConsultarProposta/ResultadoDaConsultaDePropostaDetalharProposta.do?idProposta=820612&Usr=guest&Pwd=guest;PB;TAVARES;10598364000179;FUNDO MUNICIPAL DE SAUDE DE TAVARES;CONTRATO DE REPASSE;SIM;REFORMA DE UNIDADE DE ATENÇÃO ESPECIALIZADA EM SAÚDE;Prestação de Contas Concluída;Organização da Sociedade Civil;24/10/2014;29/10/2016; 735.715,43 ; 542.389,85 ; 542.389,85 ; 193.325,58 ; 474.214,00 ; -   ; 82.174,56 ;SIM;PENDENTE;MONITORAR  DESEMBOLSO;0%;PENDENTE;Indefinida;NÃO HOUVE DESEMBOLSO;28/09/2017;02/04/2022;1647;Baixa Execução;PENDENTE;0,00%;PENDENTE;NÃO INCLUÍDOS;FNS: 100,00%   |  Convenente: 86,22%;SEM INFORMAÇÃO;SEM IFORMAÇÃO;Fiscal Não Identificado;25000074190201436;0,796563;;;Sem Vínculo;-; ;2013;194.980,51;Negativo;-;-;NÃO;INDEFINIDO;*
801893;https://discricionarias.transferegov.sistema.gov.br/voluntarias/ConsultarProposta/ResultadoDaConsultaDePropostaDetalharProposta.do?idProposta=805667&Usr=guest&Pwd=guest;PB;JOÃO PESSOA;03609595000175;FUNDO ESTADUAL DE SAUDE DO ESTADO DA PARAIBA - FESEP;CONVENIO;SIM;AQUISIÇÃO DE EQUIPAMENTO E MATERIAL PERMANENTE PARA UNIDADE DE HEMATOLOGIA E HEMOTERAPIA;Prestação de Contas em Análise;Organização da Sociedade Civil;22/10/2014;03/11/2016; 170.270,00 ; 100.000,00 ; 100.000,00 ; 39.600,00 ; 379.018,00 ; -   ; 113.536,99 ;SIM;PENDENTE;MONITORAR  DESEMBOLSO;0%;PENDENTE;Indefinida;NÃO HOUVE DESEMBOLSO;06/11/2017;;0;Baixa Execução;PENDENTE;0,00%;PENDENTE;NÃO INCLUÍDOS;FNS: 100,00%   |  Convenente: 79,40%;SEM INFORMAÇÃO;SEM IFORMAÇÃO;JULIO;25000118380201472;0,759658;;;17/06/2018;3194; ;2013;52.400,84;Negativo;-;-;SIM;INDEFINIDO;46239
802057;https://discricionarias.transferegov.sistema.gov.br/voluntarias/ConsultarProposta/ResultadoDaConsultaDePropostaDetalharProposta.do?idProposta=820760&Usr=guest&Pwd=guest;PB;JOÃO PESSOA;09112236000194;FUNDACAO NAPOLEAO LAUREANO;CONVENIO;SIM;AQUISIÇÃO DE EQUIPAMENTO E MATERIAL PERMANENTE PARA UNIDADE DE ATENÇÃO ESPECIALIZADA EM SAÚDE;Prestação de Contas Concluída;Organização da Sociedade Civil;07/11/2014;26/10/2016; 550.000,00 ; 550.000,00 ; 550.000,00 ; -   ; 100.000,00 ; -   ; 12.385,31 ;NÃO;PENDENTE;MONITORAR  DESEMBOLSO;0%;PENDENTE;Indefinida;NÃO HOUVE DESEMBOLSO;10/06/2017;02/04/2022;1757;Baixa Execução;PENDENTE;0,00%;PENDENTE;NÃO INCLUÍDOS;FNS: 100,00%   |  Convenente: 100,00%;SEM INFORMAÇÃO;SEM IFORMAÇÃO;JULIO;25000118530201448;-;1,0000000;A;28/12/2022;-; ;2013;0,00;Negativo;-;-;NÃO;INDEFINIDO;*
807844;https://discricionarias.transferegov.sistema.gov.br/voluntarias/ConsultarProposta/ResultadoDaConsultaDePropostaDetalharProposta.do?idProposta=888032&Usr=guest&Pwd=guest;PB;SANTA RITA;09433715000102;FUNDACAO GOVERNADOR FLAVIO RIBEIRO COUTINHO;CONVENIO;SIM;AQUISIÇÃO DE EQUIPAMENTO E MATERIAL PERMANENTE PARA UNIDADE DE ATENÇÃO ESPECIALIZADA EM SAÚDE;Prestação de Contas Concluída;Organização da Sociedade Civil;25/11/2014;27/10/2016; 477.333,00 ; 400.000,00 ; 400.000,00 ; -   ; 964.546,00 ; -   ; 65.571,63 ;NÃO;PENDENTE;MONITORAR  DESEMBOLSO;0%;PENDENTE;Indefinida;NÃO HOUVE DESEMBOLSO;22/11/2019;08/01/2020;47;Baixa Execução;PENDENTE;0,00%;PENDENTE;NÃO INCLUÍDOS;FNS: 100,00%   |  Convenente: 96,45%;SEM INFORMAÇÃO;SEM IFORMAÇÃO;FRANCIBERTO;25000140088201436;-;;X;31/12/2021;-; ;2014;0,00;Negativo;-;-;NÃO;INDEFINIDO;*
807845;https://discricionarias.transferegov.sistema.gov.br/voluntarias/ConsultarProposta/ResultadoDaConsultaDePropostaDetalharProposta.do?idProposta=887819&Usr=guest&Pwd=guest;PB;SANTA RITA;09433715000102;FUNDACAO GOVERNADOR FLAVIO RIBEIRO COUTINHO;CONVENIO;SIM;AQUISIÇÃO DE EQUIPAMENTO E MATERIAL PERMANENTE PARA UNIDADE DE ATENÇÃO ESPECIALIZADA EM SAÚDE;Prestação de Contas Concluída;Organização da Sociedade Civil;28/11/2014;25/10/2016; 100.000,00 ; 100.000,00 ; 100.000,00 ; -   ; 59.853,00 ; -   ; 46.737,75 ;NÃO;PENDENTE;MONITORAR  DESEMBOLSO;0%;PENDENTE;Indefinida;NÃO HOUVE DESEMBOLSO;16/09/2017;;0;Baixa Execução;PENDENTE;0,00%;PENDENTE;NÃO INCLUÍDOS;FNS: 100,00%   |  Convenente: 59,85%;SEM INFORMAÇÃO;SEM IFORMAÇÃO;FRANCIBERTO;25000141054201469;-;;;31/12/2017;-; ;2014;0,00;Negativo;-;-;NÃO;INDEFINIDO;*
810567;https://discricionarias.transferegov.sistema.gov.br/voluntarias/ConsultarProposta/ResultadoDaConsultaDePropostaDetalharProposta.do?idProposta=895364&Usr=guest&Pwd=guest;PB;JOÃO PESSOA;09124165000140;INSTITUTO WALFREDO GUEDES PEREIRA;CONVENIO;SIM;AQUISIÇÃO DE EQUIPAMENTO E MATERIAL PERMANENTE PARA UNIDADE DE ATENÇÃO ESPECIALIZADA EM SAÚDE;Prestação de Contas Concluída;Organização da Sociedade Civil;23/12/2014;09/11/2016; 1.000.000,00 ; 1.000.000,00 ; 1.000.000,00 ; -   ; 99.480,00 ; -   ; 1.900,20 ;SIM;PENDENTE;MONITORAR  DESEMBOLSO;0%;PENDENTE;Indefinida;NÃO HOUVE DESEMBOLSO;22/08/2017;;0;Baixa Execução;PENDENTE;0,00%;PENDENTE;NÃO INCLUÍDOS;FNS: 100,00%   |  Convenente: 100,00%;SEM INFORMAÇÃO;SEM IFORMAÇÃO;FRANCIBERTO;25000168364201421;0,804064577;;;28/01/2017;-; ;2014;0,00;Negativo;-;-;NÃO;INDEFINIDO;*
810568;https://discricionarias.transferegov.sistema.gov.br/voluntarias/ConsultarProposta/ResultadoDaConsultaDePropostaDetalharProposta.do?idProposta=895425&Usr=guest&Pwd=guest;PB;JOÃO PESSOA;09124165000140;INSTITUTO WALFREDO GUEDES PEREIRA;CONVENIO;SIM;AQUISIÇÃO DE EQUIPAMENTO E MATERIAL PERMANENTE PARA UNIDADE DE ATENÇÃO ESPECIALIZADA EM SAÚDE;Prestação de Contas Concluída;Organização da Sociedade Civil;31/12/2014;09/11/2019; 100.000,00 ; 100.000,00 ; 100.000,00 ; -   ; 194.639,99 ; -   ; 10.733,75 ;SIM;PENDENTE;MONITORAR  DESEMBOLSO;0%;PENDENTE;Indefinida;NÃO HOUVE DESEMBOLSO;08/01/2020;;0;Baixa Execução;PENDENTE;0,00%;PENDENTE;NÃO INCLUÍDOS;FNS: 100,00%   |  Convenente: 97,32%;SEM INFORMAÇÃO;SEM IFORMAÇÃO;JULIO;25000183735201402;0,762684901;;;31/12/2019;-; ;2014;0,00;Negativo;-;-;NÃO;INDEFINIDO;*
811325;https://discricionarias.transferegov.sistema.gov.br/voluntarias/ConsultarProposta/ResultadoDaConsultaDePropostaDetalharProposta.do?idProposta=904653&Usr=guest&Pwd=guest;PB;JOÃO PESSOA;09112236000194;FUNDACAO NAPOLEAO LAUREANO;CONVENIO;SIM;AQUISIÇÃO DE EQUIPAMENTO E MATERIAL PERMANENTE PARA UNIDADE DE ATENÇÃO ESPECIALIZADA EM SAÚDE;Prestação de Contas Concluída;Organização da Sociedade Civil;31/12/2014;12/11/2017; 99.480,00 ; 99.480,00 ; 99.480,00 ; -   ; 399.998,45 ; -   ; 15.321,91 ;NÃO;PENDENTE;MONITORAR  DESEMBOLSO;0%;PENDENTE;Indefinida;NÃO HOUVE DESEMBOLSO;11/01/2018;19/03/2019;432;Baixa Execução;PENDENTE;0,00%;PENDENTE;NÃO INCLUÍDOS;FNS: 100,00%   |  Convenente: 100,00%;SEM INFORMAÇÃO;SEM IFORMAÇÃO;JULIO;25000183689201433;-;1,0000000;A;31/12/2019;-; ;2014;0,00;Negativo;-;-;NÃO;INDEFINIDO;*
811606;https://discricionarias.transferegov.sistema.gov.br/voluntarias/ConsultarProposta/ResultadoDaConsultaDePropostaDetalharProposta.do?idProposta=905970&Usr=guest&Pwd=guest;PB;CAMPINA GRANDE;08841421000157;FUNDACAO ASSISTENCIAL DA PARAIBA- FAP;CONVENIO;SIM;AQUISIÇÃO DE EQUIPAMENTO E MATERIAL PERMANENTE PARA UNIDADE DE ATENÇÃO ESPECIALIZADA EM SAÚDE;Prestação de Contas Concluída;Organização da Sociedade Civil;03/12/2014;25/10/2017; 200.000,00 ; 200.000,00 ; 200.000,00 ; -   ; 91.500,00 ; -   ; 13.290,23 ;NÃO;PENDENTE;MONITORAR  DESEMBOLSO;0%;PENDENTE;Indefinida;NÃO HOUVE DESEMBOLSO;24/12/2017;26/07/2022;1675;Baixa Execução;PENDENTE;0,00%;PENDENTE;NÃO INCLUÍDOS;FNS: 100,00%   |  Convenente: 91,50%;SEM INFORMAÇÃO;SEM IFORMAÇÃO;Fiscal Não Identificado;25000213000201411;-;1,0000000;A;Sem Vínculo;-; ;2014;0,00;Negativo;-;-;NÃO;INDEFINIDO;*
811615;https://discricionarias.transferegov.sistema.gov.br/voluntarias/ConsultarProposta/ResultadoDaConsultaDePropostaDetalharProposta.do?idProposta=906209&Usr=guest&Pwd=guest;PB;CAMPINA GRANDE;08841421000157;FUNDACAO ASSISTENCIAL DA PARAIBA- FAP;CONVENIO;SIM;AQUISIÇÃO DE EQUIPAMENTO E MATERIAL PERMANENTE PARA UNIDADE DE ATENÇÃO ESPECIALIZADA EM SAÚDE;Prestação de Contas Concluída;Administração Pública Municipal;31/12/2014;28/08/2026; 400.000,00 ; 400.000,00 ; 400.000,00 ; -   ; 181.826,47 ; -   ; 45.005,16 ;NÃO;PENDENTE;MONITORAR  DESEMBOLSO;0%;PENDENTE;Indefinida;NÃO HOUVE DESEMBOLSO;27/10/2026;;0;Baixa Execução;PENDENTE;0,00%;PENDENTE;NÃO INCLUÍDOS;FNS: 100,00%   |  Convenente: 90,11%;SEM INFORMAÇÃO;SEM IFORMAÇÃO;Fiscal Não Identificado;0533522014;-;;;Sem Vínculo;-; ;2014;0,00;Acima de 90 até 180 dias;Acima de 365 dias;Não;NÃO;INDEFINIDO;*
812399;https://discricionarias.transferegov.sistema.gov.br/voluntarias/ConsultarProposta/ResultadoDaConsultaDePropostaDetalharProposta.do?idProposta=915501&Usr=guest&Pwd=guest;PB;JOÃO PESSOA;09112236000194;FUNDACAO NAPOLEAO LAUREANO;CONVENIO;SIM;AQUISIÇÃO DE EQUIPAMENTO E MATERIAL PERMANENTE PARA UNIDADE DE ATENÇÃO ESPECIALIZADA EM SAÚDE;Prestação de Contas Concluída;Administração Pública Municipal;30/12/2014;01/04/2025; 100.000,00 ; 100.000,00 ; 100.000,00 ; -   ; -   ; -   ; -   ;NÃO;PENDENTE;MONITORAR  DESEMBOLSO;0%;PENDENTE;Indefinida;NÃO HOUVE DESEMBOLSO;07/12/2024;27/06/2019;0;Baixa Execução;PENDENTE;0,00%;PENDENTE;NÃO INCLUÍDOS;FNS: 100,00%   |  Convenente: 0,00%;SEM INFORMAÇÃO;SEM IFORMAÇÃO;FRANCIBERTO;0533552014;-;0,7999999;B;31/12/2017;-; ;2014;0,00;Negativo;-;-;NÃO;INDEFINIDO;*
812686;https://discricionarias.transferegov.sistema.gov.br/voluntarias/ConsultarProposta/ResultadoDaConsultaDePropostaDetalharProposta.do?idProposta=917511&Usr=guest&Pwd=guest;PB;JOÃO PESSOA;09112236000194;FUNDACAO NAPOLEAO LAUREANO;CONTRATO DE REPASSE;SIM;REFORMA DE UNIDADE DE ATENÇÃO ESPECIALIZADA EM SAÚDE;Prestação de Contas Concluída;Administração Pública Municipal;31/12/2014;11/01/2018; 199.984,00 ; 199.984,00 ; 199.984,00 ; -   ; 338.069,00 ; -   ; 73.621,93 ;SIM;PENDENTE;MONITORAR  DESEMBOLSO;0%;PENDENTE;Indefinida;NÃO HOUVE DESEMBOLSO;06/12/2020;23/10/2023;1051;Baixa Execução;PENDENTE;0,00%;PENDENTE;NÃO INCLUÍDOS;FNS: 100,00%   |  Convenente: 84,52%;SEM INFORMAÇÃO;SEM IFORMAÇÃO;Fiscal Não Identificado;25000212915201409;0,776378599;;X;Sem Vínculo;-; ;2014;1.801,12;Negativo;-;-;NÃO;INDEFINIDO;*
812687;https://discricionarias.transferegov.sistema.gov.br/voluntarias/ConsultarProposta/ResultadoDaConsultaDePropostaDetalharProposta.do?idProposta=917513&Usr=guest&Pwd=guest;PB;SANTA RITA;09433715000102;FUNDACAO GOVERNADOR FLAVIO RIBEIRO COUTINHO;CONTRATO DE REPASSE;SIM;REFORMA DE UNIDADE DE ATENÇÃO ESPECIALIZADA EM SAÚDE;Prestação de Contas Aprovada com Ressalvas;Organização da Sociedade Civil;31/12/2014;31/12/2018; 99.997,76 ; 99.997,76 ; 99.997,76 ; -   ; 658.622,97 ; 200.827,06 ; -   ;NÃO;PENDENTE;MONITORAR  DESEMBOLSO;0%;PENDENTE;Indefinida;NÃO HOUVE DESEMBOLSO;25/05/2019;;0;Baixa Execução;PENDENTE;0,00%;PENDENTE;NÃO INCLUÍDOS;FNS: 100,00%   |  Convenente: 80,94%;SEM INFORMAÇÃO;SEM IFORMAÇÃO;Fiscal Não Identificado;0528342014;-;;;Sem Vínculo;-; ;2014;0,00;Negativo;-;-;NÃO;INDEFINIDO;*
812720;https://discricionarias.transferegov.sistema.gov.br/voluntarias/ConsultarProposta/ResultadoDaConsultaDePropostaDetalharProposta.do?idProposta=918042&Usr=guest&Pwd=guest;PB;JOÃO PESSOA;08667206000181;INSTITUTO SAO JOSE;CONVENIO;SIM;AQUISIÇÃO DE EQUIPAMENTO E MATERIAL PERMANENTE PARA UNIDADE DE ATENÇÃO ESPECIALIZADA EM SAÚDE;Prestação de Contas Concluída;Organização da Sociedade Civil;31/12/2014;30/04/2021; 400.000,00 ; 400.000,00 ; 400.000,00 ; -   ; 320.557,31 ; -   ; 96.521,28 ;NÃO;PENDENTE;MONITORAR  DESEMBOLSO;0%;PENDENTE;Indefinida;NÃO HOUVE DESEMBOLSO;29/06/2021;16/09/2020;0;Baixa Execução;PENDENTE;0,00%;PENDENTE;NÃO INCLUÍDOS;FNS: 100,00%   |  Convenente: 96,45%;SEM INFORMAÇÃO;SEM IFORMAÇÃO;Fiscal Não Identificado;0528392014;-;;X;Sem Vínculo;-; ;2014;0,00;Negativo;-;-;NÃO;INDEFINIDO;*
812845;https://discricionarias.transferegov.sistema.gov.br/voluntarias/ConsultarProposta/ResultadoDaConsultaDePropostaDetalharProposta.do?idProposta=916298&Usr=guest&Pwd=guest;PB;JERICÓ;12009325000114;FUNDO MUNICIPAL DE SAUDE - FMS;CONTRATO DE REPASSE;NÃO;AMPLIAÇÃO DE UNIDADE DE ATENÇÃO ESPECIALIZADA EM SAÚDE;Em execução;Organização da Sociedade Civil;23/12/2014;27/12/2017; 816.165,14 ; 799.994,90 ; 799.994,90 ; 16.170,24 ; 400.218,91 ; -   ; 63.350,39 ;SIM;PENDENTE;MONITORAR  DESEMBOLSO;0%;PENDENTE;Indefinida;NÃO HOUVE DESEMBOLSO;19/12/2020;27/06/2022;555;Baixa Execução;PENDENTE;0,00%;PENDENTE;NÃO INCLUÍDOS;FNS: 100,00%   |  Convenente: 88,94%;SEM INFORMAÇÃO;SEM IFORMAÇÃO;Fiscal Não Identificado;0534222014;0,556774096;1,0000000;A;Sem Vínculo;-; ;2014;13.745,25;Negativo;-;-;NÃO;INDEFINIDO;*
812847;https://discricionarias.transferegov.sistema.gov.br/voluntarias/ConsultarProposta/ResultadoDaConsultaDePropostaDetalharProposta.do?idProposta=916304&Usr=guest&Pwd=guest;PB;ARAÇAGI;12431299000118;ARACAGI - FUNDO MUNICIPAL DE SAUDE;CONTRATO DE REPASSE;SIM;AMPLIAÇÃO DE UNIDADE DE ATENÇÃO ESPECIALIZADA EM SAÚDE;Prestação de Contas Concluída;Administração Pública Municipal;31/12/2014;25/03/2020; 332.350,30 ; 300.000,00 ; 300.000,00 ; 32.350,30 ; 92.871,01 ; -   ; 13.855,67 ;NÃO;PENDENTE;MONITORAR  DESEMBOLSO;0%;PENDENTE;Indefinida;NÃO HOUVE DESEMBOLSO;24/05/2020;27/07/2022;794;Baixa Execução;PENDENTE;0,00%;PENDENTE;NÃO INCLUÍDOS;FNS: 100,00%   |  Convenente: 92,87%;SEM INFORMAÇÃO;SEM IFORMAÇÃO;Fiscal Não Identificado;0516892014;-;1,0000000;A;Sem Vínculo;-; ;2014;32.350,30;Negativo;-;-;NÃO;INDEFINIDO;*
812861;https://discricionarias.transferegov.sistema.gov.br/voluntarias/ConsultarProposta/ResultadoDaConsultaDePropostaDetalharProposta.do?idProposta=917586&Usr=guest&Pwd=guest;PB;PILAR;11171199000137;FUNDO MUNICIPAL DE SAUDE DO MUNICIPIO DE PILAR;CONTRATO DE REPASSE;NÃO;REFORMA DE UNIDADE DE ATENÇÃO ESPECIALIZADA EM SAÚDE;Prestação de Contas Concluída;Organização da Sociedade Civil;02/09/2015;26/02/2018; 449.999,20 ; 449.999,20 ; 449.999,20 ; -   ; 1.805.781,81 ; -   ; 30.216,75 ;SIM;PENDENTE;MONITORAR  DESEMBOLSO;0%;PENDENTE;Indefinida;NÃO HOUVE DESEMBOLSO;22/08/2018;27/07/2022;1435;Baixa Execução;PENDENTE;0,00%;PENDENTE;NÃO INCLUÍDOS;FNS: 100,00%   |  Convenente: 99,62%;SEM INFORMAÇÃO;SEM IFORMAÇÃO;Fiscal Não Identificado;0537162014;0,600214859;1,0000000;A;Sem Vínculo;-; ;2014;0,00;Negativo;-;-;NÃO;INDEFINIDO;*
812966;https://discricionarias.transferegov.sistema.gov.br/voluntarias/ConsultarProposta/ResultadoDaConsultaDePropostaDetalharProposta.do?idProposta=913204&Usr=guest&Pwd=guest;PB;JOÃO PESSOA;09124165000140;INSTITUTO WALFREDO GUEDES PEREIRA;CONTRATO DE REPASSE;NÃO;REFORMA DE UNIDADE DE ATENÇÃO ESPECIALIZADA EM SAÚDE;Prestação de Contas Concluída;Organização da Sociedade Civil;04/08/2015;31/12/2017; 99.997,80 ; 99.997,80 ; 99.997,80 ; -   ; 300.000,00 ; -   ; 44.063,03 ;SIM;PENDENTE;MONITORAR  DESEMBOLSO;0%;PENDENTE;Indefinida;NÃO HOUVE DESEMBOLSO;19/06/2018;;0;Baixa Execução;PENDENTE;0,00%;PENDENTE;NÃO INCLUÍDOS;FNS: 100,00%   |  Convenente: 93,61%;SEM INFORMAÇÃO;SEM IFORMAÇÃO;Fiscal Não Identificado;25000212231201407;0,778961;;;Sem Vínculo;-; ;2014;0,00;Negativo;-;-;NÃO;INDEFINIDO;*
813021;https://discricionarias.transferegov.sistema.gov.br/voluntarias/ConsultarProposta/ResultadoDaConsultaDePropostaDetalharProposta.do?idProposta=918194&Usr=guest&Pwd=guest;PB;JOÃO PESSOA;09112236000194;FUNDACAO NAPOLEAO LAUREANO;CONTRATO DE REPASSE;SIM;AMPLIAÇÃO DE UNIDADE DE ATENÇÃO ESPECIALIZADA EM SAÚDE;Prestação de Contas Concluída;Organização da Sociedade Civil;29/12/2014;09/11/2016; 1.812.703,17 ; 1.693.504,00 ; 1.693.504,00 ; 119.199,17 ; 554.085,82 ; -   ; 56.028,11 ;NÃO;PENDENTE;MONITORAR  DESEMBOLSO;0%;PENDENTE;Indefinida;NÃO HOUVE DESEMBOLSO;14/10/2017;;0;Baixa Execução;PENDENTE;0,00%;PENDENTE;NÃO INCLUÍDOS;FNS: 100,00%   |  Convenente: 92,35%;SEM INFORMAÇÃO;SEM IFORMAÇÃO;Fiscal Não Identificado;0537242014;-;;;Sem Vínculo;-; ;2014;119.199,17;Negativo;-;-;NÃO;INDEFINIDO;*
813088;https://discricionarias.transferegov.sistema.gov.br/voluntarias/ConsultarProposta/ResultadoDaConsultaDePropostaDetalharProposta.do?idProposta=917777&Usr=guest&Pwd=guest;PB;JOÃO PESSOA;09112236000194;FUNDACAO NAPOLEAO LAUREANO;CONVENIO;SIM;AQUISIÇÃO DE EQUIPAMENTO E MATERIAL PERMANENTE PARA UNIDADE DE ATENÇÃO ESPECIALIZADA EM SAÚDE;Prestação de Contas Concluída;Organização da Sociedade Civil;29/12/2014;09/11/2016; 323.217,00 ; 300.000,00 ; 300.000,00 ; 23.217,00 ; 189.636,00 ; 110,00 ; 8.581,57 ;SIM;PENDENTE;MONITORAR  DESEMBOLSO;0%;PENDENTE;Indefinida;NÃO HOUVE DESEMBOLSO;29/08/2017;;0;Baixa Execução;PENDENTE;0,00%;PENDENTE;NÃO INCLUÍDOS;FNS: 100,00%   |  Convenente: 100,00%;SEM INFORMAÇÃO;SEM IFORMAÇÃO;FRANCIBERTO;25000220814201401;0,733090149;;;30/12/2022;-; ;2014;20.480,56;Negativo;-;-;NÃO;INDEFINIDO;*
813175;https://discricionarias.transferegov.sistema.gov.br/voluntarias/ConsultarProposta/ResultadoDaConsultaDePropostaDetalharProposta.do?idProposta=918195&Usr=guest&Pwd=guest;PB;CAJAZEIRAS;11902878000139;MUNICIPIO DE CAJAZEIRAS FUNDO MUNICIPAL DE SAUDE - FMS;CONTRATO DE REPASSE;SIM;AMPLIAÇÃO DE UNIDADE DE ATENÇÃO ESPECIALIZADA EM SAÚDE;Prestação de Contas Concluída;Organização da Sociedade Civil;31/12/2014;09/11/2016; 599.998,36 ; 599.998,36 ; 599.998,36 ; -   ; 238.271,69 ; -   ; 19.935,71 ;SIM;PENDENTE;MONITORAR  DESEMBOLSO;0%;PENDENTE;Indefinida;NÃO HOUVE DESEMBOLSO;22/12/2017;26/04/2019;490;Baixa Execução;PENDENTE;0,00%;PENDENTE;NÃO INCLUÍDOS;FNS: 100,00%   |  Convenente: 97,76%;SEM INFORMAÇÃO;SEM IFORMAÇÃO;Fiscal Não Identificado;25000204301201445;0,723845196;;X;Sem Vínculo;-; ;2014;0,00;Negativo;-;-;NÃO;INDEFINIDO;*
814495;https://discricionarias.transferegov.sistema.gov.br/voluntarias/ConsultarProposta/ResultadoDaConsultaDePropostaDetalharProposta.do?idProposta=920643&Usr=guest&Pwd=guest;PB;JOÃO PESSOA;07493940000109;CENTRO DE ORIENTACAO E DESENVOLVIMENTO DE LUTA PELA VIDA;CONVENIO;SIM;AÇÕES DE PROMOÇÃO E PREVENÇÃO DE VIGILÂNCIA EM SAÚDE (DECORRENTE DO CHAMAMENTO PÚBLICO Nº 01/2014 - SVS/MS);Prestação de Contas Concluída;Organização da Sociedade Civil;30/12/2014;09/11/2016; 189.636,00 ; 189.636,00 ; 189.636,00 ; -   ; 273.962,99 ; -   ; 40.873,40 ;NÃO;PENDENTE;MONITORAR  DESEMBOLSO;0%;PENDENTE;Indefinida;NÃO HOUVE DESEMBOLSO;24/06/2017;29/10/2020;1223;Baixa Execução;PENDENTE;0,00%;PENDENTE;NÃO INCLUÍDOS;FNS: 100,00%   |  Convenente: 91,19%;SEM INFORMAÇÃO;SEM IFORMAÇÃO;Fiscal Não Identificado;25000231771201481;-;;;Sem Vínculo;-; ;2014;0,00;Negativo;-;-;NÃO;INDEFINIDO;*
814508;https://discricionarias.transferegov.sistema.gov.br/voluntarias/ConsultarProposta/ResultadoDaConsultaDePropostaDetalharProposta.do?idProposta=913906&Usr=guest&Pwd=guest;PB;JOÃO PESSOA;04629532000143;ASSOCIACAO DAS PROSTITUTAS DA PARAIBA APROS/PB;CONVENIO;SIM;AÇÕES DE PROMOÇÃO E PREVENÇÃO DE VIGILÂNCIA EM SAÚDE (DECORRENTE DO CHAMAMENTO PÚBLICO Nº 01/2014 - SVS/MS);Prestação de Contas Concluída;Organização da Sociedade Civil;29/12/2014;09/11/2016; 243.737,80 ; 243.737,80 ; 243.737,80 ; -   ; 186.235,00 ; -   ; 20.183,25 ;NÃO;PENDENTE;MONITORAR  DESEMBOLSO;0%;PENDENTE;Indefinida;NÃO HOUVE DESEMBOLSO;03/10/2017;;0;Baixa Execução;PENDENTE;0,00%;PENDENTE;NÃO INCLUÍDOS;FNS: 100,00%   |  Convenente: 93,12%;SEM INFORMAÇÃO;SEM IFORMAÇÃO;JULIO;25000233665201432;-;;;31/12/2018;-; ;2014;0,00;Negativo;-;-;NÃO;INDEFINIDO;*
814729;https://discricionarias.transferegov.sistema.gov.br/voluntarias/ConsultarProposta/ResultadoDaConsultaDePropostaDetalharProposta.do?idProposta=926204&Usr=guest&Pwd=guest;PB;CAMPINA GRANDE;08841421000157;FUNDACAO ASSISTENCIAL DA PARAIBA- FAP;CONVENIO;SIM;AQUISIÇÃO DE EQUIPAMENTO E MATERIAL PERMANENTE PARA UNIDADE DE ATENÇÃO ESPECIALIZADA EM SAÚDE;Prestação de Contas Concluída;Organização da Sociedade Civil;31/12/2014;30/12/2019; 300.000,00 ; 300.000,00 ; 300.000,00 ; -   ; 238.380,00 ; -   ; 19.167,23 ;NÃO;PENDENTE;MONITORAR  DESEMBOLSO;0%;PENDENTE;Indefinida;NÃO HOUVE DESEMBOLSO;28/02/2020;;0;Baixa Execução;PENDENTE;0,00%;PENDENTE;NÃO INCLUÍDOS;FNS: 100,00%   |  Convenente: 95,35%;SEM INFORMAÇÃO;SEM IFORMAÇÃO;FRANCIBERTO;25000233664201498;-;;;08/02/2017;-; ;2014;416,44;Negativo;-;-;NÃO;INDEFINIDO;*
814776;https://discricionarias.transferegov.sistema.gov.br/voluntarias/ConsultarProposta/ResultadoDaConsultaDePropostaDetalharProposta.do?idProposta=927211&Usr=guest&Pwd=guest;PB;CAMPINA GRANDE;08841421000157;FUNDACAO ASSISTENCIAL DA PARAIBA- FAP;CONVENIO;SIM;AQUISIÇÃO DE EQUIPAMENTO E MATERIAL PERMANENTE PARA UNIDADE DE ATENÇÃO ESPECIALIZADA EM SAÚDE;Prestação de Contas Concluída;Administração Pública Municipal;31/12/2014;31/05/2018; 200.000,00 ; 200.000,00 ; 200.000,00 ; -   ; 61.400,00 ; -   ; 44.494,14 ;NÃO;PENDENTE;MONITORAR  DESEMBOLSO;0%;PENDENTE;Indefinida;NÃO HOUVE DESEMBOLSO;30/07/2018;;0;Baixa Execução;PENDENTE;0,00%;PENDENTE;NÃO INCLUÍDOS;FNS: 100,00%   |  Convenente: 61,40%;SEM INFORMAÇÃO;SEM IFORMAÇÃO;Fiscal Não Identificado;25000236895201453;-;;;Sem Vínculo;-; ;2014;0,00;Negativo;-;-;NÃO;INDEFINIDO;*
814783;https://discricionarias.transferegov.sistema.gov.br/voluntarias/ConsultarProposta/ResultadoDaConsultaDePropostaDetalharProposta.do?idProposta=927237&Usr=guest&Pwd=guest;PB;CAMPINA GRANDE;08841421000157;FUNDACAO ASSISTENCIAL DA PARAIBA- FAP;CONVENIO;SIM;AQUISIÇÃO DE EQUIPAMENTO E MATERIAL PERMANENTE PARA UNIDADE DE ATENÇÃO ESPECIALIZADA EM SAÚDE;Prestação de Contas Concluída;Administração Pública Municipal;31/12/2014;18/06/2016; 250.000,00 ; 250.000,00 ; 250.000,00 ; -   ; 61.090,00 ; -   ; 44.302,58 ;SIM;PENDENTE;MONITORAR  DESEMBOLSO;0%;PENDENTE;Indefinida;NÃO HOUVE DESEMBOLSO;17/08/2016;;0;Baixa Execução;PENDENTE;0,00%;PENDENTE;NÃO INCLUÍDOS;FNS: 100,00%   |  Convenente: 61,09%;SEM INFORMAÇÃO;SEM IFORMAÇÃO;FRANCIBERTO;25000236880201495;0,813952;;;08/02/2017;-; ;2014;0,00;Negativo;-;-;NÃO;INDEFINIDO;*
815661;https://discricionarias.transferegov.sistema.gov.br/voluntarias/ConsultarProposta/ResultadoDaConsultaDePropostaDetalharProposta.do?idProposta=928320&Usr=guest&Pwd=guest;PB;CAMPINA GRANDE;08841421000157;FUNDACAO ASSISTENCIAL DA PARAIBA- FAP;CONVENIO;NÃO;AQUISIÇÃO DE EQUIPAMENTO E MATERIAL PERMANENTE PARA UNIDADE DE ATENÇÃO ESPECIALIZADA EM SAÚDE;Prestação de Contas Concluída;Administração Pública Municipal;31/12/2014;30/04/2024; 100.000,00 ; 100.000,00 ; 100.000,00 ; -   ; 239.165,70 ; -   ; 23.144,38 ;NÃO;PENDENTE;MONITORAR  DESEMBOLSO;0%;PENDENTE;Indefinida;NÃO HOUVE DESEMBOLSO;18/09/2024;22/02/2019;0;Baixa Execução;PENDENTE;0,00%;PENDENTE;NÃO INCLUÍDOS;FNS: 100,00%   |  Convenente: 95,67%;SEM INFORMAÇÃO;SEM IFORMAÇÃO;JULIO;0537812014;-;;;31/12/2017;-; ;2014;0,00;Negativo;-;-;NÃO;INDEFINIDO;*
815686;https://discricionarias.transferegov.sistema.gov.br/voluntarias/ConsultarProposta/ResultadoDaConsultaDePropostaDetalharProposta.do?idProposta=928349&Usr=guest&Pwd=guest;PB;JOÃO PESSOA;09112236000194;FUNDACAO NAPOLEAO LAUREANO;CONVENIO;SIM;AQUISIÇÃO DE EQUIPAMENTO E MATERIAL PERMANENTE PARA UNIDADE DE ATENÇÃO ESPECIALIZADA EM SAÚDE;Prestação de Contas Concluída;Organização da Sociedade Civil;31/12/2014;09/11/2016; 100.000,00 ; 100.000,00 ; 100.000,00 ; -   ; -   ; -   ; -   ;NÃO;PENDENTE;MONITORAR  DESEMBOLSO;0%;PENDENTE;Indefinida;NÃO HOUVE DESEMBOLSO;16/09/2017;;0;Baixa Execução;PENDENTE;0,00%;PENDENTE;NÃO INCLUÍDOS;FNS: 0,00%   |  Convenente: -;SEM INFORMAÇÃO;SEM IFORMAÇÃO;JULIO;0530852014;-;;;31/12/2019;-; ;2014;0,00;Negativo;-;-;NÃO;INDEFINIDO;*
815757;https://discricionarias.transferegov.sistema.gov.br/voluntarias/ConsultarProposta/ResultadoDaConsultaDePropostaDetalharProposta.do?idProposta=918244&Usr=guest&Pwd=guest;PB;JOÃO PESSOA;09112236000194;FUNDACAO NAPOLEAO LAUREANO;CONTRATO DE REPASSE;SIM;REFORMA DE UNIDADE DE ATENÇÃO ESPECIALIZADA EM SAÚDE;Prestação de Contas Concluída;Organização da Sociedade Civil;31/12/2014;09/11/2016; 249.998,88 ; 249.998,88 ; 249.998,88 ; -   ; -   ; -   ; -   ;NÃO;PENDENTE;MONITORAR  DESEMBOLSO;0%;PENDENTE;Indefinida;NÃO HOUVE DESEMBOLSO;01/07/2018;11/04/2022;1380;Baixa Execução;PENDENTE;0,00%;PENDENTE;NÃO INCLUÍDOS;FNS: 0,00%   |  Convenente: -;SEM INFORMAÇÃO;SEM IFORMAÇÃO;Fiscal Não Identificado;0569112014;-;10,0000000;;Sem Vínculo;-; ;2014;0,00;Negativo;-;-;NÃO;INDEFINIDO;*
815852;https://discricionarias.transferegov.sistema.gov.br/voluntarias/ConsultarProposta/ResultadoDaConsultaDePropostaDetalharProposta.do?idProposta=916878&Usr=guest&Pwd=guest;PB;SOUSA;05626697000124;FUNDO MUNICIPAL DE SAUDE DE SOUSA;CONTRATO DE REPASSE;SIM;CONSTRUÇÃO DE UNIDADE DE ATENÇÃO ESPECIALIZADA EM SAÚDE;Convênio Anulado;Organização da Sociedade Civil;31/12/2014;09/11/2016; 950.035,65 ; -   ; -   ; 150.037,73 ; 4.515.082,84 ; -   ; 761.812,20 ;NÃO;PENDENTE;MONITORAR  DESEMBOLSO;0%;PENDENTE;Indefinida;NÃO HOUVE DESEMBOLSO;11/06/2017;;0;Baixa Execução;PENDENTE;0,00%;PENDENTE;NÃO INCLUÍDOS;FNS: 100,00%   |  Convenente: 90,30%;SEM INFORMAÇÃO;SEM IFORMAÇÃO;Fiscal Não Identificado;0576082014;-;;;Sem Vínculo;-; ;2014;0,00;Negativo;-;-;NÃO;INDEFINIDO;*
815872;https://discricionarias.transferegov.sistema.gov.br/voluntarias/ConsultarProposta/ResultadoDaConsultaDePropostaDetalharProposta.do?idProposta=927076&Usr=guest&Pwd=guest;PB;POMBAL;10602526000103;FUNDO MUNICIPAL DE SAUDE;CONTRATO DE REPASSE;SIM;AMPLIAÇÃO DE UNIDADE DE ATENÇÃO ESPECIALIZADA EM SAÚDE;Convênio Anulado;Organização da Sociedade Civil;23/11/2015;24/12/2017; 300.000,00 ; -   ; -   ; -   ; 98.200,00 ; -   ; 3.393,92 ;NÃO;PENDENTE;MONITORAR  DESEMBOLSO;0%;PENDENTE;Indefinida;NÃO HOUVE DESEMBOLSO;26/04/2025;;0;Baixa Execução;PENDENTE;0,00%;PENDENTE;NÃO INCLUÍDOS;FNS: 100,00%   |  Convenente: 100,00%;SEM INFORMAÇÃO;SEM IFORMAÇÃO;Fiscal Não Identificado;25000240867201431;-;;;Sem Vínculo;-; ;2014;0,00;Negativo;-;-;NÃO;INDEFINIDO;*
816023;https://discricionarias.transferegov.sistema.gov.br/voluntarias/ConsultarProposta/ResultadoDaConsultaDePropostaDetalharProposta.do?idProposta=931184&Usr=guest&Pwd=guest;PB;CABEDELO;04849697000120;FUNDO MUNICIPAL DE SAUDE DE CABEDELO;CONTRATO DE REPASSE;SIM;REFORMA DE UNIDADE DE ATENÇÃO ESPECIALIZADA EM SAÚDE;Prestação de Contas Concluída;Organização da Sociedade Civil;20/11/2015;27/06/2017; 4.999.975,00 ; 4.999.975,00 ; 4.999.975,00 ; -   ; 136.640,00 ; -   ; 5.801,47 ;SIM;PENDENTE;MONITORAR  DESEMBOLSO;0%;PENDENTE;Indefinida;NÃO HOUVE DESEMBOLSO;13/10/2023;;0;Baixa Execução;PENDENTE;0,00%;PENDENTE;NÃO INCLUÍDOS;FNS: 100,00%   |  Convenente: 97,60%;SEM INFORMAÇÃO;SEM IFORMAÇÃO;Fiscal Não Identificado;25000240863201452;0,750839689;;;Sem Vínculo;-; ;2014;0,00;Negativo;-;-;NÃO;INDEFINIDO;*
816067;https://discricionarias.transferegov.sistema.gov.br/voluntarias/ConsultarProposta/ResultadoDaConsultaDePropostaDetalharProposta.do?idProposta=931339&Usr=guest&Pwd=guest;PB;CAMPINA GRANDE;08841421000157;FUNDACAO ASSISTENCIAL DA PARAIBA- FAP;CONVENIO;SIM;AQUISIÇÃO DE EQUIPAMENTO E MATERIAL PERMANENTE PARA UNIDADE DE ATENÇÃO ESPECIALIZADA EM SAÚDE;Prestação de Contas Concluída;Organização da Sociedade Civil;03/12/2015;31/08/2017; 98.200,00 ; 98.200,00 ; 98.200,00 ; -   ; 197.289,67 ; -   ; 5.896,72 ;SIM;PENDENTE;MONITORAR  DESEMBOLSO;0%;PENDENTE;Indefinida;NÃO HOUVE DESEMBOLSO;12/12/2017;06/10/2021;1394;Baixa Execução;PENDENTE;0,00%;PENDENTE;NÃO INCLUÍDOS;FNS: 100,00%   |  Convenente: 98,64%;SEM INFORMAÇÃO;SEM IFORMAÇÃO;JULIO;25000240866201496;0,723104559;;;31/12/2017;-; ;2014;0,00;Negativo;-;-;NÃO;INDEFINIDO;*
816071;https://discricionarias.transferegov.sistema.gov.br/voluntarias/ConsultarProposta/ResultadoDaConsultaDePropostaDetalharProposta.do?idProposta=931318&Usr=guest&Pwd=guest;PB;JOÃO PESSOA;09112236000194;FUNDACAO NAPOLEAO LAUREANO;CONVENIO;SIM;AQUISIÇÃO DE EQUIPAMENTO E MATERIAL PERMANENTE PARA UNIDADE DE ATENÇÃO ESPECIALIZADA EM SAÚDE;Prestação de Contas Concluída;Organização da Sociedade Civil;29/12/2015;27/06/2018; 140.000,00 ; 140.000,00 ; 140.000,00 ; -   ; 157.550,00 ; -   ; 55.765,18 ;SIM;PENDENTE;MONITORAR  DESEMBOLSO;0%;PENDENTE;Indefinida;NÃO HOUVE DESEMBOLSO;05/04/2024;;0;Baixa Execução;PENDENTE;0,00%;PENDENTE;NÃO INCLUÍDOS;FNS: 100,00%   |  Convenente: 78,81%;SEM INFORMAÇÃO;SEM IFORMAÇÃO;FRANCIBERTO;25000172996201570;0,784922;;;30/06/2017;-; ;2014;0,00;Negativo;-;-;NÃO;INDEFINIDO;*
816079;https://discricionarias.transferegov.sistema.gov.br/voluntarias/ConsultarProposta/ResultadoDaConsultaDePropostaDetalharProposta.do?idProposta=931336&Usr=guest&Pwd=guest;PB;JOÃO PESSOA;09112236000194;FUNDACAO NAPOLEAO LAUREANO;CONVENIO;SIM;AQUISIÇÃO DE EQUIPAMENTO E MATERIAL PERMANENTE PARA UNIDADE DE ATENÇÃO ESPECIALIZADA EM SAÚDE;Prestação de Contas Concluída;Organização da Sociedade Civil;28/12/2015;27/06/2018; 200.000,00 ; 200.000,00 ; 200.000,00 ; -   ; 90.294,00 ; -   ; 12.740,69 ;SIM;PENDENTE;MONITORAR  DESEMBOLSO;0%;PENDENTE;Indefinida;NÃO HOUVE DESEMBOLSO;06/12/2018;02/04/2022;1213;Baixa Execução;PENDENTE;0,00%;PENDENTE;NÃO INCLUÍDOS;FNS: 100,00%   |  Convenente: 90,11%;SEM INFORMAÇÃO;SEM IFORMAÇÃO;JULIO;25000173003201587;0,807042;1,0000000;A;31/12/2019;-; ;2014;0,00;Negativo;-;-;NÃO;INDEFINIDO;*
820927;https://discricionarias.transferegov.sistema.gov.br/voluntarias/ConsultarProposta/ResultadoDaConsultaDePropostaDetalharProposta.do?idProposta=1015929&Usr=guest&Pwd=guest;PB;SANTA RITA;09433715000102;FUNDACAO GOVERNADOR FLAVIO RIBEIRO COUTINHO;CONVENIO;SIM;AQUISIÇÃO DE EQUIPAMENTO E MATERIAL PERMANENTE PARA UNIDADE DE ATENÇÃO ESPECIALIZADA EM SAÚDE;Prestação de Contas Concluída;Organização da Sociedade Civil;30/11/2015;21/12/2017; 199.900,00 ; 199.900,00 ; 199.900,00 ; -   ; 92.710,00 ; -   ; 10.414,13 ;NÃO;PENDENTE;MONITORAR  DESEMBOLSO;0%;PENDENTE;Indefinida;NÃO HOUVE DESEMBOLSO;13/07/2018;;0;Baixa Execução;PENDENTE;0,00%;PENDENTE;NÃO INCLUÍDOS;FNS: 100,00%   |  Convenente: 93,36%;SEM INFORMAÇÃO;SEM IFORMAÇÃO;FRANCIBERTO;25000187443201511;-;;;30/12/2019;-; ;2015;0,00;Negativo;-;-;NÃO;INDEFINIDO;*
820940;https://discricionarias.transferegov.sistema.gov.br/voluntarias/ConsultarProposta/ResultadoDaConsultaDePropostaDetalharProposta.do?idProposta=1015933&Usr=guest&Pwd=guest;PB;SANTA RITA;09433715000102;FUNDACAO GOVERNADOR FLAVIO RIBEIRO COUTINHO;CONVENIO;SIM;AQUISIÇÃO DE EQUIPAMENTO E MATERIAL PERMANENTE PARA UNIDADE DE ATENÇÃO ESPECIALIZADA EM SAÚDE;Prestação de Contas Concluída;Organização da Sociedade Civil;03/12/2015;27/06/2018; 100.200,00 ; 100.000,00 ; 100.000,00 ; 200,00 ; 130.094,00 ; -   ; 849,84 ;SIM;PENDENTE;MONITORAR  DESEMBOLSO;0%;PENDENTE;Indefinida;NÃO HOUVE DESEMBOLSO;26/03/2024;;0;Baixa Execução;PENDENTE;0,00%;PENDENTE;NÃO INCLUÍDOS;FNS: 100,00%   |  Convenente: 100,00%;SEM INFORMAÇÃO;SEM IFORMAÇÃO;FRANCIBERTO;25000172402201521;0,702088;10,0000000;A;31/12/2019;-; ;2015;200,00;Negativo;-;-;NÃO;INDEFINIDO;*
821901;https://discricionarias.transferegov.sistema.gov.br/voluntarias/ConsultarProposta/ResultadoDaConsultaDePropostaDetalharProposta.do?idProposta=1005933&Usr=guest&Pwd=guest;PB;JOÃO PESSOA;09112236000194;FUNDACAO NAPOLEAO LAUREANO;CONVENIO;SIM;AQUISIÇÃO DE EQUIPAMENTO E MATERIAL PERMANENTE PARA UNIDADE DE ATENÇÃO ESPECIALIZADA EM SAÚDE;Prestação de Contas Concluída;Organização da Sociedade Civil;30/11/2015;27/06/2017; 99.300,00 ; 99.300,00 ; 99.300,00 ; -   ; 201.000,00 ; -   ; 14.711,66 ;SIM;PENDENTE;MONITORAR  DESEMBOLSO;0%;PENDENTE;Indefinida;NÃO HOUVE DESEMBOLSO;31/10/2017;02/04/2022;1614;Baixa Execução;PENDENTE;0,00%;PENDENTE;NÃO INCLUÍDOS;FNS: 100,00%   |  Convenente: 100,00%;SEM INFORMAÇÃO;SEM IFORMAÇÃO;Fiscal Não Identificado;25000172776201546;0,811017377;;;Sem Vínculo;-; ;2015;0,00;Negativo;-;-;NÃO;INDEFINIDO;*
821934;https://discricionarias.transferegov.sistema.gov.br/voluntarias/ConsultarProposta/ResultadoDaConsultaDePropostaDetalharProposta.do?idProposta=1015909&Usr=guest&Pwd=guest;PB;CAMPINA GRANDE;08841421000157;FUNDACAO ASSISTENCIAL DA PARAIBA- FAP;CONVENIO;SIM;AQUISIÇÃO DE EQUIPAMENTO E MATERIAL PERMANENTE PARA UNIDADE DE ATENÇÃO ESPECIALIZADA EM SAÚDE;Prestação de Contas Concluída;Organização da Sociedade Civil;09/12/2015;24/06/2017; 130.094,00 ; 100.000,00 ; 100.000,00 ; 20.389,96 ; 390.681,00 ; -   ; 34.876,16 ;SIM;PENDENTE;MONITORAR  DESEMBOLSO;0%;PENDENTE;Indefinida;NÃO HOUVE DESEMBOLSO;06/12/2018;01/12/2021;1091;Baixa Execução;PENDENTE;0,00%;PENDENTE;NÃO INCLUÍDOS;FNS: 100,00%   |  Convenente: 95,92%;SEM INFORMAÇÃO;SEM IFORMAÇÃO;JULIO;25000172504201546;0,808997963;1,0000000;A;31/12/2019;-; ;2015;20.389,96;Negativo;-;-;NÃO;INDEFINIDO;*
821935;https://discricionarias.transferegov.sistema.gov.br/voluntarias/ConsultarProposta/ResultadoDaConsultaDePropostaDetalharProposta.do?idProposta=1015097&Usr=guest&Pwd=guest;PB;CAMPINA GRANDE;08841421000157;FUNDACAO ASSISTENCIAL DA PARAIBA- FAP;CONVENIO;SIM;AQUISIÇÃO DE EQUIPAMENTO E MATERIAL PERMANENTE PARA UNIDADE DE ATENÇÃO ESPECIALIZADA EM SAÚDE;Prestação de Contas Concluída;Organização da Sociedade Civil;28/12/2015;27/06/2017; 201.000,00 ; 200.000,00 ; 200.000,00 ; 1.000,00 ; 1.033.240,54 ; -   ; 10.772,87 ;SIM;PENDENTE;MONITORAR  DESEMBOLSO;0%;PENDENTE;Indefinida;NÃO HOUVE DESEMBOLSO;14/10/2017;;0;Baixa Execução;PENDENTE;0,00%;PENDENTE;NÃO INCLUÍDOS;FNS: 100,00%   |  Convenente: 100,00%;SEM INFORMAÇÃO;SEM IFORMAÇÃO;JULIO;25000177498201513;0,765329;;;30/12/2019;-; ;2015;1.000,00;Negativo;-;-;NÃO;INDEFINIDO;*
821936;https://discricionarias.transferegov.sistema.gov.br/voluntarias/ConsultarProposta/ResultadoDaConsultaDePropostaDetalharProposta.do?idProposta=1015932&Usr=guest&Pwd=guest;PB;JOÃO PESSOA;09112236000194;FUNDACAO NAPOLEAO LAUREANO;CONVENIO;SIM;AQUISIÇÃO DE EQUIPAMENTO E MATERIAL PERMANENTE PARA UNIDADE DE ATENÇÃO ESPECIALIZADA EM SAÚDE;Prestação de Contas Concluída;Organização da Sociedade Civil;28/12/2015;27/06/2017; 407.320,00 ; 406.520,00 ; 406.520,00 ; 800,00 ; 100.000,00 ; -   ; 6.344,22 ;NÃO;PENDENTE;MONITORAR  DESEMBOLSO;0%;PENDENTE;Indefinida;NÃO HOUVE DESEMBOLSO;06/12/2018;;0;Baixa Execução;PENDENTE;0,00%;PENDENTE;NÃO INCLUÍDOS;FNS: 100,00%   |  Convenente: 100,00%;SEM INFORMAÇÃO;SEM IFORMAÇÃO;Fiscal Não Identificado;25000172566201558;-;;;Sem Vínculo;-; ;2015;800,00;Negativo;-;-;NÃO;INDEFINIDO;*
821937;https://discricionarias.transferegov.sistema.gov.br/voluntarias/ConsultarProposta/ResultadoDaConsultaDePropostaDetalharProposta.do?idProposta=1005935&Usr=guest&Pwd=guest;PB;JOÃO PESSOA;09112236000194;FUNDACAO NAPOLEAO LAUREANO;CONVENIO;SIM;AQUISIÇÃO DE EQUIPAMENTO E MATERIAL PERMANENTE PARA UNIDADE DE ATENÇÃO ESPECIALIZADA EM SAÚDE;Prestação de Contas Concluída;Organização da Sociedade Civil;28/12/2015;27/06/2017; 1.033.240,54 ; 999.940,00 ; 999.940,00 ; 7.500,00 ; 199.360,00 ; -   ; 14.032,40 ;SIM;PENDENTE;MONITORAR  DESEMBOLSO;0%;PENDENTE;Indefinida;NÃO HOUVE DESEMBOLSO;26/08/2017;;0;Baixa Execução;PENDENTE;0,00%;PENDENTE;NÃO INCLUÍDOS;FNS: 100,00%   |  Convenente: 99,33%;SEM INFORMAÇÃO;SEM IFORMAÇÃO;JULIO;25000172979201532;0,768291418;;;31/12/2019;-; ;2015;7.500,00;Negativo;-;-;NÃO;INDEFINIDO;*
821939;https://discricionarias.transferegov.sistema.gov.br/voluntarias/ConsultarProposta/ResultadoDaConsultaDePropostaDetalharProposta.do?idProposta=1015936&Usr=guest&Pwd=guest;PB;JOÃO PESSOA;09112236000194;FUNDACAO NAPOLEAO LAUREANO;CONVENIO;SIM;AQUISIÇÃO DE EQUIPAMENTO E MATERIAL PERMANENTE PARA UNIDADE DE ATENÇÃO ESPECIALIZADA EM SAÚDE;Prestação de Contas Concluída;Organização da Sociedade Civil;16/12/2015;24/12/2017; 100.000,00 ; 100.000,00 ; 100.000,00 ; -   ; 295.740,00 ; -   ; 14.828,59 ;NÃO;PENDENTE;MONITORAR  DESEMBOLSO;0%;PENDENTE;Indefinida;NÃO HOUVE DESEMBOLSO;19/11/2019;;0;Baixa Execução;PENDENTE;0,00%;PENDENTE;NÃO INCLUÍDOS;FNS: 100,00%   |  Convenente: 98,61%;SEM INFORMAÇÃO;SEM IFORMAÇÃO;JULIO;25000196342201531;-;;;30/12/2017;-; ;2015;0,00;Negativo;-;-;NÃO;INDEFINIDO;*
821940;https://discricionarias.transferegov.sistema.gov.br/voluntarias/ConsultarProposta/ResultadoDaConsultaDePropostaDetalharProposta.do?idProposta=1015901&Usr=guest&Pwd=guest;PB;JOÃO PESSOA;09112236000194;FUNDACAO NAPOLEAO LAUREANO;CONVENIO;SIM;AQUISIÇÃO DE EQUIPAMENTO E MATERIAL PERMANENTE PARA UNIDADE DE ATENÇÃO ESPECIALIZADA EM SAÚDE;Prestação de Contas Concluída;Organização da Sociedade Civil;30/12/2015;27/06/2017; 200.700,00 ; 200.000,00 ; 200.000,00 ; 700,00 ; 498.980,00 ; -   ; 18.380,86 ;SIM;PENDENTE;MONITORAR  DESEMBOLSO;0%;PENDENTE;Indefinida;NÃO HOUVE DESEMBOLSO;26/08/2017;;0;Baixa Execução;PENDENTE;0,00%;PENDENTE;NÃO INCLUÍDOS;FNS: 100,00%   |  Convenente: 99,80%;SEM INFORMAÇÃO;SEM IFORMAÇÃO;Fiscal Não Identificado;25000172421201557;0,77595102;;;Sem Vínculo;-; ;2015;700,00;Negativo;-;-;NÃO;INDEFINIDO;*
823675;https://discricionarias.transferegov.sistema.gov.br/voluntarias/ConsultarProposta/ResultadoDaConsultaDePropostaDetalharProposta.do?idProposta=1015927&Usr=guest&Pwd=guest;PB;CAMPINA GRANDE;08841421000157;FUNDACAO ASSISTENCIAL DA PARAIBA- FAP;CONVENIO;SIM;AQUISIÇÃO DE EQUIPAMENTO E MATERIAL PERMANENTE PARA UNIDADE DE ATENÇÃO ESPECIALIZADA EM SAÚDE;Prestação de Contas Concluída;Organização da Sociedade Civil;10/12/2015;27/06/2019; 299.900,00 ; 299.900,00 ; 299.900,00 ; -   ; 102.000,00 ; -   ; 3.356,90 ;NÃO;PENDENTE;MONITORAR  DESEMBOLSO;0%;PENDENTE;Indefinida;NÃO HOUVE DESEMBOLSO;31/10/2023;;0;Baixa Execução;PENDENTE;0,00%;PENDENTE;NÃO INCLUÍDOS;FNS: 100,00%   |  Convenente: 100,00%;SEM INFORMAÇÃO;SEM IFORMAÇÃO;Fiscal Não Identificado;25000191204201566;-;;;Sem Vínculo;-; ;2015;0,00;Negativo;-;-;NÃO;INDEFINIDO;*
823699;https://discricionarias.transferegov.sistema.gov.br/voluntarias/ConsultarProposta/ResultadoDaConsultaDePropostaDetalharProposta.do?idProposta=1015913&Usr=guest&Pwd=guest;PB;CAMPINA GRANDE;08841421000157;FUNDACAO ASSISTENCIAL DA PARAIBA- FAP;CONVENIO;SIM;AQUISIÇÃO DE EQUIPAMENTO E MATERIAL PERMANENTE PARA UNIDADE DE ATENÇÃO ESPECIALIZADA EM SAÚDE;Prestação de Contas Concluída;Organização da Sociedade Civil;28/12/2015;27/06/2017; 501.000,00 ; 500.000,00 ; 500.000,00 ; 1.000,00 ; 169.300,00 ; -   ; 47.253,50 ;SIM;PENDENTE;MONITORAR  DESEMBOLSO;0%;PENDENTE;Indefinida;NÃO HOUVE DESEMBOLSO;10/01/2018;;0;Baixa Execução;PENDENTE;0,00%;PENDENTE;NÃO INCLUÍDOS;FNS: 100,00%   |  Convenente: 84,02%;SEM INFORMAÇÃO;SEM IFORMAÇÃO;Fiscal Não Identificado;25000191035201564;0,77622418;;;Sem Vínculo;-; ;2015;0,00;Negativo;-;-;NÃO;INDEFINIDO;*
823700;https://discricionarias.transferegov.sistema.gov.br/voluntarias/ConsultarProposta/ResultadoDaConsultaDePropostaDetalharProposta.do?idProposta=1015917&Usr=guest&Pwd=guest;PB;CAMPINA GRANDE;08841421000157;FUNDACAO ASSISTENCIAL DA PARAIBA- FAP;CONVENIO;SIM;AQUISIÇÃO DE EQUIPAMENTO E MATERIAL PERMANENTE PARA UNIDADE DE ATENÇÃO ESPECIALIZADA EM SAÚDE;Prestação de Contas Concluída;Organização da Sociedade Civil;29/12/2015;27/06/2017; 102.000,00 ; 100.000,00 ; 100.000,00 ; 2.000,00 ; -   ; -   ; 338.394,32 ;SIM;PENDENTE;MONITORAR  DESEMBOLSO;0%;PENDENTE;Indefinida;NÃO HOUVE DESEMBOLSO;26/08/2017;20/05/2020;998;Baixa Execução;PENDENTE;0,00%;PENDENTE;NÃO INCLUÍDOS;FNS: 100,00%   |  Convenente: 0,00%;SEM INFORMAÇÃO;SEM IFORMAÇÃO;FRANCIBERTO;25000173261201563;0,829858;;X;30/12/2017;-; ;2015;2.000,00;Negativo;-;-;NÃO;INDEFINIDO;*
823703;https://discricionarias.transferegov.sistema.gov.br/voluntarias/ConsultarProposta/ResultadoDaConsultaDePropostaDetalharProposta.do?idProposta=1015911&Usr=guest&Pwd=guest;PB;JOÃO PESSOA;09112236000194;FUNDACAO NAPOLEAO LAUREANO;CONVENIO;SIM;AQUISIÇÃO DE EQUIPAMENTO E MATERIAL PERMANENTE PARA UNIDADE DE ATENÇÃO ESPECIALIZADA EM SAÚDE;Prestação de Contas Concluída;Organização da Sociedade Civil;21/12/2015;30/08/2019; 201.500,00 ; 200.000,00 ; 200.000,00 ; 1.500,00 ; 99.953,00 ; -   ; 6.310,87 ;SIM;PENDENTE;MONITORAR  DESEMBOLSO;0%;PENDENTE;Indefinida;NÃO HOUVE DESEMBOLSO;05/10/2020;20/05/2020;0;Baixa Execução;PENDENTE;0,00%;PENDENTE;NÃO INCLUÍDOS;FNS: 100,00%   |  Convenente: 94,31%;SEM INFORMAÇÃO;SEM IFORMAÇÃO;Fiscal Não Identificado;25000172989201578;0,769942;;X;Sem Vínculo;-; ;2015;1.500,00;Negativo;-;-;NÃO;INDEFINIDO;*
823706;https://discricionarias.transferegov.sistema.gov.br/voluntarias/ConsultarProposta/ResultadoDaConsultaDePropostaDetalharProposta.do?idProposta=1017224&Usr=guest&Pwd=guest;PB;ARARUNA;70134440000117;HOSPITAL E MATERNIDADE MARIA JULIA MARANHAO;CONVENIO;SIM;AQUISIÇÃO DE EQUIPAMENTO E MATERIAL PERMANENTE PARA UNIDADE DE ATENÇÃO ESPECIALIZADA EM SAÚDE;Prestação de Contas Rejeitada;Organização da Sociedade Civil;30/12/2015;27/06/2017; 350.000,00 ; 350.000,00 ; 350.000,00 ; -   ; 400.200,00 ; -   ; 16.612,52 ;SIM;PENDENTE;MONITORAR  DESEMBOLSO;0%;PENDENTE;1ª Prioridade;NÃO HOUVE DESEMBOLSO;29/11/2017;;0;Baixa Execução;PENDENTE;0,00%;PENDENTE;NÃO INCLUÍDOS;FNS: 100,00%   |  Convenente: 99,31%;SEM INFORMAÇÃO;SEM IFORMAÇÃO;Fiscal Não Identificado;25000172474201578;0,794146622;;;Sem Vínculo;-; ;2015;42.683,71;Negativo;-;-;NÃO;1ª Prioridade;*
823707;https://discricionarias.transferegov.sistema.gov.br/voluntarias/ConsultarProposta/ResultadoDaConsultaDePropostaDetalharProposta.do?idProposta=1015915&Usr=guest&Pwd=guest;PB;JOÃO PESSOA;09124165000140;INSTITUTO WALFREDO GUEDES PEREIRA;CONVENIO;SIM;AQUISIÇÃO DE EQUIPAMENTO E MATERIAL PERMANENTE PARA UNIDADE DE ATENÇÃO ESPECIALIZADA EM SAÚDE;Prestação de Contas Concluída;Organização da Sociedade Civil;22/12/2015;27/06/2019; 105.980,00 ; 100.000,00 ; 100.000,00 ; 10,00 ; 187.500,00 ; -   ; 20.318,01 ;NÃO;PENDENTE;MONITORAR  DESEMBOLSO;0%;PENDENTE;Indefinida;NÃO HOUVE DESEMBOLSO;09/05/2020;;0;Baixa Execução;PENDENTE;0,00%;PENDENTE;NÃO INCLUÍDOS;FNS: 100,00%   |  Convenente: 93,75%;SEM INFORMAÇÃO;SEM IFORMAÇÃO;Fiscal Não Identificado;25000195618201564;-;;;Sem Vínculo;-; ;2015;10,00;Negativo;-;-;NÃO;INDEFINIDO;*
823708;https://discricionarias.transferegov.sistema.gov.br/voluntarias/ConsultarProposta/ResultadoDaConsultaDePropostaDetalharProposta.do?idProposta=1015922&Usr=guest&Pwd=guest;PB;CAMPINA GRANDE;08841421000157;FUNDACAO ASSISTENCIAL DA PARAIBA- FAP;CONVENIO;SIM;AQUISIÇÃO DE EQUIPAMENTO E MATERIAL PERMANENTE PARA UNIDADE DE ATENÇÃO ESPECIALIZADA EM SAÚDE;Prestação de Contas Concluída;Administração Pública Municipal;30/12/2015;03/07/2017; 403.000,00 ; 400.000,00 ; 400.000,00 ; 3.000,00 ; 856.250,00 ; -   ; 26.025,64 ;SIM;PENDENTE;MONITORAR  DESEMBOLSO;0%;PENDENTE;Indefinida;NÃO HOUVE DESEMBOLSO;01/09/2017;02/05/2023;2069;Baixa Execução;PENDENTE;0,00%;PENDENTE;NÃO INCLUÍDOS;FNS: 100,00%   |  Convenente: 97,26%;SEM INFORMAÇÃO;SEM IFORMAÇÃO;FRANCIBERTO;25000202482201556;0,789782;;X;30/12/2018;-; ;2015;3.000,00;Negativo;-;-;NÃO;INDEFINIDO;*
824089;https://discricionarias.transferegov.sistema.gov.br/voluntarias/ConsultarProposta/ResultadoDaConsultaDePropostaDetalharProposta.do?idProposta=1016252&Usr=guest&Pwd=guest;PB;UIRAÚNA;00684095000100;ASSOC DE PROTECAO ASSIST SAUDE E EDUCACAO DE UIRAUNA PB;CONVENIO;SIM;AQUISIÇÃO DE EQUIPAMENTO E MATERIAL PERMANENTE PARA UNIDADE DE ATENÇÃO ESPECIALIZADA EM SAÚDE;Prestação de Contas Concluída;Administração Pública Municipal;31/12/2015;24/06/2024; 200.000,00 ; 200.000,00 ; 200.000,00 ; -   ; 291.260,00 ; -   ; 23.460,52 ;NÃO;PENDENTE;MONITORAR  DESEMBOLSO;0%;PENDENTE;Indefinida;NÃO HOUVE DESEMBOLSO;23/08/2024;02/05/2023;0;Baixa Execução;PENDENTE;0,00%;PENDENTE;NÃO INCLUÍDOS;FNS: 100,00%   |  Convenente: 96,82%;SEM INFORMAÇÃO;SEM IFORMAÇÃO;Fiscal Não Identificado;25000198384201515;-;;X;Sem Vínculo;-; ;2015;0,00;Negativo;-;-;NÃO;INDEFINIDO;*
824090;https://discricionarias.transferegov.sistema.gov.br/voluntarias/ConsultarProposta/ResultadoDaConsultaDePropostaDetalharProposta.do?idProposta=1032394&Usr=guest&Pwd=guest;PB;CAMPINA GRANDE;08841421000157;FUNDACAO ASSISTENCIAL DA PARAIBA- FAP;CONVENIO;NÃO;AQUISIÇÃO DE EQUIPAMENTO E MATERIAL PERMANENTE PARA UNIDADE DE ATENÇÃO ESPECIALIZADA EM SAÚDE;Prestação de Contas Concluída;Administração Pública Estadual ou do Distrito Federal;31/12/2015;18/02/2021; 879.900,00 ; 800.000,00 ; 800.000,00 ; 20.000,00 ; 64.746,00 ; -   ; 48.143,58 ;NÃO;PENDENTE;MONITORAR  DESEMBOLSO;0%;PENDENTE;Indefinida;NÃO HOUVE DESEMBOLSO;19/04/2021;;0;Baixa Execução;PENDENTE;0,00%;PENDENTE;NÃO INCLUÍDOS;FNS: 100,00%   |  Convenente: 61,17%;SEM INFORMAÇÃO;SEM IFORMAÇÃO;FRANCIBERTO;25000191227201571;-;;;21/05/2019;-; ;2015;20.502,53;Negativo;-;-;NÃO;INDEFINIDO;*
824091;https://discricionarias.transferegov.sistema.gov.br/voluntarias/ConsultarProposta/ResultadoDaConsultaDePropostaDetalharProposta.do?idProposta=1015906&Usr=guest&Pwd=guest;PB;JOÃO PESSOA;09112236000194;FUNDACAO NAPOLEAO LAUREANO;CONVENIO;SIM;MANUTENÇÃO DE UNIDADE DE SAÚDE;Prestação de Contas Concluída;Organização da Sociedade Civil;30/12/2015;31/12/2019; 300.820,00 ; 300.000,00 ; 300.000,00 ; 820,00 ; -   ; -   ; -   ;NÃO;PENDENTE;MONITORAR  DESEMBOLSO;0%;PENDENTE;Indefinida;NÃO HOUVE DESEMBOLSO;29/02/2020;10/01/2022;681;Baixa Execução;PENDENTE;0,00%;PENDENTE;NÃO INCLUÍDOS;FNS: 0,00%   |  Convenente: -;SEM INFORMAÇÃO;SEM IFORMAÇÃO;Fiscal Não Identificado;0499592015;-;;LIMITE NÃO CADASTRADO;Sem Vínculo;-; ;2015;820,00;Negativo;-;-;NÃO;INDEFINIDO;*
824092;https://discricionarias.transferegov.sistema.gov.br/voluntarias/ConsultarProposta/ResultadoDaConsultaDePropostaDetalharProposta.do?idProposta=1015919&Usr=guest&Pwd=guest;PB;JOÃO PESSOA;09124165000140;INSTITUTO WALFREDO GUEDES PEREIRA;CONVENIO;NÃO;AQUISIÇÃO DE EQUIPAMENTO E MATERIAL PERMANENTE PARA UNIDADE DE ATENÇÃO ESPECIALIZADA EM SAÚDE;Prestação de Contas Concluída;Administração Pública Estadual ou do Distrito Federal;31/12/2015;18/02/2021; 105.846,00 ; 100.000,00 ; 100.000,00 ; -   ; 1.586.729,81 ; -   ; 20.015,34 ;NÃO;PENDENTE;MONITORAR  DESEMBOLSO;0%;PENDENTE;Indefinida;NÃO HOUVE DESEMBOLSO;19/04/2021;;0;Baixa Execução;PENDENTE;0,00%;PENDENTE;NÃO INCLUÍDOS;FNS: 100,00%   |  Convenente: 99,99%;SEM INFORMAÇÃO;SEM IFORMAÇÃO;FRANCIBERTO;0493702015;-;;;31/12/2019;-; ;2015;0,00;Negativo;-;-;NÃO;INDEFINIDO;*
825137;https://discricionarias.transferegov.sistema.gov.br/voluntarias/ConsultarProposta/ResultadoDaConsultaDePropostaDetalharProposta.do?idProposta=1031844&Usr=guest&Pwd=guest;PB;JOÃO PESSOA;08715618000140;FUNDO MUNICIPAL DE SAUDE;CONTRATO DE REPASSE;SIM;AMPLIAÇÃO DE UNIDADE DE ATENÇÃO ESPECIALIZADA EM SAÚDE;Convênio Anulado;Organização da Sociedade Civil;31/12/2015;27/06/2017; 1.886.971,50 ; -   ; -   ; 298.971,50 ; -   ; -   ; -   ;NÃO;PENDENTE;MONITORAR  DESEMBOLSO;0%;PENDENTE;Indefinida;NÃO HOUVE DESEMBOLSO;31/10/2018;06/10/2021;1071;Baixa Execução;PENDENTE;0,00%;PENDENTE;NÃO INCLUÍDOS;FNS: 0,00%   |  Convenente: -;SEM INFORMAÇÃO;SEM IFORMAÇÃO;Fiscal Não Identificado;25000205214201596;-;1,0000000;A;Sem Vínculo;-; ;2015;0,00;Negativo;-;-;NÃO;INDEFINIDO;*
825415;https://discricionarias.transferegov.sistema.gov.br/voluntarias/ConsultarProposta/ResultadoDaConsultaDePropostaDetalharProposta.do?idProposta=1030585&Usr=guest&Pwd=guest;PB;ESPERANÇA;12011984000195;FUNDO MUNICIPAL DE SAUDE;CONTRATO DE REPASSE;SIM;REFORMA DE UNIDADE DE ATENÇÃO ESPECIALIZADA EM SAÚDE;Prestação de Contas Concluída;Organização da Sociedade Civil;31/12/2015;01/07/2018; 1.586.729,81 ; 1.349.114,76 ; 1.349.114,76 ; 237.615,05 ; 374.800,75 ; -   ; 50.030,98 ;NÃO;PENDENTE;MONITORAR  DESEMBOLSO;0%;PENDENTE;Indefinida;NÃO HOUVE DESEMBOLSO;05/11/2019;06/10/2021;701;Baixa Execução;PENDENTE;0,00%;PENDENTE;NÃO INCLUÍDOS;FNS: 100,00%   |  Convenente: 93,70%;SEM INFORMAÇÃO;SEM IFORMAÇÃO;Fiscal Não Identificado;0494982015;-;10,0000000;A;Sem Vínculo;-; ;2015;237.723,83;Negativo;-;-;NÃO;INDEFINIDO;*
825682;https://discricionarias.transferegov.sistema.gov.br/voluntarias/ConsultarProposta/ResultadoDaConsultaDePropostaDetalharProposta.do?idProposta=1031215&Usr=guest&Pwd=guest;PB;CAMPINA GRANDE;12671814000137;UNIVERSIDADE ESTADUAL DA PARAIBA;CONVENIO;SIM;AQUISIÇÃO DE EQUIPAMENTOS E MATERIAL PERMANENTE PARA O DESENVOLVIMENTO, QUALIFICAÇÃO, INOVAÇÃO E PRODUÇÃO DE TECNOLOGIAS ESTRATÉGICAS PARA O SUS;Convênio Rescindido;Organização da Sociedade Civil;31/12/2015;29/08/2018; 16.904.990,35 ; -   ; -   ; -   ; -   ; -   ; -   ;NÃO;PENDENTE;MONITORAR  DESEMBOLSO;0%;PENDENTE;Indefinida;NÃO HOUVE DESEMBOLSO;28/03/2019;17/03/2023;1450;Baixa Execução;PENDENTE;0,00%;PENDENTE;NÃO INCLUÍDOS;FNS: 0,00%   |  Convenente: -;SEM INFORMAÇÃO;SEM IFORMAÇÃO;Fiscal Não Identificado;25000210820201523;-;1,0000000;A;Sem Vínculo;-; ;2015;0,00;Negativo;-;-;NÃO;INDEFINIDO;*
825792;https://discricionarias.transferegov.sistema.gov.br/voluntarias/ConsultarProposta/ResultadoDaConsultaDePropostaDetalharProposta.do?idProposta=1030723&Usr=guest&Pwd=guest;PB;JOÃO PESSOA;09112236000194;FUNDACAO NAPOLEAO LAUREANO;CONTRATO DE REPASSE;SIM;REFORMA DE UNIDADE DE ATENÇÃO ESPECIALIZADA EM SAÚDE;Prestação de Contas Concluída;Organização da Sociedade Civil;27/10/2016;31/03/2022; 399.998,91 ; 399.998,91 ; 399.998,91 ; -   ; -   ; -   ; -   ;SIM;PENDENTE;MONITORAR  DESEMBOLSO;0%;PENDENTE;Indefinida;NÃO HOUVE DESEMBOLSO;07/06/2023;;0;Baixa Execução;PENDENTE;0,00%;PENDENTE;NÃO INCLUÍDOS;FNS: 100,00%   |  Convenente: 0,00%;SEM INFORMAÇÃO;SEM IFORMAÇÃO;Fiscal Não Identificado;25000212030201582;0,824264;;;Sem Vínculo;-; ;2015;0,00;Negativo;-;-;NÃO;INDEFINIDO;*
825885;https://discricionarias.transferegov.sistema.gov.br/voluntarias/ConsultarProposta/ResultadoDaConsultaDePropostaDetalharProposta.do?idProposta=1039241&Usr=guest&Pwd=guest;PB;CAMPINA GRANDE;12671814000137;UNIVERSIDADE ESTADUAL DA PARAIBA;CONVENIO;SIM;AQUISIÇÃO DE EQUIPAMENTOS E MATERIAL PERMANENTE PARA O DESENVOLVIMENTO, QUALIFICAÇÃO, INOVAÇÃO E PRODUÇÃO DE TECNOLOGIAS ESTRATÉGICAS PARA O SUS;Convênio Rescindido;Organização da Sociedade Civil;29/12/2016;31/03/2021; 9.058.304,71 ; -   ; -   ; -   ; 350.429,00 ; -   ; 40.875,63 ;SIM;PENDENTE;MONITORAR  DESEMBOLSO;0%;PENDENTE;Indefinida;NÃO HOUVE DESEMBOLSO;10/05/2023;23/09/2021;0;Baixa Execução;PENDENTE;0,00%;PENDENTE;NÃO INCLUÍDOS;FNS: 100,00%   |  Convenente: 90,81%;SEM INFORMAÇÃO;SEM IFORMAÇÃO;Fiscal Não Identificado;25000211964201505;0,789720006;10,0000000;A;Sem Vínculo;-; ;2015;0,00;Negativo;-;-;NÃO;INDEFINIDO;*
825977;https://discricionarias.transferegov.sistema.gov.br/voluntarias/ConsultarProposta/ResultadoDaConsultaDePropostaDetalharProposta.do?idProposta=1039983&Usr=guest&Pwd=guest;PB;ARARUNA;70134440000117;HOSPITAL E MATERNIDADE MARIA JULIA MARANHAO;CONVENIO;SIM;MANUTENÇÃO DE UNIDADE DE SAÚDE;Prestação de Contas em Análise;Organização da Sociedade Civil;27/10/2016;31/03/2021; 180.748,26 ; 180.748,26 ; 180.748,26 ; -   ; 36.501,60 ; -   ; 17.099,49 ;SIM;PENDENTE;MONITORAR  DESEMBOLSO;0%;PENDENTE;1ª Prioridade;NÃO HOUVE DESEMBOLSO;09/06/2023;;0;Baixa Execução;PENDENTE;0,00%;PENDENTE;NÃO INCLUÍDOS;FNS: 100,00%   |  Convenente: 73,02%;SEM INFORMAÇÃO;SEM IFORMAÇÃO;Fiscal Não Identificado;25000212024201525;0,799980344;;;Sem Vínculo;1153; ;2015;0,00;Negativo;-;-;NÃO;1ª Prioridade;46239
826007;https://discricionarias.transferegov.sistema.gov.br/voluntarias/ConsultarProposta/ResultadoDaConsultaDePropostaDetalharProposta.do?idProposta=1040444&Usr=guest&Pwd=guest;PB;CAMPINA GRANDE;08841421000157;FUNDACAO ASSISTENCIAL DA PARAIBA- FAP;CONVENIO;SIM;MANUTENÇÃO DE UNIDADE DE SAÚDE;Prestação de Contas Concluída;Organização da Sociedade Civil;27/10/2016;12/05/2019; 385.907,00 ; 362.269,00 ; 362.269,00 ; -   ; 135.500,00 ; -   ; -   ;SIM;PENDENTE;MONITORAR  DESEMBOLSO;0%;PENDENTE;Indefinida;NÃO HOUVE DESEMBOLSO;11/12/2020;;0;Baixa Execução;PENDENTE;0,00%;PENDENTE;NÃO INCLUÍDOS;FNS: 100,00%   |  Convenente: 95,90%;SEM INFORMAÇÃO;SEM IFORMAÇÃO;FRANCIBERTO;25000077609201673;0,747696;;;31/12/2019;-; ;2015;0,00;Negativo;-;-;NÃO;INDEFINIDO;*
826010;https://discricionarias.transferegov.sistema.gov.br/voluntarias/ConsultarProposta/ResultadoDaConsultaDePropostaDetalharProposta.do?idProposta=1040561&Usr=guest&Pwd=guest;PB;SANTA RITA;09433715000102;FUNDACAO GOVERNADOR FLAVIO RIBEIRO COUTINHO;CONVENIO;SIM;MANUTENÇÃO DE UNIDADE DE SAÚDE;Prestação de Contas Concluída;Organização da Sociedade Civil;27/10/2016;31/03/2021; 49.985,40 ; 49.985,40 ; 49.985,40 ; -   ; 168.377,00 ; -   ; -   ;SIM;PENDENTE;MONITORAR  DESEMBOLSO;0%;PENDENTE;Indefinida;NÃO HOUVE DESEMBOLSO;06/06/2023;06/10/2021;0;Baixa Execução;PENDENTE;0,00%;PENDENTE;NÃO INCLUÍDOS;FNS: 100,00%   |  Convenente: 80,20%;SEM INFORMAÇÃO;SEM IFORMAÇÃO;IVAN;25000077618201664;0,745438;1,0000000;A;00/01/1900;-; ;2015;0,00;Negativo;-;-;NÃO;INDEFINIDO;*
834922;https://discricionarias.transferegov.sistema.gov.br/voluntarias/ConsultarProposta/ResultadoDaConsultaDePropostaDetalharProposta.do?idProposta=1083709&Usr=guest&Pwd=guest;PB;JOÃO PESSOA;09124165000140;INSTITUTO WALFREDO GUEDES PEREIRA;CONVENIO;SIM;AQUISIÇÃO DE EQUIPAMENTO E MATERIAL PERMANENTE PARA UNIDADE DE ATENÇÃO ESPECIALIZADA EM SAÚDE;Prestação de Contas Concluída;Organização da Sociedade Civil;27/10/2016;09/03/2019; 141.300,00 ; 134.700,00 ; 134.700,00 ; -   ; 163.495,00 ; -   ; 49.224,13 ;SIM;PENDENTE;MONITORAR  DESEMBOLSO;0%;PENDENTE;Indefinida;NÃO HOUVE DESEMBOLSO;14/06/2023;29/07/2022;0;Baixa Execução;PENDENTE;0,00%;PENDENTE;NÃO INCLUÍDOS;FNS: 100,00%   |  Convenente: 78,41%;SEM INFORMAÇÃO;SEM IFORMAÇÃO;JOSIELY;25000077601201615;0,740286;1,0000000;A;28/04/2023;-; ;2016;0,00;Negativo;-;-;NÃO;INDEFINIDO;*
834924;https://discricionarias.transferegov.sistema.gov.br/voluntarias/ConsultarProposta/ResultadoDaConsultaDePropostaDetalharProposta.do?idProposta=1083711&Usr=guest&Pwd=guest;PB;JOÃO PESSOA;09124165000140;INSTITUTO WALFREDO GUEDES PEREIRA;CONVENIO;SIM;AQUISIÇÃO DE EQUIPAMENTO E MATERIAL PERMANENTE PARA UNIDADE DE ATENÇÃO ESPECIALIZADA EM SAÚDE;Prestação de Contas Concluída;Organização da Sociedade Civil;19/08/2016;18/05/2018; 208.737,00 ; 200.000,00 ; 200.000,00 ; 400,00 ; 95.600,00 ; -   ; 12.460,46 ;NÃO;PENDENTE;MONITORAR  DESEMBOLSO;0%;PENDENTE;Indefinida;NÃO HOUVE DESEMBOLSO;17/07/2018;17/03/2023;1704;Baixa Execução;PENDENTE;0,00%;PENDENTE;NÃO INCLUÍDOS;FNS: 100,00%   |  Convenente: 92,82%;SEM INFORMAÇÃO;SEM IFORMAÇÃO;FRANCIBERTO;25000077621201688;-;;;20/09/2022;-; ;2016;1.600,13;Negativo;-;-;NÃO;INDEFINIDO;*
834926;https://discricionarias.transferegov.sistema.gov.br/voluntarias/ConsultarProposta/ResultadoDaConsultaDePropostaDetalharProposta.do?idProposta=1083347&Usr=guest&Pwd=guest;PB;JOÃO PESSOA;09124165000140;INSTITUTO WALFREDO GUEDES PEREIRA;CONVENIO;SIM;AQUISIÇÃO DE PRODUTOS MÉDICOS DE USO ÚNICO;Prestação de Contas Concluída;Organização da Sociedade Civil;11/08/2016;15/12/2018; 208.504,59 ; 200.000,00 ; 200.000,00 ; 62,34 ; 652.298,68 ; -   ; 3.951,59 ;SIM;PENDENTE;MONITORAR  DESEMBOLSO;0%;PENDENTE;Indefinida;NÃO HOUVE DESEMBOLSO;13/02/2019;;0;Baixa Execução;PENDENTE;0,00%;PENDENTE;NÃO INCLUÍDOS;FNS: 100,00%   |  Convenente: 100,00%;SEM INFORMAÇÃO;SEM IFORMAÇÃO;JOSIELY;25000077616201675;0,682852;;;28/12/2023;-; ;2016;62,34;Negativo;-;-;NÃO;INDEFINIDO;*
834963;https://discricionarias.transferegov.sistema.gov.br/voluntarias/ConsultarProposta/ResultadoDaConsultaDePropostaDetalharProposta.do?idProposta=1083712&Usr=guest&Pwd=guest;PB;JOÃO PESSOA;09124165000140;INSTITUTO WALFREDO GUEDES PEREIRA;CONVENIO;SIM;AQUISIÇÃO DE EQUIPAMENTO E MATERIAL PERMANENTE PARA UNIDADE DE ATENÇÃO ESPECIALIZADA EM SAÚDE;Prestação de Contas Concluída;Organização da Sociedade Civil;11/08/2016;15/12/2017; 103.000,00 ; 100.000,00 ; 100.000,00 ; 3.000,00 ; 73.031,00 ; -   ; 29.442,49 ;SIM;PENDENTE;MONITORAR  DESEMBOLSO;0%;PENDENTE;Indefinida;NÃO HOUVE DESEMBOLSO;29/06/2018;;0;Baixa Execução;PENDENTE;0,00%;PENDENTE;NÃO INCLUÍDOS;FNS: 100,00%   |  Convenente: 73,03%;SEM INFORMAÇÃO;SEM IFORMAÇÃO;JULIO;25000077607201684;0,753975;;;31/12/2020;-; ;2016;3.000,00;Negativo;-;-;NÃO;INDEFINIDO;*
834964;https://discricionarias.transferegov.sistema.gov.br/voluntarias/ConsultarProposta/ResultadoDaConsultaDePropostaDetalharProposta.do?idProposta=1083710&Usr=guest&Pwd=guest;PB;JOÃO PESSOA;09124165000140;INSTITUTO WALFREDO GUEDES PEREIRA;CONVENIO;SIM;AQUISIÇÃO DE EQUIPAMENTO E MATERIAL PERMANENTE PARA UNIDADE DE ATENÇÃO ESPECIALIZADA EM SAÚDE;Prestação de Contas Concluída;Organização da Sociedade Civil;11/08/2016;27/07/2018; 687.798,68 ; 600.000,00 ; 600.000,00 ; 62.962,59 ; -   ; -   ; 320.443,67 ;NÃO;PENDENTE;MONITORAR  DESEMBOLSO;0%;PENDENTE;Indefinida;NÃO HOUVE DESEMBOLSO;17/03/2020;;0;Baixa Execução;PENDENTE;0,00%;PENDENTE;NÃO INCLUÍDOS;FNS: 100,00%   |  Convenente: 0,00%;SEM INFORMAÇÃO;SEM IFORMAÇÃO;JULIO;25000075723201669;-;;;20/11/2019;-; ;2016;27.462,60;Negativo;-;-;NÃO;INDEFINIDO;*
834965;https://discricionarias.transferegov.sistema.gov.br/voluntarias/ConsultarProposta/ResultadoDaConsultaDePropostaDetalharProposta.do?idProposta=1083351&Usr=guest&Pwd=guest;PB;JOÃO PESSOA;09124165000140;INSTITUTO WALFREDO GUEDES PEREIRA;CONVENIO;SIM;AQUISIÇÃO DE PRODUTOS MÉDICOS DE USO ÚNICO;Prestação de Contas Concluída;Organização da Sociedade Civil;11/08/2016;31/03/2022; 100.060,60 ; 100.000,00 ; 100.000,00 ; 60,60 ; 198.870,00 ; -   ; 14.080,60 ;SIM;PENDENTE;MONITORAR  DESEMBOLSO;0%;PENDENTE;Indefinida;NÃO HOUVE DESEMBOLSO;19/09/2023;04/10/2021;0;Baixa Execução;PENDENTE;0,00%;PENDENTE;NÃO INCLUÍDOS;FNS: 100,00%   |  Convenente: 99,51%;SEM INFORMAÇÃO;SEM IFORMAÇÃO;JOSIELY;25000077308201640;0,744902191;0,8999999;A;31/12/2025;-; ;2016;0,00;Negativo;-;-;NÃO;INDEFINIDO;*
834995;https://discricionarias.transferegov.sistema.gov.br/voluntarias/ConsultarProposta/ResultadoDaConsultaDePropostaDetalharProposta.do?idProposta=1085124&Usr=guest&Pwd=guest;PB;UIRAÚNA;00684095000100;ASSOC DE PROTECAO ASSIST SAUDE E EDUCACAO DE UIRAUNA PB;CONVENIO;SIM;AQUISIÇÃO DE PRODUTOS MÉDICOS DE USO ÚNICO;Prestação de Contas Concluída;Organização da Sociedade Civil;11/08/2016;15/12/2017; 299.999,73 ; 299.999,00 ; 299.999,00 ; 0,73 ; 156.000,00 ; -   ; 4.608,72 ;SIM;PENDENTE;MONITORAR  DESEMBOLSO;0%;PENDENTE;Indefinida;NÃO HOUVE DESEMBOLSO;13/02/2018;10/02/2022;1458;Baixa Execução;PENDENTE;0,00%;PENDENTE;NÃO INCLUÍDOS;FNS: 100,00%   |  Convenente: 100,00%;SEM INFORMAÇÃO;SEM IFORMAÇÃO;M. DAS DORES;25000077304201661;0,761212338;0,8999999;A;31/12/2023;-; ;2016;0,73;Negativo;-;-;NÃO;INDEFINIDO;*
834997;https://discricionarias.transferegov.sistema.gov.br/voluntarias/ConsultarProposta/ResultadoDaConsultaDePropostaDetalharProposta.do?idProposta=1083698&Usr=guest&Pwd=guest;PB;CAMPINA GRANDE;08841421000157;FUNDACAO ASSISTENCIAL DA PARAIBA- FAP;CONVENIO;SIM;AQUISIÇÃO DE EQUIPAMENTO E MATERIAL PERMANENTE PARA UNIDADE DE ATENÇÃO ESPECIALIZADA EM SAÚDE;Prestação de Contas Concluída;Organização da Sociedade Civil;11/08/2016;15/12/2018; 199.850,00 ; 199.850,00 ; 199.850,00 ; -   ; 113.730,00 ; -   ; 93.118,72 ;SIM;PENDENTE;MONITORAR  DESEMBOLSO;0%;PENDENTE;Indefinida;NÃO HOUVE DESEMBOLSO;29/12/2025;21/03/2022;0;Baixa Execução;PENDENTE;0,00%;PENDENTE;NÃO INCLUÍDOS;FNS: 100,00%   |  Convenente: 56,84%;SEM INFORMAÇÃO;SEM IFORMAÇÃO;M.JOSÉ;25000077314201605;0,741732;;X;31/12/2020;-; ;2016;0,00;Negativo;-;-;NÃO;INDEFINIDO;*
835003;https://discricionarias.transferegov.sistema.gov.br/voluntarias/ConsultarProposta/ResultadoDaConsultaDePropostaDetalharProposta.do?idProposta=1083695&Usr=guest&Pwd=guest;PB;CAMPINA GRANDE;08841421000157;FUNDACAO ASSISTENCIAL DA PARAIBA- FAP;CONVENIO;SIM;AQUISIÇÃO DE EQUIPAMENTO E MATERIAL PERMANENTE PARA UNIDADE DE ATENÇÃO ESPECIALIZADA EM SAÚDE;Prestação de Contas Concluída;Organização da Sociedade Civil;01/09/2016;30/12/2022; 156.000,00 ; 150.000,00 ; 150.000,00 ; 6.000,00 ; 512.408,59 ; -   ; 23.721,94 ;SIM;PENDENTE;MONITORAR  DESEMBOLSO;0%;PENDENTE;Indefinida;NÃO HOUVE DESEMBOLSO;07/06/2026;24/03/2022;0;Baixa Execução;PENDENTE;0,00%;PENDENTE;NÃO INCLUÍDOS;FNS: 100,00%   |  Convenente: 96,65%;SEM INFORMAÇÃO;SEM IFORMAÇÃO;JULIO;25000077311201663;0,730428;;;31/12/2018;-; ;2016;6.000,00;Negativo;-;-;NÃO;INDEFINIDO;*
835006;https://discricionarias.transferegov.sistema.gov.br/voluntarias/ConsultarProposta/ResultadoDaConsultaDePropostaDetalharProposta.do?idProposta=1083703&Usr=guest&Pwd=guest;PB;CAMPINA GRANDE;08841421000157;FUNDACAO ASSISTENCIAL DA PARAIBA- FAP;CONVENIO;SIM;AQUISIÇÃO DE EQUIPAMENTO E MATERIAL PERMANENTE PARA UNIDADE DE ATENÇÃO ESPECIALIZADA EM SAÚDE;Prestação de Contas Concluída;Organização da Sociedade Civil;01/09/2016;16/05/2018; 200.100,00 ; 200.000,00 ; 200.000,00 ; 100,00 ; 208.000,00 ; -   ; 6.144,95 ;SIM;PENDENTE;MONITORAR  DESEMBOLSO;0%;PENDENTE;Indefinida;NÃO HOUVE DESEMBOLSO;18/03/2020;;0;Baixa Execução;PENDENTE;0,00%;PENDENTE;NÃO INCLUÍDOS;FNS: 100,00%   |  Convenente: 100,00%;SEM INFORMAÇÃO;SEM IFORMAÇÃO;Fiscal Não Identificado;25000075729201636;0,750707265;;;Sem Vínculo;-; ;2016;100,00;Negativo;-;-;NÃO;INDEFINIDO;*
835008;https://discricionarias.transferegov.sistema.gov.br/voluntarias/ConsultarProposta/ResultadoDaConsultaDePropostaDetalharProposta.do?idProposta=1083699&Usr=guest&Pwd=guest;PB;CAMPINA GRANDE;08841421000157;FUNDACAO ASSISTENCIAL DA PARAIBA- FAP;CONVENIO;SIM;AQUISIÇÃO DE EQUIPAMENTO E MATERIAL PERMANENTE PARA UNIDADE DE ATENÇÃO ESPECIALIZADA EM SAÚDE;Prestação de Contas Concluída;Organização da Sociedade Civil;01/09/2016;06/06/2019; 527.420,00 ; 499.950,00 ; 499.950,00 ; -   ; 1.616.330,00 ; 0,02 ; 177.808,03 ;SIM;PENDENTE;MONITORAR  DESEMBOLSO;0%;PENDENTE;Indefinida;NÃO HOUVE DESEMBOLSO;30/03/2022;;0;Baixa Execução;PENDENTE;0,00%;PENDENTE;NÃO INCLUÍDOS;FNS: 100,00%   |  Convenente: 98,15%;SEM INFORMAÇÃO;SEM IFORMAÇÃO;FRANCIBERTO;25000077317201631;0,751736;;;02/05/2020;-; ;2016;2.773,82;Negativo;-;-;NÃO;INDEFINIDO;*
835012;https://discricionarias.transferegov.sistema.gov.br/voluntarias/ConsultarProposta/ResultadoDaConsultaDePropostaDetalharProposta.do?idProposta=1083693&Usr=guest&Pwd=guest;PB;CAMPINA GRANDE;08841421000157;FUNDACAO ASSISTENCIAL DA PARAIBA- FAP;CONVENIO;SIM;AQUISIÇÃO DE EQUIPAMENTO E MATERIAL PERMANENTE PARA UNIDADE DE ATENÇÃO ESPECIALIZADA EM SAÚDE;Prestação de Contas Concluída;Organização da Sociedade Civil;01/09/2016;31/03/2022; 208.000,00 ; 200.000,00 ; 200.000,00 ; 8.000,00 ; 124.080,78 ; -   ; 49.539,05 ;NÃO;PENDENTE;MONITORAR  DESEMBOLSO;0%;PENDENTE;Indefinida;NÃO HOUVE DESEMBOLSO;05/10/2024;;0;Baixa Execução;PENDENTE;0,00%;PENDENTE;NÃO INCLUÍDOS;FNS: 100,00%   |  Convenente: 75,95%;SEM INFORMAÇÃO;SEM IFORMAÇÃO;Fiscal Não Identificado;25000077547201608;-;;;Sem Vínculo;-; ;2016;8.000,00;Negativo;-;-;NÃO;INDEFINIDO;*
835014;https://discricionarias.transferegov.sistema.gov.br/voluntarias/ConsultarProposta/ResultadoDaConsultaDePropostaDetalharProposta.do?idProposta=1084522&Usr=guest&Pwd=guest;PB;CAMPINA GRANDE;08841421000157;FUNDACAO ASSISTENCIAL DA PARAIBA- FAP;CONVENIO;SIM;AQUISIÇÃO DE EQUIPAMENTO E MATERIAL PERMANENTE PARA UNIDADE DE ATENÇÃO ESPECIALIZADA EM SAÚDE;Prestação de Contas em Complementação;Organização da Sociedade Civil;01/09/2016;31/03/2022; 1.646.730,00 ; 1.646.600,00 ; 1.646.600,00 ; 130,00 ; 830.940,00 ; -   ; 42.450,13 ;NÃO;PENDENTE;MONITORAR  DESEMBOLSO;0%;PENDENTE;Indefinida;NÃO HOUVE DESEMBOLSO;07/10/2024;;0;Baixa Execução;PENDENTE;0,00%;PENDENTE;NÃO INCLUÍDOS;FNS: 100,00%   |  Convenente: 97,76%;SEM INFORMAÇÃO;SEM IFORMAÇÃO;M. Vieira;25000077323201698;-;;;00/01/1900;667; ;2016;130,00;Negativo;-;-;NÃO;INDEFINIDO;46239
835083;https://discricionarias.transferegov.sistema.gov.br/voluntarias/ConsultarProposta/ResultadoDaConsultaDePropostaDetalharProposta.do?idProposta=1083724&Usr=guest&Pwd=guest;PB;SANTA RITA;09433715000102;FUNDACAO GOVERNADOR FLAVIO RIBEIRO COUTINHO;CONVENIO;SIM;AQUISIÇÃO DE EQUIPAMENTO E MATERIAL PERMANENTE PARA UNIDADE DE ATENÇÃO ESPECIALIZADA EM SAÚDE;Prestação de Contas Concluída;Organização da Sociedade Civil;01/09/2016;31/03/2022; 163.380,00 ; 150.000,00 ; 150.000,00 ; -   ; 446.135,00 ; -   ; 165.494,46 ;SIM;PENDENTE;MONITORAR  DESEMBOLSO;0%;PENDENTE;Indefinida;NÃO HOUVE DESEMBOLSO;01/06/2024;;0;Baixa Execução;PENDENTE;0,00%;PENDENTE;NÃO INCLUÍDOS;FNS: 100,00%   |  Convenente: 77,37%;SEM INFORMAÇÃO;SEM IFORMAÇÃO;FRANCIBERTO;25000077543201611;0,734447;;;20/10/2022;-; ;2016;0,00;Negativo;-;-;NÃO;INDEFINIDO;*
835084;https://discricionarias.transferegov.sistema.gov.br/voluntarias/ConsultarProposta/ResultadoDaConsultaDePropostaDetalharProposta.do?idProposta=1083718&Usr=guest&Pwd=guest;PB;SANTA RITA;09433715000102;FUNDACAO GOVERNADOR FLAVIO RIBEIRO COUTINHO;CONVENIO;SIM;AQUISIÇÃO DE EQUIPAMENTO E MATERIAL PERMANENTE PARA UNIDADE DE ATENÇÃO ESPECIALIZADA EM SAÚDE;Prestação de Contas Concluída;Organização da Sociedade Civil;13/09/2016;16/05/2018; 850.000,00 ; 850.000,00 ; 850.000,00 ; -   ; 153.091,00 ; -   ; -   ;SIM;PENDENTE;MONITORAR  DESEMBOLSO;0%;PENDENTE;Indefinida;NÃO HOUVE DESEMBOLSO;15/07/2018;;0;Baixa Execução;PENDENTE;0,00%;PENDENTE;NÃO INCLUÍDOS;FNS: 100,00%   |  Convenente: 55,78%;SEM INFORMAÇÃO;SEM IFORMAÇÃO;JULIO;25000077321201607;0,744876;;;31/12/2018;-; ;2016;0,00;Negativo;-;-;NÃO;INDEFINIDO;*
835086;https://discricionarias.transferegov.sistema.gov.br/voluntarias/ConsultarProposta/ResultadoDaConsultaDePropostaDetalharProposta.do?idProposta=1083722&Usr=guest&Pwd=guest;PB;SANTA RITA;09433715000102;FUNDACAO GOVERNADOR FLAVIO RIBEIRO COUTINHO;CONVENIO;SIM;AQUISIÇÃO DE EQUIPAMENTO E MATERIAL PERMANENTE PARA UNIDADE DE ATENÇÃO ESPECIALIZADA EM SAÚDE;Prestação de Contas Concluída;Organização da Sociedade Civil;13/09/2016;07/06/2018; 575.500,00 ; 575.400,00 ; 575.400,00 ; 100,00 ; 136.850,00 ; -   ; -   ;SIM;PENDENTE;MONITORAR  DESEMBOLSO;0%;PENDENTE;Indefinida;NÃO HOUVE DESEMBOLSO;10/11/2020;27/10/2021;351;Baixa Execução;PENDENTE;0,00%;PENDENTE;NÃO INCLUÍDOS;FNS: 100,00%   |  Convenente: 85,42%;SEM INFORMAÇÃO;SEM IFORMAÇÃO;FRANCIBERTO;25000077327201676;0,740517;0,8999990;A;31/12/2020;-; ;2016;1.246,07;Negativo;-;-;NÃO;INDEFINIDO;*
835089;https://discricionarias.transferegov.sistema.gov.br/voluntarias/ConsultarProposta/ResultadoDaConsultaDePropostaDetalharProposta.do?idProposta=1083382&Usr=guest&Pwd=guest;PB;SANTA RITA;09433715000102;FUNDACAO GOVERNADOR FLAVIO RIBEIRO COUTINHO;CONVENIO;SIM;AQUISIÇÃO DE PRODUTOS MÉDICOS DE USO ÚNICO;Prestação de Contas Concluída;Organização da Sociedade Civil;13/09/2016;18/07/2018; 208.753,00 ; 200.000,00 ; 200.000,00 ; 1.950,00 ; 163.610,05 ; -   ; 38.183,18 ;SIM;PENDENTE;MONITORAR  DESEMBOLSO;0%;PENDENTE;Indefinida;NÃO HOUVE DESEMBOLSO;16/09/2018;10/01/2022;1212;Baixa Execução;PENDENTE;0,00%;PENDENTE;NÃO INCLUÍDOS;FNS: 100,00%   |  Convenente: 66,33%;SEM INFORMAÇÃO;SEM IFORMAÇÃO;FRANCIBERTO;25000077318201685;0,748947;0,8999990;A;18/10/2019;-; ;2016;67.662,04;Negativo;-;-;NÃO;INDEFINIDO;*
835090;https://discricionarias.transferegov.sistema.gov.br/voluntarias/ConsultarProposta/ResultadoDaConsultaDePropostaDetalharProposta.do?idProposta=1083721&Usr=guest&Pwd=guest;PB;SANTA RITA;09433715000102;FUNDACAO GOVERNADOR FLAVIO RIBEIRO COUTINHO;CONVENIO;SIM;AQUISIÇÃO DE EQUIPAMENTO E MATERIAL PERMANENTE PARA UNIDADE DE ATENÇÃO ESPECIALIZADA EM SAÚDE;Prestação de Contas Concluída;Organização da Sociedade Civil;13/09/2016;28/06/2018; 160.200,00 ; 150.000,00 ; 150.000,00 ; 400,00 ; 196.595,00 ; -   ; 7.241,53 ;SIM;PENDENTE;MONITORAR  DESEMBOLSO;0%;PENDENTE;Indefinida;NÃO HOUVE DESEMBOLSO;23/10/2019;;0;Baixa Execução;PENDENTE;0,00%;PENDENTE;NÃO INCLUÍDOS;FNS: 100,00%   |  Convenente: 98,28%;SEM INFORMAÇÃO;SEM IFORMAÇÃO;FRANCIBERTO;25000077554201600;0,76052209;;;30/12/2022;-; ;2016;400,00;Negativo;-;-;NÃO;INDEFINIDO;*
835091;https://discricionarias.transferegov.sistema.gov.br/voluntarias/ConsultarProposta/ResultadoDaConsultaDePropostaDetalharProposta.do?idProposta=1083357&Usr=guest&Pwd=guest;PB;SANTA RITA;09433715000102;FUNDACAO GOVERNADOR FLAVIO RIBEIRO COUTINHO;CONVENIO;SIM;AQUISIÇÃO DE PRODUTOS MÉDICOS DE USO ÚNICO;Prestação de Contas Concluída;Organização da Sociedade Civil;13/09/2016;28/06/2018; 208.475,00 ; 200.000,00 ; 200.000,00 ; 1.950,00 ; 243.120,00 ; -   ; 279.669,92 ;SIM;PENDENTE;MONITORAR  DESEMBOLSO;0%;PENDENTE;Indefinida;NÃO HOUVE DESEMBOLSO;19/11/2019;;0;Baixa Execução;PENDENTE;0,00%;PENDENTE;NÃO INCLUÍDOS;FNS: 100,00%   |  Convenente: 48,62%;SEM INFORMAÇÃO;SEM IFORMAÇÃO;FRANCIBERTO;25000077578201651;0,758750929;;;15/09/2019;-; ;2016;40.133,18;Negativo;-;-;NÃO;INDEFINIDO;*
835104;https://discricionarias.transferegov.sistema.gov.br/voluntarias/ConsultarProposta/ResultadoDaConsultaDePropostaDetalharProposta.do?idProposta=1083336&Usr=guest&Pwd=guest;PB;JOÃO PESSOA;09112236000194;FUNDACAO NAPOLEAO LAUREANO;CONVENIO;SIM;AQUISIÇÃO DE PRODUTOS MÉDICOS DE USO ÚNICO;Prestação de Contas Concluída;Organização da Sociedade Civil;13/09/2016;17/07/2018; 200.026,70 ; 200.000,00 ; 200.000,00 ; 26,70 ; 411.939,00 ; -   ; 101.554,71 ;SIM;PENDENTE;MONITORAR  DESEMBOLSO;0%;PENDENTE;Indefinida;NÃO HOUVE DESEMBOLSO;07/11/2019;;0;Baixa Execução;PENDENTE;0,00%;PENDENTE;NÃO INCLUÍDOS;FNS: 100,00%   |  Convenente: 82,39%;SEM INFORMAÇÃO;SEM IFORMAÇÃO;Fiscal Não Identificado;25000077581201674;0,756531499;;;Sem Vínculo;-; ;2016;26,70;Negativo;-;-;NÃO;INDEFINIDO;*
835105;https://discricionarias.transferegov.sistema.gov.br/voluntarias/ConsultarProposta/ResultadoDaConsultaDePropostaDetalharProposta.do?idProposta=1083706&Usr=guest&Pwd=guest;PB;JOÃO PESSOA;09112236000194;FUNDACAO NAPOLEAO LAUREANO;CONVENIO;SIM;AQUISIÇÃO DE EQUIPAMENTO E MATERIAL PERMANENTE PARA UNIDADE DE ATENÇÃO ESPECIALIZADA EM SAÚDE;Prestação de Contas Concluída;Organização da Sociedade Civil;13/09/2016;16/05/2018; 500.000,00 ; 500.000,00 ; 500.000,00 ; -   ; 345.674,00 ; -   ; 35.105,04 ;SIM;PENDENTE;MONITORAR  DESEMBOLSO;0%;PENDENTE;Indefinida;NÃO HOUVE DESEMBOLSO;02/06/2018;;0;Baixa Execução;PENDENTE;0,00%;PENDENTE;NÃO INCLUÍDOS;FNS: 100,00%   |  Convenente: 93,17%;SEM INFORMAÇÃO;SEM IFORMAÇÃO;JULIO;25000077585201652;0,775717;;;31/12/2019;-; ;2016;0,00;Negativo;-;-;NÃO;INDEFINIDO;*
835108;https://discricionarias.transferegov.sistema.gov.br/voluntarias/ConsultarProposta/ResultadoDaConsultaDePropostaDetalharProposta.do?idProposta=1083708&Usr=guest&Pwd=guest;PB;JOÃO PESSOA;09112236000194;FUNDACAO NAPOLEAO LAUREANO;CONVENIO;SIM;AQUISIÇÃO DE EQUIPAMENTO E MATERIAL PERMANENTE PARA UNIDADE DE ATENÇÃO ESPECIALIZADA EM SAÚDE;Prestação de Contas Concluída;Organização da Sociedade Civil;29/12/2016;23/06/2024; 500.000,00 ; 500.000,00 ; 500.000,00 ; -   ; 1.547.329,00 ; -   ; 117.026,65 ;SIM;PENDENTE;MONITORAR  DESEMBOLSO;0%;PENDENTE;Indefinida;NÃO HOUVE DESEMBOLSO;31/12/2024;;0;Baixa Execução;PENDENTE;0,00%;PENDENTE;NÃO INCLUÍDOS;FNS: 100,00%   |  Convenente: 96,04%;SEM INFORMAÇÃO;SEM IFORMAÇÃO;FRANCIBERTO;25000077589201631;0,751687;;;31/12/2018;-; ;2016;0,00;Negativo;-;-;NÃO;INDEFINIDO;*
835114;https://discricionarias.transferegov.sistema.gov.br/voluntarias/ConsultarProposta/ResultadoDaConsultaDePropostaDetalharProposta.do?idProposta=1084498&Usr=guest&Pwd=guest;PB;JOÃO PESSOA;09112236000194;FUNDACAO NAPOLEAO LAUREANO;CONVENIO;SIM;AQUISIÇÃO DE EQUIPAMENTO E MATERIAL PERMANENTE PARA UNIDADE DE ATENÇÃO ESPECIALIZADA EM SAÚDE;Prestação de Contas Concluída;Administração Pública Municipal;23/12/2016;25/04/2027; 371.000,00 ; 371.000,00 ; 371.000,00 ; -   ; 242.095,00 ; -   ; 13.932,50 ;SIM;PENDENTE;MONITORAR  DESEMBOLSO;0%;PENDENTE;Indefinida;NÃO HOUVE DESEMBOLSO;24/06/2027;30/01/2023;0;Baixa Execução;PENDENTE;0,00%;PENDENTE;NÃO INCLUÍDOS;FNS: 100,00%   |  Convenente: 96,84%;SEM INFORMAÇÃO;SEM IFORMAÇÃO;FRANCIBERTO;25000077563201692;0,761733466;;;31/12/2018;-; ;2016;0,00;Até 90 dias;Acima de 365 dias;Não;NÃO;INDEFINIDO;*
835117;https://discricionarias.transferegov.sistema.gov.br/voluntarias/ConsultarProposta/ResultadoDaConsultaDePropostaDetalharProposta.do?idProposta=1084516&Usr=guest&Pwd=guest;PB;JOÃO PESSOA;09112236000194;FUNDACAO NAPOLEAO LAUREANO;CONVENIO;SIM;AQUISIÇÃO DE EQUIPAMENTO E MATERIAL PERMANENTE PARA UNIDADE DE ATENÇÃO ESPECIALIZADA EM SAÚDE;Prestação de Contas Concluída;Organização da Sociedade Civil;29/12/2016;31/12/2018; 1.611.189,00 ; 1.611.000,00 ; 1.611.000,00 ; 189,00 ; 364.975,00 ; -   ; 46.873,00 ;SIM;PENDENTE;MONITORAR  DESEMBOLSO;0%;PENDENTE;Indefinida;NÃO HOUVE DESEMBOLSO;01/03/2019;26/11/2021;1001;Baixa Execução;PENDENTE;0,00%;PENDENTE;NÃO INCLUÍDOS;FNS: 100,00%   |  Convenente: 91,21%;SEM INFORMAÇÃO;SEM IFORMAÇÃO;FRANCIBERTO;25000077573201628;0,766514871;;;31/12/2020;-; ;2016;189,00;Negativo;-;-;NÃO;INDEFINIDO;*
835120;https://discricionarias.transferegov.sistema.gov.br/voluntarias/ConsultarProposta/ResultadoDaConsultaDePropostaDetalharProposta.do?idProposta=1083341&Usr=guest&Pwd=guest;PB;JOÃO PESSOA;09112236000194;FUNDACAO NAPOLEAO LAUREANO;CONVENIO;SIM;AQUISIÇÃO DE PRODUTOS MÉDICOS DE USO ÚNICO;Prestação de Contas Concluída;Organização da Sociedade Civil;30/11/2016;10/05/2018; 250.003,50 ; 250.000,00 ; 250.000,00 ; 3,50 ; 597.670,82 ; -   ; 59.001,64 ;NÃO;PENDENTE;MONITORAR  DESEMBOLSO;0%;PENDENTE;Indefinida;NÃO HOUVE DESEMBOLSO;09/07/2018;22/07/2021;1109;Baixa Execução;PENDENTE;0,00%;PENDENTE;NÃO INCLUÍDOS;FNS: 100,00%   |  Convenente: 97,97%;SEM INFORMAÇÃO;SEM IFORMAÇÃO;FRANCIBERTO;0256982016;-;1,0000000;A;31/12/2018;-; ;2016;3,50;Negativo;-;-;NÃO;INDEFINIDO;*
835123;https://discricionarias.transferegov.sistema.gov.br/voluntarias/ConsultarProposta/ResultadoDaConsultaDePropostaDetalharProposta.do?idProposta=1083704&Usr=guest&Pwd=guest;PB;JOÃO PESSOA;09112236000194;FUNDACAO NAPOLEAO LAUREANO;CONVENIO;SIM;AQUISIÇÃO DE EQUIPAMENTO E MATERIAL PERMANENTE PARA UNIDADE DE ATENÇÃO ESPECIALIZADA EM SAÚDE;Prestação de Contas Concluída;Organização da Sociedade Civil;06/10/2016;21/03/2018; 400.150,00 ; 400.000,00 ; 400.000,00 ; 150,00 ; 470.980,60 ; 1.110.585,34 ; -   ;NÃO;PENDENTE;MONITORAR  DESEMBOLSO;0%;PENDENTE;Indefinida;NÃO HOUVE DESEMBOLSO;17/04/2019;;0;Baixa Execução;PENDENTE;0,00%;PENDENTE;NÃO INCLUÍDOS;FNS: 100,00%   |  Convenente: 34,97%;SEM INFORMAÇÃO;SEM IFORMAÇÃO;IVAN;0256972016;-;;;31/12/2018;-; ;2016;150,00;Negativo;-;-;NÃO;INDEFINIDO;*
836057;https://discricionarias.transferegov.sistema.gov.br/voluntarias/ConsultarProposta/ResultadoDaConsultaDePropostaDetalharProposta.do?idProposta=1087085&Usr=guest&Pwd=guest;PB;JOÃO PESSOA;09112236000194;FUNDACAO NAPOLEAO LAUREANO;CONTRATO DE REPASSE;SIM;REFORMA DE UNIDADE DE ATENÇÃO ESPECIALIZADA EM SAÚDE;Prestação de Contas Concluída;Organização da Sociedade Civil;30/11/2016;11/05/2018; 610.079,00 ; 610.079,00 ; 610.079,00 ; -   ; -   ; -   ; -   ;NÃO;PENDENTE;MONITORAR  DESEMBOLSO;0%;PENDENTE;Indefinida;NÃO HOUVE DESEMBOLSO;05/04/2024;11/02/2022;0;Baixa Execução;PENDENTE;0,00%;PENDENTE;NÃO INCLUÍDOS;FNS: 0,00%   |  Convenente: -;SEM INFORMAÇÃO;SEM IFORMAÇÃO;Fiscal Não Identificado;0261382016;-;1,0000000;A;Sem Vínculo;-; ;2016;0,00;Negativo;-;-;NÃO;INDEFINIDO;*
836067;https://discricionarias.transferegov.sistema.gov.br/voluntarias/ConsultarProposta/ResultadoDaConsultaDePropostaDetalharProposta.do?idProposta=1087084&Usr=guest&Pwd=guest;PB;JOÃO PESSOA;08715618000140;FUNDO MUNICIPAL DE SAUDE;CONTRATO DE REPASSE;SIM;AMPLIAÇÃO DE UNIDADE DE ATENÇÃO ESPECIALIZADA EM SAÚDE;Em execução;Organização da Sociedade Civil;13/10/2016;21/03/2018; 1.652.826,12 ; 1.198.920,00 ; 1.198.920,00 ; 453.906,12 ; 140.130,00 ; -   ; 5.739,33 ;SIM;PENDENTE;MONITORAR  DESEMBOLSO;0%;PENDENTE;Indefinida;NÃO HOUVE DESEMBOLSO;20/05/2018;30/01/2023;1716;Baixa Execução;PENDENTE;0,00%;PENDENTE;NÃO INCLUÍDOS;FNS: 100,00%   |  Convenente: 99,42%;SEM INFORMAÇÃO;SEM IFORMAÇÃO;Fiscal Não Identificado;25000144499201662;0,735519931;1,0000000;A;Sem Vínculo;-; ;2016;147.824,43;Negativo;-;-;NÃO;INDEFINIDO;*
836090;https://discricionarias.transferegov.sistema.gov.br/voluntarias/ConsultarProposta/ResultadoDaConsultaDePropostaDetalharProposta.do?idProposta=1089301&Usr=guest&Pwd=guest;PB;ARARUNA;70134440000117;HOSPITAL E MATERNIDADE MARIA JULIA MARANHAO;CONTRATO DE REPASSE;SIM;REFORMA DE UNIDADE DE ATENÇÃO ESPECIALIZADA EM SAÚDE;Convênio Anulado;Organização da Sociedade Civil;19/10/2016;31/03/2021; 499.833,00 ; -   ; -   ; -   ; 72.846,00 ; -   ; 32.787,12 ;NÃO;PENDENTE;MONITORAR  DESEMBOLSO;0%;PENDENTE;Indefinida;NÃO HOUVE DESEMBOLSO;13/10/2022;14/03/2023;152;Baixa Execução;PENDENTE;0,00%;PENDENTE;NÃO INCLUÍDOS;FNS: 100,00%   |  Convenente: 72,99%;SEM INFORMAÇÃO;SEM IFORMAÇÃO;Fiscal Não Identificado;25000144507201671;-;1,0000000;A;Sem Vínculo;-; ;2016;0,00;Negativo;-;-;NÃO;INDEFINIDO;*
836383;https://discricionarias.transferegov.sistema.gov.br/voluntarias/ConsultarProposta/ResultadoDaConsultaDePropostaDetalharProposta.do?idProposta=1106419&Usr=guest&Pwd=guest;PB;CAMPINA GRANDE;08841421000157;FUNDACAO ASSISTENCIAL DA PARAIBA- FAP;CONVENIO;SIM;AQUISIÇÃO DE EQUIPAMENTO E MATERIAL PERMANENTE PARA UNIDADE DE ATENÇÃO ESPECIALIZADA EM SAÚDE;Prestação de Contas Concluída;Organização da Sociedade Civil;20/10/2016;11/05/2018; 140.950,00 ; 140.925,00 ; 140.925,00 ; 25,00 ; 32.532,00 ; -   ; 72.269,98 ;SIM;PENDENTE;MONITORAR  DESEMBOLSO;0%;PENDENTE;Indefinida;NÃO HOUVE DESEMBOLSO;10/07/2018;30/01/2023;1665;Baixa Execução;PENDENTE;0,00%;PENDENTE;NÃO INCLUÍDOS;FNS: 100,00%   |  Convenente: 32,49%;SEM INFORMAÇÃO;SEM IFORMAÇÃO;JULIO;25000146919201645;0,740737;;;31/12/2018;-; ;2016;25,00;Negativo;-;-;NÃO;INDEFINIDO;*
836384;https://discricionarias.transferegov.sistema.gov.br/voluntarias/ConsultarProposta/ResultadoDaConsultaDePropostaDetalharProposta.do?idProposta=1106420&Usr=guest&Pwd=guest;PB;JOÃO PESSOA;09112236000194;FUNDACAO NAPOLEAO LAUREANO;CONVENIO;SIM;AQUISIÇÃO DE EQUIPAMENTO E MATERIAL PERMANENTE PARA UNIDADE DE ATENÇÃO ESPECIALIZADA EM SAÚDE;Prestação de Contas Concluída;Organização da Sociedade Civil;13/10/2016;21/03/2018; 99.800,00 ; 99.800,00 ; 99.800,00 ; -   ; 68.440,00 ; -   ; 62.121,61 ;SIM;PENDENTE;MONITORAR  DESEMBOLSO;0%;PENDENTE;Indefinida;NÃO HOUVE DESEMBOLSO;20/05/2018;14/03/2023;1759;Baixa Execução;PENDENTE;0,00%;PENDENTE;NÃO INCLUÍDOS;FNS: 100,00%   |  Convenente: 54,93%;SEM INFORMAÇÃO;SEM IFORMAÇÃO;Fiscal Não Identificado;25000146940201641;0,740179462;1,0000000;A;Sem Vínculo;-; ;2016;0,00;Negativo;-;-;NÃO;INDEFINIDO;*
836526;https://discricionarias.transferegov.sistema.gov.br/voluntarias/ConsultarProposta/ResultadoDaConsultaDePropostaDetalharProposta.do?idProposta=1106991&Usr=guest&Pwd=guest;PB;CAMPINA GRANDE;08841421000157;FUNDACAO ASSISTENCIAL DA PARAIBA- FAP;CONVENIO;SIM;AQUISIÇÃO DE EQUIPAMENTO E MATERIAL PERMANENTE PARA UNIDADE DE ATENÇÃO ESPECIALIZADA EM SAÚDE;Prestação de Contas Concluída;Organização da Sociedade Civil;30/11/2016;09/05/2018; 100.120,00 ; 100.120,00 ; 100.120,00 ; -   ; 35.200,00 ; -   ; 22.011,70 ;SIM;PENDENTE;MONITORAR  DESEMBOLSO;0%;PENDENTE;Indefinida;NÃO HOUVE DESEMBOLSO;08/07/2018;14/03/2023;1710;Baixa Execução;PENDENTE;0,00%;PENDENTE;NÃO INCLUÍDOS;FNS: 100,00%   |  Convenente: 67,30%;SEM INFORMAÇÃO;SEM IFORMAÇÃO;JULIO;25000146933201649;0,737138;1,0000000;A;28/06/2023;-; ;2016;0,00;Negativo;-;-;NÃO;INDEFINIDO;*
836527;https://discricionarias.transferegov.sistema.gov.br/voluntarias/ConsultarProposta/ResultadoDaConsultaDePropostaDetalharProposta.do?idProposta=1107075&Usr=guest&Pwd=guest;PB;SANTA RITA;09433715000102;FUNDACAO GOVERNADOR FLAVIO RIBEIRO COUTINHO;CONVENIO;SIM;AQUISIÇÃO DE EQUIPAMENTO E MATERIAL PERMANENTE PARA UNIDADE DE ATENÇÃO ESPECIALIZADA EM SAÚDE;Prestação de Contas Concluída;Organização da Sociedade Civil;28/11/2016;31/03/2021; 124.600,00 ; 124.600,00 ; 124.600,00 ; -   ; 46.936,20 ; -   ; 4.509,63 ;NÃO;PENDENTE;MONITORAR  DESEMBOLSO;0%;PENDENTE;Indefinida;NÃO HOUVE DESEMBOLSO;19/09/2023;26/11/2021;0;Baixa Execução;PENDENTE;0,00%;PENDENTE;NÃO INCLUÍDOS;FNS: 100,00%   |  Convenente: 93,87%;SEM INFORMAÇÃO;SEM IFORMAÇÃO;FRANCIBERTO;25000146960201611;-;;X;31/12/2018;-; ;2016;0,00;Negativo;-;-;NÃO;INDEFINIDO;*
836528;https://discricionarias.transferegov.sistema.gov.br/voluntarias/ConsultarProposta/ResultadoDaConsultaDePropostaDetalharProposta.do?idProposta=1107026&Usr=guest&Pwd=guest;PB;SANTA RITA;09433715000102;FUNDACAO GOVERNADOR FLAVIO RIBEIRO COUTINHO;CONVENIO;SIM;AQUISIÇÃO DE PRODUTOS MÉDICOS DE USO ÚNICO;Prestação de Contas Concluída;Organização da Sociedade Civil;28/11/2016;12/09/2018; 52.300,00 ; 50.000,00 ; 50.000,00 ; 2.300,00 ; 51.469,00 ; -   ; 41.599,00 ;SIM;PENDENTE;MONITORAR  DESEMBOLSO;0%;PENDENTE;Indefinida;NÃO HOUVE DESEMBOLSO;14/03/2020;;0;Baixa Execução;PENDENTE;0,00%;PENDENTE;NÃO INCLUÍDOS;FNS: 100,00%   |  Convenente: 57,83%;SEM INFORMAÇÃO;SEM IFORMAÇÃO;FRANCIBERTO;25000146947201662;0,73584353;;;30/12/2023;-; ;2016;2.300,20;Negativo;-;-;NÃO;INDEFINIDO;*
836529;https://discricionarias.transferegov.sistema.gov.br/voluntarias/ConsultarProposta/ResultadoDaConsultaDePropostaDetalharProposta.do?idProposta=1107003&Usr=guest&Pwd=guest;PB;JOÃO PESSOA;09112236000194;FUNDACAO NAPOLEAO LAUREANO;CONVENIO;SIM;AQUISIÇÃO DE PRODUTOS MÉDICOS DE USO ÚNICO;Prestação de Contas Concluída;Organização da Sociedade Civil;14/10/2016;31/03/2021; 50.000,00 ; 50.000,00 ; 50.000,00 ; -   ; 37.729,00 ; -   ; 14.089,92 ;SIM;PENDENTE;MONITORAR  DESEMBOLSO;0%;PENDENTE;Indefinida;NÃO HOUVE DESEMBOLSO;07/09/2023;;0;Baixa Execução;PENDENTE;0,00%;PENDENTE;NÃO INCLUÍDOS;FNS: 100,00%   |  Convenente: 75,08%;SEM INFORMAÇÃO;SEM IFORMAÇÃO;IVAN;25000146926201647;0,736416161;;;14/11/2019;-; ;2016;0,00;Negativo;-;-;NÃO;INDEFINIDO;*
836532;https://discricionarias.transferegov.sistema.gov.br/voluntarias/ConsultarProposta/ResultadoDaConsultaDePropostaDetalharProposta.do?idProposta=1106995&Usr=guest&Pwd=guest;PB;JOÃO PESSOA;09112236000194;FUNDACAO NAPOLEAO LAUREANO;CONVENIO;SIM;AQUISIÇÃO DE EQUIPAMENTO E MATERIAL PERMANENTE PARA UNIDADE DE ATENÇÃO ESPECIALIZADA EM SAÚDE;Prestação de Contas Concluída;Organização da Sociedade Civil;29/12/2016;02/10/2018; 89.000,00 ; 89.000,00 ; 89.000,00 ; -   ; 407.973,00 ; -   ; 29.373,30 ;SIM;PENDENTE;MONITORAR  DESEMBOLSO;0%;PENDENTE;Indefinida;NÃO HOUVE DESEMBOLSO;01/12/2018;12/06/2023;1654;Baixa Execução;PENDENTE;0,00%;PENDENTE;NÃO INCLUÍDOS;FNS: 100,00%   |  Convenente: 97,14%;SEM INFORMAÇÃO;SEM IFORMAÇÃO;M.JOSÉ;25000151020201644;0,734616;0,7999999;B;31/12/2020;-; ;2016;0,00;Negativo;-;-;NÃO;INDEFINIDO;*
836697;https://discricionarias.transferegov.sistema.gov.br/voluntarias/ConsultarProposta/ResultadoDaConsultaDePropostaDetalharProposta.do?idProposta=1106994&Usr=guest&Pwd=guest;PB;CAMPINA GRANDE;08841421000157;FUNDACAO ASSISTENCIAL DA PARAIBA- FAP;CONVENIO;SIM;AQUISIÇÃO DE EQUIPAMENTO E MATERIAL PERMANENTE PARA UNIDADE DE ATENÇÃO ESPECIALIZADA EM SAÚDE;Prestação de Contas Concluída;Organização da Sociedade Civil;29/12/2016;31/12/2020; 50.250,00 ; 50.000,00 ; 50.000,00 ; 250,00 ; -   ; -   ; 57.266,70 ;SIM;PENDENTE;MONITORAR  DESEMBOLSO;0%;PENDENTE;Indefinida;NÃO HOUVE DESEMBOLSO;18/02/2021;12/08/2022;540;Baixa Execução;PENDENTE;0,00%;PENDENTE;NÃO INCLUÍDOS;FNS: 100,00%   |  Convenente: 0,00%;SEM INFORMAÇÃO;SEM IFORMAÇÃO;IVAN;25000146913201678;0,739970236;0,7999999;B;14/11/2018;-; ;2016;250,00;Negativo;-;-;NÃO;INDEFINIDO;*
836699;https://discricionarias.transferegov.sistema.gov.br/voluntarias/ConsultarProposta/ResultadoDaConsultaDePropostaDetalharProposta.do?idProposta=1107857&Usr=guest&Pwd=guest;PB;CAMPINA GRANDE;08841421000157;FUNDACAO ASSISTENCIAL DA PARAIBA- FAP;CONVENIO;SIM;AQUISIÇÃO DE EQUIPAMENTO E MATERIAL PERMANENTE PARA UNIDADE DE ATENÇÃO ESPECIALIZADA EM SAÚDE;Prestação de Contas Concluída;Organização da Sociedade Civil;06/12/2016;31/03/2021; 419.993,00 ; 400.000,00 ; 400.000,00 ; -   ; 160.461,70 ; -   ; 55.431,89 ;SIM;PENDENTE;MONITORAR  DESEMBOLSO;0%;PENDENTE;Indefinida;NÃO HOUVE DESEMBOLSO;25/04/2023;23/08/2023;120;Baixa Execução;PENDENTE;0,00%;PENDENTE;NÃO INCLUÍDOS;FNS: 100,00%   |  Convenente: 76,38%;SEM INFORMAÇÃO;SEM IFORMAÇÃO;JULIO;25000151027201666;0,741293;;X;31/12/2021;-; ;2016;0,00;Negativo;-;-;NÃO;INDEFINIDO;*
836701;https://discricionarias.transferegov.sistema.gov.br/voluntarias/ConsultarProposta/ResultadoDaConsultaDePropostaDetalharProposta.do?idProposta=1106988&Usr=guest&Pwd=guest;PB;CAMPINA GRANDE;08841421000157;FUNDACAO ASSISTENCIAL DA PARAIBA- FAP;CONVENIO;SIM;AQUISIÇÃO DE EQUIPAMENTO E MATERIAL PERMANENTE PARA UNIDADE DE ATENÇÃO ESPECIALIZADA EM SAÚDE;Prestação de Contas Concluída;Organização da Sociedade Civil;25/11/2016;11/05/2021; 53.550,00 ; 53.400,00 ; 53.400,00 ; 150,00 ; 190.455,82 ; -   ; 70.157,82 ;SIM;PENDENTE;MONITORAR  DESEMBOLSO;0%;PENDENTE;Indefinida;NÃO HOUVE DESEMBOLSO;01/09/2023;26/04/2023;0;Baixa Execução;PENDENTE;0,00%;PENDENTE;NÃO INCLUÍDOS;FNS: 100,00%   |  Convenente: 76,92%;SEM INFORMAÇÃO;SEM IFORMAÇÃO;Fiscal Não Identificado;25000153085201624;0,739941642;0,8999999;A;Sem Vínculo;-; ;2016;150,00;Negativo;-;-;NÃO;INDEFINIDO;*
836714;https://discricionarias.transferegov.sistema.gov.br/voluntarias/ConsultarProposta/ResultadoDaConsultaDePropostaDetalharProposta.do?idProposta=1107861&Usr=guest&Pwd=guest;PB;JOÃO PESSOA;09124165000140;INSTITUTO WALFREDO GUEDES PEREIRA;CONVENIO;SIM;AQUISIÇÃO DE EQUIPAMENTO E MATERIAL PERMANENTE PARA UNIDADE DE ATENÇÃO ESPECIALIZADA EM SAÚDE;Prestação de Contas Concluída;Organização da Sociedade Civil;25/11/2016;15/05/2018; 210.088,00 ; 200.000,00 ; 200.000,00 ; 2.400,00 ; 629.984,00 ; -   ; 12.526,74 ;SIM;PENDENTE;MONITORAR  DESEMBOLSO;0%;PENDENTE;Indefinida;NÃO HOUVE DESEMBOLSO;14/07/2018;22/01/2024;2018;Baixa Execução;PENDENTE;0,00%;PENDENTE;NÃO INCLUÍDOS;FNS: 100,00%   |  Convenente: 99,20%;SEM INFORMAÇÃO;SEM IFORMAÇÃO;FRANCIBERTO;25000152581201661;0,760302391;;;20/09/2022;-; ;2016;2.400,00;Negativo;-;-;NÃO;INDEFINIDO;*
836876;https://discricionarias.transferegov.sistema.gov.br/voluntarias/ConsultarProposta/ResultadoDaConsultaDePropostaDetalharProposta.do?idProposta=1108666&Usr=guest&Pwd=guest;PB;SANTA RITA;09433715000102;FUNDACAO GOVERNADOR FLAVIO RIBEIRO COUTINHO;CONVENIO;SIM;AQUISIÇÃO DE EQUIPAMENTO E MATERIAL PERMANENTE PARA UNIDADE DE ATENÇÃO ESPECIALIZADA EM SAÚDE;Prestação de Contas Concluída;Organização da Sociedade Civil;25/11/2016;17/05/2018; 247.600,00 ; 246.600,00 ; 246.600,00 ; 1.000,00 ; 164.766,00 ; -   ; -   ;SIM;PENDENTE;MONITORAR  DESEMBOLSO;0%;PENDENTE;Indefinida;NÃO HOUVE DESEMBOLSO;16/07/2018;;0;Baixa Execução;PENDENTE;0,00%;PENDENTE;NÃO INCLUÍDOS;FNS: 100,00%   |  Convenente: 78,95%;SEM INFORMAÇÃO;SEM IFORMAÇÃO;IVAN;25000144517201614;0,732175;;;22/11/2019;-; ;2016;1.000,00;Negativo;-;-;NÃO;INDEFINIDO;*
837086;https://discricionarias.transferegov.sistema.gov.br/voluntarias/ConsultarProposta/ResultadoDaConsultaDePropostaDetalharProposta.do?idProposta=1108362&Usr=guest&Pwd=guest;PB;JOÃO PESSOA;08667206000181;INSTITUTO SAO JOSE;CONVENIO;SIM;AQUISIÇÃO DE EQUIPAMENTO E MATERIAL PERMANENTE PARA UNIDADE DE ATENÇÃO ESPECIALIZADA EM SAÚDE;Prestação de Contas Concluída;Organização da Sociedade Civil;29/12/2016;30/12/2023; 635.084,00 ; 599.600,00 ; 599.600,00 ; -   ; 71.023,00 ; -   ; 40.036,16 ;SIM;PENDENTE;MONITORAR  DESEMBOLSO;0%;PENDENTE;Indefinida;NÃO HOUVE DESEMBOLSO;31/12/2024;;0;Baixa Execução;PENDENTE;0,00%;PENDENTE;NÃO INCLUÍDOS;FNS: 100,00%   |  Convenente: 65,81%;SEM INFORMAÇÃO;SEM IFORMAÇÃO;JULIO;25000170827201686;0,72564;;;18/08/2019;-; ;2016;0,00;Negativo;-;-;NÃO;INDEFINIDO;*
837088;https://discricionarias.transferegov.sistema.gov.br/voluntarias/ConsultarProposta/ResultadoDaConsultaDePropostaDetalharProposta.do?idProposta=1106421&Usr=guest&Pwd=guest;PB;JOÃO PESSOA;09124165000140;INSTITUTO WALFREDO GUEDES PEREIRA;CONVENIO;SIM;AQUISIÇÃO DE EQUIPAMENTO E MATERIAL PERMANENTE PARA UNIDADE DE ATENÇÃO ESPECIALIZADA EM SAÚDE;Prestação de Contas Concluída;Organização da Sociedade Civil;23/12/2016;23/06/2018; 208.700,00 ; 199.900,00 ; 199.900,00 ; -   ; 127.553,00 ; -   ; 38.690,92 ;SIM;PENDENTE;MONITORAR  DESEMBOLSO;0%;PENDENTE;Indefinida;NÃO HOUVE DESEMBOLSO;17/09/2020;;0;Baixa Execução;PENDENTE;0,00%;PENDENTE;NÃO INCLUÍDOS;FNS: 100,00%   |  Convenente: 79,76%;SEM INFORMAÇÃO;SEM IFORMAÇÃO;JULIO;25000170848201600;0,757752386;;;30/12/2022;-; ;2016;0,00;Negativo;-;-;NÃO;INDEFINIDO;*
837174;https://discricionarias.transferegov.sistema.gov.br/voluntarias/ConsultarProposta/ResultadoDaConsultaDePropostaDetalharProposta.do?idProposta=1114017&Usr=guest&Pwd=guest;PB;CAMPINA GRANDE;08841421000157;FUNDACAO ASSISTENCIAL DA PARAIBA- FAP;CONVENIO;NÃO;AQUISIÇÃO DE EQUIPAMENTO E MATERIAL PERMANENTE PARA UNIDADE DE ATENÇÃO ESPECIALIZADA EM SAÚDE;Prestação de Contas Concluída;Administração Pública Estadual ou do Distrito Federal;29/12/2016;30/06/2026; 107.927,00 ; 100.000,00 ; 100.000,00 ; 500,00 ; 98.015,00 ; -   ; 4.845,41 ;NÃO;PENDENTE;MONITORAR  DESEMBOLSO;0%;PENDENTE;Indefinida;NÃO HOUVE DESEMBOLSO;29/08/2026;;0;Baixa Execução;PENDENTE;0,00%;PENDENTE;NÃO INCLUÍDOS;FNS: 100,00%   |  Convenente: 97,72%;SEM INFORMAÇÃO;SEM IFORMAÇÃO;FRANCIBERTO;25000170836201677;-;;;31/12/2022;-; ;2016;500,00;Negativo;-;-;NÃO;INDEFINIDO;*
837175;https://discricionarias.transferegov.sistema.gov.br/voluntarias/ConsultarProposta/ResultadoDaConsultaDePropostaDetalharProposta.do?idProposta=1114715&Usr=guest&Pwd=guest;PB;JOÃO PESSOA;09112236000194;FUNDACAO NAPOLEAO LAUREANO;CONVENIO;SIM;AQUISIÇÃO DE EQUIPAMENTO E MATERIAL PERMANENTE PARA UNIDADE DE ATENÇÃO ESPECIALIZADA EM SAÚDE;Prestação de Contas Concluída;Organização da Sociedade Civil;15/12/2017;04/12/2019; 159.920,00 ; 159.920,00 ; 159.920,00 ; -   ; 540.462,48 ; -   ; 93.101,76 ;NÃO;PENDENTE;MONITORAR  DESEMBOLSO;0%;PENDENTE;Indefinida;NÃO HOUVE DESEMBOLSO;06/08/2021;;0;Baixa Execução;PENDENTE;0,00%;PENDENTE;NÃO INCLUÍDOS;FNS: 100,00%   |  Convenente: 90,15%;SEM INFORMAÇÃO;SEM IFORMAÇÃO;FRANCIBERTO;0311212016;-;;;31/12/2018;-; ;2016;0,00;Negativo;-;-;NÃO;INDEFINIDO;*
837197;https://discricionarias.transferegov.sistema.gov.br/voluntarias/ConsultarProposta/ResultadoDaConsultaDePropostaDetalharProposta.do?idProposta=1114143&Usr=guest&Pwd=guest;PB;CAMPINA GRANDE;08841421000157;FUNDACAO ASSISTENCIAL DA PARAIBA- FAP;CONVENIO;SIM;AQUISIÇÃO DE EQUIPAMENTO E MATERIAL PERMANENTE PARA UNIDADE DE ATENÇÃO ESPECIALIZADA EM SAÚDE;Prestação de Contas Concluída;Organização da Sociedade Civil;15/12/2017;04/12/2019; 100.300,00 ; 100.000,00 ; 100.000,00 ; 300,00 ; 38.850,00 ; -   ; 12.750,81 ;SIM;PENDENTE;MONITORAR  DESEMBOLSO;0%;PENDENTE;Indefinida;NÃO HOUVE DESEMBOLSO;02/02/2020;25/06/2024;1605;Baixa Execução;PENDENTE;0,00%;PENDENTE;NÃO INCLUÍDOS;FNS: 100,00%   |  Convenente: 74,78%;SEM INFORMAÇÃO;SEM IFORMAÇÃO;JULIO;25000179467201688;0,768071124;;;31/12/2019;-; ;2016;300,00;Negativo;-;-;NÃO;INDEFINIDO;*
837329;https://discricionarias.transferegov.sistema.gov.br/voluntarias/ConsultarProposta/ResultadoDaConsultaDePropostaDetalharProposta.do?idProposta=1110497&Usr=guest&Pwd=guest;PB;JOÃO PESSOA;09124165000140;INSTITUTO WALFREDO GUEDES PEREIRA;CONTRATO DE REPASSE;SIM;REFORMA DE UNIDADE DE ATENÇÃO ESPECIALIZADA EM SAÚDE;Prestação de Contas Concluída;Organização da Sociedade Civil;18/12/2017;09/05/2021; 599.500,00 ; 599.500,00 ; 599.500,00 ; -   ; 2.731.930,20 ; -   ; 491.908,95 ;NÃO;PENDENTE;MONITORAR  DESEMBOLSO;0%;PENDENTE;Indefinida;NÃO HOUVE DESEMBOLSO;25/09/2023;;0;Baixa Execução;PENDENTE;0,00%;PENDENTE;NÃO INCLUÍDOS;FNS: 84,98%   |  Convenente: 82,29%;SEM INFORMAÇÃO;SEM IFORMAÇÃO;Fiscal Não Identificado;25000193314201643;-;;;Sem Vínculo;-; ;2016;0,00;Negativo;-;-;NÃO;INDEFINIDO;*
838501;https://discricionarias.transferegov.sistema.gov.br/voluntarias/ConsultarProposta/ResultadoDaConsultaDePropostaDetalharProposta.do?idProposta=1119726&Usr=guest&Pwd=guest;PB;JOÃO PESSOA;09124165000140;INSTITUTO WALFREDO GUEDES PEREIRA;CONVENIO;SIM;AQUISIÇÃO DE PRODUTOS MÉDICOS DE USO ÚNICO;Prestação de Contas Concluída;Organização da Sociedade Civil;15/12/2017;04/12/2019; 50.650,00 ; 50.000,00 ; 50.000,00 ; 650,00 ; 359.590,00 ; -   ; 1.154,72 ;SIM;PENDENTE;MONITORAR  DESEMBOLSO;0%;PENDENTE;Indefinida;NÃO HOUVE DESEMBOLSO;02/02/2020;12/06/2023;1226;Baixa Execução;PENDENTE;0,00%;PENDENTE;NÃO INCLUÍDOS;FNS: 93,40%   |  Convenente: 100,00%;SEM INFORMAÇÃO;SEM IFORMAÇÃO;JULIO;25000096146201720;0,76372067;;;31/12/2020;-; ;2016;1.950,00;Negativo;-;-;NÃO;INDEFINIDO;*
841179;https://discricionarias.transferegov.sistema.gov.br/voluntarias/ConsultarProposta/ResultadoDaConsultaDePropostaDetalharProposta.do?idProposta=1127209&Usr=guest&Pwd=guest;PB;CAMPINA GRANDE;12671814000137;UNIVERSIDADE ESTADUAL DA PARAIBA;CONVENIO;SIM;FOMENTO AOS PRODUTORES DE TECNOLOGIAS ESTRATÉGICAS PARA O SUS;Aguardando Prestação de Contas;Organização da Sociedade Civil;15/12/2017;05/12/2019; 3.328.016,00 ; 3.328.016,00 ; 2.828.150,00 ; -   ; 217.940,00 ; -   ; 1.923,54 ;NÃO;PENDENTE;MONITORAR  DESEMBOLSO;0%;PENDENTE;4ª Prioridade;NÃO HOUVE DESEMBOLSO;03/02/2020;;0;Baixa Execução;PENDENTE;0,00%;PENDENTE;NÃO INCLUÍDOS;FNS: 71,56%   |  Convenente: 100,00%;SEM INFORMAÇÃO;SEM IFORMAÇÃO;JULIO;25000096127201701;-;;;31/12/2023;-; ;2016;491.908,95;Negativo;-;-;NÃO;4ª Prioridade;*
848372;https://discricionarias.transferegov.sistema.gov.br/voluntarias/ConsultarProposta/ResultadoDaConsultaDePropostaDetalharProposta.do?idProposta=1216668&Usr=guest&Pwd=guest;PB;JOÃO PESSOA;09112236000194;FUNDACAO NAPOLEAO LAUREANO;CONVENIO;SIM;AQUISIÇÃO DE EQUIPAMENTO E MATERIAL PERMANENTE PARA UNIDADE DE ATENÇÃO ESPECIALIZADA EM SAÚDE;Prestação de Contas Concluída;Organização da Sociedade Civil;15/12/2017;30/11/2019; 385.000,00 ; 359.590,00 ; 359.590,00 ; -   ; 59.335,00 ; -   ; 766,79 ;SIM;PENDENTE;MONITORAR  DESEMBOLSO;0%;PENDENTE;Indefinida;NÃO HOUVE DESEMBOLSO;16/09/2020;;0;Baixa Execução;PENDENTE;0,00%;PENDENTE;NÃO INCLUÍDOS;FNS: 58,52%   |  Convenente: 98,08%;SEM INFORMAÇÃO;SEM IFORMAÇÃO;FRANCIBERTO;25000096163201767;0,741924;;;30/09/2021;-; ;2017;0,00;Negativo;-;-;NÃO;INDEFINIDO;*
848373;https://discricionarias.transferegov.sistema.gov.br/voluntarias/ConsultarProposta/ResultadoDaConsultaDePropostaDetalharProposta.do?idProposta=1216665&Usr=guest&Pwd=guest;PB;JOÃO PESSOA;09112236000194;FUNDACAO NAPOLEAO LAUREANO;CONVENIO;SIM;AQUISIÇÃO DE EQUIPAMENTO E MATERIAL PERMANENTE PARA UNIDADE DE ATENÇÃO ESPECIALIZADA EM SAÚDE;Prestação de Contas Concluída;Organização da Sociedade Civil;28/12/2017;29/12/2024; 304.500,00 ; 214.671,00 ; 214.671,00 ; 4.500,00 ; 315.695,00 ; -   ; 1.590,04 ;SIM;PENDENTE;MONITORAR  DESEMBOLSO;0%;PENDENTE;Indefinida;NÃO HOUVE DESEMBOLSO;27/02/2025;;0;Baixa Execução;PENDENTE;0,00%;PENDENTE;NÃO INCLUÍDOS;FNS: 90,12%   |  Convenente: 100,00%;SEM INFORMAÇÃO;SEM IFORMAÇÃO;JULIO;25000096153201721;0,747706;;;25/09/2021;-; ;2017;3.269,00;Negativo;-;-;NÃO;INDEFINIDO;*
848374;https://discricionarias.transferegov.sistema.gov.br/voluntarias/ConsultarProposta/ResultadoDaConsultaDePropostaDetalharProposta.do?idProposta=1216673&Usr=guest&Pwd=guest;PB;JOÃO PESSOA;09124165000140;INSTITUTO WALFREDO GUEDES PEREIRA;CONVENIO;SIM;AQUISIÇÃO DE EQUIPAMENTO E MATERIAL PERMANENTE PARA UNIDADE DE ATENÇÃO ESPECIALIZADA EM SAÚDE;Prestação de Contas Concluída;Administração Pública Municipal;05/12/2017;26/12/2022; 101.400,00 ; -   ; 58.516,00 ; 1.400,00 ; 1.645.000,00 ; -   ; 25.266,17 ;SIM;PENDENTE;MONITORAR  DESEMBOLSO;0%;PENDENTE;Indefinida;NÃO HOUVE DESEMBOLSO;24/02/2023;;0;Baixa Execução;PENDENTE;0,00%;PENDENTE;NÃO INCLUÍDOS;FNS: 100,00%   |  Convenente: 99,70%;SEM INFORMAÇÃO;SEM IFORMAÇÃO;JULIO;25000405921201742;0,750548;;;17/10/2022;-; ;2017;1.981,00;Negativo;-;-;NÃO;INDEFINIDO;*
848457;https://discricionarias.transferegov.sistema.gov.br/voluntarias/ConsultarProposta/ResultadoDaConsultaDePropostaDetalharProposta.do?idProposta=1216670&Usr=guest&Pwd=guest;PB;JOÃO PESSOA;09112236000194;FUNDACAO NAPOLEAO LAUREANO;CONVENIO;SIM;AQUISIÇÃO DE EQUIPAMENTO E MATERIAL PERMANENTE PARA UNIDADE DE ATENÇÃO ESPECIALIZADA EM SAÚDE;Prestação de Contas Concluída;Administração Pública Municipal;28/12/2017;30/09/2024; 350.300,00 ; 315.410,00 ; 315.410,00 ; 300,00 ; 597.880,00 ; -   ; 6.098,14 ;SIM;PENDENTE;MONITORAR  DESEMBOLSO;0%;PENDENTE;Indefinida;NÃO HOUVE DESEMBOLSO;29/11/2024;;0;Baixa Execução;PENDENTE;0,00%;PENDENTE;NÃO INCLUÍDOS;FNS: 97,38%   |  Convenente: 99,83%;SEM INFORMAÇÃO;SEM IFORMAÇÃO;JULIO;25000405879201760;0,762122143;;;13/07/2021;-; ;2017;285,00;Negativo;-;-;NÃO;INDEFINIDO;*
848884;https://discricionarias.transferegov.sistema.gov.br/voluntarias/ConsultarProposta/ResultadoDaConsultaDePropostaDetalharProposta.do?idProposta=1219436&Usr=guest&Pwd=guest;PB;JOÃO PESSOA;09112236000194;FUNDACAO NAPOLEAO LAUREANO;CONVENIO;SIM;AQUISIÇÃO DE EQUIPAMENTO E MATERIAL PERMANENTE PARA UNIDADE DE ATENÇÃO ESPECIALIZADA EM SAÚDE;Prestação de Contas Concluída;Administração Pública Municipal;05/12/2017;17/06/2022; 1.650.000,00 ; 1.650.000,00 ; 1.650.000,00 ; -   ; 342.461,75 ; -   ; 31,70 ;NÃO;PENDENTE;MONITORAR  DESEMBOLSO;0%;PENDENTE;Indefinida;NÃO HOUVE DESEMBOLSO;16/08/2022;;0;Baixa Execução;PENDENTE;0,00%;PENDENTE;NÃO INCLUÍDOS;FNS: 68,49%   |  Convenente: 99,99%;SEM INFORMAÇÃO;SEM IFORMAÇÃO;JOSIELY;25000431812201781;-;;;30/12/2022;-; ;2017;0,00;Negativo;-;-;NÃO;INDEFINIDO;*
848885;https://discricionarias.transferegov.sistema.gov.br/voluntarias/ConsultarProposta/ResultadoDaConsultaDePropostaDetalharProposta.do?idProposta=1219424&Usr=guest&Pwd=guest;PB;JOÃO PESSOA;09112236000194;FUNDACAO NAPOLEAO LAUREANO;CONVENIO;SIM;AQUISIÇÃO DE EQUIPAMENTO E MATERIAL PERMANENTE PARA UNIDADE DE ATENÇÃO ESPECIALIZADA EM SAÚDE;Prestação de Contas Concluída;Administração Pública Municipal;29/12/2017;24/10/2022; 615.000,00 ; -   ; 598.880,00 ; -   ; -   ; -   ; 104.360,85 ;SIM;PENDENTE;MONITORAR  DESEMBOLSO;0%;PENDENTE;Indefinida;NÃO HOUVE DESEMBOLSO;01/06/2022;;0;Baixa Execução;PENDENTE;0,00%;PENDENTE;NÃO INCLUÍDOS;FNS: 89,15%   |  Convenente: 0,00%;SEM INFORMAÇÃO;SEM IFORMAÇÃO;FRANCIBERTO;25000437072201796;0,726954;;;31/12/2021;-; ;2017;0,00;Negativo;-;-;NÃO;INDEFINIDO;*
850844;https://discricionarias.transferegov.sistema.gov.br/voluntarias/ConsultarProposta/ResultadoDaConsultaDePropostaDetalharProposta.do?idProposta=1252393&Usr=guest&Pwd=guest;PB;SANTA RITA;09433715000102;FUNDACAO GOVERNADOR FLAVIO RIBEIRO COUTINHO;CONVENIO;SIM;AQUISIÇÃO DE EQUIPAMENTO E MATERIAL PERMANENTE PARA UNIDADE DE ATENÇÃO ESPECIALIZADA EM SAÚDE;Prestação de Contas em Análise;Administração Pública Municipal;29/12/2017;31/12/2022; 500.032,00 ; -   ; 342.440,00 ; 32,00 ; 274.901,16 ; -   ; 8.332,85 ;NÃO;PENDENTE;MONITORAR  DESEMBOLSO;0%;PENDENTE;Indefinida;NÃO HOUVE DESEMBOLSO;01/03/2023;23/02/2024;359;Baixa Execução;PENDENTE;0,00%;PENDENTE;NÃO INCLUÍDOS;FNS: 99,30%   |  Convenente: 99,97%;SEM INFORMAÇÃO;SEM IFORMAÇÃO;FRANCIBERTO;0838682017;-;;;02/01/2023;894; ;2017;62,80;Negativo;-;-;NÃO;INDEFINIDO;894
850972;https://discricionarias.transferegov.sistema.gov.br/voluntarias/ConsultarProposta/ResultadoDaConsultaDePropostaDetalharProposta.do?idProposta=1255844&Usr=guest&Pwd=guest;PB;JOÃO PESSOA;35501733000194;INSTITUTO CANDIDA VARGAS;CONVENIO;SIM;AQUISIÇÃO DE EQUIPAMENTO E MATERIAL PERMANENTE PARA UNIDADE DE ATENÇÃO ESPECIALIZADA EM SAÚDE;Prestação de Contas Concluída;Administração Pública Municipal;30/12/2017;31/12/2022; 100.200,00 ; -   ; 89.324,99 ; -   ; -   ; -   ; 435.338,96 ;SIM;PENDENTE;MONITORAR  DESEMBOLSO;0%;PENDENTE;Indefinida;NÃO HOUVE DESEMBOLSO;15/09/2022;;0;Baixa Execução;PENDENTE;0,00%;PENDENTE;NÃO INCLUÍDOS;FNS: 43,19%   |  Convenente: 0,00%;SEM INFORMAÇÃO;SEM IFORMAÇÃO;JOSIELY;25000450505201707;0,67784;;;28/04/2023;-; ;2017;0,00;Negativo;-;-;NÃO;INDEFINIDO;*
851354;https://discricionarias.transferegov.sistema.gov.br/voluntarias/ConsultarProposta/ResultadoDaConsultaDePropostaDetalharProposta.do?idProposta=1252158&Usr=guest&Pwd=guest;PB;NATUBA;17975221000188;FUNDO MUNICIPAL DE SAUDE DE NATUBA;CONTRATO DE REPASSE;SIM;AMPLIAÇÃO DE UNIDADE DE ATENÇÃO ESPECIALIZADA EM SAÚDE;Prestação de Contas Concluída;Administração Pública Municipal;30/12/2017;30/05/2025; 276.833,74 ; 92.387,55 ; 260.998,13 ; 13.995,74 ; 816.209,91 ; -   ; 34.637,50 ;NÃO;PENDENTE;MONITORAR  DESEMBOLSO;0%;PENDENTE;Indefinida;NÃO HOUVE DESEMBOLSO;25/06/2025;;0;Baixa Execução;PENDENTE;0,00%;PENDENTE;NÃO INCLUÍDOS;FNS: 100,00%   |  Convenente: 96,20%;SEM INFORMAÇÃO;SEM IFORMAÇÃO;Fiscal Não Identificado;0900482017;-;;;Sem Vínculo;-; ;2017;13.995,74;Negativo;-;-;NÃO;INDEFINIDO;*
851471;https://discricionarias.transferegov.sistema.gov.br/voluntarias/ConsultarProposta/ResultadoDaConsultaDePropostaDetalharProposta.do?idProposta=1260472&Usr=guest&Pwd=guest;PB;JOÃO PESSOA;35501733000194;INSTITUTO CANDIDA VARGAS;CONVENIO;SIM;AQUISIÇÃO DE EQUIPAMENTO E MATERIAL PERMANENTE PARA UNIDADE DE ATENÇÃO ESPECIALIZADA EM SAÚDE;Prestação de Contas Concluída;Organização da Sociedade Civil;29/12/2017;19/02/2026; 896.148,00 ; -   ; 387.089,53 ; -   ; 575.886,65 ; -   ; 94.355,07 ;NÃO;PENDENTE;MONITORAR  DESEMBOLSO;0%;PENDENTE;Indefinida;NÃO HOUVE DESEMBOLSO;20/03/2026;;0;Baixa Execução;PENDENTE;0,00%;PENDENTE;NÃO INCLUÍDOS;FNS: 100,00%   |  Convenente: 86,89%;SEM INFORMAÇÃO;SEM IFORMAÇÃO;JULIO;0904742017;-;;;03/04/2022;-; ;2017;0,00;Negativo;-;-;NÃO;INDEFINIDO;*
852959;https://discricionarias.transferegov.sistema.gov.br/voluntarias/ConsultarProposta/ResultadoDaConsultaDePropostaDetalharProposta.do?idProposta=1264580&Usr=guest&Pwd=guest;PB;BREJO DO CRUZ;12452534000138;FUNDO MUNICIPAL DE SAUDE DE BREJO DO CRUZ;CONTRATO DE REPASSE;SIM;CONSTRUÇÃO DE UNIDADE DE ATENÇÃO ESPECIALIZADA EM SAÚDE;Prestação de Contas Concluída;Administração Pública Municipal;29/12/2017;07/03/2020; 848.494,40 ; 848.494,40 ; 848.494,40 ; -   ; 1.770.508,80 ; -   ; 57.618,47 ;SIM;PENDENTE;MONITORAR  DESEMBOLSO;0%;PENDENTE;Indefinida;NÃO HOUVE DESEMBOLSO;06/05/2020;;0;Baixa Execução;PENDENTE;0,00%;PENDENTE;NÃO INCLUÍDOS;FNS: 100,00%   |  Convenente: 97,28%;SEM INFORMAÇÃO;SEM IFORMAÇÃO;Fiscal Não Identificado;0911302017;0,570743601;;;Sem Vínculo;-; ;2017;0,00;Negativo;-;-;NÃO;INDEFINIDO;*
852976;https://discricionarias.transferegov.sistema.gov.br/voluntarias/ConsultarProposta/ResultadoDaConsultaDePropostaDetalharProposta.do?idProposta=1265384&Usr=guest&Pwd=guest;PB;MONTE HOREBE;12445872000142;FUNDO MUNICIPAL DE SAUDE DO MUNICIPIO DE MONTE HOREBE - PB;CONTRATO DE REPASSE;SIM;CONSTRUÇÃO DE UNIDADE DE ATENÇÃO ESPECIALIZADA EM SAÚDE;Prestação de Contas Concluída;Administração Pública Municipal;27/12/2017;30/04/2026; 662.765,00 ; 662.765,00 ; 662.765,00 ; -   ; 672.126,51 ; -   ; 52.098,76 ;NÃO;PENDENTE;MONITORAR  DESEMBOLSO;0%;PENDENTE;Indefinida;NÃO HOUVE DESEMBOLSO;02/07/2025;17/05/2024;0;Baixa Execução;PENDENTE;0,00%;PENDENTE;NÃO INCLUÍDOS;FNS: 100,00%   |  Convenente: 96,05%;SEM INFORMAÇÃO;SEM IFORMAÇÃO;Fiscal Não Identificado;0911392017;-;;;Sem Vínculo;-; ;2017;0,00;Negativo;-;-;NÃO;INDEFINIDO;*
852984;https://discricionarias.transferegov.sistema.gov.br/voluntarias/ConsultarProposta/ResultadoDaConsultaDePropostaDetalharProposta.do?idProposta=1266861&Usr=guest&Pwd=guest;PB;SÃO BENTO;02015756000130;FUNDO MINICIPAL DE SAUDE;CONTRATO DE REPASSE;SIM;CONSTRUÇÃO DE UNIDADE DE ATENÇÃO ESPECIALIZADA EM SAÚDE;Prestação de Contas Concluída;Administração Pública Municipal;29/12/2017;17/11/2019; 1.820.000,00 ; 1.820.000,00 ; 1.820.000,00 ; -   ; 460.320,60 ; -   ; 106.424,82 ;NÃO;PENDENTE;MONITORAR  DESEMBOLSO;0%;PENDENTE;Indefinida;NÃO HOUVE DESEMBOLSO;16/01/2020;29/02/2024;1505;Baixa Execução;PENDENTE;0,00%;PENDENTE;NÃO INCLUÍDOS;FNS: 100,00%   |  Convenente: 92,09%;SEM INFORMAÇÃO;SEM IFORMAÇÃO;Fiscal Não Identificado;0911662017;-;;;Sem Vínculo;-; ;2017;0,00;Negativo;-;-;NÃO;INDEFINIDO;*
852993;https://discricionarias.transferegov.sistema.gov.br/voluntarias/ConsultarProposta/ResultadoDaConsultaDePropostaDetalharProposta.do?idProposta=1266872&Usr=guest&Pwd=guest;PB;TEIXEIRA;11229326000101;FUNDO MUNICIPAL DE SAUDE;CONTRATO DE REPASSE;SIM;AMPLIAÇÃO DE UNIDADE DE ATENÇÃO ESPECIALIZADA EM SAÚDE;Prestação de Contas Concluída;Organização da Sociedade Civil;29/12/2017;28/09/2022; 699.744,00 ; 699.744,00 ; 699.744,00 ; -   ; -   ; -   ; -   ;NÃO;PENDENTE;MONITORAR  DESEMBOLSO;0%;PENDENTE;Indefinida;NÃO HOUVE DESEMBOLSO;16/11/2022;;0;Baixa Execução;PENDENTE;0,00%;PENDENTE;NÃO INCLUÍDOS;FNS: 0,00%   |  Convenente: -;SEM INFORMAÇÃO;SEM IFORMAÇÃO;Fiscal Não Identificado;0913292017;-;;;Sem Vínculo;-; ;2017;0,00;Negativo;-;-;NÃO;INDEFINIDO;*
853009;https://discricionarias.transferegov.sistema.gov.br/voluntarias/ConsultarProposta/ResultadoDaConsultaDePropostaDetalharProposta.do?idProposta=1266911&Usr=guest&Pwd=guest;PB;CAMPINA GRANDE;08841421000157;FUNDACAO ASSISTENCIAL DA PARAIBA- FAP;CONTRATO DE REPASSE;NÃO;REFORMA DE UNIDADE DE ATENÇÃO ESPECIALIZADA EM SAÚDE;Prestação de Contas Concluída;Administração Pública Municipal;28/12/2017;31/12/2026; 499.870,00 ; 499.870,00 ; 499.870,00 ; -   ; 777.078,52 ; -   ; 39.142,00 ;NÃO;PENDENTE;MONITORAR  DESEMBOLSO;0%;PENDENTE;Indefinida;NÃO HOUVE DESEMBOLSO;01/03/2027;02/09/2024;0;Baixa Execução;PENDENTE;0,00%;PENDENTE;NÃO INCLUÍDOS;FNS: 100,00%   |  Convenente: 95,02%;SEM INFORMAÇÃO;SEM IFORMAÇÃO;Fiscal Não Identificado;0913392017;-;;;Sem Vínculo;-; ;2017;0,00;Acima de 90 até 180 dias;Acima de 365 dias;Não;NÃO;INDEFINIDO;*
853053;https://discricionarias.transferegov.sistema.gov.br/voluntarias/ConsultarProposta/ResultadoDaConsultaDePropostaDetalharProposta.do?idProposta=1267407&Usr=guest&Pwd=guest;PB;PICUÍ;08619650000121;FUNDO MUNICIPAL DE SAUDE;CONTRATO DE REPASSE;SIM;AMPLIAÇÃO DE UNIDADE DE ATENÇÃO ESPECIALIZADA EM SAÚDE;Convênio Anulado;Administração Pública Municipal;29/12/2017;30/09/2026; 272.835,00 ; -   ; -   ; -   ; -   ; -   ; -   ;NÃO;PENDENTE;MONITORAR  DESEMBOLSO;0%;PENDENTE;Indefinida;NÃO HOUVE DESEMBOLSO;29/11/2026;;0;Baixa Execução;PENDENTE;0,00%;PENDENTE;NÃO INCLUÍDOS;FNS: 0,00%   |  Convenente: -;SEM INFORMAÇÃO;SEM IFORMAÇÃO;Fiscal Não Identificado;0936092017;-;;;Sem Vínculo;-; ;2017;0,00;Sem Desembolso;-;-;NÃO;INDEFINIDO;*
853057;https://discricionarias.transferegov.sistema.gov.br/voluntarias/ConsultarProposta/ResultadoDaConsultaDePropostaDetalharProposta.do?idProposta=1267432&Usr=guest&Pwd=guest;PB;CAJAZEIRAS;11902878000139;MUNICIPIO DE CAJAZEIRAS FUNDO MUNICIPAL DE SAUDE - FMS;CONTRATO DE REPASSE;NÃO;CONSTRUÇÃO DE UNIDADE DE ATENÇÃO ESPECIALIZADA EM SAÚDE;Prestação de Contas Concluída;Administração Pública Municipal;29/12/2017;25/01/2022; 817.845,45 ; 599.955,00 ; 599.955,00 ; 217.890,45 ; 289.832,32 ; -   ; 122.525,11 ;SIM;PENDENTE;MONITORAR  DESEMBOLSO;0%;PENDENTE;Indefinida;NÃO HOUVE DESEMBOLSO;26/03/2022;;0;Baixa Execução;PENDENTE;0,00%;PENDENTE;NÃO INCLUÍDOS;FNS: 100,00%   |  Convenente: 72,48%;SEM INFORMAÇÃO;SEM IFORMAÇÃO;Fiscal Não Identificado;0972762017;0,6522;;;Sem Vínculo;-; ;2017;217.890,45;Negativo;-;-;NÃO;INDEFINIDO;*
853129;https://discricionarias.transferegov.sistema.gov.br/voluntarias/ConsultarProposta/ResultadoDaConsultaDePropostaDetalharProposta.do?idProposta=1271491&Usr=guest&Pwd=guest;PB;PASSAGEM;12383333000126;FUNDO MUNICIPAL DE SAUDE DE PASSAGEM PB;CONTRATO DE REPASSE;NÃO;CONSTRUÇÃO DE UNIDADE DE ATENÇÃO ESPECIALIZADA EM SAÚDE;Convênio Anulado;Administração Pública Municipal;29/12/2017;27/09/2022; 399.910,00 ; -   ; -   ; -   ; 832.350,44 ; 254.959,59 ; -   ;NÃO;PENDENTE;MONITORAR  DESEMBOLSO;0%;PENDENTE;Indefinida;NÃO HOUVE DESEMBOLSO;28/01/2023;10/04/2024;438;Baixa Execução;PENDENTE;0,00%;PENDENTE;NÃO INCLUÍDOS;FNS: 100,00%   |  Convenente: 86,56%;SEM INFORMAÇÃO;SEM IFORMAÇÃO;Fiscal Não Identificado;0975062017;-;;;Sem Vínculo;-; ;2017;0,00;Negativo;-;-;NÃO;INDEFINIDO;*
857847;https://discricionarias.transferegov.sistema.gov.br/voluntarias/ConsultarProposta/ResultadoDaConsultaDePropostaDetalharProposta.do?idProposta=1276562&Usr=guest&Pwd=guest;PB;SANTA RITA;09433715000102;FUNDACAO GOVERNADOR FLAVIO RIBEIRO COUTINHO;CONTRATO DE REPASSE;NÃO;REFORMA DE UNIDADE DE ATENÇÃO ESPECIALIZADA EM SAÚDE;Prestação de Contas Concluída;Administração Pública Municipal;30/12/2017;27/07/2024; 399.300,00 ; 399.300,00 ; 399.300,00 ; -   ; -   ; -   ; -   ;NÃO;PENDENTE;MONITORAR  DESEMBOLSO;0%;PENDENTE;Indefinida;NÃO HOUVE DESEMBOLSO;09/10/2024;;0;Baixa Execução;PENDENTE;0,00%;PENDENTE;NÃO INCLUÍDOS;FNS: 0,00%   |  Convenente: -;SEM INFORMAÇÃO;SEM IFORMAÇÃO;Fiscal Não Identificado;0972622017;-;;;Sem Vínculo;-; ;2017;556,00;Negativo;-;-;NÃO;INDEFINIDO;*
858314;https://discricionarias.transferegov.sistema.gov.br/voluntarias/ConsultarProposta/ResultadoDaConsultaDePropostaDetalharProposta.do?idProposta=1277092&Usr=guest&Pwd=guest;PB;ARARUNA;11667845000151;FUNDO MUNICIPAL DE SAUDE DE ARARUNA PARAIBA;CONTRATO DE REPASSE;SIM;CONSTRUÇÃO DE UNIDADE DE ATENÇÃO ESPECIALIZADA EM SAÚDE;Em execução;Administração Pública Municipal;29/12/2017;15/06/2020; 961.617,23 ; 849.915,00 ; 849.915,00 ; 111.702,23 ; 487.560,54 ; -   ; 14.737,55 ;NÃO;PENDENTE;MONITORAR  DESEMBOLSO;0%;PENDENTE;Indefinida;NÃO HOUVE DESEMBOLSO;14/08/2020;04/06/2024;1390;Baixa Execução;PENDENTE;0,00%;PENDENTE;NÃO INCLUÍDOS;FNS: 100,00%   |  Convenente: 97,61%;SEM INFORMAÇÃO;SEM IFORMAÇÃO;Fiscal Não Identificado;0986922017;-;;;Sem Vínculo;-; ;2017;111.702,23;Negativo;-;-;NÃO;INDEFINIDO;*
858546;https://discricionarias.transferegov.sistema.gov.br/voluntarias/ConsultarProposta/ResultadoDaConsultaDePropostaDetalharProposta.do?idProposta=1276547&Usr=guest&Pwd=guest;PB;CAMPINA GRANDE;24513574000121;FUNDO MUNICIPAL DE SAUDE DE CAMPINA GRANDE;CONTRATO DE REPASSE;SIM;REFORMA DE UNIDADE DE ATENÇÃO ESPECIALIZADA EM SAÚDE;Em execução;Organização da Sociedade Civil;29/12/2017;10/12/2026; 413.124,92 ; 270.000,00 ; -   ; 143.124,92 ; 322.444,84 ; -   ; 11.422,84 ;NÃO;PENDENTE;MONITORAR  DESEMBOLSO;0%;PENDENTE;Indefinida;NÃO HOUVE DESEMBOLSO;08/02/2027;;0;Baixa Execução;PENDENTE;0,00%;PENDENTE;NÃO INCLUÍDOS;FNS: 86,82%   |  Convenente: 96,79%;SEM INFORMAÇÃO;SEM IFORMAÇÃO;Fiscal Não Identificado;0986972017;-;;;Sem Vínculo;-; ;2017;0,00;Sem Desembolso;-;-;NÃO;INDEFINIDO;*
858568;https://discricionarias.transferegov.sistema.gov.br/voluntarias/ConsultarProposta/ResultadoDaConsultaDePropostaDetalharProposta.do?idProposta=1279036&Usr=guest&Pwd=guest;PB;SÃO JOÃO DO RIO DO PEIXE;17648806000193;FUNDO MUNICIPAL DE SAUDE DE SAO JOAO DO RIO DO PEIXE;CONTRATO DE REPASSE;NÃO;REFORMA DE UNIDADE DE ATENÇÃO ESPECIALIZADA EM SAÚDE;Prestação de Contas Concluída;Organização da Sociedade Civil;30/12/2017;31/03/2021; 499.500,00 ; 499.500,00 ; 499.500,00 ; -   ; 384.400,00 ; -   ; 138.668,53 ;NÃO;PENDENTE;MONITORAR  DESEMBOLSO;0%;PENDENTE;Indefinida;NÃO HOUVE DESEMBOLSO;18/08/2023;;0;Baixa Execução;PENDENTE;0,00%;PENDENTE;NÃO INCLUÍDOS;FNS: 100,00%   |  Convenente: 76,88%;SEM INFORMAÇÃO;SEM IFORMAÇÃO;Fiscal Não Identificado;1009052017;-;;;Sem Vínculo;-; ;2017;0,00;Negativo;-;-;NÃO;INDEFINIDO;*
858569;https://discricionarias.transferegov.sistema.gov.br/voluntarias/ConsultarProposta/ResultadoDaConsultaDePropostaDetalharProposta.do?idProposta=1279045&Usr=guest&Pwd=guest;PB;IMACULADA;11838404000175;FUNDO MUNICIPAL DE SAUDE DO MUNICIPIO DE IMACULADA;CONTRATO DE REPASSE;NÃO;REFORMA DE UNIDADE DE ATENÇÃO ESPECIALIZADA EM SAÚDE;Prestação de Contas Concluída;Administração Pública Estadual ou do Distrito Federal;30/12/2017;30/12/2026; 379.218,71 ; 69.948,00 ; 303.644,27 ; 29.478,71 ; -   ; -   ; -   ;NÃO;PENDENTE;MONITORAR  DESEMBOLSO;0%;PENDENTE;Indefinida;NÃO HOUVE DESEMBOLSO;28/02/2027;;0;Baixa Execução;PENDENTE;0,00%;PENDENTE;NÃO INCLUÍDOS;FNS: 0,00%   |  Convenente: -;SEM INFORMAÇÃO;SEM IFORMAÇÃO;Fiscal Não Identificado;1016122017;-;;;Sem Vínculo;-; ;2017;29.478,71;Até 90 dias;Até 90 dias;Não;NÃO;INDEFINIDO;*
859653;https://discricionarias.transferegov.sistema.gov.br/voluntarias/ConsultarProposta/ResultadoDaConsultaDePropostaDetalharProposta.do?idProposta=1282934&Usr=guest&Pwd=guest;PB;GURINHÉM;11739873000137;FMS DE GURINHEM;CONTRATO DE REPASSE;SIM;REFORMA DE UNIDADE DE ATENÇÃO ESPECIALIZADA EM SAÚDE;Prestação de Contas Concluída;Organização da Sociedade Civil;30/12/2017;28/06/2024; 500.000,00 ; 500.000,00 ; 500.000,00 ; -   ; -   ; -   ; -   ;NÃO;PENDENTE;MONITORAR  DESEMBOLSO;0%;PENDENTE;Indefinida;NÃO HOUVE DESEMBOLSO;31/12/2024;;0;Baixa Execução;PENDENTE;0,00%;PENDENTE;NÃO INCLUÍDOS;FNS: 0,00%   |  Convenente: -;SEM INFORMAÇÃO;SEM IFORMAÇÃO;Fiscal Não Identificado;25000495026201710;-;;;Sem Vínculo;-; ;2017;0,00;Negativo;-;-;NÃO;INDEFINIDO;*
859669;https://discricionarias.transferegov.sistema.gov.br/voluntarias/ConsultarProposta/ResultadoDaConsultaDePropostaDetalharProposta.do?idProposta=1284193&Usr=guest&Pwd=guest;PB;BARAÚNA;01691513000159;FUNDO MUNICIPAL DE SAUDE - BARAUNA;CONTRATO DE REPASSE;SIM;CONSTRUÇÃO DE UNIDADE DE ATENÇÃO ESPECIALIZADA EM SAÚDE;Convênio Rescindido;Administração Pública Municipal;30/12/2017;31/12/2021; 358.308,00 ; -   ; -   ; -   ; 5.200.000,00 ; -   ; 152.499,54 ;SIM;PENDENTE;MONITORAR  DESEMBOLSO;0%;PENDENTE;Indefinida;NÃO HOUVE DESEMBOLSO;01/03/2022;;0;Baixa Execução;PENDENTE;0,00%;PENDENTE;NÃO INCLUÍDOS;FNS: 94,21%   |  Convenente: 99,97%;SEM INFORMAÇÃO;SEM IFORMAÇÃO;Fiscal Não Identificado;25000496938201709;0,732744;;;Sem Vínculo;-; ;2017;0,00;Negativo;-;-;NÃO;INDEFINIDO;*
862017;https://discricionarias.transferegov.sistema.gov.br/voluntarias/ConsultarProposta/ResultadoDaConsultaDePropostaDetalharProposta.do?idProposta=1287766&Usr=guest&Pwd=guest;PB;SANTA RITA;09433715000102;FUNDACAO GOVERNADOR FLAVIO RIBEIRO COUTINHO;CONVENIO;SIM;AQUISIÇÃO DE EQUIPAMENTO E MATERIAL PERMANENTE PARA UNIDADE DE ATENÇÃO ESPECIALIZADA EM SAÚDE;Em execução;Administração Pública Municipal;30/12/2017;30/05/2025; 200.030,00 ; 200.000,00 ; -   ; 30,00 ; 18.180.758,86 ; 3.203.130,84 ; -   ;NÃO;PENDENTE;MONITORAR  DESEMBOLSO;0%;PENDENTE;4ª Prioridade;NÃO HOUVE DESEMBOLSO;19/06/2025;;0;Baixa Execução;PENDENTE;0,00%;PENDENTE;NÃO INCLUÍDOS;FNS: 100,00%   |  Convenente: 86,53%;SEM INFORMAÇÃO;SEM IFORMAÇÃO;FRANCIBERTO;25000495452201745;-;;;15/08/2027;-; ;2017;0,00;Negativo;-;-;NÃO;4ª Prioridade;*
862771;https://discricionarias.transferegov.sistema.gov.br/voluntarias/ConsultarProposta/ResultadoDaConsultaDePropostaDetalharProposta.do?idProposta=1289725&Usr=guest&Pwd=guest;PB;JOÃO PESSOA;09112236000194;FUNDACAO NAPOLEAO LAUREANO;CONVENIO;SIM;AQUISIÇÃO DE EQUIPAMENTO E MATERIAL PERMANENTE PARA UNIDADE DE ATENÇÃO ESPECIALIZADA EM SAÚDE;Prestação de Contas Concluída;Organização da Sociedade Civil;25/10/2018;31/03/2021; 5.519.900,00 ; -   ; 5.181.800,00 ; 19.900,00 ; 280.648,53 ; -   ; 20.592,29 ;NÃO;PENDENTE;MONITORAR  DESEMBOLSO;0%;PENDENTE;Indefinida;NÃO HOUVE DESEMBOLSO;26/08/2025;;0;Baixa Execução;PENDENTE;0,00%;PENDENTE;NÃO INCLUÍDOS;FNS: 85,63%   |  Convenente: 93,73%;SEM INFORMAÇÃO;SEM IFORMAÇÃO;JOSIELY;0993752017;-;;;31/12/2025;-; ;2017;19.900,00;Negativo;-;-;NÃO;INDEFINIDO;*
863148;https://discricionarias.transferegov.sistema.gov.br/voluntarias/ConsultarProposta/ResultadoDaConsultaDePropostaDetalharProposta.do?idProposta=1288226&Usr=guest&Pwd=guest;PB;CAMPINA GRANDE;12671814000137;UNIVERSIDADE ESTADUAL DA PARAIBA;CONVENIO;SIM;FOMENTO À PESQUISA, DESENVOLVIMENTO E INOVAÇÃO NO NUTES;Em execução;Organização da Sociedade Civil;25/10/2018;31/03/2021; 21.011.187,00 ; 5.327.796,75 ; 21.011.187,00 ; -   ; -   ; -   ; 120.854,58 ;NÃO;PENDENTE;MONITORAR  DESEMBOLSO;0%;PENDENTE;Indefinida;NÃO HOUVE DESEMBOLSO;03/03/2023;;0;Baixa Execução;PENDENTE;0,00%;PENDENTE;NÃO INCLUÍDOS;FNS: 11,86%   |  Convenente: 0,00%;SEM INFORMAÇÃO;SEM IFORMAÇÃO;JOSIELY;1019502017;-;;;20/04/2023;-; ;2017;0,00;Negativo;-;-;NÃO;INDEFINIDO;*
863539;https://discricionarias.transferegov.sistema.gov.br/voluntarias/ConsultarProposta/ResultadoDaConsultaDePropostaDetalharProposta.do?idProposta=1280072&Usr=guest&Pwd=guest;PB;JOÃO PESSOA;09112236000194;FUNDACAO NAPOLEAO LAUREANO;CONTRATO DE REPASSE;SIM;REFORMA DE UNIDADE DE ATENÇÃO ESPECIALIZADA EM SAÚDE;Prestação de Contas Concluída;Organização da Sociedade Civil;25/10/2018;31/12/2021; 349.683,00 ; 44.549,61 ; 299.433,55 ; -   ; 409.046,96 ; -   ; 112.949,18 ;NÃO;ANALISADOS;RELATÓRIOS ANALISADOS;100%;EMITIDO.;Indefinida;PARECER DA PLATAFORMA EMITIDO;23/02/2026;17/03/2023;0;CONVÊNIO CONCLUÍDO;NT EMITIDA;100,00%;PT EMITIDO;INCLUÍDOS;FNS: 100,00%   |  Convenente: 79,62%;RECOLHIDO;CANCELADO;Fiscal Não Identificado;1033382017;-;0,8999999;A;Sem Vínculo;-; ;2017;0,00;Negativo;-;-;NÃO;INDEFINIDO;*
863749;https://discricionarias.transferegov.sistema.gov.br/voluntarias/ConsultarProposta/ResultadoDaConsultaDePropostaDetalharProposta.do?idProposta=1284974&Usr=guest&Pwd=guest;PB;PATOS;11242822000103;FUNDO MUNICIPAL DE SAUDE;CONTRATO DE REPASSE;SIM;CONSTRUÇÃO DE CENTRO DE CONTROLE DE ZOONOSES;Prestação de Contas Concluída;Organização da Sociedade Civil;15/08/2018;27/12/2026; 1.356.647,64 ; 118.623,96 ; 118.623,96 ; 356.647,64 ; 240.243,64 ; -   ; 3.231,21 ;SIM;PENDENTE;MONITORAR  DESEMBOLSO;0%;PENDENTE;Indefinida;NÃO HOUVE DESEMBOLSO;25/02/2027;;0;Baixa Execução;PENDENTE;0,00%;PENDENTE;NÃO INCLUÍDOS;FNS: 96,10%   |  Convenente: 100,00%;SEM INFORMAÇÃO;SEM IFORMAÇÃO;Fiscal Não Identificado;25000076450201831;0,739218;;;Sem Vínculo;-; ;2017;0,00;Acima de 365 dias;Acima de 365 dias;Sim;NÃO;INDEFINIDO;*
863773;https://discricionarias.transferegov.sistema.gov.br/voluntarias/ConsultarProposta/ResultadoDaConsultaDePropostaDetalharProposta.do?idProposta=1287647&Usr=guest&Pwd=guest;PB;ALAGOA NOVA;11838096000188;FUNDO MUNICIPAL DE SAUDE DE ALAGOA NOVA;CONTRATO DE REPASSE;SIM;REFORMA DE UNIDADE DE ATENÇÃO ESPECIALIZADA EM SAÚDE;Prestação de Contas Concluída;Organização da Sociedade Civil;23/08/2018;31/03/2021; 513.721,36 ; 500.000,00 ; 500.000,00 ; 13.721,36 ; 87.840,00 ; -   ; 1.151,56 ;SIM;PENDENTE;MONITORAR  DESEMBOLSO;0%;PENDENTE;Indefinida;NÃO HOUVE DESEMBOLSO;30/05/2021;;0;Baixa Execução;PENDENTE;0,00%;PENDENTE;NÃO INCLUÍDOS;FNS: 86,96%   |  Convenente: 99,86%;SEM INFORMAÇÃO;SEM IFORMAÇÃO;Fiscal Não Identificado;25000076445201829;0,741902;;;Sem Vínculo;-; ;2017;13.721,36;Negativo;-;-;NÃO;INDEFINIDO;*
868406;https://discricionarias.transferegov.sistema.gov.br/voluntarias/ConsultarProposta/ResultadoDaConsultaDePropostaDetalharProposta.do?idProposta=1348601&Usr=guest&Pwd=guest;PB;CAMPINA GRANDE;08841421000157;FUNDACAO ASSISTENCIAL DA PARAIBA- FAP;CONVENIO;SIM;AQUISIÇÃO DE EQUIPAMENTO E MATERIAL PERMANENTE PARA UNIDADE DE ATENÇÃO ESPECIALIZADA EM SAÚDE;Prestação de Contas em Análise;Organização da Sociedade Civil;27/09/2018;02/02/2027; 250.000,00 ; 240.243,64 ; 240.243,64 ; -   ; 230.954,66 ; -   ; -   ;SIM;PENDENTE;COBRAR RELATÓRIOS;81,4814814814815%;PENDENTE;Indefinida;COBRAR PRESTAÇÃO DE CONTAS;03/04/2027;;0;Execução Total;PENDENTE;0,00%;PENDENTE;NÃO INCLUÍDOS;FNS: 92,33%   |  Convenente: 96,63%;RECOLHIDO;SEM IFORMAÇÃO;JOSIELY;25000076447201818;0,745054;;;31/12/2025;-241; ;2018;0,00;Sem Desembolso;-;-;NÃO;INDEFINIDO;46239
868408;https://discricionarias.transferegov.sistema.gov.br/voluntarias/ConsultarProposta/ResultadoDaConsultaDePropostaDetalharProposta.do?idProposta=1348605&Usr=guest&Pwd=guest;PB;CAMPINA GRANDE;08841421000157;FUNDACAO ASSISTENCIAL DA PARAIBA- FAP;CONVENIO;SIM;AQUISIÇÃO DE EQUIPAMENTO E MATERIAL PERMANENTE PARA UNIDADE DE ATENÇÃO ESPECIALIZADA EM SAÚDE;Prestação de Contas Concluída;Organização da Sociedade Civil;27/09/2018;04/08/2027; 101.000,00 ; 86.962,00 ; 86.962,00 ; 1.000,00 ; 22.389,00 ; 78.450,67 ; -   ;NÃO;ANALISADOS;RELATÓRIOS ANALISADOS;100%;EMITIDO.;Indefinida;PRESTAÇÃO DE CONTAS ANALISADA;03/10/2027;;0;Execução Total;NT EMITIDA;100,00%;PT EMITIDO;INCLUÍDOS;FNS: 82,55%   |  Convenente: 27,12%;RECOLHIDO;CANCELADO;FRANCIBERTO;25000076453201875;-;;;06/06/2022;-; ;2018;1.000,00;Acima de 365 dias;Acima de 365 dias;Sim;NÃO;INDEFINIDO;*
868410;https://discricionarias.transferegov.sistema.gov.br/voluntarias/ConsultarProposta/ResultadoDaConsultaDePropostaDetalharProposta.do?idProposta=1348599&Usr=guest&Pwd=guest;PB;CAMPINA GRANDE;08841421000157;FUNDACAO ASSISTENCIAL DA PARAIBA- FAP;CONVENIO;SIM;AQUISIÇÃO DE EQUIPAMENTO E MATERIAL PERMANENTE PARA UNIDADE DE ATENÇÃO ESPECIALIZADA EM SAÚDE;Prestação de Contas em Análise;Organização da Sociedade Civil;25/10/2018;31/03/2021; 250.150,00 ; -   ; 230.816,24 ; 150,00 ; 71.403,00 ; -   ; 1.708,21 ;SIM;ANALISADOS;RELATÓRIOS ANALISADOS;100%;EMITIDO.;Indefinida;PRESTAÇÃO DE CONTAS ANALISADA;30/05/2021;;0;Execução Total;NT EMITIDA;100,00%;PT EMITIDO;INCLUÍDOS;FNS: 72,55%   |  Convenente: 98,41%;RECOLHIDO;CANCELADO;BARTOLOMEU;25000076455201864;0,737081063;;;31/12/2025;1893; ;2018;8.200,77;Negativo;-;-;SIM;INDEFINIDO;46239
868411;https://discricionarias.transferegov.sistema.gov.br/voluntarias/ConsultarProposta/ResultadoDaConsultaDePropostaDetalharProposta.do?idProposta=1348610&Usr=guest&Pwd=guest;PB;SANTA RITA;09433715000102;FUNDACAO GOVERNADOR FLAVIO RIBEIRO COUTINHO;CONVENIO;SIM;AQUISIÇÃO DE EQUIPAMENTO E MATERIAL PERMANENTE PARA UNIDADE DE ATENÇÃO ESPECIALIZADA EM SAÚDE;Em execução;Organização da Sociedade Civil;25/10/2018;31/12/2021; 100.000,00 ; 100.000,00 ; 82.548,00 ; -   ; -   ; -   ; -   ;NÃO;PENDENTE;COBRAR RELATÓRIOS;81,4814814814815%;PENDENTE;4ª Prioridade;COBRAR PRESTAÇÃO DE CONTAS;17/10/2023;;0;Execução Total;PENDENTE;0,00%;PENDENTE;NÃO INCLUÍDOS;FNS: 0,00%   |  Convenente: -;RECOLHIDO;SEM IFORMAÇÃO;JULIO;25000076457201853;-;;;25/07/2024;-; ;2018;0,00;Negativo;-;-;NÃO;4ª Prioridade;*
868412;https://discricionarias.transferegov.sistema.gov.br/voluntarias/ConsultarProposta/ResultadoDaConsultaDePropostaDetalharProposta.do?idProposta=1348607&Usr=guest&Pwd=guest;PB;JOÃO PESSOA;09112236000194;FUNDACAO NAPOLEAO LAUREANO;CONVENIO;SIM;AQUISIÇÃO DE EQUIPAMENTO E MATERIAL PERMANENTE PARA UNIDADE DE ATENÇÃO ESPECIALIZADA EM SAÚDE;Prestação de Contas Concluída;Organização da Sociedade Civil;25/10/2018;31/12/2021; 100.000,00 ; 72.553,00 ; 72.553,00 ; -   ; 410.550,00 ; 85,78 ; -   ;NÃO;PENDENTE;MONITORAR  DESEMBOLSO;0%;PENDENTE;Indefinida;NÃO HOUVE DESEMBOLSO;04/05/2023;;0;Baixa Execução;PENDENTE;0,00%;PENDENTE;NÃO INCLUÍDOS;FNS: 84,89%   |  Convenente: 96,75%;SEM INFORMAÇÃO;SEM IFORMAÇÃO;FRANCIBERTO;25000082561201887;-;;;31/12/2021;-; ;2018;0,00;Negativo;-;-;NÃO;INDEFINIDO;*
868413;https://discricionarias.transferegov.sistema.gov.br/voluntarias/ConsultarProposta/ResultadoDaConsultaDePropostaDetalharProposta.do?idProposta=1348608&Usr=guest&Pwd=guest;PB;JOÃO PESSOA;09124165000140;INSTITUTO WALFREDO GUEDES PEREIRA;CONVENIO;SIM;AQUISIÇÃO DE EQUIPAMENTO E MATERIAL PERMANENTE PARA UNIDADE DE ATENÇÃO ESPECIALIZADA EM SAÚDE;Em execução;Organização da Sociedade Civil;15/08/2018;16/06/2024; 112.990,00 ; 100.000,00 ; -   ; 12.990,00 ; 284.700,00 ; -   ; 1.172,16 ;SIM;PENDENTE;MONITORAR  DESEMBOLSO;0%;PENDENTE;Indefinida;NÃO HOUVE DESEMBOLSO;15/08/2024;;0;Baixa Execução;PENDENTE;0,00%;PENDENTE;NÃO INCLUÍDOS;FNS: 94,16%   |  Convenente: 99,95%;SEM INFORMAÇÃO;SEM IFORMAÇÃO;JULIO;25000079829201801;0,742831;;;11/03/2029;-; ;2018;0,00;Negativo;-;-;NÃO;INDEFINIDO;*
868792;https://discricionarias.transferegov.sistema.gov.br/voluntarias/ConsultarProposta/ResultadoDaConsultaDePropostaDetalharProposta.do?idProposta=1350539&Usr=guest&Pwd=guest;PB;JOÃO PESSOA;09124165000140;INSTITUTO WALFREDO GUEDES PEREIRA;CONVENIO;SIM;AQUISIÇÃO DE EQUIPAMENTO E MATERIAL PERMANENTE PARA UNIDADE DE ATENÇÃO ESPECIALIZADA EM SAÚDE;Em execução;Organização da Sociedade Civil;15/08/2018;15/06/2024; 503.222,00 ; 325.519,00 ; 424.350,00 ; 3.353,00 ; 175.875,46 ; -   ; 13,35 ;SIM;PENDENTE;MONITORAR  DESEMBOLSO;0%;PENDENTE;Indefinida;NÃO HOUVE DESEMBOLSO;09/04/2025;;0;Baixa Execução;PENDENTE;0,00%;PENDENTE;NÃO INCLUÍDOS;FNS: 87,87%   |  Convenente: 98,96%;SEM INFORMAÇÃO;SEM IFORMAÇÃO;JULIO;25000079834201814;0,744287;;;19/12/2024;-; ;2018;0,00;Negativo;-;-;NÃO;INDEFINIDO;*
869670;https://discricionarias.transferegov.sistema.gov.br/voluntarias/ConsultarProposta/ResultadoDaConsultaDePropostaDetalharProposta.do?idProposta=1350344&Usr=guest&Pwd=guest;PB;CAMPINA GRANDE;08841421000157;FUNDACAO ASSISTENCIAL DA PARAIBA- FAP;CONVENIO;SIM;AQUISIÇÃO DE EQUIPAMENTO E MATERIAL PERMANENTE PARA UNIDADE DE ATENÇÃO ESPECIALIZADA EM SAÚDE;Prestação de Contas Concluída;Organização da Sociedade Civil;15/08/2018;29/12/2026; 302.369,00 ; 282.470,00 ; 282.470,00 ; 2.369,00 ; 65.830,00 ; -   ; 8,64 ;SIM;PENDENTE;MONITORAR  DESEMBOLSO;0%;PENDENTE;Indefinida;NÃO HOUVE DESEMBOLSO;27/02/2027;;0;Baixa Execução;PENDENTE;0,00%;PENDENTE;NÃO INCLUÍDOS;FNS: 65,67%   |  Convenente: 94,22%;SEM INFORMAÇÃO;SEM IFORMAÇÃO;JULIO;25000079826201860;0,744033;;;06/06/2022;-; ;2018;2.369,00;Acima de 365 dias;Acima de 365 dias;Sim;NÃO;INDEFINIDO;*
869675;https://discricionarias.transferegov.sistema.gov.br/voluntarias/ConsultarProposta/ResultadoDaConsultaDePropostaDetalharProposta.do?idProposta=1350346&Usr=guest&Pwd=guest;PB;CAMPINA GRANDE;08841421000157;FUNDACAO ASSISTENCIAL DA PARAIBA- FAP;CONVENIO;SIM;AQUISIÇÃO DE EQUIPAMENTO E MATERIAL PERMANENTE PARA UNIDADE DE ATENÇÃO ESPECIALIZADA EM SAÚDE;Prestação de Contas Concluída;Organização da Sociedade Civil;23/08/2018;31/03/2021; 200.150,00 ; -   ; 175.744,00 ; 149,00 ; 35.817,00 ; -   ; 50.165,75 ;NÃO;PENDENTE;MONITORAR  DESEMBOLSO;0%;PENDENTE;Indefinida;NÃO HOUVE DESEMBOLSO;31/10/2023;;0;Baixa Execução;PENDENTE;0,00%;PENDENTE;NÃO INCLUÍDOS;FNS: 65,11%   |  Convenente: 27,85%;SEM INFORMAÇÃO;SEM IFORMAÇÃO;JULIO;25000079882201802;-;;;20/12/2022;-; ;2018;1.986,97;Negativo;-;-;NÃO;INDEFINIDO;*
869680;https://discricionarias.transferegov.sistema.gov.br/voluntarias/ConsultarProposta/ResultadoDaConsultaDePropostaDetalharProposta.do?idProposta=1350342&Usr=guest&Pwd=guest;PB;CAMPINA GRANDE;08841421000157;FUNDACAO ASSISTENCIAL DA PARAIBA- FAP;CONVENIO;SIM;AQUISIÇÃO DE EQUIPAMENTO E MATERIAL PERMANENTE PARA UNIDADE DE ATENÇÃO ESPECIALIZADA EM SAÚDE;Prestação de Contas Concluída;Organização da Sociedade Civil;23/08/2018;31/03/2021; 100.250,00 ; -   ; 65.666,00 ; 250,00 ; -   ; -   ; 0,20 ;NÃO;PENDENTE;MONITORAR  DESEMBOLSO;0%;PENDENTE;Indefinida;NÃO HOUVE DESEMBOLSO;13/07/2023;;0;Baixa Execução;PENDENTE;0,00%;PENDENTE;NÃO INCLUÍDOS;FNS: 6,50%   |  Convenente: 0,00%;SEM INFORMAÇÃO;SEM IFORMAÇÃO;JOSIELY;25000079870201870;-;;;30/01/2025;-; ;2018;4.203,48;Negativo;-;-;NÃO;INDEFINIDO;*
869684;https://discricionarias.transferegov.sistema.gov.br/voluntarias/ConsultarProposta/ResultadoDaConsultaDePropostaDetalharProposta.do?idProposta=1350362&Usr=guest&Pwd=guest;PB;SANTA RITA;09433715000102;FUNDACAO GOVERNADOR FLAVIO RIBEIRO COUTINHO;CONVENIO;SIM;AQUISIÇÃO DE EQUIPAMENTO E MATERIAL PERMANENTE PARA UNIDADE DE ATENÇÃO ESPECIALIZADA EM SAÚDE;Prestação de Contas em Análise;Organização da Sociedade Civil;23/08/2018;31/03/2021; 120.020,00 ; 120.000,00 ; 78.126,00 ; 20,00 ; 13.562,00 ; 126.071,94 ; -   ;NÃO;PENDENTE;MONITORAR  DESEMBOLSO;0%;PENDENTE;Indefinida;NÃO HOUVE DESEMBOLSO;13/10/2023;;0;Baixa Execução;PENDENTE;0,00%;PENDENTE;NÃO INCLUÍDOS;FNS: 69,98%   |  Convenente: 6,36%;SEM INFORMAÇÃO;SEM IFORMAÇÃO;FRANCIBERTO;25000079877201891;-;;;13/01/2023;1027; ;2018;50.494,14;Negativo;-;-;NÃO;INDEFINIDO;46239
869691;https://discricionarias.transferegov.sistema.gov.br/voluntarias/ConsultarProposta/ResultadoDaConsultaDePropostaDetalharProposta.do?idProposta=1350358&Usr=guest&Pwd=guest;PB;SANTA RITA;09433715000102;FUNDACAO GOVERNADOR FLAVIO RIBEIRO COUTINHO;CONVENIO;SIM;AQUISIÇÃO DE EQUIPAMENTO E MATERIAL PERMANENTE PARA UNIDADE DE ATENÇÃO ESPECIALIZADA EM SAÚDE;Prestação de Contas em Análise;Organização da Sociedade Civil;27/09/2018;31/03/2021; 100.000,00 ; 100.000,00 ; 6.499,92 ; -   ; 440.652,00 ; -   ; 11.816,26 ;SIM;ANALISADOS;RELATÓRIOS ANALISADOS;100%;EMITIDO.;Indefinida;PRESTAÇÃO DE CONTAS ANALISADA;30/03/2024;;0;Execução Total;NT EMITIDA;100,00%;PT EMITIDO;INCLUÍDOS;FNS: 89,41%   |  Convenente: 98,57%;RECOLHIDO;CANCELADO;FRANCIBERTO;25000079844201841;0,734742;;;31/12/2025;858; ;2018;0,00;Negativo;-;-;NÃO;INDEFINIDO;46239
869695;https://discricionarias.transferegov.sistema.gov.br/voluntarias/ConsultarProposta/ResultadoDaConsultaDePropostaDetalharProposta.do?idProposta=1350360&Usr=guest&Pwd=guest;PB;SANTA RITA;09433715000102;FUNDACAO GOVERNADOR FLAVIO RIBEIRO COUTINHO;CONVENIO;SIM;AQUISIÇÃO DE EQUIPAMENTO E MATERIAL PERMANENTE PARA UNIDADE DE ATENÇÃO ESPECIALIZADA EM SAÚDE;Em execução;Organização da Sociedade Civil;04/10/2018;28/03/2024; 150.000,00 ; 150.000,00 ; 104.975,00 ; -   ; 449.418,00 ; -   ; 3.412,17 ;SIM;PENDENTE;MONITORAR  DESEMBOLSO;0%;PENDENTE;Indefinida;NÃO HOUVE DESEMBOLSO;27/05/2024;;0;Baixa Execução;PENDENTE;0,00%;PENDENTE;NÃO INCLUÍDOS;FNS: 90,05%   |  Convenente: 99,81%;SEM INFORMAÇÃO;SEM IFORMAÇÃO;JULIO;25000079840201863;0,736761;;;19/12/2024;-; ;2018;108.387,67;Negativo;-;-;NÃO;INDEFINIDO;*
869733;https://discricionarias.transferegov.sistema.gov.br/voluntarias/ConsultarProposta/ResultadoDaConsultaDePropostaDetalharProposta.do?idProposta=1350351&Usr=guest&Pwd=guest;PB;JOÃO PESSOA;09112236000194;FUNDACAO NAPOLEAO LAUREANO;CONVENIO;SIM;AQUISIÇÃO DE EQUIPAMENTO E MATERIAL PERMANENTE PARA UNIDADE DE ATENÇÃO ESPECIALIZADA EM SAÚDE;Prestação de Contas Concluída;Organização da Sociedade Civil;04/10/2018;30/06/2026; 500.400,00 ; 447.054,00 ; 447.054,00 ; 400,00 ; 41.680,00 ; -   ; 8.415,43 ;SIM;PENDENTE;AGUARDAR EXECUÇÃO;70,3703703703704%;PENDENTE;Indefinida;MONITORAR EXECUÇÃO;16/05/2026;;0;Execução Total;PENDENTE;0,00%;PENDENTE;NÃO INCLUÍDOS;FNS: 49,26%   |  Convenente: 72,26%;SEM INFORMAÇÃO;SEM IFORMAÇÃO;JULIO;25000079860201834;0,737678;;;26/01/2021;-; ;2018;0,00;Negativo;-;-;NÃO;INDEFINIDO;*
869735;https://discricionarias.transferegov.sistema.gov.br/voluntarias/ConsultarProposta/ResultadoDaConsultaDePropostaDetalharProposta.do?idProposta=1350348&Usr=guest&Pwd=guest;PB;JOÃO PESSOA;09112236000194;FUNDACAO NAPOLEAO LAUREANO;CONVENIO;SIM;AQUISIÇÃO DE EQUIPAMENTO E MATERIAL PERMANENTE PARA UNIDADE DE ATENÇÃO ESPECIALIZADA EM SAÚDE;Prestação de Contas Concluída;Organização da Sociedade Civil;18/12/2018;30/09/2023; 500.369,00 ; -   ; 450.252,60 ; 369,00 ; 174.780,00 ; -   ; 586,21 ;SIM;PENDENTE;COBRAR RELATÓRIOS;81,4814814814815%;PENDENTE;Indefinida;COBRAR PRESTAÇÃO DE CONTAS;29/11/2023;;0;Execução Total;PENDENTE;0,00%;PENDENTE;NÃO INCLUÍDOS;FNS: 86,95%   |  Convenente: 99,93%;RECOLHIDO;SEM IFORMAÇÃO;JULIO;25000079866201810;0,748781;;;10/05/2021;-; ;2018;0,00;Negativo;-;-;NÃO;INDEFINIDO;*
869737;https://discricionarias.transferegov.sistema.gov.br/voluntarias/ConsultarProposta/ResultadoDaConsultaDePropostaDetalharProposta.do?idProposta=1350354&Usr=guest&Pwd=guest;PB;JOÃO PESSOA;09112236000194;FUNDACAO NAPOLEAO LAUREANO;CONVENIO;SIM;AQUISIÇÃO DE EQUIPAMENTO E MATERIAL PERMANENTE PARA UNIDADE DE ATENÇÃO ESPECIALIZADA EM SAÚDE;Prestação de Contas Concluída;Organização da Sociedade Civil;18/12/2018;30/09/2023; 100.110,00 ; 49.260,00 ; 49.260,00 ; 110,00 ; 732.715,06 ; -   ; 80.587,84 ;NÃO;ANALISADOS;RELATÓRIOS ANALISADOS;100%;EMITIDO.;Indefinida;PRESTAÇÃO DE CONTAS ANALISADA;29/11/2023;;0;Execução Total;NT EMITIDA;100,00%;PT EMITIDO;INCLUÍDOS;FNS: 100,00%   |  Convenente: 97,23%;RECOLHIDO;CANCELADO;JULIO;455832018;-;;;21/09/2022;-; ;2018;8.424,37;Negativo;-;-;NÃO;INDEFINIDO;*
870112;https://discricionarias.transferegov.sistema.gov.br/voluntarias/ConsultarProposta/ResultadoDaConsultaDePropostaDetalharProposta.do?idProposta=1350356&Usr=guest&Pwd=guest;PB;JOÃO PESSOA;09124165000140;INSTITUTO WALFREDO GUEDES PEREIRA;CONVENIO;SIM;AQUISIÇÃO DE EQUIPAMENTO E MATERIAL PERMANENTE PARA UNIDADE DE ATENÇÃO ESPECIALIZADA EM SAÚDE;Prestação de Contas Concluída;Organização da Sociedade Civil;25/10/2018;31/03/2027; 201.000,00 ; -   ; 173.906,00 ; 1.000,00 ; 420.617,84 ; -   ; 110.050,58 ;NÃO;PENDENTE;COBRAR RELATÓRIOS;100%;PENDENTE;Indefinida;ANALISAR: FINANC, ENV AREA TEC e ELAB P. EQ.;30/05/2027;;0;CONVÊNIO CONCLUÍDO;PENDENTE;0,00%;PENDENTE;NÃO INCLUÍDOS;FNS: 100,00%   |  Convenente: 98,06%;RECOLHIDO;SEM IFORMAÇÃO;FRANCIBERTO;455822018;-;;;04/07/2022;-; ;2018;1.000,00;Acima de 180 até 365 dias;Acima de 365 dias;Sim;NÃO;INDEFINIDO;*
871390;https://discricionarias.transferegov.sistema.gov.br/voluntarias/ConsultarProposta/ResultadoDaConsultaDePropostaDetalharProposta.do?idProposta=1351530&Usr=guest&Pwd=guest;PB;JOÃO PESSOA;09124165000140;INSTITUTO WALFREDO GUEDES PEREIRA;CONTRATO DE REPASSE;SIM;REFORMA DE UNIDADE DE ATENÇÃO ESPECIALIZADA EM SAÚDE;Prestação de Contas Concluída;Organização da Sociedade Civil;05/12/2018;30/09/2026; 753.598,07 ; 649.993,00 ; 649.993,00 ; 103.605,07 ; -   ; -   ; -   ;NÃO;PENDENTE;MONITORAR  DESEMBOLSO;0%;PENDENTE;Indefinida;NÃO HOUVE DESEMBOLSO;21/03/2026;;0;Baixa Execução;PENDENTE;0,00%;PENDENTE;NÃO INCLUÍDOS;FNS: 0,00%   |  Convenente: -;SEM INFORMAÇÃO;SEM IFORMAÇÃO;Fiscal Não Identificado;479752018;-;;;Sem Vínculo;-; ;2018;103.605,07;Negativo;-;-;NÃO;INDEFINIDO;*
871391;https://discricionarias.transferegov.sistema.gov.br/voluntarias/ConsultarProposta/ResultadoDaConsultaDePropostaDetalharProposta.do?idProposta=1351529&Usr=guest&Pwd=guest;PB;JOÃO PESSOA;09124165000140;INSTITUTO WALFREDO GUEDES PEREIRA;CONTRATO DE REPASSE;SIM;REFORMA DE UNIDADE DE ATENÇÃO ESPECIALIZADA EM SAÚDE;Prestação de Contas Concluída;Consórcio Público;21/11/2018;31/03/2024; 428.950,81 ; 399.960,00 ; 399.960,00 ; 28.990,81 ; -   ; -   ; -   ;NÃO;PENDENTE;AGUARDAR EXECUÇÃO;33,3333333333333%;PENDENTE;Indefinida;MONITORAR EXECUÇÃO;30/05/2024;;0;Execução Total;PENDENTE;0,00%;PENDENTE;NÃO INCLUÍDOS;FNS: 0,00%   |  Convenente: -;SEM INFORMAÇÃO;SEM IFORMAÇÃO;Fiscal Não Identificado;479742018;-;;;Sem Vínculo;-; ;2018;28.990,81;Negativo;-;-;NÃO;INDEFINIDO;*
871392;https://discricionarias.transferegov.sistema.gov.br/voluntarias/ConsultarProposta/ResultadoDaConsultaDePropostaDetalharProposta.do?idProposta=1356784&Usr=guest&Pwd=guest;PB;CAMPINA GRANDE;08841421000157;FUNDACAO ASSISTENCIAL DA PARAIBA- FAP;CONTRATO DE REPASSE;SIM;REFORMA DE UNIDADE DE ATENÇÃO ESPECIALIZADA EM SAÚDE;Convênio Anulado;Organização da Sociedade Civil;13/12/2018;30/09/2025; 499.744,00 ; -   ; -   ; -   ; 447.750,61 ; 7.857,31 ; -   ;NÃO;PENDENTE;COBRAR RELATÓRIOS;81,4814814814815%;PENDENTE;Indefinida;COBRAR PRESTAÇÃO DE CONTAS;08/08/2025;;0;Execução Total;PENDENTE;0,00%;PENDENTE;NÃO INCLUÍDOS;FNS: 89,27%   |  Convenente: 97,96%;RECOLHIDO;SEM IFORMAÇÃO;Fiscal Não Identificado;25000131731201864;-;;;Sem Vínculo;-; ;2018;0,00;Negativo;-;-;NÃO;INDEFINIDO;*
871393;https://discricionarias.transferegov.sistema.gov.br/voluntarias/ConsultarProposta/ResultadoDaConsultaDePropostaDetalharProposta.do?idProposta=1356783&Usr=guest&Pwd=guest;PB;CAMPINA GRANDE;08841421000157;FUNDACAO ASSISTENCIAL DA PARAIBA- FAP;CONTRATO DE REPASSE;SIM;REFORMA DE UNIDADE DE ATENÇÃO ESPECIALIZADA EM SAÚDE;Convênio Rescindido;Administração Pública Estadual ou do Distrito Federal;27/12/2018;08/04/2024; 300.586,00 ; -   ; -   ; 4.630,00 ; 407.011,14 ; -   ; 78.327,94 ;NÃO;ANALISADOS;RELATÓRIOS ANALISADOS;96,2962962962963%;EMITIDO.;Indefinida;PRESTAÇÃO DE CONTAS ANALISADA;07/06/2024;;0;Execução Total;PENDENTE;66,67%;PT EMITIDO;NÃO INCLUÍDOS;FNS: 100,00%   |  Convenente: 99,31%;RECOLHIDO;CANCELADO;Fiscal Não Identificado;565872018;-;;;Sem Vínculo;-; ;2018;0,00;Negativo;-;-;NÃO;INDEFINIDO;*
876047;https://discricionarias.transferegov.sistema.gov.br/voluntarias/ConsultarProposta/ResultadoDaConsultaDePropostaDetalharProposta.do?idProposta=1374663&Usr=guest&Pwd=guest;PB;CAMPINA GRANDE;08841421000157;FUNDACAO ASSISTENCIAL DA PARAIBA- FAP;CONVENIO;SIM;AQUISIÇÃO DE EQUIPAMENTO E MATERIAL PERMANENTE PARA UNIDADE DE ATENÇÃO ESPECIALIZADA EM SAÚDE;Em execução;Administração Pública Municipal;31/12/2018;01/04/2025; 507.750,61 ; 500.000,00 ; 446.371,00 ; 7.750,61 ; 798.200,00 ; -   ; 8.147,76 ;NÃO;PENDENTE;COBRAR RELATÓRIOS;81,4814814814815%;PENDENTE;4ª Prioridade;COBRAR PRESTAÇÃO DE CONTAS;31/05/2025;;0;Execução Total;PENDENTE;0,00%;PENDENTE;NÃO INCLUÍDOS;FNS: 83,85%   |  Convenente: 100,00%;RECOLHIDO;SEM IFORMAÇÃO;BARTOLOMEU;25000153670201896;-;;;31/12/2027;-; ;2018;10.710,89;Negativo;-;-;NÃO;4ª Prioridade;*
877969;https://discricionarias.transferegov.sistema.gov.br/voluntarias/ConsultarProposta/ResultadoDaConsultaDePropostaDetalharProposta.do?idProposta=1372768&Usr=guest&Pwd=guest;PB;JOÃO PESSOA;09112236000194;FUNDACAO NAPOLEAO LAUREANO;CONTRATO DE REPASSE;SIM;REFORMA DE UNIDADE DE ATENÇÃO ESPECIALIZADA EM SAÚDE;Prestação de Contas Concluída;Administração Pública Municipal;31/12/2018;31/07/2025; 409.849,61 ; 399.000,00 ; 399.000,00 ; 10.849,61 ; 708.851,49 ; -   ; 96.861,80 ;NÃO;PENDENTE;COBRAR RELATÓRIOS;81,4814814814815%;PENDENTE;Indefinida;COBRAR PRESTAÇÃO DE CONTAS;20/12/2024;;0;Execução Total;PENDENTE;0,00%;PENDENTE;NÃO INCLUÍDOS;FNS: 100,00%   |  Convenente: 94,53%;RECOLHIDO;SEM IFORMAÇÃO;Fiscal Não Identificado;596612018;-;;;Sem Vínculo;-; ;2018;10.849,61;Negativo;-;-;NÃO;INDEFINIDO;*
878484;https://discricionarias.transferegov.sistema.gov.br/voluntarias/ConsultarProposta/ResultadoDaConsultaDePropostaDetalharProposta.do?idProposta=1382920&Usr=guest&Pwd=guest;PB;SUMÉ;02471378000107;CONSORCIO INTERMUNICIPAL DE SAUDE DO CARIRI OCIDENTAL;CONVENIO;SIM;AQUISIÇÃO DE EQUIPAMENTO E MATERIAL PERMANENTE PARA UNIDADE DE ATENÇÃO ESPECIALIZADA EM SAÚDE;Prestação de Contas enviada para Análise;Administração Pública Municipal;31/12/2018;30/09/2025; 1.043.089,00 ; 899.928,00 ; 754.555,00 ; 143.161,00 ; 337.376,44 ; -   ; 138.152,28 ;NÃO;PENDENTE;MONITORAR  DESEMBOLSO;0%;PENDENTE;Indefinida;NÃO HOUVE DESEMBOLSO;29/11/2025;;0;Baixa Execução;PENDENTE;0,00%;PENDENTE;NÃO INCLUÍDOS;FNS: 63,74%   |  Convenente: 75,44%;SEM INFORMAÇÃO;SEM IFORMAÇÃO;JULIO;25000224492201895;-;;;06/10/2023;249; ;2018;43.645,00;Negativo;-;-;NÃO;INDEFINIDO;46239
878547;https://discricionarias.transferegov.sistema.gov.br/voluntarias/ConsultarProposta/ResultadoDaConsultaDePropostaDetalharProposta.do?idProposta=1382947&Usr=guest&Pwd=guest;PB;JOÃO PESSOA;09112236000194;FUNDACAO NAPOLEAO LAUREANO;CONTRATO DE REPASSE;SIM;REFORMA DE UNIDADE DE ATENÇÃO ESPECIALIZADA EM SAÚDE;Prestação de Contas Concluída;Organização da Sociedade Civil;31/12/2018;01/04/2026; 749.832,00 ; 749.832,00 ; 749.832,00 ; -   ; 286.815,08 ; -   ; 9.723,81 ;NÃO;PENDENTE;MONITORAR  DESEMBOLSO;0%;PENDENTE;Indefinida;NÃO HOUVE DESEMBOLSO;02/04/2026;;0;Baixa Execução;PENDENTE;0,00%;PENDENTE;NÃO INCLUÍDOS;FNS: 100,00%   |  Convenente: 98,61%;SEM INFORMAÇÃO;SEM IFORMAÇÃO;Fiscal Não Identificado;650022018;-;;;Sem Vínculo;-; ;2018;0,00;Negativo;-;-;NÃO;INDEFINIDO;*
881921;https://discricionarias.transferegov.sistema.gov.br/voluntarias/ConsultarProposta/ResultadoDaConsultaDePropostaDetalharProposta.do?idProposta=1406754&Usr=guest&Pwd=guest;PB;CAMPINA GRANDE;12671814000137;UNIVERSIDADE ESTADUAL DA PARAIBA;CONVENIO;SIM;AQUISIÇÃO DE EQUIPAMENTO E MATERIAL PERMANENTE PARA UNIDADE DE ATENÇÃO ESPECIALIZADA EM SAÚDE;Prestação de Contas em Análise;Organização da Sociedade Civil;19/12/2019;09/08/2023; 702.070,00 ; -   ; 446.209,00 ; 2.070,00 ; 251.053,85 ; -   ; 9.201,63 ;NÃO;PENDENTE;MONITORAR  DESEMBOLSO;0%;PENDENTE;Indefinida;NÃO HOUVE DESEMBOLSO;29/11/2025;;0;Baixa Execução;PENDENTE;0,00%;PENDENTE;NÃO INCLUÍDOS;FNS: 100,00%   |  Convenente: 100,00%;SEM INFORMAÇÃO;SEM IFORMAÇÃO;JULIO;652112018;-;;;26/08/2022;249; ;2018;1.028,77;Negativo;-;-;NÃO;INDEFINIDO;46239
882048;https://discricionarias.transferegov.sistema.gov.br/voluntarias/ConsultarProposta/ResultadoDaConsultaDePropostaDetalharProposta.do?idProposta=1407107&Usr=guest&Pwd=guest;PB;OLHO D'ÁGUA;11471451000123;FUNDO MUNICIPAL DE SAUDE;CONTRATO DE REPASSE;SIM;AMPLIAÇÃO DE UNIDADE DE ATENÇÃO ESPECIALIZADA EM SAÚDE;Prestação de Contas Concluída;Organização da Sociedade Civil;26/12/2019;26/06/2027; 290.870,87 ; 250.000,00 ; 250.000,00 ; 40.870,87 ; 373.775,37 ; -   ; 99.429,43 ;NÃO;PENDENTE;MONITORAR  DESEMBOLSO;0%;PENDENTE;Indefinida;NÃO HOUVE DESEMBOLSO;25/08/2027;;0;Baixa Execução;PENDENTE;0,00%;PENDENTE;NÃO INCLUÍDOS;FNS: 100,00%   |  Convenente: 81,97%;SEM INFORMAÇÃO;SEM IFORMAÇÃO;Fiscal Não Identificado;653722018;-;;;Sem Vínculo;-; ;2018;40.870,87;Acima de 90 até 180 dias;Acima de 365 dias;Não;NÃO;INDEFINIDO;*
882141;https://discricionarias.transferegov.sistema.gov.br/voluntarias/ConsultarProposta/ResultadoDaConsultaDePropostaDetalharProposta.do?idProposta=1408072&Usr=guest&Pwd=guest;PB;SÃO MAMEDE;04223191000101;FUNDO MUN.DE SAUDE DE SAO MAMEDE-PB;CONTRATO DE REPASSE;SIM;CONSTRUÇÃO DE CENTRO DE ESPECIALIDADES ODONTOLÓGICAS;Prestação de Contas Concluída;Organização da Sociedade Civil;20/12/2019;28/07/2027; 251.053,85 ; 250.000,00 ; 250.000,00 ; 1.053,85 ; 1.442.725,27 ; -   ; 77.880,91 ;NÃO;PENDENTE;MONITORAR  DESEMBOLSO;0%;PENDENTE;Indefinida;NÃO HOUVE DESEMBOLSO;26/09/2027;;0;Baixa Execução;PENDENTE;0,00%;PENDENTE;NÃO INCLUÍDOS;FNS: 100,00%   |  Convenente: 96,61%;SEM INFORMAÇÃO;SEM IFORMAÇÃO;Fiscal Não Identificado;653962018;-;;;Sem Vínculo;-; ;2018;1.053,85;Até 90 dias;Até 90 dias;Não;NÃO;INDEFINIDO;*
882364;https://discricionarias.transferegov.sistema.gov.br/voluntarias/ConsultarProposta/ResultadoDaConsultaDePropostaDetalharProposta.do?idProposta=1408885&Usr=guest&Pwd=guest;PB;SÃO MAMEDE;04223191000101;FUNDO MUN.DE SAUDE DE SAO MAMEDE-PB;CONTRATO DE REPASSE;SIM;REFORMA DE UNIDADE DE ATENÇÃO ESPECIALIZADA EM SAÚDE;Prestação de Contas Concluída;Organização da Sociedade Civil;20/12/2019;20/12/2024; 456.000,00 ; 456.000,00 ; 456.000,00 ; -   ; 180.005,00 ; -   ; -   ;NÃO;PENDENTE;MONITORAR  DESEMBOLSO;0%;PENDENTE;Indefinida;NÃO HOUVE DESEMBOLSO;31/12/2024;;0;Baixa Execução;PENDENTE;0,00%;PENDENTE;NÃO INCLUÍDOS;FNS: 60,37%   |  Convenente: 99,23%;SEM INFORMAÇÃO;SEM IFORMAÇÃO;Fiscal Não Identificado;25000099528201977;-;;;Sem Vínculo;-; ;2018;0,00;Negativo;-;-;NÃO;INDEFINIDO;*
882375;https://discricionarias.transferegov.sistema.gov.br/voluntarias/ConsultarProposta/ResultadoDaConsultaDePropostaDetalharProposta.do?idProposta=1408901&Usr=guest&Pwd=guest;PB;SÃO MAMEDE;08922684000190;ASSOCIACAO DE PROT A MATERNIDADE E A INFANCIA S MAMEDE;CONTRATO DE REPASSE;SIM;REFORMA DE UNIDADE DE ATENÇÃO ESPECIALIZADA EM SAÚDE;Prestação de Contas Concluída;Administração Pública Estadual ou do Distrito Federal;26/12/2019;31/08/2026; 1.144.660,03 ; 874.000,00 ; 874.000,00 ; 270.660,03 ; 224.729,18 ; 251.263,54 ; -   ;NÃO;PENDENTE;MONITORAR  DESEMBOLSO;0%;PENDENTE;Indefinida;NÃO HOUVE DESEMBOLSO;30/10/2026;;0;Baixa Execução;PENDENTE;0,00%;PENDENTE;NÃO INCLUÍDOS;FNS: 100,00%   |  Convenente: 56,20%;SEM INFORMAÇÃO;SEM IFORMAÇÃO;Fiscal Não Identificado;0465392019;-;;;Sem Vínculo;-; ;2018;619.338,46;Até 90 dias;Acima de 365 dias;Não;NÃO;INDEFINIDO;*
883772;https://discricionarias.transferegov.sistema.gov.br/voluntarias/ConsultarProposta/ResultadoDaConsultaDePropostaDetalharProposta.do?idProposta=1458402&Usr=guest&Pwd=guest;PB;SANTA RITA;09433715000102;FUNDACAO GOVERNADOR FLAVIO RIBEIRO COUTINHO;CONVENIO;SIM;AQUISIÇÃO DE EQUIPAMENTO E MATERIAL PERMANENTE PARA UNIDADE DE ATENÇÃO ESPECIALIZADA EM SAÚDE;Prestação de Contas em Análise;Organização da Sociedade Civil;20/12/2019;28/07/2025; 300.300,00 ; 118.896,00 ; 181.104,00 ; 300,00 ; 360.775,00 ; 30.990,01 ; -   ;NÃO;PENDENTE;MONITORAR  DESEMBOLSO;0%;PENDENTE;Indefinida;NÃO HOUVE DESEMBOLSO;26/09/2025;;0;Baixa Execução;PENDENTE;0,00%;PENDENTE;NÃO INCLUÍDOS;FNS: 96,23%   |  Convenente: 92,44%;SEM INFORMAÇÃO;SEM IFORMAÇÃO;JULIO;25000174441201996;-;;;27/08/2021;313; ;2019;300,00;Negativo;-;-;NÃO;INDEFINIDO;46239
886384;https://discricionarias.transferegov.sistema.gov.br/voluntarias/ConsultarProposta/ResultadoDaConsultaDePropostaDetalharProposta.do?idProposta=1498440&Usr=guest&Pwd=guest;PB;CAMPINA GRANDE;08841421000157;FUNDACAO ASSISTENCIAL DA PARAIBA- FAP;CONTRATO DE REPASSE;SIM;REFORMA DE UNIDADE DE ATENÇÃO ESPECIALIZADA EM SAÚDE;Em execução;Organização da Sociedade Civil;16/12/2019;29/07/2021; 399.852,00 ; 399.852,00 ; 399.852,00 ; -   ; 1.050.423,45 ; -   ; 54.707,22 ;NÃO;PENDENTE;MONITORAR  DESEMBOLSO;0%;PENDENTE;Indefinida;NÃO HOUVE DESEMBOLSO;11/11/2023;;0;Baixa Execução;PENDENTE;0,00%;PENDENTE;NÃO INCLUÍDOS;FNS: 95,73%   |  Convenente: 99,75%;SEM INFORMAÇÃO;SEM IFORMAÇÃO;Fiscal Não Identificado;465712019;-;;;Sem Vínculo;-; ;2019;0,00;Negativo;-;-;NÃO;INDEFINIDO;*
886444;https://discricionarias.transferegov.sistema.gov.br/voluntarias/ConsultarProposta/ResultadoDaConsultaDePropostaDetalharProposta.do?idProposta=1498573&Usr=guest&Pwd=guest;PB;CAMPINA GRANDE;08841421000157;FUNDACAO ASSISTENCIAL DA PARAIBA- FAP;CONVENIO;SIM;AQUISIÇÃO DE EQUIPAMENTO E MATERIAL PERMANENTE PARA UNIDADE DE ATENÇÃO ESPECIALIZADA EM SAÚDE;Em execução;Organização da Sociedade Civil;16/12/2019;30/07/2021; 408.137,00 ; 400.000,00 ; 384.919,00 ; 8.137,00 ; 912.520,72 ; 137.270,72 ; -   ;NÃO;PENDENTE;MONITORAR  DESEMBOLSO;0%;PENDENTE;4ª Prioridade;NÃO HOUVE DESEMBOLSO;16/02/2023;;0;Baixa Execução;PENDENTE;0,00%;PENDENTE;NÃO INCLUÍDOS;FNS: 100,00%   |  Convenente: 91,31%;SEM INFORMAÇÃO;SEM IFORMAÇÃO;FRANCIBERTO;483332019;-;;;31/12/2025;-; ;2019;5.355,99;Negativo;-;-;NÃO;4ª Prioridade;*
887099;https://discricionarias.transferegov.sistema.gov.br/voluntarias/ConsultarProposta/ResultadoDaConsultaDePropostaDetalharProposta.do?idProposta=1498538&Usr=guest&Pwd=guest;PB;JOÃO PESSOA;09112236000194;FUNDACAO NAPOLEAO LAUREANO;CONTRATO DE REPASSE;SIM;REFORMA DE UNIDADE DE ATENÇÃO ESPECIALIZADA EM SAÚDE;Prestação de Contas Concluída;Organização da Sociedade Civil;20/12/2019;26/01/2024; 1.100.000,00 ; -   ; 1.053.039,86 ; -   ; 141.324,00 ; -   ; -   ;NÃO;ANALISADOS;REL.ANALISADOS-APROVADOS;68,1818181818182%;PENDENTE;Indefinida;ANALISAR: FINANC, ENV AREA TEC e ELAB P. EQ.;01/08/2026;17/05/2024;0;CONVÊNIO CONCLUÍDO;PENDENTE;33,33%;PENDENTE;NÃO INCLUÍDOS;FNS: 93,65%   |  Convenente: 98,22%;RECOLHIDO;CANCELADO;Fiscal Não Identificado;25000187159201979;-;;;Sem Vínculo;-; ;2019;0,00;Negativo;-;-;NÃO;INDEFINIDO;*
887984;https://discricionarias.transferegov.sistema.gov.br/voluntarias/ConsultarProposta/ResultadoDaConsultaDePropostaDetalharProposta.do?idProposta=1504707&Usr=guest&Pwd=guest;PB;JOÃO PESSOA;03609595000175;FUNDO ESTADUAL DE SAUDE DO ESTADO DA PARAIBA - FESEP;CONTRATO DE REPASSE;SIM;AMPLIAÇÃO DE UNIDADE DE ATENÇÃO ESPECIALIZADA EM SAÚDE;Em execução;Organização da Sociedade Civil;20/12/2019;28/07/2025; 999.396,00 ; 999.396,00 ; 999.396,00 ; -   ; 469.000,00 ; -   ; 1.914,79 ;SIM;PENDENTE;MONITORAR  DESEMBOLSO;0%;PENDENTE;Indefinida;NÃO HOUVE DESEMBOLSO;26/09/2025;;0;Baixa Execução;PENDENTE;0,00%;PENDENTE;NÃO INCLUÍDOS;FNS: 86,73%   |  Convenente: 100,00%;SEM INFORMAÇÃO;SEM IFORMAÇÃO;Fiscal Não Identificado;25000187179201940;0,706784;;;Sem Vínculo;-; ;2019;0,00;Negativo;-;-;NÃO;INDEFINIDO;*
888122;https://discricionarias.transferegov.sistema.gov.br/voluntarias/ConsultarProposta/ResultadoDaConsultaDePropostaDetalharProposta.do?idProposta=1505222&Usr=guest&Pwd=guest;PB;CAMPINA GRANDE;08841421000157;FUNDACAO ASSISTENCIAL DA PARAIBA- FAP;CONVENIO;SIM;AQUISIÇÃO DE EQUIPAMENTO E MATERIAL PERMANENTE PARA UNIDADE DE ATENÇÃO ESPECIALIZADA EM SAÚDE;Prestação de Contas enviada para Análise;Organização da Sociedade Civil;20/12/2019;28/07/2024; 150.900,00 ; 150.000,00 ; 140.481,00 ; 900,00 ; 247.984,31 ; -   ; 249,58 ;SIM;PENDENTE;MONITORAR  DESEMBOLSO;0%;PENDENTE;4ª Prioridade;NÃO HOUVE DESEMBOLSO;26/09/2024;;0;Baixa Execução;PENDENTE;0,00%;PENDENTE;NÃO INCLUÍDOS;FNS: 74,38%   |  Convenente: 100,00%;SEM INFORMAÇÃO;SEM IFORMAÇÃO;JULIO;25000187173201972;0,691509;;;15/08/2023;678; ;2019;3.406,62;Negativo;-;-;NÃO;4ª Prioridade;46239
888126;https://discricionarias.transferegov.sistema.gov.br/voluntarias/ConsultarProposta/ResultadoDaConsultaDePropostaDetalharProposta.do?idProposta=1505235&Usr=guest&Pwd=guest;PB;JOÃO PESSOA;09112236000194;FUNDACAO NAPOLEAO LAUREANO;CONVENIO;SIM;AQUISIÇÃO DE EQUIPAMENTO E MATERIAL PERMANENTE PARA UNIDADE DE ATENÇÃO ESPECIALIZADA EM SAÚDE;Prestação de Contas Concluída;Organização da Sociedade Civil;20/12/2019;28/07/2025; 540.775,00 ; -   ; 433.637,00 ; 40.775,00 ; 191.330,00 ; -   ; 3.152,70 ;NÃO;PENDENTE;MONITORAR  DESEMBOLSO;0%;PENDENTE;Indefinida;NÃO HOUVE DESEMBOLSO;26/09/2025;;0;Baixa Execução;PENDENTE;0,00%;PENDENTE;NÃO INCLUÍDOS;FNS: 95,00%   |  Convenente: 91,45%;SEM INFORMAÇÃO;SEM IFORMAÇÃO;JULIO;25000187185201905;-;;;11/01/2021;-; ;2019;35.363,00;Negativo;-;-;NÃO;INDEFINIDO;*
888131;https://discricionarias.transferegov.sistema.gov.br/voluntarias/ConsultarProposta/ResultadoDaConsultaDePropostaDetalharProposta.do?idProposta=1505229&Usr=guest&Pwd=guest;PB;JOÃO PESSOA;09112236000194;FUNDACAO NAPOLEAO LAUREANO;CONVENIO;SIM;AQUISIÇÃO DE EQUIPAMENTO E MATERIAL PERMANENTE PARA UNIDADE DE ATENÇÃO ESPECIALIZADA EM SAÚDE;Prestação de Contas Concluída;Organização da Sociedade Civil;20/12/2019;08/08/2024; 333.422,00 ; 223.126,00 ; 223.126,00 ; 33.422,00 ; 502.447,00 ; -   ; -   ;NÃO;PENDENTE;MONITORAR  DESEMBOLSO;0%;PENDENTE;Indefinida;NÃO HOUVE DESEMBOLSO;09/04/2025;;0;Baixa Execução;PENDENTE;0,00%;PENDENTE;NÃO INCLUÍDOS;FNS: 99,92%   |  Convenente: 99,72%;SEM INFORMAÇÃO;SEM IFORMAÇÃO;JOSIELY;25000187149201933;-;;;28/12/2023;-; ;2019;24.858,31;Negativo;-;-;NÃO;INDEFINIDO;*
888137;https://discricionarias.transferegov.sistema.gov.br/voluntarias/ConsultarProposta/ResultadoDaConsultaDePropostaDetalharProposta.do?idProposta=1505236&Usr=guest&Pwd=guest;PB;JOÃO PESSOA;09124165000140;INSTITUTO WALFREDO GUEDES PEREIRA;CONVENIO;SIM;AQUISIÇÃO DE EQUIPAMENTO E MATERIAL PERMANENTE PARA UNIDADE DE ATENÇÃO ESPECIALIZADA EM SAÚDE;Prestação de Contas em Análise;Organização da Sociedade Civil;20/12/2019;09/08/2022; 201.400,00 ; 200.000,00 ; 190.000,00 ; 1.400,00 ; 128.135,20 ; 13.176,55 ; 263,10 ;NÃO;ANALISADOS;RELATÓRIOS ANALISADOS;62,962962962963%;PENDENTE;Indefinida;COBRAR PRESTAÇÃO DE CONTAS;27/09/2024;;0;Execução Total;PENDENTE;33,33%;PENDENTE;NÃO INCLUÍDOS;FNS: 75,42%   |  Convenente: 69,10%;RECOLHIDO;CANCELADO;BARTOLOMEU;25000187166201971;-;;;31/12/2025;677; ;2019;19.207,47;Negativo;-;-;NÃO;INDEFINIDO;46239
888145;https://discricionarias.transferegov.sistema.gov.br/voluntarias/ConsultarProposta/ResultadoDaConsultaDePropostaDetalharProposta.do?idProposta=1505219&Usr=guest&Pwd=guest;PB;CAMPINA GRANDE;08841421000157;FUNDACAO ASSISTENCIAL DA PARAIBA- FAP;CONVENIO;SIM;AQUISIÇÃO DE EQUIPAMENTO E MATERIAL PERMANENTE PARA UNIDADE DE ATENÇÃO ESPECIALIZADA EM SAÚDE;Prestação de Contas enviada para Análise;Organização da Sociedade Civil;19/12/2019;09/12/2021; 503.056,00 ; 500.000,00 ; 499.615,00 ; 3.056,00 ; 96.779,92 ; -   ; 3.001,61 ;NÃO;PENDENTE;MONITORAR  DESEMBOLSO;0%;PENDENTE;Indefinida;NÃO HOUVE DESEMBOLSO;07/02/2022;;0;Baixa Execução;PENDENTE;0,00%;PENDENTE;NÃO INCLUÍDOS;FNS: 96,18%   |  Convenente: 66,67%;SEM INFORMAÇÃO;SEM IFORMAÇÃO;JULIO;25000187153201900;-;;;31/12/2025;1640; ;2019;4.266,84;Negativo;-;-;NÃO;INDEFINIDO;46239
888149;https://discricionarias.transferegov.sistema.gov.br/voluntarias/ConsultarProposta/ResultadoDaConsultaDePropostaDetalharProposta.do?idProposta=1505225&Usr=guest&Pwd=guest;PB;CAMPINA GRANDE;08841421000157;FUNDACAO ASSISTENCIAL DA PARAIBA- FAP;CONVENIO;SIM;AQUISIÇÃO DE EQUIPAMENTO E MATERIAL PERMANENTE PARA UNIDADE DE ATENÇÃO ESPECIALIZADA EM SAÚDE;Prestação de Contas enviada para Análise;Organização da Sociedade Civil;19/12/2019;23/05/2021; 200.250,00 ; 200.000,00 ; 150.846,00 ; 250,00 ; 74.471,00 ; -   ; 118,48 ;NÃO;PENDENTE;MONITORAR  DESEMBOLSO;0%;PENDENTE;4ª Prioridade;NÃO HOUVE DESEMBOLSO;22/07/2021;;0;Baixa Execução;PENDENTE;0,00%;PENDENTE;NÃO INCLUÍDOS;FNS: 74,40%   |  Convenente: 99,81%;SEM INFORMAÇÃO;SEM IFORMAÇÃO;JULIO;25000187193201943;-;;;31/12/2025;1840; ;2019;34.575,03;Negativo;-;-;NÃO;4ª Prioridade;46239
888152;https://discricionarias.transferegov.sistema.gov.br/voluntarias/ConsultarProposta/ResultadoDaConsultaDePropostaDetalharProposta.do?idProposta=1505221&Usr=guest&Pwd=guest;PB;CAMPINA GRANDE;08841421000157;FUNDACAO ASSISTENCIAL DA PARAIBA- FAP;CONVENIO;SIM;AQUISIÇÃO DE EQUIPAMENTO E MATERIAL PERMANENTE PARA UNIDADE DE ATENÇÃO ESPECIALIZADA EM SAÚDE;Prestação de Contas em Análise;Organização da Sociedade Civil;26/12/2019;31/12/2026; 100.500,00 ; 100.000,00 ; 96.184,00 ; 500,00 ; 4.611,84 ; -   ; 6.523,70 ;SIM;PENDENTE;MONITORAR  DESEMBOLSO;0%;PENDENTE;Indefinida;NÃO HOUVE DESEMBOLSO;01/03/2027;;0;Baixa Execução;PENDENTE;0,00%;PENDENTE;NÃO INCLUÍDOS;FNS: 30,76%   |  Convenente: 11,08%;SEM INFORMAÇÃO;SEM IFORMAÇÃO;FRANCIBERTO;25000187189201985;0,766141;;;15/08/2023;-208; ;2019;48.986,14;Acima de 365 dias;Acima de 365 dias;Sim;NÃO;INDEFINIDO;46239
888496;https://discricionarias.transferegov.sistema.gov.br/voluntarias/ConsultarProposta/ResultadoDaConsultaDePropostaDetalharProposta.do?idProposta=1505238&Usr=guest&Pwd=guest;PB;SANTA RITA;09433715000102;FUNDACAO GOVERNADOR FLAVIO RIBEIRO COUTINHO;CONVENIO;SIM;AQUISIÇÃO DE EQUIPAMENTO E MATERIAL PERMANENTE PARA UNIDADE DE ATENÇÃO ESPECIALIZADA EM SAÚDE;Prestação de Contas em Análise;Administração Pública Estadual ou do Distrito Federal;26/12/2019;30/06/2026; 100.100,00 ; -   ; 74.397,00 ; 100,00 ; 184.693,70 ; -   ; 365,34 ;SIM;PENDENTE;MONITORAR  DESEMBOLSO;0%;PENDENTE;4ª Prioridade;NÃO HOUVE DESEMBOLSO;29/08/2026;;0;Baixa Execução;PENDENTE;0,00%;PENDENTE;NÃO INCLUÍDOS;FNS: 61,56%   |  Convenente: 100,00%;SEM INFORMAÇÃO;SEM IFORMAÇÃO;FRANCIBERTO;25000195077201906;0,727177;;;08/10/2024;-24; ;2019;212,29;Negativo;-;-;NÃO;4ª Prioridade;46239
888501;https://discricionarias.transferegov.sistema.gov.br/voluntarias/ConsultarProposta/ResultadoDaConsultaDePropostaDetalharProposta.do?idProposta=1505237&Usr=guest&Pwd=guest;PB;JOÃO PESSOA;09124165000140;INSTITUTO WALFREDO GUEDES PEREIRA;CONVENIO;NÃO;AQUISIÇÃO DE EQUIPAMENTO E MATERIAL PERMANENTE PARA UNIDADE DE ATENÇÃO ESPECIALIZADA EM SAÚDE;Prestação de Contas Concluída;Organização da Sociedade Civil;26/12/2019;04/01/2025; 100.800,00 ; -   ; 30.762,00 ; 800,00 ; 85.053,00 ; -   ; 290,02 ;SIM;PENDENTE;MONITORAR  DESEMBOLSO;0%;PENDENTE;Indefinida;NÃO HOUVE DESEMBOLSO;05/03/2025;;0;Baixa Execução;PENDENTE;0,00%;PENDENTE;NÃO INCLUÍDOS;FNS: 85,05%   |  Convenente: 100,00%;SEM INFORMAÇÃO;SEM IFORMAÇÃO;FRANCIBERTO;25000195080201911;0,796115;;;26/08/2021;-; ;2019;10.859,62;Negativo;-;-;NÃO;INDEFINIDO;*
889853;https://discricionarias.transferegov.sistema.gov.br/voluntarias/ConsultarProposta/ResultadoDaConsultaDePropostaDetalharProposta.do?idProposta=1509522&Usr=guest&Pwd=guest;PB;JOÃO PESSOA;08667206000181;INSTITUTO SAO JOSE;CONVENIO;SIM;AQUISIÇÃO DE EQUIPAMENTO E MATERIAL PERMANENTE PARA UNIDADE DE ATENÇÃO ESPECIALIZADA EM SAÚDE;Prestação de Contas Concluída;Organização da Sociedade Civil;30/12/2019;29/07/2021; 300.000,00 ; 184.693,70 ; 184.693,70 ; -   ; -   ; 721.021,95 ; -   ;NÃO;PENDENTE;MONITORAR  DESEMBOLSO;0%;PENDENTE;Indefinida;NÃO HOUVE DESEMBOLSO;25/11/2023;;0;Baixa Execução;PENDENTE;0,00%;PENDENTE;NÃO INCLUÍDOS;FNS: 100,00%   |  Convenente: 0,00%;SEM INFORMAÇÃO;SEM IFORMAÇÃO;FRANCIBERTO;50518;-;;;31/12/2025;-; ;2019;0,00;Negativo;-;-;NÃO;INDEFINIDO;*
889859;https://discricionarias.transferegov.sistema.gov.br/voluntarias/ConsultarProposta/ResultadoDaConsultaDePropostaDetalharProposta.do?idProposta=1509523&Usr=guest&Pwd=guest;PB;JOÃO PESSOA;08667206000181;INSTITUTO SAO JOSE;CONVENIO;SIM;AQUISIÇÃO DE EQUIPAMENTO E MATERIAL PERMANENTE PARA UNIDADE DE ATENÇÃO ESPECIALIZADA EM SAÚDE;Prestação de Contas Concluída;Organização da Sociedade Civil;24/11/2020;25/08/2022; 100.000,00 ; -   ; 85.053,00 ; -   ; 38.002.678,28 ; 1.460.599,50 ; 1.460.599,50 ;NÃO;PENDENTE;MONITORAR  DESEMBOLSO;0%;PENDENTE;Indefinida;NÃO HOUVE DESEMBOLSO;23/01/2026;;0;Baixa Execução;PENDENTE;0,00%;PENDENTE;NÃO INCLUÍDOS;FNS: 100,00%   |  Convenente: 98,44%;SEM INFORMAÇÃO;SEM IFORMAÇÃO;JOSIELY;520652019;-;;;28/12/2023;-; ;2019;0,00;Negativo;-;-;NÃO;INDEFINIDO;*
889889;https://discricionarias.transferegov.sistema.gov.br/voluntarias/ConsultarProposta/ResultadoDaConsultaDePropostaDetalharProposta.do?idProposta=1509564&Usr=guest&Pwd=guest;PB;JOÃO PESSOA;09124165000140;INSTITUTO WALFREDO GUEDES PEREIRA;CONTRATO DE REPASSE;SIM;REFORMA DE UNIDADE DE ATENÇÃO ESPECIALIZADA EM SAÚDE;Em execução;Organização da Sociedade Civil;20/11/2020;23/04/2023; 649.800,00 ; 649.800,00 ; 649.800,00 ; -   ; 3.958.299,98 ; -   ; 20.988,68 ;NÃO;PENDENTE;MONITORAR  DESEMBOLSO;0%;PENDENTE;Indefinida;NÃO HOUVE DESEMBOLSO;22/06/2023;;0;Baixa Execução;PENDENTE;0,00%;PENDENTE;NÃO INCLUÍDOS;FNS: 98,82%   |  Convenente: 99,46%;SEM INFORMAÇÃO;SEM IFORMAÇÃO;Fiscal Não Identificado;25000211471201991;-;;;Sem Vínculo;-; ;2019;0,00;Negativo;-;-;NÃO;INDEFINIDO;*
891696;https://discricionarias.transferegov.sistema.gov.br/voluntarias/ConsultarProposta/ResultadoDaConsultaDePropostaDetalharProposta.do?idProposta=1513661&Usr=guest&Pwd=guest;PB;JOÃO PESSOA;03609595000175;FUNDO ESTADUAL DE SAUDE DO ESTADO DA PARAIBA - FESEP;CONTRATO DE REPASSE;SIM;CONSTRUÇÃO DE UNIDADE DE ATENÇÃO ESPECIALIZADA EM SAÚDE;Prestação de Contas enviada para Análise;Organização da Sociedade Civil;24/11/2020;25/08/2022; 38.605.672,87 ; 25.584.215,62 ; 37.975.680,00 ; -   ; 84.470,00 ; -   ; 175,58 ;SIM;PENDENTE;MONITORAR  DESEMBOLSO;0%;PENDENTE;Indefinida;NÃO HOUVE DESEMBOLSO;24/10/2022;;0;Baixa Execução;PENDENTE;0,00%;PENDENTE;NÃO INCLUÍDOS;FNS: 78,21%   |  Convenente: 100,00%;SEM INFORMAÇÃO;SEM IFORMAÇÃO;Fiscal Não Identificado;25000212483201932;0,707633;;;Sem Vínculo;1381; ;2019;0,00;Negativo;-;-;NÃO;INDEFINIDO;46239
894206;https://discricionarias.transferegov.sistema.gov.br/voluntarias/ConsultarProposta/ResultadoDaConsultaDePropostaDetalharProposta.do?idProposta=1520025&Usr=guest&Pwd=guest;PB;JOÃO PESSOA;09124165000140;INSTITUTO WALFREDO GUEDES PEREIRA;CONVENIO;SIM;AQUISIÇÃO DE EQUIPAMENTO E MATERIAL PERMANENTE PARA UNIDADE DE ATENÇÃO ESPECIALIZADA EM SAÚDE;Prestação de Contas em Análise;Organização da Sociedade Civil;18/11/2020;18/11/2025; 4.005.750,98 ; -   ; 3.952.335,00 ; 6.355,98 ; 30.600,00 ; -   ; -   ;SIM;PENDENTE;MONITORAR  DESEMBOLSO;0%;PENDENTE;4ª Prioridade;NÃO HOUVE DESEMBOLSO;17/11/2025;;0;Baixa Execução;PENDENTE;0,00%;PENDENTE;NÃO INCLUÍDOS;FNS: 15,22%   |  Convenente: 97,59%;SEM INFORMAÇÃO;SEM IFORMAÇÃO;JULIO;25000051412202091;0,754336;;;30/04/2023;261; ;2019;27.378,02;Negativo;-;-;NÃO;4ª Prioridade;46239
895511;https://discricionarias.transferegov.sistema.gov.br/voluntarias/ConsultarProposta/ResultadoDaConsultaDePropostaDetalharProposta.do?idProposta=1521989&Usr=guest&Pwd=guest;PB;JOÃO PESSOA;09112236000194;FUNDACAO NAPOLEAO LAUREANO;CONVENIO;SIM;AQUISIÇÃO DE EQUIPAMENTO E MATERIAL PERMANENTE PARA UNIDADE DE ATENÇÃO ESPECIALIZADA EM SAÚDE;Prestação de Contas Concluída;Administração Pública Estadual ou do Distrito Federal;24/09/2020;30/09/2026; 108.000,00 ; 78.213,00 ; 78.213,00 ; 8.000,00 ; 177.956,53 ; -   ; 4.516,34 ;SIM;PENDENTE;MONITORAR  DESEMBOLSO;0%;PENDENTE;Indefinida;NÃO HOUVE DESEMBOLSO;29/11/2026;;0;Baixa Execução;PENDENTE;0,00%;PENDENTE;NÃO INCLUÍDOS;FNS: 93,27%   |  Convenente: 100,00%;SEM INFORMAÇÃO;SEM IFORMAÇÃO;JULIO;25000051402202055;0,72935;;;22/06/2020;-; ;2019;6.257,00;Negativo;-;-;NÃO;INDEFINIDO;*
898079;https://discricionarias.transferegov.sistema.gov.br/voluntarias/ConsultarProposta/ResultadoDaConsultaDePropostaDetalharProposta.do?idProposta=1543750&Usr=guest&Pwd=guest;PB;JOÃO PESSOA;09124165000140;INSTITUTO WALFREDO GUEDES PEREIRA;CONVENIO;SIM;AQUISIÇÃO DE EQUIPAMENTO E MATERIAL PERMANENTE;Prestação de Contas em Análise;Organização da Sociedade Civil;20/11/2020;20/11/2026; 201.030,00 ; -   ; 30.443,00 ; 1.030,00 ; 14.000,00 ; -   ; -   ;SIM;PENDENTE;MONITORAR  DESEMBOLSO;0%;PENDENTE;Indefinida;NÃO HOUVE DESEMBOLSO;19/01/2027;;0;Baixa Execução;PENDENTE;0,00%;PENDENTE;NÃO INCLUÍDOS;FNS: 2,79%   |  Convenente: 97,59%;SEM INFORMAÇÃO;SEM IFORMAÇÃO;JOSIELY;25000051416202079;0,749657;;;31/12/2025;-167; ;2020;911,59;Até 90 dias;Acima de 365 dias;Não;NÃO;INDEFINIDO;46239
898149;https://discricionarias.transferegov.sistema.gov.br/voluntarias/ConsultarProposta/ResultadoDaConsultaDePropostaDetalharProposta.do?idProposta=1543748&Usr=guest&Pwd=guest;PB;JOÃO PESSOA;09112236000194;FUNDACAO NAPOLEAO LAUREANO;CONVENIO;SIM;AQUISIÇÃO DE EQUIPAMENTO E MATERIAL PERMANENTE;Prestação de Contas em Análise;Organização da Sociedade Civil;20/11/2020;24/04/2023; 190.802,00 ; -   ; 177.632,00 ; 348,00 ; 488.256,81 ; -   ; 70.074,85 ;NÃO;ANALISADOS;REL.ANALISADOS-APROVADOS;100%;EMITIDO.;Indefinida;PARECER TRANSFEREGOV EMITIDO - ANÁLISE INFORMATIZADA;13/10/2025;14/03/2023;0;Execução Total;PENDENTE;83,33%;PT EMITIDO;NÃO INCLUÍDOS;FNS: 100,00%   |  Convenente: 97,69%;RECOLHIDO;CANCELADO;JULIO;74472020;-;0,8999999;A;31/12/2025;1240; ;2020;324,53;Negativo;-;-;NÃO;INDEFINIDO;1240
898152;https://discricionarias.transferegov.sistema.gov.br/voluntarias/ConsultarProposta/ResultadoDaConsultaDePropostaDetalharProposta.do?idProposta=1543751&Usr=guest&Pwd=guest;PB;JOÃO PESSOA;09124165000140;INSTITUTO WALFREDO GUEDES PEREIRA;CONVENIO;SIM;AQUISIÇÃO DE EQUIPAMENTO E MATERIAL PERMANENTE;Prestação de Contas em Análise;Organização da Sociedade Civil;20/11/2020;23/04/2023; 501.351,00 ; -   ; 13.962,00 ; 1.351,00 ; 1.690.044,28 ; 552.606,26 ; -   ;NÃO;ANALISADOS;REL.ANALISADOS-APROVADOS;100%;EMITIDO.;Indefinida;PARECER TRANSFEREGOV EMITIDO - ANÁLISE INFORMATIZADA;13/10/2025;07/03/2023;0;Execução Total;PENDENTE;83,33%;PT EMITIDO;NÃO INCLUÍDOS;FNS: 100,00%   |  Convenente: 77,44%;RECOLHIDO;CANCELADO;JULIO;74562020;-;0,8999999;A;31/12/2025;1247; ;2020;383,27;Negativo;-;-;NÃO;INDEFINIDO;1247
899504;https://discricionarias.transferegov.sistema.gov.br/voluntarias/ConsultarProposta/ResultadoDaConsultaDePropostaDetalharProposta.do?idProposta=1555823&Usr=guest&Pwd=guest;PB;JOÃO PESSOA;09112236000194;FUNDACAO NAPOLEAO LAUREANO;CONTRATO DE REPASSE;SIM;REFORMA DE UNIDADE DE ATENÇÃO ESPECIALIZADA EM SAÚDE;Prestação de Contas Concluída;Organização da Sociedade Civil;15/12/2020;22/07/2022; 499.800,00 ; 499.800,00 ; 499.800,00 ; -   ; 233.498,39 ; 200.296,70 ; -   ;NÃO;PENDENTE;MONITORAR  DESEMBOLSO;0%;PENDENTE;Indefinida;NÃO HOUVE DESEMBOLSO;24/10/2025;;0;Baixa Execução;PENDENTE;0,00%;PENDENTE;NÃO INCLUÍDOS;FNS: 100,00%   |  Convenente: 58,41%;SEM INFORMAÇÃO;SEM IFORMAÇÃO;Fiscal Não Identificado;74542020;-;;;Sem Vínculo;-; ;2020;0,00;Negativo;-;-;NÃO;INDEFINIDO;*
899505;https://discricionarias.transferegov.sistema.gov.br/voluntarias/ConsultarProposta/ResultadoDaConsultaDePropostaDetalharProposta.do?idProposta=1555832&Usr=guest&Pwd=guest;PB;JOÃO PESSOA;03609595000175;FUNDO ESTADUAL DE SAUDE DO ESTADO DA PARAIBA - FESEP;CONTRATO DE REPASSE;SIM;AMPLIAÇÃO DE UNIDADE DE ATENÇÃO ESPECIALIZADA EM SAÚDE;Prestação de Contas Iniciada Por Antecipação;Organização da Sociedade Civil;24/11/2020;13/07/2027; 2.182.455,00 ; 2.182.455,00 ; 2.182.455,00 ; -   ; 461.011,63 ; -   ; 9.536,84 ;SIM;PENDENTE;MONITORAR  DESEMBOLSO;0%;PENDENTE;Indefinida;NÃO HOUVE DESEMBOLSO;11/09/2027;;0;Baixa Execução;PENDENTE;0,00%;PENDENTE;NÃO INCLUÍDOS;FNS: 91,85%   |  Convenente: 100,00%;SEM INFORMAÇÃO;SEM IFORMAÇÃO;Fiscal Não Identificado;25000066660202036;0,732843;;;Sem Vínculo;-; ;2020;0,00;Acima de 365 dias;Até 90 dias;Sim;NÃO;INDEFINIDO;46239
899507;https://discricionarias.transferegov.sistema.gov.br/voluntarias/ConsultarProposta/ResultadoDaConsultaDePropostaDetalharProposta.do?idProposta=1555830&Usr=guest&Pwd=guest;PB;JOÃO PESSOA;09124165000140;INSTITUTO WALFREDO GUEDES PEREIRA;CONTRATO DE REPASSE;SIM;REFORMA DE UNIDADE DE ATENÇÃO ESPECIALIZADA EM SAÚDE;Em execução;Organização da Sociedade Civil;06/12/2021;26/06/2023; 399.750,00 ; 399.750,00 ; 399.750,00 ; -   ; 169.771,63 ; -   ; 5.697,26 ;SIM;ANALISADOS;REL.ANALISADOS-APROVADOS;95,4545454545455%;PENDENTE;Indefinida;ANALISAR FIN. ENVIAR TEC;07/01/2026;10/04/2024;0;Execução Avançada;NT EMITIDA;50,00%;PENDENTE;INCLUÍDOS;FNS: 84,44%   |  Convenente: 100,00%;RECOLHIDO;CANCELADO;Fiscal Não Identificado;25000069292202088;0,732585;;;Sem Vínculo;-; ;2020;0,00;Negativo;-;-;NÃO;INDEFINIDO;*
900657;https://discricionarias.transferegov.sistema.gov.br/voluntarias/ConsultarProposta/ResultadoDaConsultaDePropostaDetalharProposta.do?idProposta=1554111&Usr=guest&Pwd=guest;PB;JOÃO PESSOA;09112236000194;FUNDACAO NAPOLEAO LAUREANO;CONVENIO;SIM;AQUISIÇÃO DE EQUIPAMENTO E MATERIAL PERMANENTE;Prestação de Contas Concluída;Organização da Sociedade Civil;16/12/2020;11/06/2022; 501.906,00 ; -   ; 459.261,00 ; 1.906,00 ; 80.000,00 ; -   ; 199,81 ;SIM;ANALISADOS;RELATÓRIOS ANALISADOS;96,2962962962963%;EMITIDO.;Indefinida;PRESTAÇÃO DE CONTAS ANALISADA;10/08/2022;;0;Execução Total;PENDENTE;83,33%;PT EMITIDO;NÃO INCLUÍDOS;FNS: 80,00%   |  Convenente: 100,00%;RECOLHIDO;CANCELADO;BARTOLOMEU;25000069298202055;0,733417;;;31/12/2025;-; ;2020;1.750,63;Negativo;-;-;NÃO;INDEFINIDO;*
900659;https://discricionarias.transferegov.sistema.gov.br/voluntarias/ConsultarProposta/ResultadoDaConsultaDePropostaDetalharProposta.do?idProposta=1555633&Usr=guest&Pwd=guest;PB;JOÃO PESSOA;09112236000194;FUNDACAO NAPOLEAO LAUREANO;CONVENIO;SIM;AQUISIÇÃO DE EQUIPAMENTO E MATERIAL PERMANENTE;Prestação de Contas Concluída;Organização da Sociedade Civil;16/12/2020;11/06/2022; 201.065,00 ; -   ; 168.872,00 ; 1.065,00 ; -   ; 118.964,04 ; -   ;NÃO;ANALISADOS;RELATÓRIOS ANALISADOS;96,2962962962963%;EMITIDO.;Indefinida;PRESTAÇÃO DE CONTAS ANALISADA;10/08/2022;;0;Execução Total;PENDENTE;83,33%;PT EMITIDO;NÃO INCLUÍDOS;FNS: 50,57%   |  Convenente: 0,00%;RECOLHIDO;CANCELADO;BARTOLOMEU;25000066661202081;-;;;31/12/2025;-; ;2020;899,63;Negativo;-;-;NÃO;INDEFINIDO;*
900661;https://discricionarias.transferegov.sistema.gov.br/voluntarias/ConsultarProposta/ResultadoDaConsultaDePropostaDetalharProposta.do?idProposta=1555630&Usr=guest&Pwd=guest;PB;JOÃO PESSOA;08667206000181;INSTITUTO SAO JOSE;CONVENIO;SIM;AQUISIÇÃO DE EQUIPAMENTO E MATERIAL PERMANENTE;Prestação de Contas Concluída;Organização da Sociedade Civil;13/01/2022;30/11/2026; 100.000,00 ; -   ; 80.000,00 ; -   ; 397.000,00 ; -   ; 11,87 ;NÃO;PENDENTE;MONITORAR  DESEMBOLSO;0%;PENDENTE;Indefinida;NÃO HOUVE DESEMBOLSO;29/01/2027;;0;Baixa Execução;PENDENTE;0,00%;PENDENTE;NÃO INCLUÍDOS;FNS: 86,14%   |  Convenente: 99,62%;SEM INFORMAÇÃO;SEM IFORMAÇÃO;JOSIELY;25000153472202047;-;;;31/12/2025;-; ;2020;0,00;Sem Desembolso;-;-;NÃO;INDEFINIDO;*
900663;https://discricionarias.transferegov.sistema.gov.br/voluntarias/ConsultarProposta/ResultadoDaConsultaDePropostaDetalharProposta.do?idProposta=1554116&Usr=guest&Pwd=guest;PB;JOÃO PESSOA;09124165000140;INSTITUTO WALFREDO GUEDES PEREIRA;CONVENIO;SIM;AQUISIÇÃO DE EQUIPAMENTO E MATERIAL PERMANENTE;Em execução;Administração Pública Municipal;31/12/2020;01/04/2025; 249.136,00 ; 249.136,00 ; 126.000,00 ; -   ; 846.403,79 ; -   ; 15.084,87 ;SIM;PENDENTE;MONITORAR  DESEMBOLSO;0%;PENDENTE;Indefinida;NÃO HOUVE DESEMBOLSO;31/05/2025;;0;Baixa Execução;PENDENTE;0,00%;PENDENTE;NÃO INCLUÍDOS;FNS: 84,76%   |  Convenente: 99,86%;SEM INFORMAÇÃO;SEM IFORMAÇÃO;FRANCIBERTO;25000166384202013;0,705994;;;31/12/2025;-; ;2020;0,00;Negativo;-;-;NÃO;INDEFINIDO;*
904886;https://discricionarias.transferegov.sistema.gov.br/voluntarias/ConsultarProposta/ResultadoDaConsultaDePropostaDetalharProposta.do?idProposta=1593453&Usr=guest&Pwd=guest;PB;CAMPINA GRANDE;08841421000157;FUNDACAO ASSISTENCIAL DA PARAIBA- FAP;CONVENIO;SIM;AQUISIÇÃO DE EQUIPAMENTO E MATERIAL PERMANENTE PARA ATENÇÃO ESPECIALIZADA EM SAÚDE;Prestação de Contas em Análise;Organização da Sociedade Civil;29/09/2021;21/04/2023; 460.855,00 ; -   ; 387.650,00 ; 10.855,00 ; 3.449.210,33 ; -   ; 17.303,67 ;SIM;ANALISADOS;RELATÓRIOS ANALISADOS;88,8888888888889%;PENDENTE;Indefinida;COBRAR PRESTAÇÃO DE CONTAS;12/10/2023;;0;Execução Total;NT EMITIDA;50,00%;PENDENTE;INCLUÍDOS;FNS: 86,23%   |  Convenente: 100,00%;RECOLHIDO;CANCELADO;BARTOLOMEU;25000153479202069;0,676189;;;31/12/2025;1028; ;2020;10.855,00;Negativo;-;-;NÃO;INDEFINIDO;46239
905310;https://discricionarias.transferegov.sistema.gov.br/voluntarias/ConsultarProposta/ResultadoDaConsultaDePropostaDetalharProposta.do?idProposta=1595682&Usr=guest&Pwd=guest;PB;CAMPINA GRANDE;06101061000121;FUNDACAO PEDRO AMERICO;CONVENIO;SIM;AQUISIÇÃO DE EQUIPAMENTO E MATERIAL PERMANENTE;Prestação de Contas em Análise;Organização da Sociedade Civil;26/08/2021;20/02/2023; 999.965,00 ; -   ; 847.560,00 ; 4,00 ; -   ; -   ; -   ;NÃO;PENDENTE;MONITORAR  DESEMBOLSO;0%;PENDENTE;Indefinida;NÃO HOUVE DESEMBOLSO;07/08/2026;;0;Baixa Execução;PENDENTE;0,00%;PENDENTE;NÃO INCLUÍDOS;FNS: 0,00%   |  Convenente: -;SEM INFORMAÇÃO;SEM IFORMAÇÃO;JULIO;22013;-;;;31/12/2025;-2; ;2020;4,00;Negativo;-;-;NÃO;INDEFINIDO;46239
905419;https://discricionarias.transferegov.sistema.gov.br/voluntarias/ConsultarProposta/ResultadoDaConsultaDePropostaDetalharProposta.do?idProposta=1593656&Usr=guest&Pwd=guest;PB;CAMPINA GRANDE;06101061000121;FUNDACAO PEDRO AMERICO;CONVENIO;SIM;AQUISIÇÃO DE EQUIPAMENTO E MATERIAL PERMANENTE;Prestação de Contas em Análise;Organização da Sociedade Civil;07/06/2022;31/03/2024; 4.000.000,00 ; -   ; 3.449.210,35 ; -   ; 335.548,84 ; -   ; 94.496,09 ;NÃO;PENDENTE;MONITORAR  DESEMBOLSO;0%;PENDENTE;Indefinida;NÃO HOUVE DESEMBOLSO;18/07/2025;;0;Baixa Execução;PENDENTE;0,00%;PENDENTE;NÃO INCLUÍDOS;FNS: 100,00%   |  Convenente: 83,92%;SEM INFORMAÇÃO;SEM IFORMAÇÃO;JULIO;28133;-;;;31/12/2025;383; ;2020;0,00;Negativo;-;-;NÃO;INDEFINIDO;46239
905654;https://discricionarias.transferegov.sistema.gov.br/voluntarias/ConsultarProposta/ResultadoDaConsultaDePropostaDetalharProposta.do?idProposta=1602437&Usr=guest&Pwd=guest;PB;CAMPINA GRANDE;08841421000157;FUNDACAO ASSISTENCIAL DA PARAIBA- FAP;CONTRATO DE REPASSE;SIM;REFORMA DE UNIDADE DE ATENÇÃO ESPECIALIZADA EM SAÚDE;Em execução;Organização da Sociedade Civil;23/11/2021;21/04/2024; 600.000,00 ; -   ; -   ; -   ; 126.500,00 ; -   ; 1.545,61 ;NÃO;PENDENTE;MONITORAR  DESEMBOLSO;0%;PENDENTE;Indefinida;NÃO HOUVE DESEMBOLSO;01/05/2025;;0;Baixa Execução;PENDENTE;0,00%;PENDENTE;NÃO INCLUÍDOS;FNS: 54,54%   |  Convenente: 100,00%;SEM INFORMAÇÃO;SEM IFORMAÇÃO;Fiscal Não Identificado;25000111604202144;-;;;Sem Vínculo;-; ;2020;0,00;Negativo;-;-;NÃO;INDEFINIDO;*
908016;https://discricionarias.transferegov.sistema.gov.br/voluntarias/ConsultarProposta/ResultadoDaConsultaDePropostaDetalharProposta.do?idProposta=1614838&Usr=guest&Pwd=guest;PB;REMÍGIO;11376311000176;FUNDO MUNICIPAL DE SAUDE - REMIGIO - PB;CONTRATO DE REPASSE;SIM;AMPLIAÇÃO DE CENTRO DE ESPECIALIDADES ODONTOLÓGICAS;Prestação de Contas Concluída;Organização da Sociedade Civil;23/11/2021;21/04/2024; 399.840,00 ; 399.840,00 ; 399.840,00 ; -   ; 132.953,00 ; -   ; 914,85 ;SIM;PENDENTE;MONITORAR  DESEMBOLSO;0%;PENDENTE;Indefinida;NÃO HOUVE DESEMBOLSO;02/07/2026;;0;Baixa Execução;PENDENTE;0,00%;PENDENTE;NÃO INCLUÍDOS;FNS: 63,33%   |  Convenente: 100,00%;SEM INFORMAÇÃO;SEM IFORMAÇÃO;Fiscal Não Identificado;25000104552202150;0,733429;;;Sem Vínculo;-; ;2020;0,00;Negativo;-;-;NÃO;INDEFINIDO;*
912294;https://discricionarias.transferegov.sistema.gov.br/voluntarias/ConsultarProposta/ResultadoDaConsultaDePropostaDetalharProposta.do?idProposta=1681662&Usr=guest&Pwd=guest;PB;UIRAÚNA;00684095000100;ASSOC DE PROTECAO ASSIST SAUDE E EDUCACAO DE UIRAUNA PB;CONVENIO;SIM;AQUISIÇÃO DE EQUIPAMENTO E MATERIAL PERMANENTE PARA ATENÇÃO ESPECIALIZADA EM SAÚDE;Prestação de Contas Concluída;Organização da Sociedade Civil;23/11/2021;21/04/2024; 231.948,00 ; -   ; 109.076,00 ; 31.948,00 ; 204.000,00 ; -   ; 6.028,37 ;NÃO;PENDENTE;MONITORAR  DESEMBOLSO;0%;PENDENTE;Indefinida;NÃO HOUVE DESEMBOLSO;21/02/2025;;0;Baixa Execução;PENDENTE;0,00%;PENDENTE;NÃO INCLUÍDOS;FNS: 99,59%   |  Convenente: 100,00%;SEM INFORMAÇÃO;SEM IFORMAÇÃO;JOSIELY;25000127372202146;-;;;31/12/2025;-; ;2021;17.424,00;Negativo;-;-;NÃO;INDEFINIDO;*
912345;https://discricionarias.transferegov.sistema.gov.br/voluntarias/ConsultarProposta/ResultadoDaConsultaDePropostaDetalharProposta.do?idProposta=1674939&Usr=guest&Pwd=guest;PB;JOÃO PESSOA;08667206000181;INSTITUTO SAO JOSE;CONVENIO;SIM;AQUISIÇÃO DE EQUIPAMENTO E MATERIAL PERMANENTE PARA ATENÇÃO ESPECIALIZADA EM SAÚDE;Prestação de Contas em Análise;Administração Pública Municipal;31/12/2021;31/12/2026; 209.930,00 ; -   ; 132.953,00 ; -   ; 165.000,00 ; -   ; 3.374,08 ;NÃO;PENDENTE;MONITORAR  DESEMBOLSO;0%;PENDENTE;Indefinida;NÃO HOUVE DESEMBOLSO;01/03/2027;;0;Baixa Execução;PENDENTE;0,00%;PENDENTE;NÃO INCLUÍDOS;FNS: 80,55%   |  Convenente: 100,00%;SEM INFORMAÇÃO;SEM IFORMAÇÃO;JOSIELY;25000127379202168;-;;;19/12/2025;-208; ;2021;0,00;Até 90 dias;Até 90 dias;Não;NÃO;INDEFINIDO;46239
915674;https://discricionarias.transferegov.sistema.gov.br/voluntarias/ConsultarProposta/ResultadoDaConsultaDePropostaDetalharProposta.do?idProposta=1690213&Usr=guest&Pwd=guest;PB;CAMPINA GRANDE;08841421000157;FUNDACAO ASSISTENCIAL DA PARAIBA- FAP;CONVENIO;NÃO;AQUISIÇÃO DE EQUIPAMENTO E MATERIAL PERMANENTE PARA ATENÇÃO ESPECIALIZADA EM SAÚDE;Prestação de Contas Concluída;Organização da Sociedade Civil;07/12/2021;15/03/2024; 204.840,00 ; -   ; 199.180,00 ; 4.840,00 ; 328.200,00 ; -   ; 6.367,33 ;NÃO;PENDENTE;MONITORAR  DESEMBOLSO;0%;PENDENTE;Indefinida;NÃO HOUVE DESEMBOLSO;21/09/2025;;0;Baixa Execução;PENDENTE;0,00%;PENDENTE;NÃO INCLUÍDOS;FNS: 79,88%   |  Convenente: 100,00%;SEM INFORMAÇÃO;SEM IFORMAÇÃO;JOSIELY;25000127385202115;-;;;31/12/2025;-; ;2021;4.820,00;Negativo;-;-;NÃO;INDEFINIDO;*
916726;https://discricionarias.transferegov.sistema.gov.br/voluntarias/ConsultarProposta/ResultadoDaConsultaDePropostaDetalharProposta.do?idProposta=1690216&Usr=guest&Pwd=guest;PB;JOÃO PESSOA;09124165000140;INSTITUTO WALFREDO GUEDES PEREIRA;CONVENIO;SIM;AQUISIÇÃO DE EQUIPAMENTO E MATERIAL PERMANENTE PARA ATENÇÃO ESPECIALIZADA EM SAÚDE;Prestação de Contas Concluída;Administração Pública Municipal;31/12/2021;30/09/2026; 204.840,00 ; -   ; 161.101,00 ; 4.840,00 ; 165.000,00 ; -   ; 3.374,08 ;NÃO;PENDENTE;MONITORAR  DESEMBOLSO;0%;PENDENTE;Indefinida;NÃO HOUVE DESEMBOLSO;29/11/2026;;0;Baixa Execução;PENDENTE;0,00%;PENDENTE;NÃO INCLUÍDOS;FNS: 80,55%   |  Convenente: 100,00%;SEM INFORMAÇÃO;SEM IFORMAÇÃO;JOSIELY;25000127390202128;-;;;31/12/2025;-; ;2021;3.899,00;Até 90 dias;Acima de 180 até 365 dias;Não;NÃO;INDEFINIDO;*
916727;https://discricionarias.transferegov.sistema.gov.br/voluntarias/ConsultarProposta/ResultadoDaConsultaDePropostaDetalharProposta.do?idProposta=1690219&Usr=guest&Pwd=guest;PB;JOÃO PESSOA;09124165000140;INSTITUTO WALFREDO GUEDES PEREIRA;CONVENIO;SIM;AQUISIÇÃO DE EQUIPAMENTO E MATERIAL PERMANENTE PARA ATENÇÃO ESPECIALIZADA EM SAÚDE;Prestação de Contas em Análise;Administração Pública Municipal;31/12/2021;31/12/2026; 410.868,00 ; -   ; 319.518,00 ; 10.868,00 ; 1.222.252,49 ; 93.781,01 ; -   ;NÃO;PENDENTE;MONITORAR  DESEMBOLSO;0%;PENDENTE;Indefinida;NÃO HOUVE DESEMBOLSO;01/03/2027;;0;Baixa Execução;PENDENTE;0,00%;PENDENTE;NÃO INCLUÍDOS;FNS: 61,15%   |  Convenente: 91,31%;SEM INFORMAÇÃO;SEM IFORMAÇÃO;FRANCIBERTO;456682021;-;;;12/05/2024;-208; ;2021;8.682,00;Até 90 dias;Até 90 dias;Não;NÃO;INDEFINIDO;46239
916728;https://discricionarias.transferegov.sistema.gov.br/voluntarias/ConsultarProposta/ResultadoDaConsultaDePropostaDetalharProposta.do?idProposta=1690221&Usr=guest&Pwd=guest;PB;JOÃO PESSOA;09124165000140;INSTITUTO WALFREDO GUEDES PEREIRA;CONVENIO;SIM;AQUISIÇÃO DE EQUIPAMENTO E MATERIAL PERMANENTE PARA ATENÇÃO ESPECIALIZADA EM SAÚDE;Prestação de Contas em Análise;Administração Pública Municipal;31/12/2021;31/12/2026; 204.840,00 ; -   ; 161.101,00 ; 4.840,00 ; 425.000,00 ; -   ; 2.974,86 ;NÃO;PENDENTE;MONITORAR  DESEMBOLSO;0%;PENDENTE;Indefinida;NÃO HOUVE DESEMBOLSO;01/03/2027;;0;Baixa Execução;PENDENTE;0,00%;PENDENTE;NÃO INCLUÍDOS;FNS: 100,00%   |  Convenente: 100,00%;SEM INFORMAÇÃO;SEM IFORMAÇÃO;JOSIELY;25000154554202190;-;;;31/12/2025;-208; ;2021;3.899,00;Até 90 dias;Até 90 dias;Não;NÃO;INDEFINIDO;46239
917592;https://discricionarias.transferegov.sistema.gov.br/voluntarias/ConsultarProposta/ResultadoDaConsultaDePropostaDetalharProposta.do?idProposta=1707643&Usr=guest&Pwd=guest;PB;POMBAL;10602526000103;FUNDO MUNICIPAL DE SAUDE;CONTRATO DE REPASSE;SIM;CONSTRUÇÃO DE UNIDADE DE ATENÇÃO ESPECIALIZADA EM SAÚDE;Em execução;Organização da Sociedade Civil;28/12/2021;09/12/2023; 2.112.441,07 ; 1.998.838,00 ; 1.222.258,40 ; 113.603,07 ; 1.066.783,19 ; 786.540,13 ; -   ;NÃO;PENDENTE;MONITORAR  DESEMBOLSO;0%;PENDENTE;Indefinida;NÃO HOUVE DESEMBOLSO;04/02/2025;;0;Baixa Execução;PENDENTE;0,00%;PENDENTE;NÃO INCLUÍDOS;FNS: 100,00%   |  Convenente: 71,15%;SEM INFORMAÇÃO;SEM IFORMAÇÃO;Fiscal Não Identificado;467552021;-;;;Sem Vínculo;-; ;2021;116.271,62;Negativo;-;-;NÃO;INDEFINIDO;*
917762;https://discricionarias.transferegov.sistema.gov.br/voluntarias/ConsultarProposta/ResultadoDaConsultaDePropostaDetalharProposta.do?idProposta=1707664&Usr=guest&Pwd=guest;PB;JOÃO PESSOA;09142183000154;INSTITUTO DOS CEGOS DA PARAIBA ADALGISA CUNHA;CONVENIO;SIM;AQUISIÇÃO DE UNIDADE MÓVEL DE SAÚDE;Prestação de Contas Concluída;Administração Pública Municipal;31/12/2021;30/06/2026; 425.000,00 ; 268.667,00 ; 268.667,00 ; 156.333,00 ; 2.613.883,96 ; 340.008,50 ; -   ;NÃO;PENDENTE;MONITORAR  DESEMBOLSO;0%;PENDENTE;Indefinida;NÃO HOUVE DESEMBOLSO;26/11/2025;;0;Baixa Execução;PENDENTE;0,00%;PENDENTE;NÃO INCLUÍDOS;FNS: 52,28%   |  Convenente: 83,37%;SEM INFORMAÇÃO;SEM IFORMAÇÃO;FRANCIBERTO;467572021;-;;;16/05/2024;-; ;2021;156.333,00;Negativo;-;-;NÃO;INDEFINIDO;*
918050;https://discricionarias.transferegov.sistema.gov.br/voluntarias/ConsultarProposta/ResultadoDaConsultaDePropostaDetalharProposta.do?idProposta=1711104&Usr=guest&Pwd=guest;PB;CONCEIÇÃO;05497410000103;FUNDO MUNICIPAL DE SAUDE DE CONCEICAO;CONTRATO DE REPASSE;SIM;REFORMA DE UNIDADE DE ATENÇÃO ESPECIALIZADA EM SAÚDE;Em execução;Administração Pública Municipal;31/12/2021;31/12/2026; 1.499.388,00 ; 1.499.388,00 ; 1.499.388,00 ; -   ; 4.128.128,29 ; 1.012.404,43 ; -   ;NÃO;PENDENTE;MONITORAR  DESEMBOLSO;0%;PENDENTE;Indefinida;NÃO HOUVE DESEMBOLSO;01/03/2027;;0;Baixa Execução;PENDENTE;0,00%;PENDENTE;NÃO INCLUÍDOS;FNS: 51,60%   |  Convenente: 82,02%;SEM INFORMAÇÃO;SEM IFORMAÇÃO;Fiscal Não Identificado;484192021;-;;;Sem Vínculo;-; ;2021;0,00;Até 90 dias;Acima de 180 até 365 dias;Não;NÃO;INDEFINIDO;*
918052;https://discricionarias.transferegov.sistema.gov.br/voluntarias/ConsultarProposta/ResultadoDaConsultaDePropostaDetalharProposta.do?idProposta=1711109&Usr=guest&Pwd=guest;PB;UIRAÚNA;10435066000168;FUNDO MUNICIPAL DE SAUDE;CONTRATO DE REPASSE;SIM;CONSTRUÇÃO DE UNIDADE DE ATENÇÃO ESPECIALIZADA EM SAÚDE;Em execução;Administração Pública Municipal;31/12/2021;25/09/2026; 5.648.059,04 ; 4.999.800,00 ; 2.613.921,72 ; 648.259,04 ; 85.475,80 ; -   ; 26.407,24 ;NÃO;PENDENTE;MONITORAR  DESEMBOLSO;0%;PENDENTE;Indefinida;NÃO HOUVE DESEMBOLSO;24/11/2026;;0;Baixa Execução;PENDENTE;0,00%;PENDENTE;NÃO INCLUÍDOS;FNS: 51,59%   |  Convenente: 51,59%;SEM INFORMAÇÃO;SEM IFORMAÇÃO;Fiscal Não Identificado;25000166449202101;-;;;Sem Vínculo;-; ;2021;521.467,66;Sem Desembolso;-;-;NÃO;INDEFINIDO;*
918715;https://discricionarias.transferegov.sistema.gov.br/voluntarias/ConsultarProposta/ResultadoDaConsultaDePropostaDetalharProposta.do?idProposta=1715255&Usr=guest&Pwd=guest;PB;PATOS;11242822000103;FUNDO MUNICIPAL DE SAUDE;CONTRATO DE REPASSE;SIM;CONSTRUÇÃO DE UNIDADE DE ATENÇÃO ESPECIALIZADA EM SAÚDE;Em execução;Organização da Sociedade Civil;01/08/2022;21/12/2024; 9.212.137,82 ; 8.000.000,00 ; 4.127.958,96 ; 1.212.137,82 ; 729.465,19 ; -   ; 104.296,45 ;NÃO;ANALISADOS;REL.ANALISADOS-APROVADOS;100%;EMITIDO.;Indefinida;PARECER DA PLATAFORMA EMITIDO ANÁLISE CONVENCIONAL;31/03/2025;25/06/2024;0;Execução Total;NT EMITIDA;100,00%;PT EMITIDO;INCLUÍDOS;FNS: 100,00%   |  Convenente: 92,91%;RECOLHIDO;CANCELADO;Fiscal Não Identificado;518662021;-;;;Sem Vínculo;-; ;2021;904.929,11;Negativo;-;-;NÃO;INDEFINIDO;*
918938;https://discricionarias.transferegov.sistema.gov.br/voluntarias/ConsultarProposta/ResultadoDaConsultaDePropostaDetalharProposta.do?idProposta=1715355&Usr=guest&Pwd=guest;PB;UIRAÚNA;12721072000107;ASSOC BENEFICENTE CONEGO MANOEL VIEIRA DA COSTA;CONVENIO;SIM;AQUISIÇÃO DE EQUIPAMENTO E MATERIAL PERMANENTE PARA ATENÇÃO ESPECIALIZADA EM SAÚDE;Prestação de Contas Concluída;Administração Pública Municipal;31/12/2021;31/12/2026; 199.996,00 ; -   ; 103.185,80 ; -   ; 542.771,94 ; 667.717,20 ; -   ;NÃO;PENDENTE;MONITORAR  DESEMBOLSO;0%;PENDENTE;Indefinida;NÃO HOUVE DESEMBOLSO;01/03/2027;;0;Baixa Execução;PENDENTE;0,00%;PENDENTE;NÃO INCLUÍDOS;FNS: 100,00%   |  Convenente: 46,91%;SEM INFORMAÇÃO;SEM IFORMAÇÃO;JOSIELY;522862021;-;;;31/12/2025;-; ;2021;62.499,83;Até 90 dias;Acima de 180 até 365 dias;Não;NÃO;INDEFINIDO;*
921426;https://discricionarias.transferegov.sistema.gov.br/voluntarias/ConsultarProposta/ResultadoDaConsultaDePropostaDetalharProposta.do?idProposta=1727437&Usr=guest&Pwd=guest;PB;ÁGUA BRANCA;10502869000198;FUNDO MUNICIPAL DE SAUDE DE AGUA BRANCA;CONTRATO DE REPASSE;SIM;REFORMA DE UNIDADE DE ATENÇÃO ESPECIALIZADA EM SAÚDE;Prestação de Contas Concluída;Organização da Sociedade Civil;30/12/2021;03/02/2027; 785.115,00 ; 111.354,78 ; 785.115,00 ; -   ; -   ; -   ; -   ;NÃO;PENDENTE;MONITORAR  DESEMBOLSO;0%;PENDENTE;Indefinida;NÃO HOUVE DESEMBOLSO;04/04/2027;;0;Baixa Execução;PENDENTE;0,00%;PENDENTE;NÃO INCLUÍDOS;FNS: 0,00%   |  Convenente: -;SEM INFORMAÇÃO;SEM IFORMAÇÃO;Fiscal Não Identificado;528312021;-;;;Sem Vínculo;-; ;2021;0,00;Acima de 180 até 365 dias;Acima de 365 dias;Sim;NÃO;INDEFINIDO;*
921786;https://discricionarias.transferegov.sistema.gov.br/voluntarias/ConsultarProposta/ResultadoDaConsultaDePropostaDetalharProposta.do?idProposta=1728404&Usr=guest&Pwd=guest;PB;JOÃO PESSOA;08715618000140;FUNDO MUNICIPAL DE SAUDE;CONTRATO DE REPASSE;SIM;AMPLIAÇÃO DE CENTRO DE CONTROLE DE ZOONOSES;Em execução;Organização da Sociedade Civil;31/12/2021;17/12/2023; 1.709.420,00 ; 900.000,00 ; 900.000,00 ; 809.420,00 ; 77.425,00 ; -   ; 869,95 ;NÃO;PENDENTE;MONITORAR  DESEMBOLSO;0%;PENDENTE;Indefinida;NÃO HOUVE DESEMBOLSO;26/12/2023;;0;Baixa Execução;PENDENTE;0,00%;PENDENTE;NÃO INCLUÍDOS;FNS: 77,31%   |  Convenente: 98,89%;SEM INFORMAÇÃO;SEM IFORMAÇÃO;Fiscal Não Identificado;25000183284202124;-;;;Sem Vínculo;-; ;2021;257.005,56;Negativo;-;-;NÃO;INDEFINIDO;*
922080;https://discricionarias.transferegov.sistema.gov.br/voluntarias/ConsultarProposta/ResultadoDaConsultaDePropostaDetalharProposta.do?idProposta=1729344&Usr=guest&Pwd=guest;PB;JOÃO PESSOA;08715618000140;FUNDO MUNICIPAL DE SAUDE;CONTRATO DE REPASSE;NÃO;REFORMA DE CENTRO DE CONTROLE DE ZOONOSES;Em execução;Organização da Sociedade Civil;31/12/2021;13/12/2025; 802.000,00 ; 300.000,00 ; -   ; 502.000,00 ; 1.729.677,83 ; 70.642,05 ; -   ;NÃO;PENDENTE;MONITORAR  DESEMBOLSO;0%;PENDENTE;Indefinida;NÃO HOUVE DESEMBOLSO;11/02/2026;;0;Baixa Execução;PENDENTE;0,00%;PENDENTE;NÃO INCLUÍDOS;FNS: 21,60%   |  Convenente: 99,93%;SEM INFORMAÇÃO;SEM IFORMAÇÃO;Fiscal Não Identificado;550432021;-;;;Sem Vínculo;-; ;2021;0,00;Negativo;-;-;NÃO;INDEFINIDO;*
922420;https://discricionarias.transferegov.sistema.gov.br/voluntarias/ConsultarProposta/ResultadoDaConsultaDePropostaDetalharProposta.do?idProposta=1727071&Usr=guest&Pwd=guest;PB;CAMPINA GRANDE;08841421000157;FUNDACAO ASSISTENCIAL DA PARAIBA- FAP;CONVENIO;SIM;AQUISIÇÃO DE EQUIPAMENTO E MATERIAL PERMANENTE PARA ATENÇÃO ESPECIALIZADA EM SAÚDE;Prestação de Contas Concluída;Organização da Sociedade Civil;07/06/2022;21/12/2023; 100.152,00 ; -   ; 77.307,00 ; 152,00 ; 262.846,95 ; 52.035,97 ; -   ;NÃO;ANALISADOS;RELATÓRIOS ANALISADOS;100%;EMITIDO.;4ª Prioridade;ANALISAR PC + ANÁLISE ECONÔMICA;19/02/2024;;0;Execução Total;NT EMITIDA;100,00%;PT EMITIDO;INCLUÍDOS;FNS: 65,89%   |  Convenente: 88,81%;RECOLHIDO;CANCELADO;BARTOLOMEU;25000186748202154;-;;;16/07/2024;-; ;2021;989,27;Negativo;-;-;NÃO;4ª Prioridade;*
923889;https://discricionarias.transferegov.sistema.gov.br/voluntarias/ConsultarProposta/ResultadoDaConsultaDePropostaDetalharProposta.do?idProposta=1733368&Usr=guest&Pwd=guest;PB;PEDRAS DE FOGO;10490987000123;FUNDO MUNICIPAL DE SAUDE;CONTRATO DE REPASSE;SIM;CONCLUSÃO DE UNIDADE DE ATENÇÃO ESPECIALIZADA EM SAÚDE;Em execução;Organização da Sociedade Civil;30/12/2021;21/02/2024; 8.002.815,52 ; 8.000.000,00 ; 1.728.000,00 ; 2.815,52 ; 163.000,00 ; -   ; 5.108,73 ;SIM;PENDENTE;MONITORAR  DESEMBOLSO;0%;PENDENTE;Indefinida;NÃO HOUVE DESEMBOLSO;21/04/2024;;0;Baixa Execução;PENDENTE;0,00%;PENDENTE;NÃO INCLUÍDOS;FNS: 83,59%   |  Convenente: 97,40%;SEM INFORMAÇÃO;SEM IFORMAÇÃO;Fiscal Não Identificado;25000186639202137;0,735446;;;Sem Vínculo;-; ;2021;2.815,52;Negativo;-;-;NÃO;INDEFINIDO;*
923975;https://discricionarias.transferegov.sistema.gov.br/voluntarias/ConsultarProposta/ResultadoDaConsultaDePropostaDetalharProposta.do?idProposta=1732182&Usr=guest&Pwd=guest;PB;CAMPINA GRANDE;70097894000165;ASSOC DE PAIS E AMIGOS DOS EXCEPCIONAIS DE C GRANDE;CONVENIO;SIM;AQUISIÇÃO DE EQUIPAMENTO E MATERIAL PERMANENTE PARA UNIDADE DE ATENÇÃO ESPECIALIZADA EM SAÚDE;Em execução;Organização da Sociedade Civil;31/12/2021;27/01/2027; 449.183,00 ; 153.216,33 ; 295.966,67 ; -   ; 816.141,22 ; -   ; 57.652,37 ;NÃO;PENDENTE;MONITORAR  DESEMBOLSO;0%;PENDENTE;Indefinida;NÃO HOUVE DESEMBOLSO;28/03/2027;;0;Baixa Execução;PENDENTE;0,00%;PENDENTE;NÃO INCLUÍDOS;FNS: 99,92%   |  Convenente: 8,28%;SEM INFORMAÇÃO;SEM IFORMAÇÃO;JULIO;25000187228202169;-;;;06/07/2027;-; ;2021;0,00;Acima de 365 dias;Acima de 365 dias;Sim;NÃO;INDEFINIDO;*
923981;https://discricionarias.transferegov.sistema.gov.br/voluntarias/ConsultarProposta/ResultadoDaConsultaDePropostaDetalharProposta.do?idProposta=1732160&Usr=guest&Pwd=guest;PB;JOÃO PESSOA;09112236000194;FUNDACAO NAPOLEAO LAUREANO;CONVENIO;SIM;AQUISIÇÃO DE EQUIPAMENTO E MATERIAL PERMANENTE PARA ATENÇÃO ESPECIALIZADA EM SAÚDE;Prestação de Contas Concluída;Organização da Sociedade Civil;31/12/2021;10/02/2026; 200.337,00 ; -   ; 163.000,00 ; 5.337,00 ; 1.390.000,00 ; -   ; 51.615,44 ;NÃO;PENDENTE;MONITORAR  DESEMBOLSO;0%;PENDENTE;Indefinida;NÃO HOUVE DESEMBOLSO;11/04/2026;;0;Baixa Execução;PENDENTE;0,00%;PENDENTE;NÃO INCLUÍDOS;FNS: 94,91%   |  Convenente: 100,00%;SEM INFORMAÇÃO;SEM IFORMAÇÃO;JOSIELY;25000187225202125;-;;;11/05/2023;-; ;2021;4.343,00;Negativo;-;-;NÃO;INDEFINIDO;*
924066;https://discricionarias.transferegov.sistema.gov.br/voluntarias/ConsultarProposta/ResultadoDaConsultaDePropostaDetalharProposta.do?idProposta=1733455&Usr=guest&Pwd=guest;PB;JOÃO PESSOA;09112236000194;FUNDACAO NAPOLEAO LAUREANO;CONVENIO;SIM;AQUISIÇÃO DE EQUIPAMENTO E MATERIAL PERMANENTE PARA ATENÇÃO ESPECIALIZADA EM SAÚDE;Prestação de Contas em Análise;Organização da Sociedade Civil;31/12/2021;17/03/2026; 9.862.386,00 ; -   ; 9.720.044,00 ; 134.997,00 ; 672.345,00 ; -   ; 15.189,71 ;NÃO;PENDENTE;MONITORAR  DESEMBOLSO;0%;PENDENTE;Indefinida;NÃO HOUVE DESEMBOLSO;16/05/2026;;0;Baixa Execução;PENDENTE;0,00%;PENDENTE;NÃO INCLUÍDOS;FNS: 96,97%   |  Convenente: 100,00%;SEM INFORMAÇÃO;SEM IFORMAÇÃO;JULIO;25000187923202121;-;;;07/05/2025;81; ;2021;134.896,38;Negativo;-;-;NÃO;INDEFINIDO;46239
924075;https://discricionarias.transferegov.sistema.gov.br/voluntarias/ConsultarProposta/ResultadoDaConsultaDePropostaDetalharProposta.do?idProposta=1733263&Usr=guest&Pwd=guest;PB;CAMPINA GRANDE;08841421000157;FUNDACAO ASSISTENCIAL DA PARAIBA- FAP;CONVENIO;SIM;AQUISIÇÃO DE EQUIPAMENTO E MATERIAL PERMANENTE PARA ATENÇÃO ESPECIALIZADA EM SAÚDE;Prestação de Contas Concluída;Organização da Sociedade Civil;31/12/2021;09/12/2025; 1.464.524,00 ; -   ; 1.044.025,00 ; 364.524,00 ; 12.085.063,92 ; 361.785,65 ; -   ;NÃO;PENDENTE;MONITORAR  DESEMBOLSO;0%;PENDENTE;Indefinida;NÃO HOUVE DESEMBOLSO;07/02/2026;;0;Baixa Execução;PENDENTE;0,00%;PENDENTE;NÃO INCLUÍDOS;FNS: 89,24%   |  Convenente: 100,00%;SEM INFORMAÇÃO;SEM IFORMAÇÃO;JOSIELY;25000188131202173;-;;;31/12/2025;-; ;2021;345.975,00;Negativo;-;-;NÃO;INDEFINIDO;*
924546;https://discricionarias.transferegov.sistema.gov.br/voluntarias/ConsultarProposta/ResultadoDaConsultaDePropostaDetalharProposta.do?idProposta=1734321&Usr=guest&Pwd=guest;PB;CAMPINA GRANDE;06101061000121;FUNDACAO PEDRO AMERICO;CONVENIO;SIM;AQUISIÇÃO DE EQUIPAMENTO E MATERIAL PERMANENTE PARA ATENÇÃO ESPECIALIZADA EM SAÚDE;Prestação de Contas em Análise;Organização da Sociedade Civil;31/12/2021;17/12/2023; 693.342,00 ; -   ; 672.345,00 ; -   ; 2.671.051,50 ; 51.402,46 ; -   ;NÃO;PENDENTE;MONITORAR  DESEMBOLSO;0%;PENDENTE;Indefinida;NÃO HOUVE DESEMBOLSO;24/07/2026;;0;Baixa Execução;PENDENTE;0,00%;PENDENTE;NÃO INCLUÍDOS;FNS: 84,02%   |  Convenente: 100,00%;SEM INFORMAÇÃO;SEM IFORMAÇÃO;JULIO;25000188129202102;-;;;18/11/2023;12; ;2021;0,00;Negativo;-;-;NÃO;INDEFINIDO;46239
924907;https://discricionarias.transferegov.sistema.gov.br/voluntarias/ConsultarProposta/ResultadoDaConsultaDePropostaDetalharProposta.do?idProposta=1734984&Usr=guest&Pwd=guest;PB;CAMPINA GRANDE;06101061000121;FUNDACAO PEDRO AMERICO;CONVENIO;SIM;AQUISIÇÃO DE EQUIPAMENTO E MATERIAL PERMANENTE PARA ATENÇÃO ESPECIALIZADA EM SAÚDE;Em execução;Organização da Sociedade Civil;31/12/2021;12/12/2025; 13.542.719,00 ; 13.542.719,00 ; 12.085.063,94 ; -   ; 7.044.566,85 ; -   ; 184.011,28 ;NÃO;PENDENTE;MONITORAR  DESEMBOLSO;0%;PENDENTE;Indefinida;NÃO HOUVE DESEMBOLSO;10/02/2026;;0;Baixa Execução;PENDENTE;0,00%;PENDENTE;NÃO INCLUÍDOS;FNS: 97,86%   |  Convenente: 97,45%;SEM INFORMAÇÃO;SEM IFORMAÇÃO;FRANCIBERTO;25000188589202122;-;;;10/07/2025;-; ;2021;0,00;Negativo;-;-;NÃO;INDEFINIDO;*
924911;https://discricionarias.transferegov.sistema.gov.br/voluntarias/ConsultarProposta/ResultadoDaConsultaDePropostaDetalharProposta.do?idProposta=1734971&Usr=guest&Pwd=guest;PB;CAMPINA GRANDE;06101061000121;FUNDACAO PEDRO AMERICO;CONVENIO;SIM;AQUISIÇÃO DE EQUIPAMENTO E MATERIAL PERMANENTE PARA ATENÇÃO ESPECIALIZADA EM SAÚDE;Prestação de Contas enviada para Análise;Organização da Sociedade Civil;31/12/2021;08/12/2025; 3.222.387,50 ; 507.986,50 ; 2.671.051,50 ; 43.349,50 ; 3.048.969,62 ; -   ; 75.384,71 ;NÃO;ANALISADOS;REL.ANALISADOS-APROVADOS;100%;PENDENTE;Indefinida;ANALISAR FIN. ENVIAR TEC;29/04/2026;28/11/2025;0;Execução Total;NT EMITIDA;50,00%;PENDENTE;INCLUÍDOS;FNS: 98,20%   |  Convenente: 97,54%;RECOLHIDO;CANCELADO;JULIO;25000188603202198;-;;;14/05/2025;250; ;2021;0,00;Negativo;-;-;NÃO;INDEFINIDO;250
924954;https://discricionarias.transferegov.sistema.gov.br/voluntarias/ConsultarProposta/ResultadoDaConsultaDePropostaDetalharProposta.do?idProposta=1735442&Usr=guest&Pwd=guest;PB;CAMPINA GRANDE;06101061000121;FUNDACAO PEDRO AMERICO;CONVENIO;SIM;AQUISIÇÃO DE EQUIPAMENTO E MATERIAL PERMANENTE PARA ATENÇÃO ESPECIALIZADA EM SAÚDE;Prestação de Contas enviada para Análise;Organização da Sociedade Civil;26/06/2023;16/05/2027; 7.198.601,00 ; -   ; 7.044.566,85 ; -   ; 1.909.145,00 ; -   ; 21.701,48 ;NÃO;PENDENTE;AGUARDAR EXECUÇÃO;86,3636363636364%;PENDENTE;Indefinida;MONITORAR A EXECUÇÃO;15/07/2027;;0;Execução Avançada;PENDENTE;0,00%;PENDENTE;NÃO INCLUÍDOS;FNS: 95,88%   |  Convenente: 98,88%;SEM INFORMAÇÃO;SEM IFORMAÇÃO;FRANCIBERTO;25000188607202176;-;;;31/03/2026;-344; ;2021;184.011,28;Acima de 180 até 365 dias;Acima de 180 até 365 dias;Sim;NÃO;INDEFINIDO;46239
924956;https://discricionarias.transferegov.sistema.gov.br/voluntarias/ConsultarProposta/ResultadoDaConsultaDePropostaDetalharProposta.do?idProposta=1735465&Usr=guest&Pwd=guest;PB;CAMPINA GRANDE;06101061000121;FUNDACAO PEDRO AMERICO;CONVENIO;SIM;AQUISIÇÃO DE EQUIPAMENTO E MATERIAL PERMANENTE PARA ATENÇÃO ESPECIALIZADA EM SAÚDE;Prestação de Contas em Análise;Organização da Sociedade Civil;15/06/2022;14/06/2027; 3.109.719,44 ; -   ; 2.999.139,44 ; 55.596,44 ; 1.751.959,76 ; 43.181,51 ; -   ;NÃO;PENDENTE;MONITORAR  DESEMBOLSO;0%;PENDENTE;4ª Prioridade;NÃO HOUVE DESEMBOLSO;13/08/2027;;0;Baixa Execução;PENDENTE;0,00%;PENDENTE;NÃO INCLUÍDOS;FNS: 97,32%   |  Convenente: 100,00%;SEM INFORMAÇÃO;SEM IFORMAÇÃO;FRANCIBERTO;25000188597202179;-;;;19/06/2025;-373; ;2021;126.587,17;Acima de 90 até 180 dias;Acima de 180 até 365 dias;Não;NÃO;4ª Prioridade;46239
924957;https://discricionarias.transferegov.sistema.gov.br/voluntarias/ConsultarProposta/ResultadoDaConsultaDePropostaDetalharProposta.do?idProposta=1735466&Usr=guest&Pwd=guest;PB;CAMPINA GRANDE;06101061000121;FUNDACAO PEDRO AMERICO;CONVENIO;SIM;AQUISIÇÃO DE EQUIPAMENTO E MATERIAL PERMANENTE PARA ATENÇÃO ESPECIALIZADA EM SAÚDE;Prestação de Contas em Análise;Organização da Sociedade Civil;14/10/2022;19/09/2026; 1.991.178,00 ; -   ; 1.909.145,00 ; -   ; 5.690.396,18 ; -   ; 99.199,44 ;NÃO;PENDENTE;AGUARDAR EXECUÇÃO;86,3636363636364%;PENDENTE;Indefinida;MONITORAR A EXECUÇÃO;18/11/2026;;0;Execução Avançada;PENDENTE;0,00%;PENDENTE;NÃO INCLUÍDOS;FNS: 82,47%   |  Convenente: 100,00%;SEM INFORMAÇÃO;SEM IFORMAÇÃO;JOSIELY;25000188756202135;-;;;31/12/2026;-105; ;2021;21.701,48;Acima de 365 dias;Acima de 180 até 365 dias;Sim;NÃO;INDEFINIDO;46239
924958;https://discricionarias.transferegov.sistema.gov.br/voluntarias/ConsultarProposta/ResultadoDaConsultaDePropostaDetalharProposta.do?idProposta=1735463&Usr=guest&Pwd=guest;PB;CAMPINA GRANDE;06101061000121;FUNDACAO PEDRO AMERICO;CONVENIO;SIM;AQUISIÇÃO DE EQUIPAMENTO E MATERIAL PERMANENTE PARA ATENÇÃO ESPECIALIZADA EM SAÚDE;Prestação de Contas enviada para Análise;Organização da Sociedade Civil;13/10/2022;26/05/2024; 1.800.226,00 ; 1.800.226,00 ; 1.751.959,76 ; -   ; 172.073,00 ; 2.579,22 ; -   ;NÃO;ANALISADOS;REL.ANALISADOS-APROVADOS;100%;EMITIDO.;Indefinida;PARECER DA PLATAFORMA EMITIDO ANÁLISE CONVENCIONAL;26/03/2025;28/05/2024;0;Execução Total;NT EMITIDA;100,00%;PT EMITIDO;INCLUÍDOS;FNS: 79,67%   |  Convenente: 99,47%;RECOLHIDO;CANCELADO;JULIO;25000061062202232;-;;;13/12/2024;799; ;2021;0,00;Negativo;-;-;NÃO;INDEFINIDO;799
925319;https://discricionarias.transferegov.sistema.gov.br/voluntarias/ConsultarProposta/ResultadoDaConsultaDePropostaDetalharProposta.do?idProposta=1735836&Usr=guest&Pwd=guest;PB;CAMPINA GRANDE;06101061000121;FUNDACAO PEDRO AMERICO;CONVENIO;SIM;AQUISIÇÃO DE EQUIPAMENTO E MATERIAL PERMANENTE PARA ATENÇÃO ESPECIALIZADA EM SAÚDE;Prestação de Contas em Análise;Administração Pública Municipal;30/11/2022;30/01/2027; 6.899.704,00 ; -   ; 5.690.398,07 ; -   ; 164.488,19 ; 416.701,69 ; -   ;NÃO;ANALISADOS;RELATÓRIOS ANALISADOS;96,1538461538462%;PENDENTE;Indefinida;COBRAR PRESTAÇÃO DE CONTAS;31/03/2027;;0;Execução Total;NT EMITIDA;50,00%;PENDENTE;INCLUÍDOS;FNS: 100,00%   |  Convenente: 30,67%;RECOLHIDO;CANCELADO;BARTOLOMEU;144662022;-;;;31/12/2025;-238; ;2021;1,89;Até 90 dias;Acima de 180 até 365 dias;Não;NÃO;INDEFINIDO;46239
929368;https://discricionarias.transferegov.sistema.gov.br/voluntarias/ConsultarProposta/ResultadoDaConsultaDePropostaDetalharProposta.do?idProposta=1761492&Usr=guest&Pwd=guest;PB;CAMPINA GRANDE;08841421000157;FUNDACAO ASSISTENCIAL DA PARAIBA- FAP;CONVENIO;SIM;AQUISIÇÃO DE EQUIPAMENTO E MATERIAL PERMANENTE PARA UNIDADE DE ATENÇÃO ESPECIALIZADA EM SAÚDE;Em execução;Administração Pública Municipal;29/11/2022;27/07/2026; 217.141,00 ; 215.613,00 ; 171.775,00 ; 1.528,00 ; 369.400,40 ; 253.920,35 ; -   ;NÃO;PENDENTE;AGUARDAR EXECUÇÃO;73,0769230769231%;PENDENTE;4ª Prioridade;MONITORAR EXECUÇÃO;25/09/2026;;0;Execução Satisfatória;PENDENTE;0,00%;PENDENTE;NÃO INCLUÍDOS;FNS: 84,70%   |  Convenente: 60,95%;SEM INFORMAÇÃO;SEM IFORMAÇÃO;BARTOLOMEU;25000065147202290;-;;;16/10/2027;-; ;2022;1.218,00;Negativo;-;-;NÃO;4ª Prioridade;*
929373;https://discricionarias.transferegov.sistema.gov.br/voluntarias/ConsultarProposta/ResultadoDaConsultaDePropostaDetalharProposta.do?idProposta=1769320&Usr=guest&Pwd=guest;PB;PITIMBU;10557425000150;FUNDO MUNICIPAL DE SAUDE DE PITIMBU;CONTRATO DE REPASSE;SIM;REFORMA DE UNIDADE DE ATENÇÃO ESPECIALIZADA EM SAÚDE;Em execução;Organização da Sociedade Civil;16/12/2022;16/12/2026; 536.400,00 ; 536.400,00 ; 536.400,00 ; -   ; 320.497,00 ; -   ; 4.439,98 ;NÃO;PENDENTE;MONITORAR  DESEMBOLSO;0%;PENDENTE;Indefinida;NÃO HOUVE DESEMBOLSO;14/02/2027;;0;Baixa Execução;PENDENTE;0,00%;PENDENTE;NÃO INCLUÍDOS;FNS: 64,07%   |  Convenente: 100,00%;SEM INFORMAÇÃO;SEM IFORMAÇÃO;Fiscal Não Identificado;25000067215202255;-;;;Sem Vínculo;-; ;2022;0,00;Negativo;-;-;NÃO;INDEFINIDO;*
929699;https://discricionarias.transferegov.sistema.gov.br/voluntarias/ConsultarProposta/ResultadoDaConsultaDePropostaDetalharProposta.do?idProposta=1764743&Usr=guest&Pwd=guest;PB;JOÃO PESSOA;09124165000140;INSTITUTO WALFREDO GUEDES PEREIRA;CONVENIO;SIM;AQUISIÇÃO DE EQUIPAMENTO E MATERIAL PERMANENTE PARA UNIDADE DE ATENÇÃO ESPECIALIZADA EM SAÚDE;Em execução;Organização da Sociedade Civil;21/12/2022;27/06/2024; 737.992,40 ; 715.552,00 ; 606.058,40 ; 22.440,40 ; 590.320,10 ; 191.043,08 ; -   ;NÃO;PENDENTE;AGUARDAR EXECUÇÃO;86,3636363636364%;PENDENTE;4ª Prioridade;MONITORAR A EXECUÇÃO;26/03/2025;29/02/2024;0;Execução Avançada;PENDENTE;0,00%;PENDENTE;NÃO INCLUÍDOS;FNS: 100,00%   |  Convenente: 80,11%;SEM INFORMAÇÃO;SEM IFORMAÇÃO;BARTOLOMEU;255352022;-;;;31/12/2025;-;Em ajuste cotação Eq. Hemodiális e - Deserta em 23/01/2025;2022;0,00;Negativo;-;-;NÃO;4ª Prioridade;*
929793;https://discricionarias.transferegov.sistema.gov.br/voluntarias/ConsultarProposta/ResultadoDaConsultaDePropostaDetalharProposta.do?idProposta=1767229&Usr=guest&Pwd=guest;PB;JOÃO PESSOA;09112236000194;FUNDACAO NAPOLEAO LAUREANO;CONVENIO;NÃO;AQUISIÇÃO DE EQUIPAMENTO E MATERIAL PERMANENTE PARA UNIDADE DE ATENÇÃO ESPECIALIZADA EM SAÚDE;Prestação de Contas Concluída;Administração Pública Estadual ou do Distrito Federal;30/12/2022;30/12/2025; 500.219,00 ; -   ; 320.356,00 ; 219,00 ; 174.387,52 ; 661.312,42 ; -   ;NÃO;ANALISADOS;MONITORAR EXECUÇÃO;100%;EMITIDO.;Indefinida;ANALISAR PC + ANÁLISE ECONÔMICA;28/02/2026;;0;Execução Total;NT EMITIDA;100,00%;PT EMITIDO;INCLUÍDOS;FNS: 100,00%   |  Convenente: 22,80%;RECOLHIDO;CANCELADO;BARTOLOMEU;255442022;-;;;10/10/2024;-;0;2022;141,00;Negativo;-;-;NÃO;INDEFINIDO;*
936013;https://discricionarias.transferegov.sistema.gov.br/voluntarias/ConsultarProposta/ResultadoDaConsultaDePropostaDetalharProposta.do?idProposta=1806797&Usr=guest&Pwd=guest;PB;ALAGOA NOVA;11838096000188;FUNDO MUNICIPAL DE SAUDE DE ALAGOA NOVA;CONTRATO DE REPASSE;NÃO;AMPLIAÇÃO DE UNIDADE DE ATENÇÃO ESPECIALIZADA EM SAÚDE;Em execução;Administração Pública Municipal;29/12/2022;27/08/2026; 756.000,00 ; 649.788,00 ; 649.788,00 ; 106.212,00 ; 1.349.071,80 ; -   ; 470.380,23 ;NÃO;PENDENTE;AGUARDAR EXECUÇÃO;68,1818181818182%;PENDENTE;Indefinida;MONITORAR A EXECUÇÃO;26/10/2026;;0;Execução Satisfatória;PENDENTE;0,00%;PENDENTE;NÃO INCLUÍDOS;FNS: 100,00%   |  Convenente: 74,81%;SEM INFORMAÇÃO;SEM IFORMAÇÃO;Fiscal Não Identificado;262692022;-;;;Sem Vínculo;-; ;2022;87.082,06;Acima de 365 dias;Acima de 365 dias;Sim;NÃO;INDEFINIDO;*
936029;https://discricionarias.transferegov.sistema.gov.br/voluntarias/ConsultarProposta/ResultadoDaConsultaDePropostaDetalharProposta.do?idProposta=1806861&Usr=guest&Pwd=guest;PB;JUNCO DO SERIDÓ;13069201000197;FUNDO MUNICIPAL DE SAUDE DE JUNCO DO SERIDO-PB;CONTRATO DE REPASSE;SIM;CONSTRUÇÃO DE UNIDADE DE ATENÇÃO ESPECIALIZADA EM SAÚDE;Aguardando Prestação de Contas;Organização da Sociedade Civil;27/12/2022;28/06/2024; 765.440,00 ; 764.640,00 ; 764.640,00 ; 800,00 ; 773.337,00 ; -   ; 11.002,62 ;NÃO;ANALISADOS;REL.ANALISADOS-APROVADOS;100%;EMITIDO.;Indefinida;PARECER DA PLATAFORMA EMITIDO ANÁLISE CONVENCIONAL;26/03/2025;02/09/2024;0;Execução Total;NT EMITIDA;100,00%;PT EMITIDO;INCLUÍDOS;FNS: 84,79%   |  Convenente: 98,60%;RECOLHIDO;CANCELADO;Fiscal Não Identificado;25000165089202201;-;;;Sem Vínculo;-; ;2022;211,38;Negativo;-;-;NÃO;INDEFINIDO;*
936402;https://discricionarias.transferegov.sistema.gov.br/voluntarias/ConsultarProposta/ResultadoDaConsultaDePropostaDetalharProposta.do?idProposta=1811744&Usr=guest&Pwd=guest;PB;CAMPINA GRANDE;06101061000121;FUNDACAO PEDRO AMERICO;CONTRATO DE REPASSE;SIM;REFORMA DE UNIDADE DE ATENÇÃO ESPECIALIZADA EM SAÚDE;Prestação de Contas Concluída;Organização da Sociedade Civil;29/12/2022;23/11/2026; 1.803.394,00 ; 1.803.394,00 ; 1.803.394,00 ; -   ; -   ; -   ; -   ;NÃO;PENDENTE;AGUARDAR EXECUÇÃO;86,3636363636364%;PENDENTE;Indefinida;MONITORAR A EXECUÇÃO;22/01/2027;;0;CONVÊNIO CONCLUÍDO;PENDENTE;0,00%;PENDENTE;NÃO INCLUÍDOS;FNS: 0,00%   |  Convenente: -;SEM INFORMAÇÃO;SEM IFORMAÇÃO;Fiscal Não Identificado;284622022;-;;;Sem Vínculo;-; ;2022;0,00;Acima de 365 dias;Acima de 365 dias;Sim;NÃO;INDEFINIDO;*
936850;https://discricionarias.transferegov.sistema.gov.br/voluntarias/ConsultarProposta/ResultadoDaConsultaDePropostaDetalharProposta.do?idProposta=1815851&Usr=guest&Pwd=guest;PB;CAMPINA GRANDE;06101061000121;FUNDACAO PEDRO AMERICO;CONVENIO;SIM;AQUISIÇÃO DE EQUIPAMENTO E MATERIAL PERMANENTE PARA UNIDADE DE ATENÇÃO ESPECIALIZADA EM SAÚDE;Prestação de Contas Concluída;Organização da Sociedade Civil;31/12/2022;15/02/2027; = ; -   ; 773.337,00 ; -   ; 202.735,00 ; 92.058,99 ; -   ;NÃO;ANALISADOS;REL.ANALISADOS-APROVADOS;100%;EMITIDO.;Indefinida;PARECER DA PLATAFORMA EMITIDO ANÁLISE CONVENCIONAL;16/04/2027;;0;CONVÊNIO CONCLUÍDO;NT EMITIDA;100,00%;PT EMITIDO;INCLUÍDOS;FNS: 54,90%   |  Convenente: 73,85%;RECOLHIDO;CANCELADO;BARTOLOMEU;25000171059202226;-;;;23/12/2024;-;  NT1 /2025   ParecerFin 19/2025 - NT  Equip 52/2026 Parecer Téc 86/2025;2022;11.002,62;Acima de 90 até 180 dias;Acima de 180 até 365 dias;Não;NÃO;INDEFINIDO;*
936908;https://discricionarias.transferegov.sistema.gov.br/voluntarias/ConsultarProposta/ResultadoDaConsultaDePropostaDetalharProposta.do?idProposta=1820237&Usr=guest&Pwd=guest;PB;JOÃO PESSOA;03609595000175;FUNDO ESTADUAL DE SAUDE DO ESTADO DA PARAIBA - FESEP;CONTRATO DE REPASSE;SIM;REFORMA DE UNIDADE DE ATENÇÃO ESPECIALIZADA EM SAÚDE;Convênio Rescindido;Organização da Sociedade Civil;27/12/2022;31/08/2024; 259.880,00 ; -   ; -   ; -   ; 1.779.300,00 ; -   ; 66.209,89 ;NÃO;ANALISADOS;REL.ANALISADOS-APROVADOS;100%;EMITIDO.;Indefinida;PARECER DA PLATAFORMA EMITIDO ANÁLISE CONVENCIONAL;04/05/2025;10/04/2024;0;Execução Total;NT EMITIDA;100,00%;PT EMITIDO;INCLUÍDOS;FNS: 60,90%   |  Convenente: 96,41%;RECOLHIDO;CANCELADO;Fiscal Não Identificado;25000174254202216;-;;;Sem Vínculo;-;0;2022;0,00;Negativo;-;-;NÃO;INDEFINIDO;*
937106;https://discricionarias.transferegov.sistema.gov.br/voluntarias/ConsultarProposta/ResultadoDaConsultaDePropostaDetalharProposta.do?idProposta=1818979&Usr=guest&Pwd=guest;PB;JOÃO PESSOA;35501733000194;INSTITUTO CANDIDA VARGAS;CONVENIO;SIM;AQUISIÇÃO DE EQUIPAMENTO E MATERIAL PERMANENTE PARA UNIDADE DE ATENÇÃO ESPECIALIZADA EM SAÚDE;Em execução;Organização da Sociedade Civil;28/12/2022;13/05/2026; 499.989,00 ; 225.484,00 ; 274.505,00 ; -   ; 324.000,00 ; 4.898,38 ; -   ;NÃO;PENDENTE;AGUARDAR EXECUÇÃO;68,1818181818182%;PENDENTE;4ª Prioridade;MONITORAR A EXECUÇÃO;12/07/2026;12/06/2026;0;Execução Satisfatória;PENDENTE;0,00%;PENDENTE;NÃO INCLUÍDOS;FNS: 75,75%   |  Convenente: 99,98%;SEM INFORMAÇÃO;SEM IFORMAÇÃO;BARTOLOMEU;25000174258202296;-;;;15/05/2025;-;ultima mov fina em fev/2024;2022;0,00;Negativo;-;-;NÃO;4ª Prioridade;*
937193;https://discricionarias.transferegov.sistema.gov.br/voluntarias/ConsultarProposta/ResultadoDaConsultaDePropostaDetalharProposta.do?idProposta=1821602&Usr=guest&Pwd=guest;PB;CAMPINA GRANDE;06101061000121;FUNDACAO PEDRO AMERICO;CONVENIO;SIM;AQUISIÇÃO DE EQUIPAMENTO E MATERIAL PERMANENTE PARA UNIDADE DE ATENÇÃO ESPECIALIZADA EM SAÚDE;Prestação de Contas Concluída;Organização da Sociedade Civil;28/12/2022;31/08/2024; 2.921.452,00 ; -   ; 1.779.300,00 ; -   ; 175.043,00 ; 7.597,61 ; -   ;NÃO;ANALISADOS;REL.ANALISADOS-APROVADOS;100%;EMITIDO.;Indefinida;PARECER DA PLATAFORMA EMITIDO ANÁLISE CONVENCIONAL;04/05/2025;04/06/2024;0;CONVÊNIO CONCLUÍDO;NT EMITIDA;100,00%;PT EMITIDO;INCLUÍDOS;FNS: 81,29%   |  Convenente: 100,00%;RECOLHIDO;CANCELADO;BARTOLOMEU;25000174252202219;-;;;27/12/2024;-;N T. 7 -   Parecer 18   Rel Fisc.  nº 02/2024  Equip -  Parecer Té 759 /2026;2022;66.209,89;Negativo;-;-;NÃO;INDEFINIDO;*
937198;https://discricionarias.transferegov.sistema.gov.br/voluntarias/ConsultarProposta/ResultadoDaConsultaDePropostaDetalharProposta.do?idProposta=1821625&Usr=guest&Pwd=guest;PB;SANTA RITA;09433715000102;FUNDACAO GOVERNADOR FLAVIO RIBEIRO COUTINHO;CONVENIO;SIM;AQUISIÇÃO DE EQUIPAMENTO E MATERIAL PERMANENTE PARA UNIDADE DE ATENÇÃO ESPECIALIZADA EM SAÚDE;Em execução;Organização da Sociedade Civil;28/12/2022;12/12/2025; 427.730,00 ; -   ; 323.825,00 ; 230,00 ; 1.343.759,00 ; -   ; 11.955,17 ;NÃO;PENDENTE;AGUARDAR EXECUÇÃO;86,3636363636364%;PENDENTE;Indefinida;MONITORAR A EXECUÇÃO;08/08/2026;06/02/2026;0;Execução Avançada;PENDENTE;0,00%;PENDENTE;NÃO INCLUÍDOS;FNS: 83,34%   |  Convenente: 100,00%;SEM INFORMAÇÃO;SEM IFORMAÇÃO;BARTOLOMEU;25000174247202214;-;;;15/08/2025;-;Solic Ajuste de PT 1/2024 e Prorrogação ;2022;230,00;Negativo;-;-;NÃO;INDEFINIDO;*
937202;https://discricionarias.transferegov.sistema.gov.br/voluntarias/ConsultarProposta/ResultadoDaConsultaDePropostaDetalharProposta.do?idProposta=1821566&Usr=guest&Pwd=guest;PB;JOÃO PESSOA;09112236000194;FUNDACAO NAPOLEAO LAUREANO;CONVENIO;NÃO;AQUISIÇÃO DE EQUIPAMENTO E MATERIAL PERMANENTE PARA UNIDADE DE ATENÇÃO ESPECIALIZADA EM SAÚDE;Em execução;Organização da Sociedade Civil;26/06/2023;05/12/2026; 215.344,00 ; 215.344,00 ; 175.043,00 ; -   ; 780.739,02 ; -   ; 8.033,84 ;NÃO;PENDENTE;AGUARDAR EXECUÇÃO;73,0769230769231%;PENDENTE;4ª Prioridade;MONITORAR EXECUÇÃO;03/02/2027;;0;Execução Satisfatória;PENDENTE;0,00%;PENDENTE;NÃO INCLUÍDOS;FNS: 99,15%   |  Convenente: 100,00%;SEM INFORMAÇÃO;SEM IFORMAÇÃO;BARTOLOMEU;25000175195202295;-;;;31/12/2026;-; ;2022;0,00;Sem Desembolso;-;-;NÃO;4ª Prioridade;*
937204;https://discricionarias.transferegov.sistema.gov.br/voluntarias/ConsultarProposta/ResultadoDaConsultaDePropostaDetalharProposta.do?idProposta=1821562&Usr=guest&Pwd=guest;PB;CAMPINA GRANDE;06101061000121;FUNDACAO PEDRO AMERICO;CONVENIO;NÃO;AQUISIÇÃO DE EQUIPAMENTO E MATERIAL PERMANENTE PARA UNIDADE DE ATENÇÃO ESPECIALIZADA EM SAÚDE;Prestação de Contas Concluída;Organização da Sociedade Civil;30/12/2022;07/10/2026; 1.612.452,00 ; -   ; 1.343.759,80 ; -   ; 645.291,00 ; -   ; 7.269,06 ;NÃO;ANALISADOS;REL.ANALISADOS-APROVADOS;100%;EMITIDO.;4ª Prioridade;PARECER DA PLATAFORMA EMITIDO ANÁLISE CONVENCIONAL;06/12/2026;;0;CONVÊNIO CONCLUÍDO;NT EMITIDA;100,00%;PT EMITIDO;INCLUÍDOS;FNS: 96,64%   |  Convenente: 100,00%;RECOLHIDO;CANCELADO;BARTOLOMEU;25000175789202204;-;;;30/08/2024;-;Nota Técnica 2  Parecer 20 Parecer Tec 866/2025 NT Equip 24/2026;2022;0,00;Até 90 dias;Até 90 dias;Não;NÃO;4ª Prioridade;*
937471;https://discricionarias.transferegov.sistema.gov.br/voluntarias/ConsultarProposta/ResultadoDaConsultaDePropostaDetalharProposta.do?idProposta=1822761&Usr=guest&Pwd=guest;PB;CAMPINA GRANDE;06101061000121;FUNDACAO PEDRO AMERICO;CONVENIO;SIM;AQUISIÇÃO DE EQUIPAMENTO E MATERIAL PERMANENTE PARA UNIDADE DE ATENÇÃO ESPECIALIZADA EM SAÚDE;Prestação de Contas em Análise;Organização da Sociedade Civil;30/12/2022;12/06/2026; 787.468,00 ; 6.728,98 ; 780.739,02 ; -   ; 1.564.663,08 ; -   ; 21.298,69 ;NÃO;PENDENTE;COBRAR RELATÓRIOS;100%;PENDENTE;Indefinida;ANALISAR: FINANC, ENV AREA TEC e ELAB P. EQ.;11/08/2026;26/06/2026;0;Execução Total;PENDENTE;0,00%;PENDENTE;NÃO INCLUÍDOS;FNS: 91,06%   |  Convenente: 98,66%;RECOLHIDO;SEM IFORMAÇÃO;BARTOLOMEU;25000175790202221;-;;;21/05/2025;40;Pedido de Canc. de Resto a pagar Despacho 0056513347;2022;0,00;Negativo;-;-;NÃO;INDEFINIDO;40
937488;https://discricionarias.transferegov.sistema.gov.br/voluntarias/ConsultarProposta/ResultadoDaConsultaDePropostaDetalharProposta.do?idProposta=1823517&Usr=guest&Pwd=guest;PB;CAMPINA GRANDE;06101061000121;FUNDACAO PEDRO AMERICO;CONVENIO;SIM;AQUISIÇÃO DE EQUIPAMENTO E MATERIAL PERMANENTE PARA UNIDADE DE ATENÇÃO ESPECIALIZADA EM SAÚDE;Prestação de Contas Concluída;Organização da Sociedade Civil;30/12/2022;19/03/2025; 667.737,00 ; -   ; 645.291,00 ; -   ; -   ; -   ; -   ;NÃO;ANALISADOS;REL.ANALISADOS-APROVADOS;100%;EMITIDO.;4ª Prioridade;PARECER DA PLATAFORMA EMITIDO ANÁLISE CONVENCIONAL;18/05/2025;18/05/2025;0;CONVÊNIO CONCLUÍDO;NT EMITIDA;100,00%;PT EMITIDO;INCLUÍDOS;FNS: 0,00%   |  Convenente: -;RECOLHIDO;CANCELADO;BARTOLOMEU;25000177769202260;-;;;02/09/2024;-;Nota Técnica 4   Parecer 23/2025  - NT Equip 56/2026 - Par Tec 803/803/2025;2022;0,00;Negativo;-;-;NÃO;4ª Prioridade;*
937489;https://discricionarias.transferegov.sistema.gov.br/voluntarias/ConsultarProposta/ResultadoDaConsultaDePropostaDetalharProposta.do?idProposta=1823518&Usr=guest&Pwd=guest;PB;CAMPINA GRANDE;06101061000121;FUNDACAO PEDRO AMERICO;CONVENIO;SIM;AQUISIÇÃO DE EQUIPAMENTO E MATERIAL PERMANENTE PARA UNIDADE DE ATENÇÃO ESPECIALIZADA EM SAÚDE;Prestação de Contas em Complementação;Organização da Sociedade Civil;30/12/2022;13/05/2026; 1.718.316,00 ; 1.718.316,00 ; 1.564.663,08 ; -   ; 66.099,48 ; 4.818,43 ; -   ;NÃO;PENDENTE;COBRAR RELATÓRIOS;100%;PENDENTE;4ª Prioridade;ANALISAR: FINANC, ENV AREA TEC e ELAB P. EQ.;12/07/2026;18/06/2026;0;Diligenciado;PENDENTE;0,00%;PENDENTE;NÃO INCLUÍDOS;FNS: 51,65%   |  Convenente: 95,81%;RECOLHIDO;SEM IFORMAÇÃO;BARTOLOMEU;25000142344202230;-;;;02/09/2024;48;Pedido de Canc. de Resto a pagar Despacho 0056514042;2022;21.298,69;Negativo;-;-;NÃO;4ª Prioridade;48
938262;https://discricionarias.transferegov.sistema.gov.br/voluntarias/ConsultarProposta/ResultadoDaConsultaDePropostaDetalharProposta.do?idProposta=1828493&Usr=guest&Pwd=guest;PB;CAMPINA GRANDE;08841421000157;FUNDACAO ASSISTENCIAL DA PARAIBA- FAP;CONVENIO;SIM;AQUISIÇÃO DE EQUIPAMENTO E MATERIAL PERMANENTE PARA UNIDADE DE ATENÇÃO ESPECIALIZADA EM SAÚDE;Em execução;Organização da Sociedade Civil;30/12/2022;11/08/2026; 147.437,00 ; 147.437,00 ; -   ; -   ; 2.875.966,96 ; -   ; 54.125,96 ;NÃO;PENDENTE;AGUARDAR EXECUÇÃO;90,9090909090909%;PENDENTE;Indefinida;MONITORAR A EXECUÇÃO;10/10/2026;;0;Execução Avançada;PENDENTE;0,00%;PENDENTE;NÃO INCLUÍDOS;FNS: 98,97%   |  Convenente: 100,00%;SEM INFORMAÇÃO;SEM IFORMAÇÃO;Fiscal Não Identificado;25000177880202256;-;;;Sem Vínculo;-; ;2022;0,00;Acima de 90 até 180 dias;Acima de 365 dias;Sim;NÃO;INDEFINIDO;*
938289;https://discricionarias.transferegov.sistema.gov.br/voluntarias/ConsultarProposta/ResultadoDaConsultaDePropostaDetalharProposta.do?idProposta=1806478&Usr=guest&Pwd=guest;PB;SANTA RITA;09433715000102;FUNDACAO GOVERNADOR FLAVIO RIBEIRO COUTINHO;CONVENIO;SIM;AQUISIÇÃO DE EQUIPAMENTO E MATERIAL PERMANENTE PARA UNIDADE DE ATENÇÃO ESPECIALIZADA EM SAÚDE;Em execução;Organização da Sociedade Civil;31/12/2022;13/05/2026; 133.566,00 ; 133.566,00 ; 68.987,39 ; -   ; 572.997,20 ; -   ; 6.061,73 ;NÃO;PENDENTE;AGUARDAR EXECUÇÃO;40,9090909090909%;PENDENTE;4ª Prioridade;MONITORAR A EXECUÇÃO;12/07/2026;18/06/2026;0;Média Execução;PENDENTE;0,00%;PENDENTE;NÃO INCLUÍDOS;FNS: 81,82%   |  Convenente: 98,95%;SEM INFORMAÇÃO;SEM IFORMAÇÃO;BARTOLOMEU;25000177879202221;-;;;20/01/2026;-;Seg. Processo de Exec Andamento;2022;0,00;Negativo;-;-;NÃO;4ª Prioridade;*
938381;https://discricionarias.transferegov.sistema.gov.br/voluntarias/ConsultarProposta/ResultadoDaConsultaDePropostaDetalharProposta.do?idProposta=1828843&Usr=guest&Pwd=guest;PB;CAMPINA GRANDE;06101061000121;FUNDACAO PEDRO AMERICO;CONVENIO;SIM;AQUISIÇÃO DE EQUIPAMENTO E MATERIAL PERMANENTE PARA UNIDADE DE ATENÇÃO ESPECIALIZADA EM SAÚDE;Prestação de Contas em Análise;Administração Pública Municipal;28/11/2023;28/11/2026; 2.905.823,00 ; 29.855,24 ; 2.875.967,76 ; -   ; 3.421.071,58 ; -   ; 78.925,20 ;NÃO;PENDENTE;COBRAR RELATÓRIOS;84,6153846153846%;PENDENTE;Indefinida;COBRAR PRESTAÇÃO DE CONTAS;27/01/2027;;0;Execução Satisfatória;PENDENTE;0,00%;PENDENTE;NÃO INCLUÍDOS;FNS: 96,26%   |  Convenente: 100,00%;RECOLHIDO;SEM IFORMAÇÃO;BARTOLOMEU;25000178110202221;-;;;01/03/2025;-175;Pedido de Canc. de Resto a pagar Despacho 0056340521;2022;0,00;Até 90 dias;Acima de 180 até 365 dias;Não;NÃO;INDEFINIDO;46239
938382;https://discricionarias.transferegov.sistema.gov.br/voluntarias/ConsultarProposta/ResultadoDaConsultaDePropostaDetalharProposta.do?idProposta=1828839&Usr=guest&Pwd=guest;PB;CAMPINA GRANDE;06101061000121;FUNDACAO PEDRO AMERICO;CONVENIO;SIM;AQUISIÇÃO DE EQUIPAMENTO E MATERIAL PERMANENTE PARA UNIDADE DE ATENÇÃO ESPECIALIZADA EM SAÚDE;Prestação de Contas em Análise;Organização da Sociedade Civil;23/11/2023;23/11/2027; 700.317,00 ; -   ; 572.997,20 ; -   ; 645.046,86 ; 183.550,22 ; -   ;NÃO;ANALISADOS;RELATÓRIOS ANALISADOS;100%;EMITIDO.;4ª Prioridade;PRESTAÇÃO DE CONTAS ANALISADA;22/01/2028;;0;Execução Total;PENDENTE;66,67%;PT EMITIDO;NÃO INCLUÍDOS;FNS: 97,92%   |  Convenente: 80,43%;RECOLHIDO;CANCELADO;BARTOLOMEU;25000178105202218;-;;;22/07/2024;-535; NT 2   Parecer Fin 26/2025  Parecer Téc 863-2025;2022;6.061,73;Até 90 dias;Acima de 365 dias;Não;NÃO;4ª Prioridade;46239
938733;https://discricionarias.transferegov.sistema.gov.br/voluntarias/ConsultarProposta/ResultadoDaConsultaDePropostaDetalharProposta.do?idProposta=1829701&Usr=guest&Pwd=guest;PB;CAMPINA GRANDE;06101061000121;FUNDACAO PEDRO AMERICO;CONVENIO;SIM;AQUISIÇÃO DE EQUIPAMENTO E MATERIAL PERMANENTE PARA UNIDADE DE ATENÇÃO ESPECIALIZADA EM SAÚDE;Prestação de Contas em Análise;Organização da Sociedade Civil;18/12/2023;18/12/2026; 3.553.974,00 ; 3.553.974,00 ; 3.421.071,70 ; -   ; 1.220.631,13 ; -   ; 29.716,02 ;NÃO;PENDENTE;COBRAR RELATÓRIOS;84,6153846153846%;PENDENTE;Indefinida;COBRAR PRESTAÇÃO DE CONTAS;16/02/2027;;0;Execução Satisfatória;PENDENTE;0,00%;PENDENTE;NÃO INCLUÍDOS;FNS: 91,98%   |  Convenente: 99,42%;RECOLHIDO;SEM IFORMAÇÃO;BARTOLOMEU;25000178193202258;-;;;29/06/2025;-195;Pedido de Canc. de Resto a pagar Despacho 0056513773;2022;0,00;Até 90 dias;Acima de 90 até 180 dias;Não;NÃO;INDEFINIDO;46239
938735;https://discricionarias.transferegov.sistema.gov.br/voluntarias/ConsultarProposta/ResultadoDaConsultaDePropostaDetalharProposta.do?idProposta=1829700&Usr=guest&Pwd=guest;PB;CAMPINA GRANDE;06101061000121;FUNDACAO PEDRO AMERICO;CONVENIO;SIM;AQUISIÇÃO DE EQUIPAMENTO E MATERIAL PERMANENTE PARA UNIDADE DE ATENÇÃO ESPECIALIZADA EM SAÚDE;Em execução;Organização da Sociedade Civil;18/12/2023;18/12/2027; 819.083,00 ; 819.083,00 ; 802.046,86 ; -   ; 118.768,91 ; 609.676,14 ; -   ;NÃO;PENDENTE;AGUARDAR EXECUÇÃO;76,9230769230769%;PENDENTE;4ª Prioridade;MONITORAR EXECUÇÃO;16/02/2028;;0;Execução Satisfatória;PENDENTE;0,00%;PENDENTE;NÃO INCLUÍDOS;FNS: 100,00%   |  Convenente: 17,93%;SEM INFORMAÇÃO;SEM IFORMAÇÃO;BARTOLOMEU;364052023;-;;;29/06/2025;-;Solic Ajuste de PT 2/2025;2022;0,00;Sem Desembolso;-;-;NÃO;4ª Prioridade;*
939811;https://discricionarias.transferegov.sistema.gov.br/voluntarias/ConsultarProposta/ResultadoDaConsultaDePropostaDetalharProposta.do?idProposta=1830167&Usr=guest&Pwd=guest;PB;CAMPINA GRANDE;06101061000121;FUNDACAO PEDRO AMERICO;CONVENIO;SIM;AQUISIÇÃO DE EQUIPAMENTO E MATERIAL PERMANENTE PARA UNIDADE DE ATENÇÃO ESPECIALIZADA EM SAÚDE;Prestação de Contas em Análise;Organização da Sociedade Civil;18/12/2023;18/12/2027; 1.334.814,00 ; -   ; 1.227.719,13 ; -   ; 2.733.174,46 ; 627.721,19 ; -   ;NÃO;PENDENTE;COBRAR RELATÓRIOS;84,6153846153846%;PENDENTE;Indefinida;COBRAR PRESTAÇÃO DE CONTAS;16/02/2028;;0;Execução Satisfatória;PENDENTE;0,00%;PENDENTE;NÃO INCLUÍDOS;FNS: 77,52%   |  Convenente: 86,42%;RECOLHIDO;SEM IFORMAÇÃO;BARTOLOMEU;512102023;-;;;18/01/2025;-560;Pedido de Canc. de Resto a pagar Despacho 0056513632;2022;0,00;Até 90 dias;Até 90 dias;Não;NÃO;INDEFINIDO;46239
941797;https://discricionarias.transferegov.sistema.gov.br/voluntarias/ConsultarProposta/ResultadoDaConsultaDePropostaDetalharProposta.do?idProposta=1889269&Usr=guest&Pwd=guest;PB;SOUSA;05626697000124;FUNDO MUNICIPAL DE SAUDE DE SOUSA;CONTRATO DE REPASSE;SIM;CONSTRUÇÃO DE CENTRO DE ESPECIALIDADES ODONTOLÓGICAS;Em execução;Organização da Sociedade Civil;13/12/2023;12/11/2025; 662.500,00 ; 662.500,00 ; 662.500,00 ; -   ; 273.212,15 ; 273.934,22 ; -   ;NÃO;ANALISADOS;REL.ANALISADOS-APROVADOS;100%;EMITIDO.;Indefinida;EMITIR PARECER NA PLATAFORMA;26/03/2025;11/09/2024;0;Execução Total;NT EMITIDA;83,33%;PT EMITIDO;INCLUÍDOS;FNS: 100,00%   |  Convenente: 50,79%;RECOLHIDO;CANCELADO;Fiscal Não Identificado;569822023;-;;;Sem Vínculo;-;Pedido de Canc. de Resto a pagar Despacho 0056340521;2023;0,00;Negativo;-;-;NÃO;INDEFINIDO;*
944202;https://discricionarias.transferegov.sistema.gov.br/voluntarias/ConsultarProposta/ResultadoDaConsultaDePropostaDetalharProposta.do?idProposta=1913324&Usr=guest&Pwd=guest;PB;CAMPINA GRANDE;06101061000121;FUNDACAO PEDRO AMERICO;CONTRATO DE REPASSE;SIM;REFORMA DE UNIDADE DE ATENÇÃO ESPECIALIZADA EM SAÚDE;Em execução;Organização da Sociedade Civil;16/11/2023;16/12/2025; 4.079.490,00 ; 4.079.490,00 ; 3.162.617,03 ; -   ; -   ; -   ; -   ;NÃO;PENDENTE;MONITORAR  DESEMBOLSO;0%;PENDENTE;Indefinida;NÃO HOUVE DESEMBOLSO;14/02/2026;;0;Baixa Execução;PENDENTE;0,00%;PENDENTE;NÃO INCLUÍDOS;FNS: 0,00%   |  Convenente: -;SEM INFORMAÇÃO;SEM IFORMAÇÃO;Fiscal Não Identificado;569852023;-;;;Sem Vínculo;-;0;2023;0,00;Negativo;-;-;NÃO;INDEFINIDO;*
945989;https://discricionarias.transferegov.sistema.gov.br/voluntarias/ConsultarProposta/ResultadoDaConsultaDePropostaDetalharProposta.do?idProposta=1923235&Usr=guest&Pwd=guest;PB;JOÃO PESSOA;09112236000194;FUNDACAO NAPOLEAO LAUREANO;CONTRATO DE REPASSE;SIM;REFORMA DE UNIDADE DE ATENÇÃO ESPECIALIZADA EM SAÚDE;Em execução;Organização da Sociedade Civil;13/12/2023;12/12/2026; 537.890,00 ; 537.890,00 ; 537.890,00 ; -   ; -   ; 524.230,31 ; -   ;NÃO;PENDENTE;MONITORAR  DESEMBOLSO;0%;PENDENTE;Indefinida;NÃO HOUVE DESEMBOLSO;10/02/2027;;0;Baixa Execução;PENDENTE;0,00%;PENDENTE;NÃO INCLUÍDOS;FNS: 25,54%   |  Convenente: 0,00%;SEM INFORMAÇÃO;SEM IFORMAÇÃO;Fiscal Não Identificado;569882023;-;;;Sem Vínculo;-;0;2023;0,00;Acima de 365 dias;Acima de 365 dias;Sim;NÃO;INDEFINIDO;*
945991;https://discricionarias.transferegov.sistema.gov.br/voluntarias/ConsultarProposta/ResultadoDaConsultaDePropostaDetalharProposta.do?idProposta=1923238&Usr=guest&Pwd=guest;PB;JOÃO PESSOA;09112236000194;FUNDACAO NAPOLEAO LAUREANO;CONTRATO DE REPASSE;NÃO;REFORMA DE UNIDADE DE ATENÇÃO ESPECIALIZADA EM SAÚDE;Em execução;Organização da Sociedade Civil;09/11/2023;04/06/2027; 2.368.000,00 ; 1.858.880,00 ; -   ; 509.120,00 ; 98.676,00 ; -   ; 913,26 ;NÃO;PENDENTE;MONITORAR  DESEMBOLSO;0%;PENDENTE;Indefinida;NÃO HOUVE DESEMBOLSO;03/08/2027;;0;Baixa Execução;PENDENTE;0,00%;PENDENTE;NÃO INCLUÍDOS;FNS: 98,51%   |  Convenente: 100,00%;SEM INFORMAÇÃO;SEM IFORMAÇÃO;Fiscal Não Identificado;25000131477202361;-;;;Sem Vínculo;-;0;2023;0,00;Acima de 180 até 365 dias;Acima de 365 dias;Sim;NÃO;INDEFINIDO;*
945994;https://discricionarias.transferegov.sistema.gov.br/voluntarias/ConsultarProposta/ResultadoDaConsultaDePropostaDetalharProposta.do?idProposta=1923241&Usr=guest&Pwd=guest;PB;JOÃO PESSOA;09112236000194;FUNDACAO NAPOLEAO LAUREANO;CONTRATO DE REPASSE;SIM;REFORMA DE UNIDADE DE ATENÇÃO ESPECIALIZADA EM SAÚDE;Em execução;Organização da Sociedade Civil;29/12/2023;22/09/2026; 2.600.000,00 ; 2.036.000,00 ; 520.000,00 ; 564.000,00 ; 144.987,11 ; -   ; 1.707,66 ;NÃO;PENDENTE;MONITORAR  DESEMBOLSO;0%;PENDENTE;Indefinida;NÃO HOUVE DESEMBOLSO;21/11/2026;;0;Baixa Execução;PENDENTE;0,00%;PENDENTE;NÃO INCLUÍDOS;FNS: 63,71%   |  Convenente: 100,00%;SEM INFORMAÇÃO;SEM IFORMAÇÃO;Fiscal Não Identificado;25000086923202376;-;;;Sem Vínculo;-;0;2023;0,00;Sem Desembolso;-;-;NÃO;INDEFINIDO;*
947238;https://discricionarias.transferegov.sistema.gov.br/voluntarias/ConsultarProposta/ResultadoDaConsultaDePropostaDetalharProposta.do?idProposta=1918127&Usr=guest&Pwd=guest;PB;JOÃO PESSOA;09112236000194;FUNDACAO NAPOLEAO LAUREANO;CONVENIO;SIM;AQUISIÇÃO DE EQUIPAMENTO E MATERIAL PERMANENTE PARA UNIDADE DE ATENÇÃO ESPECIALIZADA EM SAÚDE;Prestação de Contas Concluída;Organização da Sociedade Civil;14/12/2023;14/12/2026; 100.170,00 ; -   ; 98.508,00 ; 170,00 ; 696.727,20 ; 58.074,43 ; -   ;NÃO;ANALISADOS;RELATÓRIOS ANALISADOS;103,846153846154%;EMITIDO.;4ª Prioridade;PRESTAÇÃO DE CONTAS ANALISADA;12/02/2027;;0;Execução Total;NT EMITIDA;83,33%;PT EMITIDO;INCLUÍDOS;FNS: 77,07%   |  Convenente: 94,06%;RECOLHIDO;CANCELADO;BARTOLOMEU;25000147637202394;-;;;15/09/2025;-;Nota Técnica 6 (SEI nº 0044157421)        Parecer Financeiro 25/2025    Parecer Téc. 20/2025  NT Equip. Não se Aplica;2023;168,00;Acima de 365 dias;Até 90 dias;Sim;NÃO;4ª Prioridade;*
947239;https://discricionarias.transferegov.sistema.gov.br/voluntarias/ConsultarProposta/ResultadoDaConsultaDePropostaDetalharProposta.do?idProposta=1889206&Usr=guest&Pwd=guest;PB;CAMPINA GRANDE;06101061000121;FUNDACAO PEDRO AMERICO;CONVENIO;SIM;AQUISIÇÃO DE EQUIPAMENTO E MATERIAL PERMANENTE PARA UNIDADE DE ATENÇÃO ESPECIALIZADA EM SAÚDE;Prestação de Contas enviada para Análise;Organização da Sociedade Civil;28/12/2023;30/09/2026; 227.577,00 ; 227.577,00 ; 144.987,11 ; -   ; 2.626.288,96 ; 85.196,60 ; -   ;NÃO;PENDENTE;AGUARDAR EXECUÇÃO;36,3636363636364%;PENDENTE;4ª Prioridade;MONITORAR A EXECUÇÃO;29/11/2026;;0;Baixa Execução;PENDENTE;0,00%;PENDENTE;NÃO INCLUÍDOS;FNS: 42,23%   |  Convenente: 99,34%;SEM INFORMAÇÃO;SEM IFORMAÇÃO;Fiscal Não Identificado;25000158766202316;-;;;Sem Vínculo;-116;0;2023;0,00;Acima de 180 até 365 dias;Acima de 365 dias;Sim;NÃO;4ª Prioridade;46239
947240;https://discricionarias.transferegov.sistema.gov.br/voluntarias/ConsultarProposta/ResultadoDaConsultaDePropostaDetalharProposta.do?idProposta=1924534&Usr=guest&Pwd=guest;PB;JOÃO PESSOA;09124165000140;INSTITUTO WALFREDO GUEDES PEREIRA;CONVENIO;SIM;AQUISIÇÃO DE EQUIPAMENTO E MATERIAL PERMANENTE PARA UNIDADE DE ATENÇÃO ESPECIALIZADA EM SAÚDE;Em execução;Administração Pública Municipal;29/12/2023;29/12/2026; 961.054,00 ; 951.683,00 ; 733.504,00 ; 9.371,00 ; -   ; -   ; -   ;NÃO;PENDENTE;MONITORAR  DESEMBOLSO;0%;PENDENTE;4ª Prioridade;NÃO HOUVE DESEMBOLSO;27/02/2027;;0;Baixa Execução;PENDENTE;0,00%;PENDENTE;NÃO INCLUÍDOS;FNS: 0,00%   |  Convenente: -;SEM INFORMAÇÃO;SEM IFORMAÇÃO;Fiscal Não Identificado;25000163036202329;-;;;Sem Vínculo;-;0;2023;7.223,00;Sem Desembolso;-;-;NÃO;4ª Prioridade;*
947472;https://discricionarias.transferegov.sistema.gov.br/voluntarias/ConsultarProposta/ResultadoDaConsultaDePropostaDetalharProposta.do?idProposta=1929859&Usr=guest&Pwd=guest;PB;JOÃO PESSOA;40980914000180;FUNDACAO JOSE LEITE DE SOUZA;CONVENIO;NÃO;AQUISIÇÃO DE EQUIPAMENTO E MATERIAL PERMANENTE PARA UNIDADE DE ATENÇÃO ESPECIALIZADA EM SAÚDE;Em execução;Administração Pública Municipal;28/12/2023;23/11/2027; 6.260.178,00 ; 6.000.000,00 ; 2.533.796,00 ; 260.178,00 ; 167.886,35 ; 107.020,55 ; -   ;NÃO;PENDENTE;AGUARDAR EXECUÇÃO;4,54545454545455%;PENDENTE;Indefinida;MONITORAR A EXECUÇÃO;22/01/2028;;0;Baixa Execução;PENDENTE;0,00%;PENDENTE;NÃO INCLUÍDOS;FNS: 90,52%   |  Convenente: 61,95%;SEM INFORMAÇÃO;SEM IFORMAÇÃO;Fiscal Não Identificado;25000156777202353;-;;;Sem Vínculo;-;0;2023;109.873,00;Até 90 dias;Até 90 dias;Não;NÃO;INDEFINIDO;*
949381;https://discricionarias.transferegov.sistema.gov.br/voluntarias/ConsultarProposta/ResultadoDaConsultaDePropostaDetalharProposta.do?idProposta=1931529&Usr=guest&Pwd=guest;PB;UIRAÚNA;12721072000107;ASSOC BENEFICENTE CONEGO MANOEL VIEIRA DA COSTA;CONVENIO;SIM;AQUISIÇÃO DE EQUIPAMENTO E MATERIAL PERMANENTE PARA UNIDADE DE ATENÇÃO ESPECIALIZADA EM SAÚDE;Em execução;Administração Pública Municipal;29/12/2023;29/12/2026; 199.829,00 ; 199.829,00 ; -   ; -   ; 225.000,00 ; 65.577,42 ; -   ;NÃO;PENDENTE;MONITORAR  DESEMBOLSO;0%;PENDENTE;4ª Prioridade;NÃO HOUVE DESEMBOLSO;27/02/2027;;0;Baixa Execução;PENDENTE;0,00%;PENDENTE;NÃO INCLUÍDOS;FNS: 63,30%   |  Convenente: 68,77%;SEM INFORMAÇÃO;SEM IFORMAÇÃO;Fiscal Não Identificado;25000163032202341;-;;;Sem Vínculo;-;0;2023;0,00;Até 90 dias;Até 90 dias;Não;NÃO;4ª Prioridade;*
949383;https://discricionarias.transferegov.sistema.gov.br/voluntarias/ConsultarProposta/ResultadoDaConsultaDePropostaDetalharProposta.do?idProposta=1928906&Usr=guest&Pwd=guest;PB;UIRAÚNA;00684095000100;ASSOC DE PROTECAO ASSIST SAUDE E EDUCACAO DE UIRAUNA PB;CONVENIO;NÃO;AQUISIÇÃO DE EQUIPAMENTO E MATERIAL PERMANENTE PARA UNIDADE DE ATENÇÃO ESPECIALIZADA EM SAÚDE;Em execução;Organização da Sociedade Civil;15/04/2024;26/12/2026; 340.201,35 ; 299.400,00 ; 271.021,35 ; 40.801,35 ; -   ; -   ; -   ;NÃO;PENDENTE;MONITORAR  DESEMBOLSO;0%;PENDENTE;4ª Prioridade;NÃO HOUVE DESEMBOLSO;24/02/2027;;0;Baixa Execução;PENDENTE;0,00%;PENDENTE;NÃO INCLUÍDOS;FNS: 0,00%   |  Convenente: -;SEM INFORMAÇÃO;SEM IFORMAÇÃO;Fiscal Não Identificado;702932023;-;;;Sem Vínculo;-;0;2023;0,00;Acima de 180 até 365 dias;Acima de 365 dias;Sim;NÃO;4ª Prioridade;*
949386;https://discricionarias.transferegov.sistema.gov.br/voluntarias/ConsultarProposta/ResultadoDaConsultaDePropostaDetalharProposta.do?idProposta=1931526&Usr=guest&Pwd=guest;PB;CAMPINA GRANDE;08806213000117;INSTITUTO SOCIAL DE ASSISTENCIA A SAUDE;CONVENIO;SIM;AQUISIÇÃO DE EQUIPAMENTO E MATERIAL PERMANENTE PARA UNIDADE DE ATENÇÃO ESPECIALIZADA EM SAÚDE;Em execução;Administração Pública Municipal;29/12/2023;29/12/2027; 516.933,00 ; 516.933,00 ; 327.193,47 ; -   ; -   ; 408.551,23 ; -   ;NÃO;PENDENTE;AGUARDAR EXECUÇÃO;30,7692307692308%;PENDENTE;4ª Prioridade;MONITORAR EXECUÇÃO;27/02/2028;;0;Baixa Execução;PENDENTE;0,00%;PENDENTE;NÃO INCLUÍDOS;FNS: 57,40%   |  Convenente: 0,00%;SEM INFORMAÇÃO;SEM IFORMAÇÃO;BARTOLOMEU;25000188128202311;-;;;19/07/2026;-;Aceites em duas cotações.;2023;0,00;Sem Desembolso;-;-;NÃO;4ª Prioridade;*
952338;https://discricionarias.transferegov.sistema.gov.br/voluntarias/ConsultarProposta/ResultadoDaConsultaDePropostaDetalharProposta.do?idProposta=1946964&Usr=guest&Pwd=guest;PB;SÃO JOSÉ DE CAIANA;10785644000196;FUNDO MUNICIPAL DE SAUDE DE SAO JOSE DE CAIANA;CONTRATO DE REPASSE;SIM;AMPLIAÇÃO DE UNIDADE DE ATENÇÃO ESPECIALIZADA EM SAÚDE;Em execução;Organização da Sociedade Civil;20/12/2024;30/09/2027; 569.538,00 ; 569.538,00 ; -   ; -   ; -   ; 974.445,93 ; -   ;NÃO;PENDENTE;MONITORAR  DESEMBOLSO;0%;PENDENTE;Indefinida;NÃO HOUVE DESEMBOLSO;29/11/2027;;0;Baixa Execução;PENDENTE;0,00%;PENDENTE;NÃO INCLUÍDOS;FNS: 100,00%   |  Convenente: 0,00%;SEM INFORMAÇÃO;SEM IFORMAÇÃO;Fiscal Não Identificado;721552023;-;;;Sem Vínculo;-;0;2023;0,00;Sem Desembolso;-;-;NÃO;INDEFINIDO;*
952921;https://discricionarias.transferegov.sistema.gov.br/voluntarias/ConsultarProposta/ResultadoDaConsultaDePropostaDetalharProposta.do?idProposta=1946924&Usr=guest&Pwd=guest;PB;JOÃO PESSOA;35501733000194;INSTITUTO CANDIDA VARGAS;CONVENIO;NÃO;AQUISIÇÃO DE EQUIPAMENTO E MATERIAL PERMANENTE PARA UNIDADE DE ATENÇÃO ESPECIALIZADA EM SAÚDE;Em execução;Administração Pública Estadual ou do Distrito Federal;26/06/2024;25/06/2028; 700.000,00 ; 700.000,00 ; 401.790,00 ; -   ; 8.797.000,00 ; 109.073,97 ; -   ;NÃO;PENDENTE;AGUARDAR EXECUÇÃO;3,84615384615385%;PENDENTE;Indefinida;MONITORAR EXECUÇÃO;24/08/2028;;0;Baixa Execução;PENDENTE;0,00%;PENDENTE;NÃO INCLUÍDOS;FNS: 99,96%   |  Convenente: 100,00%;SEM INFORMAÇÃO;SEM IFORMAÇÃO;BARTOLOMEU;25000186265202311;-;;;11/07/2026;-;Sem Movimentação Financeira;2023;0,00;Até 90 dias;Até 90 dias;Não;NÃO;INDEFINIDO;*
953559;https://discricionarias.transferegov.sistema.gov.br/voluntarias/ConsultarProposta/ResultadoDaConsultaDePropostaDetalharProposta.do?idProposta=1950381&Usr=guest&Pwd=guest;PB;PEDRAS DE FOGO;10490987000123;FUNDO MUNICIPAL DE SAUDE;CONTRATO DE REPASSE;NÃO;REFORMA DE UNIDADE DE ATENÇÃO ESPECIALIZADA EM SAÚDE;Em execução;Administração Pública Estadual ou do Distrito Federal;04/07/2024;03/07/2028; 961.400,00 ; 961.368,00 ; 961.368,00 ; 32,00 ; -   ; -   ; -   ;NÃO;PENDENTE;MONITORAR  DESEMBOLSO;0%;PENDENTE;Indefinida;NÃO HOUVE DESEMBOLSO;01/09/2028;;0;Baixa Execução;PENDENTE;0,00%;PENDENTE;NÃO INCLUÍDOS;FNS: 0,00%   |  Convenente: -;SEM INFORMAÇÃO;SEM IFORMAÇÃO;Fiscal Não Identificado;728812023;-;;;Sem Vínculo;-;0;2023;0,00;Sem Desembolso;-;-;NÃO;INDEFINIDO;*
954404;https://discricionarias.transferegov.sistema.gov.br/voluntarias/ConsultarProposta/ResultadoDaConsultaDePropostaDetalharProposta.do?idProposta=1945610&Usr=guest&Pwd=guest;PB;CAMPINA GRANDE;08841421000157;FUNDACAO ASSISTENCIAL DA PARAIBA- FAP;CONVENIO;NÃO;AQUISIÇÃO DE EQUIPAMENTO E MATERIAL PERMANENTE PARA UNIDADE DE ATENÇÃO ESPECIALIZADA EM SAÚDE;Em execução;Administração Pública Estadual ou do Distrito Federal;18/07/2024;17/07/2028; 8.800.087,00 ; 8.800.087,00 ; 8.797.000,00 ; -   ; -   ; -   ; -   ;NÃO;PENDENTE;MONITORAR  DESEMBOLSO;0%;PENDENTE;4ª Prioridade;NÃO HOUVE DESEMBOLSO;15/09/2028;;0;Baixa Execução;PENDENTE;0,00%;PENDENTE;NÃO INCLUÍDOS;FNS: 0,00%   |  Convenente: -;SEM INFORMAÇÃO;SEM IFORMAÇÃO;F. GONDIM;25000064204202485;-;;;31/03/2027;-;0;2023;0,00;Sem Desembolso;-;-;NÃO;4ª Prioridade;*
954442;https://discricionarias.transferegov.sistema.gov.br/voluntarias/ConsultarProposta/ResultadoDaConsultaDePropostaDetalharProposta.do?idProposta=1951981&Usr=guest&Pwd=guest;PB;CAMPINA GRANDE;24513574000121;FUNDO MUNICIPAL DE SAUDE DE CAMPINA GRANDE;CONTRATO DE REPASSE;NÃO;CONSTRUÇÃO DE UNIDADE DE ATENÇÃO ESPECIALIZADA EM SAÚDE;Em execução;Administração Pública Estadual ou do Distrito Federal;03/09/2024;03/09/2028; 9.271.350,00 ; 4.595.689,00 ; -   ; 4.675.661,00 ; 43.148.203,31 ; 906.690,94 ; -   ;NÃO;PENDENTE;MONITORAR  DESEMBOLSO;0%;PENDENTE;Indefinida;NÃO HOUVE DESEMBOLSO;02/11/2028;;0;Baixa Execução;PENDENTE;0,00%;PENDENTE;NÃO INCLUÍDOS;FNS: 45,17%   |  Convenente: 91,42%;SEM INFORMAÇÃO;SEM IFORMAÇÃO;Fiscal Não Identificado;141302024;-;;;Sem Vínculo;-;0;2023;0,00;Até 90 dias;Até 90 dias;Não;NÃO;INDEFINIDO;*
959476;https://discricionarias.transferegov.sistema.gov.br/voluntarias/ConsultarProposta/ResultadoDaConsultaDePropostaDetalharProposta.do?idProposta=1978870&Usr=guest&Pwd=guest;PB;UIRAÚNA;12721072000107;ASSOC BENEFICENTE CONEGO MANOEL VIEIRA DA COSTA;CONVENIO;NÃO;AQUISIÇÃO DE EQUIPAMENTO E MATERIAL PERMANENTE PARA UNIDADE DE ATENÇÃO ESPECIALIZADA EM SAÚDE;Em execução;Administração Pública Municipal;27/09/2024;26/09/2028; 200.000,00 ; 200.000,00 ; -   ; -   ; -   ; -   ; -   ;NÃO;PENDENTE;MONITORAR  DESEMBOLSO;0%;PENDENTE;Indefinida;NÃO HOUVE DESEMBOLSO;25/11/2028;;0;Baixa Execução;PENDENTE;0,00%;PENDENTE;NÃO INCLUÍDOS;FNS: 0,00%   |  Convenente: -;SEM INFORMAÇÃO;SEM IFORMAÇÃO;Fiscal Não Identificado;115712024;-;;;Sem Vínculo;-;0;2024;0,00;Sem Desembolso;-;-;NÃO;INDEFINIDO;*
959574;https://discricionarias.transferegov.sistema.gov.br/voluntarias/ConsultarProposta/ResultadoDaConsultaDePropostaDetalharProposta.do?idProposta=1985024&Usr=guest&Pwd=guest;PB;JOÃO PESSOA;03609595000175;FUNDO ESTADUAL DE SAUDE DO ESTADO DA PARAIBA - FESEP;TERMO DE COMPROMISSO;SIM;CONSTRUÇÃO DE UNIDADE DE ATENÇÃO ESPECIALIZADA EM SAÚDE;Em execução;Organização da Sociedade Civil;31/12/2024;31/12/2028; 104.490.000,00 ; 88.458.869,00 ; 47.198.743,46 ; -   ; -   ; -   ; -   ;NÃO;PENDENTE;MONITORAR  DESEMBOLSO;0%;PENDENTE;Indefinida;NÃO HOUVE DESEMBOLSO;01/03/2029;;0;Baixa Execução;PENDENTE;0,00%;PENDENTE;NÃO INCLUÍDOS;FNS: 0,00%   |  Convenente: -;SEM INFORMAÇÃO;SEM IFORMAÇÃO;Fiscal Não Identificado;115702024;-;;;Sem Vínculo;-;0;2024;0,00;Sem Desembolso;-;-;NÃO;INDEFINIDO;*
960721;https://discricionarias.transferegov.sistema.gov.br/voluntarias/ConsultarProposta/ResultadoDaConsultaDePropostaDetalharProposta.do?idProposta=1991050&Usr=guest&Pwd=guest;PB;JOÃO PESSOA;03609595000175;FUNDO ESTADUAL DE SAUDE DO ESTADO DA PARAIBA - FESEP;TERMO DE COMPROMISSO;SIM;CONSTRUÇÃO DE UNIDADE DE ATENÇÃO ESPECIALIZADA EM SAÚDE;Em execução;Organização da Sociedade Civil;30/12/2024;13/04/2027; 17.000.010,00 ; 8.909.264,50 ; -   ; -   ; 536.735,92 ; 7.262,17 ; -   ;NÃO;PENDENTE;MONITORAR  DESEMBOLSO;0%;PENDENTE;Indefinida;NÃO HOUVE DESEMBOLSO;12/06/2027;;0;Baixa Execução;PENDENTE;0,00%;PENDENTE;NÃO INCLUÍDOS;FNS: 1,51%   |  Convenente: 71,24%;SEM INFORMAÇÃO;SEM IFORMAÇÃO;Fiscal Não Identificado;204612024;-;;;Sem Vínculo;-;0;2024;0,00;Até 90 dias;Acima de 90 até 180 dias;Não;NÃO;INDEFINIDO;*
962789;https://discricionarias.transferegov.sistema.gov.br/voluntarias/ConsultarProposta/ResultadoDaConsultaDePropostaDetalharProposta.do?idProposta=1994057&Usr=guest&Pwd=guest;PB;JOÃO PESSOA;03609595000175;FUNDO ESTADUAL DE SAUDE DO ESTADO DA PARAIBA - FESEP;TERMO DE COMPROMISSO;SIM;CONSTRUÇÃO DE UNIDADE DE ATENÇÃO ESPECIALIZADA EM SAÚDE;Em execução;Organização da Sociedade Civil;30/12/2024;30/09/2027; 17.000.010,00 ; 8.500.000,00 ; -   ; -   ; -   ; -   ; -   ;NÃO;PENDENTE;MONITORAR  DESEMBOLSO;0%;PENDENTE;Indefinida;NÃO HOUVE DESEMBOLSO;29/11/2027;;0;Baixa Execução;PENDENTE;0,00%;PENDENTE;NÃO INCLUÍDOS;FNS: 0,00%   |  Convenente: -;SEM INFORMAÇÃO;SEM IFORMAÇÃO;Fiscal Não Identificado;204232024;-;;;Sem Vínculo;-;0;2024;0,00;Sem Desembolso;-;-;NÃO;INDEFINIDO;*
964571;https://discricionarias.transferegov.sistema.gov.br/voluntarias/ConsultarProposta/ResultadoDaConsultaDePropostaDetalharProposta.do?idProposta=1998507&Usr=guest&Pwd=guest;PB;JOÃO PESSOA;03609595000175;FUNDO ESTADUAL DE SAUDE DO ESTADO DA PARAIBA - FESEP;TERMO DE COMPROMISSO;SIM;CONSTRUÇÃO DE UNIDADE DE ATENÇÃO ESPECIALIZADA EM SAÚDE;Em execução;Organização da Sociedade Civil;20/12/2024;24/12/2026; 50.001.270,00 ; 37.625.260,42 ; 753.386,25 ; -   ; -   ; -   ; -   ;NÃO;PENDENTE;MONITORAR  DESEMBOLSO;0%;PENDENTE;Indefinida;NÃO HOUVE DESEMBOLSO;22/02/2027;;0;Baixa Execução;PENDENTE;0,00%;PENDENTE;NÃO INCLUÍDOS;FNS: 0,00%   |  Convenente: -;SEM INFORMAÇÃO;SEM IFORMAÇÃO;Fiscal Não Identificado;312702024;-;;;Sem Vínculo;-;0;2024;0,00;Acima de 180 até 365 dias;Acima de 365 dias;Sim;NÃO;INDEFINIDO;*
965427;https://discricionarias.transferegov.sistema.gov.br/voluntarias/ConsultarProposta/ResultadoDaConsultaDePropostaDetalharProposta.do?idProposta=2001525&Usr=guest&Pwd=guest;PB;JOÃO PESSOA;08715618000140;FUNDO MUNICIPAL DE SAUDE;TERMO DE COMPROMISSO;SIM;CONSTRUÇÃO DE UNIDADE DE ATENÇÃO ESPECIALIZADA EM SAÚDE;Em execução;Organização da Sociedade Civil;28/12/2024;27/01/2027; 64.179.624,38 ; 36.000.000,00 ; -   ; 4.179.552,38 ; 1.894.714,57 ; 18.972,14 ; -   ;NÃO;PENDENTE;MONITORAR  DESEMBOLSO;0%;PENDENTE;Indefinida;NÃO HOUVE DESEMBOLSO;28/03/2027;;0;Baixa Execução;PENDENTE;0,00%;PENDENTE;NÃO INCLUÍDOS;FNS: 97,44%   |  Convenente: 100,00%;SEM INFORMAÇÃO;SEM IFORMAÇÃO;Fiscal Não Identificado;25000164414202472;-;;;Sem Vínculo;-;0;2024;0,00;Acima de 180 até 365 dias;Acima de 180 até 365 dias;Sim;NÃO;INDEFINIDO;*
968856;https://discricionarias.transferegov.sistema.gov.br/voluntarias/ConsultarProposta/ResultadoDaConsultaDePropostaDetalharProposta.do?idProposta=2025838&Usr=guest&Pwd=guest;PB;JOÃO PESSOA;09124165000140;INSTITUTO WALFREDO GUEDES PEREIRA;CONTRATO DE REPASSE;SIM;REFORMA DE UNIDADE DE ATENÇÃO ESPECIALIZADA EM SAÚDE;Em execução;Administração Pública Municipal;30/12/2024;30/09/2028; 2.526.297,00 ; 2.526.297,00 ; -   ; -   ; -   ; -   ; -   ;NÃO;PENDENTE;MONITORAR  DESEMBOLSO;0%;PENDENTE;Indefinida;NÃO HOUVE DESEMBOLSO;29/11/2028;;0;Baixa Execução;PENDENTE;0,00%;PENDENTE;NÃO INCLUÍDOS;FNS: 0,00%   |  Convenente: -;SEM INFORMAÇÃO;SEM IFORMAÇÃO;Fiscal Não Identificado;25000136786202417;-;;;Sem Vínculo;-;0;2024;0,00;Sem Desembolso;-;-;NÃO;INDEFINIDO;*
970364;https://discricionarias.transferegov.sistema.gov.br/voluntarias/ConsultarProposta/ResultadoDaConsultaDePropostaDetalharProposta.do?idProposta=2025649&Usr=guest&Pwd=guest;PB;CAMPINA GRANDE;08841421000157;FUNDACAO ASSISTENCIAL DA PARAIBA- FAP;CONVENIO;SIM;AQUISIÇÃO DE EQUIPAMENTO E MATERIAL PERMANENTE PARA UNIDADE DE ATENÇÃO ESPECIALIZADA EM SAÚDE;Em execução;Organização da Sociedade Civil;23/12/2024;15/01/2027; 1.944.574,00 ; 1.900.000,00 ; 1.851.282,00 ; 44.574,00 ; 1.037.500,00 ; 23.504,44 ; -   ;NÃO;PENDENTE;MONITORAR  DESEMBOLSO;0%;PENDENTE;4ª Prioridade;NÃO HOUVE DESEMBOLSO;16/03/2027;;0;Baixa Execução;PENDENTE;0,00%;PENDENTE;NÃO INCLUÍDOS;FNS: 89,68%   |  Convenente: 100,00%;SEM INFORMAÇÃO;SEM IFORMAÇÃO;F. GONDIM;25000164415202417;-;;;31/03/2027;-;0;2024;43.432,57;Acima de 180 até 365 dias;Acima de 365 dias;Sim;NÃO;4ª Prioridade;*
970365;https://discricionarias.transferegov.sistema.gov.br/voluntarias/ConsultarProposta/ResultadoDaConsultaDePropostaDetalharProposta.do?idProposta=2016387&Usr=guest&Pwd=guest;PB;SANTA RITA;09433715000102;FUNDACAO GOVERNADOR FLAVIO RIBEIRO COUTINHO;CONVENIO;SIM;AQUISIÇÃO DE EQUIPAMENTO E MATERIAL PERMANENTE PARA UNIDADE DE ATENÇÃO ESPECIALIZADA EM SAÚDE;Em execução;Organização da Sociedade Civil;28/12/2024;23/07/2027; 903.419,00 ; 900.000,00 ; -   ; 3.419,00 ; 190.000,00 ; 6.138,37 ; -   ;NÃO;PENDENTE;MONITORAR  DESEMBOLSO;0%;PENDENTE;Indefinida;NÃO HOUVE DESEMBOLSO;21/09/2027;;0;Baixa Execução;PENDENTE;0,00%;PENDENTE;NÃO INCLUÍDOS;FNS: 63,33%   |  Convenente: 100,00%;SEM INFORMAÇÃO;SEM IFORMAÇÃO;F. GONDIM;25000179126202412;-;;;14/10/2029;-;0;2024;0,00;Acima de 90 até 180 dias;Acima de 180 até 365 dias;Não;NÃO;INDEFINIDO;*
970368;https://discricionarias.transferegov.sistema.gov.br/voluntarias/ConsultarProposta/ResultadoDaConsultaDePropostaDetalharProposta.do?idProposta=2025650&Usr=guest&Pwd=guest;PB;JOÃO PESSOA;09112236000194;FUNDACAO NAPOLEAO LAUREANO;CONVENIO;SIM;AQUISIÇÃO DE EQUIPAMENTO E MATERIAL PERMANENTE PARA UNIDADE DE ATENÇÃO ESPECIALIZADA EM SAÚDE;Em execução;Organização da Sociedade Civil;28/12/2024;23/07/2027; 1.156.885,00 ; 1.143.989,00 ; 1.025.934,00 ; 12.896,00 ; -   ; -   ; -   ;NÃO;PENDENTE;MONITORAR  DESEMBOLSO;0%;PENDENTE;4ª Prioridade;NÃO HOUVE DESEMBOLSO;21/09/2027;;0;Baixa Execução;PENDENTE;0,00%;PENDENTE;NÃO INCLUÍDOS;FNS: 0,00%   |  Convenente: -;SEM INFORMAÇÃO;SEM IFORMAÇÃO;F. GONDIM;356612024;-;;;21/03/2027;-;0;2024;11.566,00;Acima de 90 até 180 dias;Acima de 180 até 365 dias;Não;NÃO;4ª Prioridade;*
970372;https://discricionarias.transferegov.sistema.gov.br/voluntarias/ConsultarProposta/ResultadoDaConsultaDePropostaDetalharProposta.do?idProposta=2031646&Usr=guest&Pwd=guest;PB;JOÃO PESSOA;08667206000181;INSTITUTO SAO JOSE;CONVENIO;SIM;AQUISIÇÃO DE EQUIPAMENTO E MATERIAL PERMANENTE PARA UNIDADE DE ATENÇÃO ESPECIALIZADA EM SAÚDE;Em execução;Organização da Sociedade Civil;23/12/2024;24/12/2026; 300.000,00 ; 300.000,00 ; 190.000,00 ; -   ; 842.998,98 ; 25.907,70 ; -   ;NÃO;PENDENTE;MONITORAR  DESEMBOLSO;0%;PENDENTE;4ª Prioridade;NÃO HOUVE DESEMBOLSO;22/02/2027;;0;Baixa Execução;PENDENTE;0,00%;PENDENTE;NÃO INCLUÍDOS;FNS: 84,30%   |  Convenente: 100,00%;SEM INFORMAÇÃO;SEM IFORMAÇÃO;F. GONDIM;25000185670202401;-;;;31/03/2027;-;0;2024;0,00;Acima de 180 até 365 dias;Acima de 180 até 365 dias;Sim;NÃO;4ª Prioridade;*
970892;https://discricionarias.transferegov.sistema.gov.br/voluntarias/ConsultarProposta/ResultadoDaConsultaDePropostaDetalharProposta.do?idProposta=2035631&Usr=guest&Pwd=guest;PB;JURIPIRANGA;11164805000197;FUNDO MUNICIPAL DE SAUDE;CONTRATO DE REPASSE;SIM;CONSTRUÇÃO DE UNIDADE DE ATENÇÃO ESPECIALIZADA EM SAÚDE;Em execução;Organização da Sociedade Civil;31/12/2024;31/12/2028; 1.153.960,00 ; 1.153.960,00 ; -   ; -   ; 790.000,00 ; 10.807,51 ; -   ;NÃO;PENDENTE;MONITORAR  DESEMBOLSO;0%;PENDENTE;Indefinida;NÃO HOUVE DESEMBOLSO;01/03/2029;;0;Baixa Execução;PENDENTE;0,00%;PENDENTE;NÃO INCLUÍDOS;FNS: 98,62%   |  Convenente: 100,00%;SEM INFORMAÇÃO;SEM IFORMAÇÃO;Fiscal Não Identificado;25000185689202440;-;;;Sem Vínculo;-;0;2024;0,00;Sem Desembolso;-;-;NÃO;INDEFINIDO;*
971381;https://discricionarias.transferegov.sistema.gov.br/voluntarias/ConsultarProposta/ResultadoDaConsultaDePropostaDetalharProposta.do?idProposta=2035546&Usr=guest&Pwd=guest;PB;UIRAÚNA;00684095000100;ASSOC DE PROTECAO ASSIST SAUDE E EDUCACAO DE UIRAUNA PB;CONVENIO;SIM;AQUISIÇÃO DE EQUIPAMENTO E MATERIAL PERMANENTE PARA UNIDADE DE ATENÇÃO ESPECIALIZADA EM SAÚDE;Em execução;Organização da Sociedade Civil;31/12/2024;31/12/2028; 1.000.000,00 ; 1.000.000,00 ; 842.998,98 ; -   ; 353.300,00 ; 4.419,15 ; -   ;NÃO;PENDENTE;MONITORAR  DESEMBOLSO;0%;PENDENTE;4ª Prioridade;NÃO HOUVE DESEMBOLSO;01/03/2029;;0;Baixa Execução;PENDENTE;0,00%;PENDENTE;NÃO INCLUÍDOS;FNS: 79,61%   |  Convenente: 100,00%;SEM INFORMAÇÃO;SEM IFORMAÇÃO;F. GONDIM;25000185692202463;-;;;31/03/2027;-;0;2024;0,00;Sem Desembolso;-;-;NÃO;4ª Prioridade;*
971382;https://discricionarias.transferegov.sistema.gov.br/voluntarias/ConsultarProposta/ResultadoDaConsultaDePropostaDetalharProposta.do?idProposta=2035551&Usr=guest&Pwd=guest;PB;JOÃO PESSOA;09124165000140;INSTITUTO WALFREDO GUEDES PEREIRA;CONVENIO;SIM;AQUISIÇÃO DE EQUIPAMENTO E MATERIAL PERMANENTE PARA UNIDADE DE ATENÇÃO ESPECIALIZADA EM SAÚDE;Em execução;Organização da Sociedade Civil;31/12/2024;31/12/2028; 801.048,00 ; 797.277,00 ; 786.281,00 ; 3.771,00 ; 2.238.960,00 ; 23.322,65 ; -   ;NÃO;PENDENTE;MONITORAR  DESEMBOLSO;0%;PENDENTE;Indefinida;NÃO HOUVE DESEMBOLSO;01/03/2029;;0;Baixa Execução;PENDENTE;0,00%;PENDENTE;NÃO INCLUÍDOS;FNS: 97,09%   |  Convenente: 100,00%;SEM INFORMAÇÃO;SEM IFORMAÇÃO;F. GONDIM;25000082280202472;-;;;02/06/2029;-;0;2024;3.719,00;Sem Desembolso;-;-;NÃO;INDEFINIDO;*
971383;https://discricionarias.transferegov.sistema.gov.br/voluntarias/ConsultarProposta/ResultadoDaConsultaDePropostaDetalharProposta.do?idProposta=2035552&Usr=guest&Pwd=guest;PB;JOÃO PESSOA;09124165000140;INSTITUTO WALFREDO GUEDES PEREIRA;CONVENIO;SIM;AQUISIÇÃO DE EQUIPAMENTO E MATERIAL PERMANENTE PARA UNIDADE DE ATENÇÃO ESPECIALIZADA EM SAÚDE;Em execução;Organização da Sociedade Civil;31/12/2024;31/12/2028; 443.769,00 ; 402.723,00 ; 320.621,00 ; 41.046,00 ; -   ; -   ; -   ;NÃO;PENDENTE;MONITORAR  DESEMBOLSO;0%;PENDENTE;Indefinida;NÃO HOUVE DESEMBOLSO;01/03/2029;;0;Baixa Execução;PENDENTE;0,00%;PENDENTE;NÃO INCLUÍDOS;FNS: 0,00%   |  Convenente: -;SEM INFORMAÇÃO;SEM IFORMAÇÃO;F. GONDIM;365892024;-;;;02/06/2029;-;0;2024;32.679,00;Sem Desembolso;-;-;NÃO;INDEFINIDO;*
971549;https://discricionarias.transferegov.sistema.gov.br/voluntarias/ConsultarProposta/ResultadoDaConsultaDePropostaDetalharProposta.do?idProposta=1990814&Usr=guest&Pwd=guest;PB;JOÃO PESSOA;09112236000194;FUNDACAO NAPOLEAO LAUREANO;CONVENIO;SIM;AQUISIÇÃO DE EQUIPAMENTO E MATERIAL PERMANENTE PARA UNIDADE DE ATENÇÃO ESPECIALIZADA EM SAÚDE;Em execução;Organização da Sociedade Civil;22/12/2025;16/12/2028; 2.306.011,00 ; 2.306.011,00 ; 2.238.960,00 ; -   ; -   ; -   ; -   ;NÃO;PENDENTE;MONITORAR  DESEMBOLSO;0%;PENDENTE;4ª Prioridade;NÃO HOUVE DESEMBOLSO;14/02/2029;;0;Baixa Execução;PENDENTE;0,00%;PENDENTE;NÃO INCLUÍDOS;FNS: 0,00%   |  Convenente: -;SEM INFORMAÇÃO;SEM IFORMAÇÃO;F. GONDIM;375792024;-;;;31/03/2027;-;0;2024;0,00;Sem Desembolso;-;-;NÃO;4ª Prioridade;*
971674;https://discricionarias.transferegov.sistema.gov.br/voluntarias/ConsultarProposta/ResultadoDaConsultaDePropostaDetalharProposta.do?idProposta=2038318&Usr=guest&Pwd=guest;PB;CAMPINA GRANDE;08841421000157;FUNDACAO ASSISTENCIAL DA PARAIBA- FAP;CONTRATO DE REPASSE;SIM;REFORMA DE UNIDADE DE ATENÇÃO ESPECIALIZADA EM SAÚDE;Em execução;Organização da Sociedade Civil;03/10/2025;27/03/2027; 1.249.434,00 ; 1.249.434,00 ; -   ; -   ; -   ; -   ; -   ;NÃO;PENDENTE;MONITORAR  DESEMBOLSO;0%;PENDENTE;Indefinida;NÃO HOUVE DESEMBOLSO;26/05/2027;;0;Baixa Execução;PENDENTE;0,00%;PENDENTE;NÃO INCLUÍDOS;FNS: 0,00%   |  Convenente: -;SEM INFORMAÇÃO;SEM IFORMAÇÃO;Fiscal Não Identificado;375802024;-;;;Sem Vínculo;-;Relatórios de Execução;2024;0,00;Sem Desembolso;-;-;NÃO;INDEFINIDO;*
972688;https://discricionarias.transferegov.sistema.gov.br/voluntarias/ConsultarProposta/ResultadoDaConsultaDePropostaDetalharProposta.do?idProposta=2040183&Usr=guest&Pwd=guest;PB;CAMPINA GRANDE;08841421000157;FUNDACAO ASSISTENCIAL DA PARAIBA- FAP;CONTRATO DE REPASSE;SIM;REFORMA DE UNIDADE DE ATENÇÃO ESPECIALIZADA EM SAÚDE;Em execução;Organização da Sociedade Civil;03/10/2025;27/03/2027; 3.420.400,00 ; 2.392.268,00 ; -   ; 1.028.132,00 ; -   ; -   ; -   ;NÃO;PENDENTE;MONITORAR  DESEMBOLSO;0%;PENDENTE;Indefinida;NÃO HOUVE DESEMBOLSO;26/05/2027;;0;Baixa Execução;PENDENTE;0,00%;PENDENTE;NÃO INCLUÍDOS;FNS: 0,00%   |  Convenente: -;SEM INFORMAÇÃO;SEM IFORMAÇÃO;Fiscal Não Identificado;375812024;-;;;Sem Vínculo;-;0;2024;0,00;Sem Desembolso;-;-;NÃO;INDEFINIDO;*
972689;https://discricionarias.transferegov.sistema.gov.br/voluntarias/ConsultarProposta/ResultadoDaConsultaDePropostaDetalharProposta.do?idProposta=2040184&Usr=guest&Pwd=guest;PB;CAMPINA GRANDE;08841421000157;FUNDACAO ASSISTENCIAL DA PARAIBA- FAP;CONTRATO DE REPASSE;SIM;REFORMA DE UNIDADE DE ATENÇÃO ESPECIALIZADA EM SAÚDE;Em execução;Organização da Sociedade Civil;07/10/2025;15/10/2027; 3.080.400,00 ; 1.913.472,00 ; -   ; 1.166.928,00 ; -   ; -   ; -   ;NÃO;PENDENTE;MONITORAR  DESEMBOLSO;0%;PENDENTE;Indefinida;NÃO HOUVE DESEMBOLSO;14/12/2027;;0;Baixa Execução;PENDENTE;0,00%;PENDENTE;NÃO INCLUÍDOS;FNS: 0,00%   |  Convenente: -;SEM INFORMAÇÃO;SEM IFORMAÇÃO;Fiscal Não Identificado;382872025;-;;;Sem Vínculo;-;11;2024;0,00;Até 90 dias;Acima de 90 até 180 dias;Não;NÃO;INDEFINIDO;*
972690;https://discricionarias.transferegov.sistema.gov.br/voluntarias/ConsultarProposta/ResultadoDaConsultaDePropostaDetalharProposta.do?idProposta=2040186&Usr=guest&Pwd=guest;PB;JOÃO PESSOA;09112236000194;FUNDACAO NAPOLEAO LAUREANO;CONTRATO DE REPASSE;NÃO;REFORMA DE UNIDADE DE ATENÇÃO ESPECIALIZADA EM SAÚDE;Em execução;Administração Pública Municipal;07/10/2025;07/10/2029; 2.119.140,00 ; 2.119.140,00 ; -   ; -   ; -   ; -   ; -   ;NÃO;PENDENTE;MONITORAR  DESEMBOLSO;0%;PENDENTE;Indefinida;NÃO HOUVE DESEMBOLSO;06/12/2029;;0;Baixa Execução;PENDENTE;0,00%;PENDENTE;NÃO INCLUÍDOS;FNS: 0,00%   |  Convenente: -;SEM INFORMAÇÃO;SEM IFORMAÇÃO;Fiscal Não Identificado;25000133317202519;-;;;Sem Vínculo;-;3;2024;0,00;Sem Desembolso;-;-;NÃO;INDEFINIDO;*
977686;https://discricionarias.transferegov.sistema.gov.br/voluntarias/ConsultarProposta/ResultadoDaConsultaDePropostaDetalharProposta.do?idProposta=2110486&Usr=guest&Pwd=guest;PB;SANTA RITA;09433715000102;FUNDACAO GOVERNADOR FLAVIO RIBEIRO COUTINHO;CONTRATO DE REPASSE;SIM;REFORMA DE UNIDADE DE ATENÇÃO ESPECIALIZADA EM SAÚDE;Em execução;Organização da Sociedade Civil;07/10/2025;31/03/2027; 1.269.032,00 ; 1.269.032,00 ; -   ; -   ; -   ; -   ; -   ;NÃO;PENDENTE;MONITORAR  DESEMBOLSO;0%;PENDENTE;Indefinida;NÃO HOUVE DESEMBOLSO;30/05/2027;;0;Baixa Execução;PENDENTE;0,00%;PENDENTE;NÃO INCLUÍDOS;FNS: 0,00%   |  Convenente: -;SEM INFORMAÇÃO;SEM IFORMAÇÃO;Fiscal Não Identificado;25000133324202511;-;;;Sem Vínculo;-;0;2025;0,00;Até 90 dias;Acima de 90 até 180 dias;Não;NÃO;INDEFINIDO;*
978732;https://discricionarias.transferegov.sistema.gov.br/voluntarias/ConsultarProposta/ResultadoDaConsultaDePropostaDetalharProposta.do?idProposta=2108441&Usr=guest&Pwd=guest;PB;SANTA RITA;09433715000102;FUNDACAO GOVERNADOR FLAVIO RIBEIRO COUTINHO;CONVENIO;SIM;AQUISIÇÃO DE EQUIPAMENTO E MATERIAL PERMANENTE;Em execução;Organização da Sociedade Civil;07/10/2025;15/10/2027; 299.669,00 ; 299.669,00 ; -   ; -   ; 1.247.992,00 ; 19.798,61 ; -   ;NÃO;PENDENTE;MONITORAR  DESEMBOLSO;0%;PENDENTE;Indefinida;NÃO HOUVE DESEMBOLSO;14/12/2027;;0;Baixa Execução;PENDENTE;0,00%;PENDENTE;NÃO INCLUÍDOS;FNS: 83,74%   |  Convenente: 98,93%;SEM INFORMAÇÃO;SEM IFORMAÇÃO;F. GONDIM;25000131551202510;-;;;31/03/2027;-;1;2025;0,00;Até 90 dias;Acima de 90 até 180 dias;Não;NÃO;INDEFINIDO;*
978733;https://discricionarias.transferegov.sistema.gov.br/voluntarias/ConsultarProposta/ResultadoDaConsultaDePropostaDetalharProposta.do?idProposta=2108445&Usr=guest&Pwd=guest;PB;SANTA RITA;09433715000102;FUNDACAO GOVERNADOR FLAVIO RIBEIRO COUTINHO;CONVENIO;SIM;AQUISIÇÃO DE EQUIPAMENTO E MATERIAL PERMANENTE;Em execução;Organização da Sociedade Civil;07/10/2025;31/03/2027; 201.243,00 ; 200.000,00 ; -   ; 1.243,00 ; -   ; -   ; -   ;NÃO;PENDENTE;MONITORAR  DESEMBOLSO;0%;PENDENTE;Indefinida;NÃO HOUVE DESEMBOLSO;30/05/2027;;0;Baixa Execução;PENDENTE;0,00%;PENDENTE;NÃO INCLUÍDOS;FNS: 0,00%   |  Convenente: -;SEM INFORMAÇÃO;SEM IFORMAÇÃO;F. GONDIM;371832025;-;;;31/12/2027;-;0;2025;0,00;Até 90 dias;Acima de 90 até 180 dias;Não;NÃO;INDEFINIDO;*
978808;https://discricionarias.transferegov.sistema.gov.br/voluntarias/ConsultarProposta/ResultadoDaConsultaDePropostaDetalharProposta.do?idProposta=2107700&Usr=guest&Pwd=guest;PB;CAMPINA GRANDE;06101061000121;FUNDACAO PEDRO AMERICO;CONVENIO;SIM;AQUISIÇÃO DE EQUIPAMENTO E MATERIAL PERMANENTE;Em execução;Organização da Sociedade Civil;16/10/2025;09/04/2027; 1.506.431,00 ; 1.506.431,00 ; 1.261.482,00 ; -   ; 763.558,57 ; 7.631,51 ; -   ;NÃO;PENDENTE;MONITORAR  DESEMBOLSO;0%;PENDENTE;Indefinida;NÃO HOUVE DESEMBOLSO;08/06/2027;;0;Baixa Execução;PENDENTE;0,00%;PENDENTE;NÃO INCLUÍDOS;FNS: 92,58%   |  Convenente: 100,00%;SEM INFORMAÇÃO;SEM IFORMAÇÃO;Fiscal Não Identificado;25000137446202586;-;;;Sem Vínculo;-; Pós Análise de Execução;2025;0,00;Sem Desembolso;-;-;NÃO;INDEFINIDO;*
979079;https://discricionarias.transferegov.sistema.gov.br/voluntarias/ConsultarProposta/ResultadoDaConsultaDePropostaDetalharProposta.do?idProposta=2128075&Usr=guest&Pwd=guest;PB;CAMPINA GRANDE;24513574000121;FUNDO MUNICIPAL DE SAUDE DE CAMPINA GRANDE;TERMO DE COMPROMISSO;SIM;CONSTRUÇÃO DE UNIDADE DE ATENÇÃO ESPECIALIZADA EM SAÚDE;Em execução;Organização da Sociedade Civil;16/10/2025;09/04/2027; 16.902.340,00 ; 2.973.559,81 ; -   ; -   ; 1.011.905,60 ; 5.782,46 ; -   ;NÃO;PENDENTE;MONITORAR  DESEMBOLSO;0%;PENDENTE;Indefinida;NÃO HOUVE DESEMBOLSO;08/06/2027;;0;Baixa Execução;PENDENTE;0,00%;PENDENTE;NÃO INCLUÍDOS;FNS: 77,81%   |  Convenente: 99,99%;SEM INFORMAÇÃO;SEM IFORMAÇÃO;Fiscal Não Identificado;25000137449202510;-;;;Sem Vínculo;-;0;2025;0,00;Sem Desembolso;-;-;NÃO;INDEFINIDO;*
979549;https://discricionarias.transferegov.sistema.gov.br/voluntarias/ConsultarProposta/ResultadoDaConsultaDePropostaDetalharProposta.do?idProposta=2109920&Usr=guest&Pwd=guest;PB;CAMPINA GRANDE;08841421000157;FUNDACAO ASSISTENCIAL DA PARAIBA- FAP;CONVENIO;SIM;AQUISIÇÃO DE EQUIPAMENTO E MATERIAL PERMANENTE;Em execução;Organização da Sociedade Civil;16/10/2025;09/04/2027; 824.783,00 ; 800.000,00 ; 740.615,00 ; 24.783,00 ; 268.701,45 ; 2.179,18 ; -   ;NÃO;PENDENTE;MONITORAR  DESEMBOLSO;0%;PENDENTE;Indefinida;NÃO HOUVE DESEMBOLSO;08/06/2027;;0;Baixa Execução;PENDENTE;0,00%;PENDENTE;NÃO INCLUÍDOS;FNS: 52,42%   |  Convenente: 100,00%;SEM INFORMAÇÃO;SEM IFORMAÇÃO;Fiscal Não Identificado;25000138656202591;-;;;Sem Vínculo;-;0;2025;22.943,57;Sem Desembolso;-;-;NÃO;INDEFINIDO;*
979577;https://discricionarias.transferegov.sistema.gov.br/voluntarias/ConsultarProposta/ResultadoDaConsultaDePropostaDetalharProposta.do?idProposta=2109925&Usr=guest&Pwd=guest;PB;CAMPINA GRANDE;08841421000157;FUNDACAO ASSISTENCIAL DA PARAIBA- FAP;CONVENIO;SIM;AQUISIÇÃO DE EQUIPAMENTO E MATERIAL PERMANENTE;Em execução;Organização da Sociedade Civil;07/10/2025;31/03/2027; 1.300.552,00 ; 1.300.000,00 ; 1.011.476,00 ; 552,00 ; -   ; -   ; -   ;NÃO;PENDENTE;MONITORAR  DESEMBOLSO;0%;PENDENTE;Indefinida;NÃO HOUVE DESEMBOLSO;30/05/2027;;0;Baixa Execução;PENDENTE;0,00%;PENDENTE;NÃO INCLUÍDOS;FNS: 0,00%   |  Convenente: -;SEM INFORMAÇÃO;SEM IFORMAÇÃO;Fiscal Não Identificado;25000138657202536;-;;;Sem Vínculo;-;0;2025;552,00;Sem Desembolso;-;-;NÃO;INDEFINIDO;*
979578;https://discricionarias.transferegov.sistema.gov.br/voluntarias/ConsultarProposta/ResultadoDaConsultaDePropostaDetalharProposta.do?idProposta=2110312&Usr=guest&Pwd=guest;PB;CAMPINA GRANDE;08841421000157;FUNDACAO ASSISTENCIAL DA PARAIBA- FAP;CONVENIO;SIM;AQUISIÇÃO DE EQUIPAMENTO E MATERIAL PERMANENTE;Em execução;Organização da Sociedade Civil;07/10/2025;31/03/2027; 512.604,00 ; 500.000,00 ; 262.095,00 ; 12.604,00 ; -   ; -   ; -   ;NÃO;PENDENTE;MONITORAR  DESEMBOLSO;0%;PENDENTE;Indefinida;NÃO HOUVE DESEMBOLSO;30/05/2027;;0;Baixa Execução;PENDENTE;0,00%;PENDENTE;NÃO INCLUÍDOS;FNS: 0,00%   |  Convenente: -;SEM INFORMAÇÃO;SEM IFORMAÇÃO;Fiscal Não Identificado;25000138658202581;-;;;Sem Vínculo;-;0;2025;6.606,45;Até 90 dias;Acima de 90 até 180 dias;Não;NÃO;INDEFINIDO;*
979579;https://discricionarias.transferegov.sistema.gov.br/voluntarias/ConsultarProposta/ResultadoDaConsultaDePropostaDetalharProposta.do?idProposta=2110314&Usr=guest&Pwd=guest;PB;JOÃO PESSOA;09124165000140;INSTITUTO WALFREDO GUEDES PEREIRA;CONVENIO;SIM;AQUISIÇÃO DE EQUIPAMENTO E MATERIAL PERMANENTE;Em execução;Organização da Sociedade Civil;06/10/2025;15/10/2027; 886.915,00 ; 883.993,00 ; -   ; 2.922,00 ; -   ; -   ; -   ;NÃO;PENDENTE;MONITORAR  DESEMBOLSO;0%;PENDENTE;Indefinida;NÃO HOUVE DESEMBOLSO;14/12/2027;;0;Baixa Execução;PENDENTE;0,00%;PENDENTE;NÃO INCLUÍDOS;FNS: 0,00%   |  Convenente: -;SEM INFORMAÇÃO;SEM IFORMAÇÃO;Fiscal Não Identificado;25000138659202525;-;;;Sem Vínculo;-;0;2025;0,00;Acima de 90 até 180 dias;Acima de 90 até 180 dias;Não;NÃO;INDEFINIDO;*
979581;https://discricionarias.transferegov.sistema.gov.br/voluntarias/ConsultarProposta/ResultadoDaConsultaDePropostaDetalharProposta.do?idProposta=2110315&Usr=guest&Pwd=guest;PB;JOÃO PESSOA;09124165000140;INSTITUTO WALFREDO GUEDES PEREIRA;CONVENIO;SIM;AQUISIÇÃO DE EQUIPAMENTO E MATERIAL PERMANENTE;Em execução;Organização da Sociedade Civil;16/10/2025;09/04/2027; 304.607,00 ; 300.000,00 ; -   ; 4.607,00 ; -   ; -   ; -   ;NÃO;PENDENTE;MONITORAR  DESEMBOLSO;0%;PENDENTE;Indefinida;NÃO HOUVE DESEMBOLSO;08/06/2027;;0;Baixa Execução;PENDENTE;0,00%;PENDENTE;NÃO INCLUÍDOS;FNS: 0,00%   |  Convenente: -;SEM INFORMAÇÃO;SEM IFORMAÇÃO;Fiscal Não Identificado;25000148465202538;-;;;Sem Vínculo;-;0;2025;0,00;Sem Desembolso;-;-;NÃO;INDEFINIDO;*
979582;https://discricionarias.transferegov.sistema.gov.br/voluntarias/ConsultarProposta/ResultadoDaConsultaDePropostaDetalharProposta.do?idProposta=2110317&Usr=guest&Pwd=guest;PB;JOÃO PESSOA;09124165000140;INSTITUTO WALFREDO GUEDES PEREIRA;CONVENIO;SIM;AQUISIÇÃO DE EQUIPAMENTO E MATERIAL PERMANENTE;Em execução;Administração Pública Municipal;29/12/2025;29/09/2028; 1.000.615,00 ; 1.000.000,00 ; -   ; 615,00 ; 204.233,40 ; 2.907,15 ; -   ;NÃO;PENDENTE;MONITORAR  DESEMBOLSO;0%;PENDENTE;Indefinida;NÃO HOUVE DESEMBOLSO;28/11/2028;;0;Baixa Execução;PENDENTE;0,00%;PENDENTE;NÃO INCLUÍDOS;FNS: 85,95%   |  Convenente: 100,00%;SEM INFORMAÇÃO;SEM IFORMAÇÃO;Fiscal Não Identificado;25000156934202592;-;;;Sem Vínculo;-;0;2025;0,00;Sem Desembolso;-;-;NÃO;INDEFINIDO;*
979594;https://discricionarias.transferegov.sistema.gov.br/voluntarias/ConsultarProposta/ResultadoDaConsultaDePropostaDetalharProposta.do?idProposta=2117736&Usr=guest&Pwd=guest;PB;CAMPINA GRANDE;06101061000121;FUNDACAO PEDRO AMERICO;CONVENIO;SIM;AQUISIÇÃO DE EQUIPAMENTO E MATERIAL PERMANENTE;Em execução;Administração Pública Municipal;28/11/2025;29/09/2028; 2.224.723,00 ; 2.224.723,00 ; -   ; -   ; 1.213.516,00 ; 720.418,89 ; -   ;NÃO;PENDENTE;MONITORAR  DESEMBOLSO;0%;PENDENTE;Indefinida;NÃO HOUVE DESEMBOLSO;28/11/2028;;0;Baixa Execução;PENDENTE;0,00%;PENDENTE;NÃO INCLUÍDOS;FNS: 68,98%   |  Convenente: 63,76%;SEM INFORMAÇÃO;SEM IFORMAÇÃO;Fiscal Não Identificado;25000156932202501;-;;;Sem Vínculo;-;0;2025;0,00;Sem Desembolso;-;-;NÃO;INDEFINIDO;*
980071;https://discricionarias.transferegov.sistema.gov.br/voluntarias/ConsultarProposta/ResultadoDaConsultaDePropostaDetalharProposta.do?idProposta=2125600&Usr=guest&Pwd=guest;PB;CAMPINA GRANDE;08841421000157;FUNDACAO ASSISTENCIAL DA PARAIBA- FAP;CONVENIO;SIM;AQUISIÇÃO DE EQUIPAMENTO E MATERIAL PERMANENTE;Em execução;Organização da Sociedade Civil;26/11/2025;20/05/2027; 237.606,00 ; 200.000,00 ; 171.909,00 ; 37.606,00 ; -   ; -   ; -   ;NÃO;PENDENTE;MONITORAR  DESEMBOLSO;0%;PENDENTE;Indefinida;NÃO HOUVE DESEMBOLSO;19/07/2027;;0;Baixa Execução;PENDENTE;0,00%;PENDENTE;NÃO INCLUÍDOS;FNS: 0,00%   |  Convenente: -;SEM INFORMAÇÃO;SEM IFORMAÇÃO;Fiscal Não Identificado;25000156940202540;-;;;Sem Vínculo;-;0;2025;32.324,40;Até 90 dias;Até 90 dias;Não;NÃO;INDEFINIDO;*
980073;https://discricionarias.transferegov.sistema.gov.br/voluntarias/ConsultarProposta/ResultadoDaConsultaDePropostaDetalharProposta.do?idProposta=2125599&Usr=guest&Pwd=guest;PB;JOÃO PESSOA;08667206000181;INSTITUTO SAO JOSE;CONVENIO;SIM;AQUISIÇÃO DE EQUIPAMENTO E MATERIAL PERMANENTE;Em execução;Organização da Sociedade Civil;24/12/2025;23/12/2028; 1.000.000,00 ; 1.000.000,00 ; 689.823,60 ; -   ; -   ; -   ; -   ;NÃO;PENDENTE;MONITORAR  DESEMBOLSO;0%;PENDENTE;Indefinida;NÃO HOUVE DESEMBOLSO;21/02/2029;;0;Baixa Execução;PENDENTE;0,00%;PENDENTE;NÃO INCLUÍDOS;FNS: 0,00%   |  Convenente: -;SEM INFORMAÇÃO;SEM IFORMAÇÃO;Fiscal Não Identificado;609642025;-;;;Sem Vínculo;-;0;2025;1.213.516,00;Sem Desembolso;-;-;NÃO;INDEFINIDO;*
980074;https://discricionarias.transferegov.sistema.gov.br/voluntarias/ConsultarProposta/ResultadoDaConsultaDePropostaDetalharProposta.do?idProposta=2125602&Usr=guest&Pwd=guest;PB;JOÃO PESSOA;09124165000140;INSTITUTO WALFREDO GUEDES PEREIRA;CONVENIO;SIM;AQUISIÇÃO DE EQUIPAMENTO E MATERIAL PERMANENTE;Em execução;Organização da Sociedade Civil;18/12/2025;11/06/2027; 501.683,00 ; 500.000,00 ; -   ; 1.683,00 ; -   ; -   ; -   ;NÃO;PENDENTE;MONITORAR  DESEMBOLSO;0%;PENDENTE;Indefinida;NÃO HOUVE DESEMBOLSO;10/08/2027;;0;Baixa Execução;PENDENTE;0,00%;PENDENTE;NÃO INCLUÍDOS;FNS: 0,00%   |  Convenente: -;SEM INFORMAÇÃO;SEM IFORMAÇÃO;Fiscal Não Identificado;613002025;-;;;Sem Vínculo;-;0;2025;0,00;Sem Desembolso;-;-;NÃO;INDEFINIDO;*
983540;https://discricionarias.transferegov.sistema.gov.br/voluntarias/ConsultarProposta/ResultadoDaConsultaDePropostaDetalharProposta.do?idProposta=2144459&Usr=guest&Pwd=guest;PB;LUCENA;11516231000179;FUNDO MUNICIPAL DE SAUDE DE LUCENA;CONTRATO DE REPASSE;SIM;CONSTRUÇÃO DE UNIDADE DE ATENÇÃO ESPECIALIZADA EM SAÚDE;Em execução;Organização da Sociedade Civil;24/12/2025;23/12/2029; 976.300,00 ; 976.300,00 ; -   ; -   ; -   ; 361.074,64 ; -   ;NÃO;PENDENTE;MONITORAR  DESEMBOLSO;0%;PENDENTE;Indefinida;NÃO HOUVE DESEMBOLSO;21/02/2030;;0;Baixa Execução;PENDENTE;0,00%;PENDENTE;NÃO INCLUÍDOS;FNS: 66,83%   |  Convenente: 0,00%;SEM INFORMAÇÃO;SEM IFORMAÇÃO;Fiscal Não Identificado;25000186484202562;-;;;Sem Vínculo;-;0;2025;0,00;Sem Desembolso;-;-;NÃO;INDEFINIDO;*
983703;https://discricionarias.transferegov.sistema.gov.br/voluntarias/ConsultarProposta/ResultadoDaConsultaDePropostaDetalharProposta.do?idProposta=2145183&Usr=guest&Pwd=guest;PB;SOUSA;05626697000124;FUNDO MUNICIPAL DE SAUDE DE SOUSA;CONTRATO DE REPASSE;SIM;CONSTRUÇÃO DE UNIDADE DE ATENÇÃO ESPECIALIZADA EM SAÚDE;Em execução;Consórcio Público;12/12/2025;05/06/2027; 1.464.366,00 ; 1.464.366,00 ; -   ; -   ; -   ; -   ; -   ;NÃO;PENDENTE;MONITORAR  DESEMBOLSO;0%;PENDENTE;Indefinida;NÃO HOUVE DESEMBOLSO;04/08/2027;;0;Baixa Execução;PENDENTE;0,00%;PENDENTE;NÃO INCLUÍDOS;FNS: 0,00%   |  Convenente: -;SEM INFORMAÇÃO;SEM IFORMAÇÃO;Fiscal Não Identificado;628092025;-;;;Sem Vínculo;-;0;2025;0,00;Sem Desembolso;-;-;NÃO;INDEFINIDO;*
984122;https://discricionarias.transferegov.sistema.gov.br/voluntarias/ConsultarProposta/ResultadoDaConsultaDePropostaDetalharProposta.do?idProposta=2144480&Usr=guest&Pwd=guest;PB;UIRAÚNA;00684095000100;ASSOC DE PROTECAO ASSIST SAUDE E EDUCACAO DE UIRAUNA PB;CONVENIO;SIM;AQUISIÇÃO DE EQUIPAMENTO E MATERIAL PERMANENTE;Em execução;Organização da Sociedade Civil;18/12/2025;11/06/2027; 531.787,00 ; 500.000,00 ; 334.156,00 ; 31.787,00 ; -   ; -   ; -   ;NÃO;PENDENTE;MONITORAR  DESEMBOLSO;0%;PENDENTE;Indefinida;NÃO HOUVE DESEMBOLSO;10/08/2027;;0;Baixa Execução;PENDENTE;0,00%;PENDENTE;NÃO INCLUÍDOS;FNS: 0,00%   |  Convenente: -;SEM INFORMAÇÃO;SEM IFORMAÇÃO;F. GONDIM;25000198475202514;-;;;31/12/2028;-;0;2025;21.244,00;Sem Desembolso;-;-;NÃO;INDEFINIDO;*
984602;https://discricionarias.transferegov.sistema.gov.br/voluntarias/ConsultarProposta/ResultadoDaConsultaDePropostaDetalharProposta.do?idProposta=2148409&Usr=guest&Pwd=guest;PB;JOÃO PESSOA;09112236000194;FUNDACAO NAPOLEAO LAUREANO;CONTRATO DE REPASSE;SIM;REFORMA DE UNIDADE DE ATENÇÃO ESPECIALIZADA EM SAÚDE;Em execução;Organização da Sociedade Civil;18/12/2025;11/06/2027; 1.499.100,00 ; 976.562,00 ; -   ; 522.538,00 ; -   ; -   ; -   ;NÃO;PENDENTE;MONITORAR  DESEMBOLSO;0%;PENDENTE;Indefinida;NÃO HOUVE DESEMBOLSO;10/08/2027;;0;Baixa Execução;PENDENTE;0,00%;PENDENTE;NÃO INCLUÍDOS;FNS: 0,00%   |  Convenente: -;SEM INFORMAÇÃO;SEM IFORMAÇÃO;Fiscal Não Identificado;656272025;-;;;Sem Vínculo;-;0;2025;0,00;Sem Desembolso;-;-;NÃO;INDEFINIDO;*
985653;https://discricionarias.transferegov.sistema.gov.br/voluntarias/ConsultarProposta/ResultadoDaConsultaDePropostaDetalharProposta.do?idProposta=2149653&Usr=guest&Pwd=guest;PB;JOÃO PESSOA;09112236000194;FUNDACAO NAPOLEAO LAUREANO;CONVENIO;SIM;AQUISIÇÃO DE EQUIPAMENTO E MATERIAL PERMANENTE;Em execução;Organização da Sociedade Civil;17/12/2025;10/06/2027; 1.938.009,00 ; 1.800.000,00 ; -   ; 138.009,00 ; -   ; -   ; -   ;NÃO;PENDENTE;MONITORAR  DESEMBOLSO;0%;PENDENTE;Indefinida;NÃO HOUVE DESEMBOLSO;09/08/2027;;0;Baixa Execução;PENDENTE;0,00%;PENDENTE;NÃO INCLUÍDOS;FNS: 0,00%   |  Convenente: -;SEM INFORMAÇÃO;SEM IFORMAÇÃO;Fiscal Não Identificado;25000211679202558;-;;;Sem Vínculo;-;0;2025;0,00;Sem Desembolso;-;-;NÃO;INDEFINIDO;*
987739;https://discricionarias.transferegov.sistema.gov.br/voluntarias/ConsultarProposta/ResultadoDaConsultaDePropostaDetalharProposta.do?idProposta=2154691&Usr=guest&Pwd=guest;PB;JOÃO PESSOA;09112236000194;FUNDACAO NAPOLEAO LAUREANO;CONTRATO DE REPASSE;SIM;REFORMA DE UNIDADE DE ATENÇÃO ESPECIALIZADA EM SAÚDE;Em execução;Administração Pública Municipal;30/12/2025;30/12/2029; 3.352.160,00 ; 3.352.160,00 ; -   ; -   ; -   ; -   ; -   ;NÃO;PENDENTE;MONITORAR  DESEMBOLSO;0%;PENDENTE;Indefinida;NÃO HOUVE DESEMBOLSO;28/02/2030;;0;Baixa Execução;PENDENTE;0,00%;PENDENTE;NÃO INCLUÍDOS;FNS: 0,00%   |  Convenente: -;SEM INFORMAÇÃO;SEM IFORMAÇÃO;Fiscal Não Identificado;25000214510202550;-;;;Sem Vínculo;-;0;2025;0,00;Sem Desembolso;-;-;NÃO;INDEFINIDO;*
988228;https://discricionarias.transferegov.sistema.gov.br/voluntarias/ConsultarProposta/ResultadoDaConsultaDePropostaDetalharProposta.do?idProposta=2154594&Usr=guest&Pwd=guest;PB;SUMÉ;02471378000107;CONSORCIO INTERMUNICIPAL DE SAUDE DO CARIRI OCIDENTAL;CONVENIO;SIM;AQUISIÇÃO DE EQUIPAMENTO E MATERIAL PERMANENTE;Em execução;Organização da Sociedade Civil;19/12/2025;12/12/2027; 299.998,00 ; 299.998,00 ; -   ; -   ; -   ; -   ; -   ;NÃO;PENDENTE;MONITORAR  DESEMBOLSO;0%;PENDENTE;Indefinida;NÃO HOUVE DESEMBOLSO;10/02/2028;;0;Baixa Execução;PENDENTE;0,00%;PENDENTE;NÃO INCLUÍDOS;FNS: 0,00%   |  Convenente: -;SEM INFORMAÇÃO;SEM IFORMAÇÃO;Fiscal Não Identificado;25000214547202588;-;;;Sem Vínculo;-;0;2025;0,00;Até 90 dias;Até 90 dias;Não;NÃO;INDEFINIDO;*
988722;https://discricionarias.transferegov.sistema.gov.br/voluntarias/ConsultarProposta/ResultadoDaConsultaDePropostaDetalharProposta.do?idProposta=2156895&Usr=guest&Pwd=guest;PB;CAMPINA GRANDE;05623324000108;FUNDACAO DE OLHOS DA PARAIBA - FOP;CONVENIO;NÃO;AQUISIÇÃO DE EQUIPAMENTO E MATERIAL PERMANENTE;Em execução;Administração Pública Estadual ou do Distrito Federal;29/12/2025;22/06/2027; 200.000,00 ; 200.000,00 ; -   ; -   ; -   ; -   ; -   ;NÃO;PENDENTE;MONITORAR  DESEMBOLSO;0%;PENDENTE;Indefinida;NÃO HOUVE DESEMBOLSO;21/08/2027;;0;Baixa Execução;PENDENTE;0,00%;PENDENTE;NÃO INCLUÍDOS;FNS: 0,00%   |  Convenente: -;SEM INFORMAÇÃO;SEM IFORMAÇÃO;F. GONDIM;25000214555202524;-;;;31/12/2027;-;0;2025;0,00;Sem Desembolso;-;-;NÃO;INDEFINIDO;*
988833;https://discricionarias.transferegov.sistema.gov.br/voluntarias/ConsultarProposta/ResultadoDaConsultaDePropostaDetalharProposta.do?idProposta=2156933&Usr=guest&Pwd=guest;PB;CAMPINA GRANDE;08841421000157;FUNDACAO ASSISTENCIAL DA PARAIBA- FAP;CONVENIO;SIM;AQUISIÇÃO DE EQUIPAMENTO E MATERIAL PERMANENTE;Em execução;Administração Pública Municipal;31/12/2025;31/12/2029; 301.202,00 ; 300.000,00 ; -   ; 1.202,00 ; -   ; -   ; -   ;NÃO;PENDENTE;MONITORAR  DESEMBOLSO;0%;PENDENTE;Indefinida;NÃO HOUVE DESEMBOLSO;01/03/2030;;0;Baixa Execução;PENDENTE;0,00%;PENDENTE;NÃO INCLUÍDOS;FNS: 0,00%   |  Convenente: -;SEM INFORMAÇÃO;SEM IFORMAÇÃO;Fiscal Não Identificado;673582025;-;;;Sem Vínculo;-;0;2025;0,00;Sem Desembolso;-;-;NÃO;INDEFINIDO;*
988835;https://discricionarias.transferegov.sistema.gov.br/voluntarias/ConsultarProposta/ResultadoDaConsultaDePropostaDetalharProposta.do?idProposta=2156938&Usr=guest&Pwd=guest;PB;JOÃO PESSOA;09124165000140;INSTITUTO WALFREDO GUEDES PEREIRA;CONVENIO;SIM;AQUISIÇÃO DE EQUIPAMENTO E MATERIAL PERMANENTE;Em execução;Organização da Sociedade Civil;26/12/2025;19/06/2027; 1.400.643,00 ; 1.250.000,00 ; -   ; 150.643,00 ; -   ; 101.265,02 ; -   ;NÃO;PENDENTE;MONITORAR  DESEMBOLSO;0%;PENDENTE;Indefinida;NÃO HOUVE DESEMBOLSO;18/08/2027;;0;Baixa Execução;PENDENTE;0,00%;PENDENTE;NÃO INCLUÍDOS;FNS: 48,75%   |  Convenente: 0,00%;SEM INFORMAÇÃO;SEM IFORMAÇÃO;Fiscal Não Identificado;25000218195202530;-;;;Sem Vínculo;-;0;2025;0,00;Sem Desembolso;-;-;NÃO;INDEFINIDO;*
989064;https://discricionarias.transferegov.sistema.gov.br/voluntarias/ConsultarProposta/ResultadoDaConsultaDePropostaDetalharProposta.do?idProposta=2158854&Usr=guest&Pwd=guest;PB;SÃO BENTO;02015756000130;FUNDO MINICIPAL DE SAUDE;CONTRATO DE REPASSE;SIM;CONSTRUÇÃO DE UNIDADE DE ATENÇÃO ESPECIALIZADA EM SAÚDE;Em execução;Organização da Sociedade Civil;26/12/2025;19/06/2027; 8.493.091,00 ; 5.716.100,00 ; -   ; 2.776.991,00 ; -   ; -   ; -   ;NÃO;PENDENTE;MONITORAR  DESEMBOLSO;0%;PENDENTE;Indefinida;NÃO HOUVE DESEMBOLSO;18/08/2027;;0;Baixa Execução;PENDENTE;0,00%;PENDENTE;NÃO INCLUÍDOS;FNS: 0,00%   |  Convenente: -;SEM INFORMAÇÃO;SEM IFORMAÇÃO;Fiscal Não Identificado;25000222141202579;-;;;Sem Vínculo;-;0;2025;0,00;Sem Desembolso;-;-;NÃO;INDEFINIDO;*
989482;https://discricionarias.transferegov.sistema.gov.br/voluntarias/ConsultarProposta/ResultadoDaConsultaDePropostaDetalharProposta.do?idProposta=2158811&Usr=guest&Pwd=guest;PB;CAMPINA GRANDE;06101061000121;FUNDACAO PEDRO AMERICO;CONVENIO;SIM;AQUISIÇÃO DE EQUIPAMENTO E MATERIAL PERMANENTE;Em execução;Organização da Sociedade Civil;26/12/2025;19/06/2027; 206.208,00 ; 206.208,00 ; 100.526,72 ; -   ; -   ; -   ; -   ;NÃO;PENDENTE;MONITORAR  DESEMBOLSO;0%;PENDENTE;Indefinida;NÃO HOUVE DESEMBOLSO;18/08/2027;;0;Baixa Execução;PENDENTE;0,00%;PENDENTE;NÃO INCLUÍDOS;FNS: 0,00%   |  Convenente: -;SEM INFORMAÇÃO;SEM IFORMAÇÃO;Fiscal Não Identificado;690892025;-;;;Sem Vínculo;-;0;2025;0,00;Sem Desembolso;-;-;NÃO;INDEFINIDO;*
990300;https://discricionarias.transferegov.sistema.gov.br/voluntarias/ConsultarProposta/ResultadoDaConsultaDePropostaDetalharProposta.do?idProposta=2161419&Usr=guest&Pwd=guest;PB;CAMPINA GRANDE;12671814000137;UNIVERSIDADE ESTADUAL DA PARAIBA;CONVENIO;SIM;AQUISIÇÃO DE EQUIPAMENTOS E MATERIAIS PERMANENTES PARA IMPLEMENTAÇÃO E OPERACIONALIZAÇÃO DOS LABORATÓRIOS DA NOVA ESTRUTURA DO NUTES;Em execução;Administração Pública Municipal;31/12/2025;29/09/2028; 12.160.280,00 ; 12.160.280,00 ; -   ; -   ; -   ; -   ; -   ;NÃO;PENDENTE;MONITORAR  DESEMBOLSO;0%;PENDENTE;Indefinida;NÃO HOUVE DESEMBOLSO;28/11/2028;;0;Baixa Execução;PENDENTE;0,00%;PENDENTE;NÃO INCLUÍDOS;FNS: 0,00%   |  Convenente: -;SEM INFORMAÇÃO;SEM IFORMAÇÃO;Fiscal Não Identificado;25000221712202558;-;;;Sem Vínculo;-;0;2025;0,00;Sem Desembolso;-;-;NÃO;INDEFINIDO;*
990315;https://discricionarias.transferegov.sistema.gov.br/voluntarias/ConsultarProposta/ResultadoDaConsultaDePropostaDetalharProposta.do?idProposta=2162528&Usr=guest&Pwd=guest;PB;MAMANGUAPE;08674396000164;FUNDO MUNICIPAL DE SAUDE DE MAMANGUAPE;CONTRATO DE REPASSE;SIM;CONSTRUÇÃO DE UNIDADE DE ATENÇÃO ESPECIALIZADA EM SAÚDE;Em execução;Administração Pública Municipal;31/12/2025;31/12/2029; 3.352.366,00 ; 3.352.200,00 ; -   ; 166,00 ; -   ; -   ; -   ;NÃO;PENDENTE;MONITORAR  DESEMBOLSO;0%;PENDENTE;Indefinida;NÃO HOUVE DESEMBOLSO;01/03/2030;;0;Baixa Execução;PENDENTE;0,00%;PENDENTE;NÃO INCLUÍDOS;FNS: 0,00%   |  Convenente: -;SEM INFORMAÇÃO;SEM IFORMAÇÃO;Fiscal Não Identificado;25000221715202591;-;;;Sem Vínculo;-;0;2025;0,00;Sem Desembolso;-;-;NÃO;INDEFINIDO;*
990635;https://discricionarias.transferegov.sistema.gov.br/voluntarias/ConsultarProposta/ResultadoDaConsultaDePropostaDetalharProposta.do?idProposta=2161017&Usr=guest&Pwd=guest;PB;CAMPINA GRANDE;06101061000121;FUNDACAO PEDRO AMERICO;CONVENIO;SIM;AQUISIÇÃO DE EQUIPAMENTO E MATERIAL PERMANENTE;Em execução;Organização da Sociedade Civil;31/12/2025;24/06/2027; 1.141.318,00 ; 1.141.318,00 ; -   ; -   ; -   ; -   ; -   ;NÃO;PENDENTE;MONITORAR  DESEMBOLSO;0%;PENDENTE;Indefinida;NÃO HOUVE DESEMBOLSO;23/08/2027;;0;Baixa Execução;PENDENTE;0,00%;PENDENTE;NÃO INCLUÍDOS;FNS: 0,00%   |  Convenente: -;SEM INFORMAÇÃO;SEM IFORMAÇÃO;Fiscal Não Identificado;25000221725202527;-;;;Sem Vínculo;-;0;2025;0,00;Sem Desembolso;-;-;NÃO;INDEFINIDO;*
990637;https://discricionarias.transferegov.sistema.gov.br/voluntarias/ConsultarProposta/ResultadoDaConsultaDePropostaDetalharProposta.do?idProposta=2161015&Usr=guest&Pwd=guest;PB;CAMPINA GRANDE;06101061000121;FUNDACAO PEDRO AMERICO;CONVENIO;NÃO;AQUISIÇÃO DE EQUIPAMENTO E MATERIAL PERMANENTE;Em execução;Administração Pública Municipal;31/12/2025;31/12/2029; 621.128,00 ; 621.128,00 ; -   ; -   ; -   ; -   ; -   ;NÃO;PENDENTE;MONITORAR  DESEMBOLSO;0%;PENDENTE;Indefinida;NÃO HOUVE DESEMBOLSO;01/03/2030;;0;Baixa Execução;PENDENTE;0,00%;PENDENTE;NÃO INCLUÍDOS;FNS: 0,00%   |  Convenente: -;SEM INFORMAÇÃO;SEM IFORMAÇÃO;Fiscal Não Identificado;696442025;-;;;Sem Vínculo;-;0;2025;0,00;Sem Desembolso;-;-;NÃO;INDEFINIDO;*
990640;https://discricionarias.transferegov.sistema.gov.br/voluntarias/ConsultarProposta/ResultadoDaConsultaDePropostaDetalharProposta.do?idProposta=2161003&Usr=guest&Pwd=guest;PB;CAMPINA GRANDE;06101061000121;FUNDACAO PEDRO AMERICO;CONVENIO;NÃO;AQUISIÇÃO DE EQUIPAMENTO E MATERIAL PERMANENTE;Em execução;Administração Pública Municipal;31/12/2025;31/12/2029; 1.430.948,00 ; 1.430.948,00 ; -   ; -   ; -   ; -   ; -   ;NÃO;PENDENTE;MONITORAR  DESEMBOLSO;0%;PENDENTE;Indefinida;NÃO HOUVE DESEMBOLSO;01/03/2030;;0;Baixa Execução;PENDENTE;0,00%;PENDENTE;NÃO INCLUÍDOS;FNS: 0,00%   |  Convenente: -;SEM INFORMAÇÃO;SEM IFORMAÇÃO;Fiscal Não Identificado;698292025;-;;;Sem Vínculo;-;0;2025;0,00;Sem Desembolso;-;-;NÃO;INDEFINIDO;*
991026;https://discricionarias.transferegov.sistema.gov.br/voluntarias/ConsultarProposta/ResultadoDaConsultaDePropostaDetalharProposta.do?idProposta=2163716&Usr=guest&Pwd=guest;PB;AMPARO;08612869000107;FUNDO MUNICIPAL DE SAUDE DE AMPARO-PB;CONTRATO DE REPASSE;SIM;CONSTRUÇÃO DE UNIDADE DE ATENÇÃO ESPECIALIZADA EM SAÚDE;Em execução;Administração Pública Municipal;29/06/2026;00/01/1900; 963.544,00 ; 963.544,00 ; -   ; -   ; -   ; -   ; -   ;NÃO;PENDENTE;MONITORAR  DESEMBOLSO;0%;PENDENTE;Indefinida;NÃO HOUVE DESEMBOLSO;18/08/2029;;0;Baixa Execução;PENDENTE;0,00%;PENDENTE;NÃO INCLUÍDOS;FNS: 0,00%   |  Convenente: -;SEM INFORMAÇÃO;SEM IFORMAÇÃO;Fiscal Não Identificado;25000225693202539;-;;;Sem Vínculo;-;0;2025;0,00;Sem Desembolso;-;-;NÃO;INDEFINIDO;*
991237;https://discricionarias.transferegov.sistema.gov.br/voluntarias/ConsultarProposta/ResultadoDaConsultaDePropostaDetalharProposta.do?idProposta=2164087&Usr=guest&Pwd=guest;PB;SANTA RITA;08694222000163;FUNDO MUNICIPAL DE SAUDE DE SANTA RITA;CONTRATO DE REPASSE;SIM;CONSTRUÇÃO DE UNIDADE DE ATENÇÃO ESPECIALIZADA EM SAÚDE;Em execução;Administração Pública Municipal;23/06/2026;00/01/1900; 1.988.084,00 ; 1.404.290,00 ; -   ; 583.794,00 ; -   ; -   ; -   ;NÃO;PENDENTE;MONITORAR  DESEMBOLSO;0%;PENDENTE;Indefinida;NÃO HOUVE DESEMBOLSO;21/08/2029;;0;Baixa Execução;PENDENTE;0,00%;PENDENTE;NÃO INCLUÍDOS;FNS: 0,00%   |  Convenente: -;SEM INFORMAÇÃO;SEM IFORMAÇÃO;Fiscal Não Identificado;701442025;-;;;Sem Vínculo;-;0;2025;0,00;Sem Desembolso;-;-;NÃO;INDEFINIDO;*
991477;https://discricionarias.transferegov.sistema.gov.br/voluntarias/ConsultarProposta/ResultadoDaConsultaDePropostaDetalharProposta.do?idProposta=2164071&Usr=guest&Pwd=guest;PB;CAMPINA GRANDE;06101061000121;FUNDACAO PEDRO AMERICO;CONVENIO;SIM;AQUISIÇÃO DE EQUIPAMENTO E MATERIAL PERMANENTE;Em execução;Organização da Sociedade Civil;28/05/2026;00/01/1900; 2.999.144,00 ; 2.999.144,00 ; -   ; -   ; -   ; -   ; -   ;NÃO;PENDENTE;MONITORAR  DESEMBOLSO;0%;PENDENTE;Indefinida;NÃO HOUVE DESEMBOLSO;18/01/2028;;0;Baixa Execução;PENDENTE;0,00%;PENDENTE;NÃO INCLUÍDOS;FNS: 0,00%   |  Convenente: -;SEM INFORMAÇÃO;SEM IFORMAÇÃO;Fiscal Não Identificado;701462025;-;;;Sem Vínculo;-;0;2025;0,00;Sem Desembolso;-;-;NÃO;INDEFINIDO;*
991614;https://discricionarias.transferegov.sistema.gov.br/voluntarias/ConsultarProposta/ResultadoDaConsultaDePropostaDetalharProposta.do?idProposta=2165105&Usr=guest&Pwd=guest;PB;PIANCÓ;04827493000199;FUNDO MUNICIPAL DE SAUDE;CONTRATO DE REPASSE;SIM;CONSTRUÇÃO DE UNIDADE DE ATENÇÃO ESPECIALIZADA EM SAÚDE;Em execução;Organização da Sociedade Civil;03/06/2026;00/01/1900; 16.279.676,00 ; 5.895.224,77 ; -   ; -   ; -   ; -   ; -   ;NÃO;PENDENTE;MONITORAR  DESEMBOLSO;0%;PENDENTE;Indefinida;NÃO HOUVE DESEMBOLSO;24/01/2028;;0;Baixa Execução;PENDENTE;0,00%;PENDENTE;NÃO INCLUÍDOS;FNS: 0,00%   |  Convenente: -;SEM INFORMAÇÃO;SEM IFORMAÇÃO;Fiscal Não Identificado;236822026;-;;;Sem Vínculo;-;0;2025;0,00;Sem Desembolso;-;-;NÃO;INDEFINIDO;*
991616;https://discricionarias.transferegov.sistema.gov.br/voluntarias/ConsultarProposta/ResultadoDaConsultaDePropostaDetalharProposta.do?idProposta=2165107&Usr=guest&Pwd=guest;PB;PRINCESA ISABEL;10473821000107;FUNDO MUNICIPAL DE SAUDE DO MUNICIPIO DE PRINCESA ISABEL;CONTRATO DE REPASSE;SIM;CONSTRUÇÃO DE UNIDADE DE ATENÇÃO ESPECIALIZADA EM SAÚDE;Em execução;Organização da Sociedade Civil;03/06/2026;00/01/1900; 11.270.000,00 ; 7.662.835,00 ; -   ; 3.607.165,00 ; -   ; -   ; -   ;NÃO;PENDENTE;MONITORAR  DESEMBOLSO;0%;PENDENTE;Indefinida;NÃO HOUVE DESEMBOLSO;24/01/2028;;0;Baixa Execução;PENDENTE;0,00%;PENDENTE;NÃO INCLUÍDOS;FNS: 0,00%   |  Convenente: -;SEM INFORMAÇÃO;SEM IFORMAÇÃO;Fiscal Não Identificado;236892026;-;;;Sem Vínculo;-;0;2025;0,00;Sem Desembolso;-;-;NÃO;INDEFINIDO;*
998077;https://discricionarias.transferegov.sistema.gov.br/voluntarias/ConsultarProposta/ResultadoDaConsultaDePropostaDetalharProposta.do?idProposta=2212689&Usr=guest&Pwd=guest;PB;BREJO DOS SANTOS;18000776000177;FUNDO MUNICIPAL DE SAUDE DE BREJO DOS SANTOS;CONTRATO DE REPASSE;SIM;AMPLIAÇÃO DE UNIDADE DE ATENÇÃO ESPECIALIZADA EM SAÚDE;Em execução;Organização da Sociedade Civil;30/06/2026;00/01/1900; 585.747,00 ; 585.747,00 ; -   ; -   ; -   ; -   ; -   ;NÃO;PENDENTE;MONITORAR  DESEMBOLSO;0%;PENDENTE;Indefinida;NÃO HOUVE DESEMBOLSO;20/02/2028;;0;Baixa Execução;PENDENTE;0,00%;PENDENTE;NÃO INCLUÍDOS;FNS: 0,00%   |  Convenente: -;SEM INFORMAÇÃO;SEM IFORMAÇÃO;Fiscal Não Identificado;25000071052202639;-;;;Sem Vínculo;-;0;2026;0,00;Sem Desembolso;-;-;NÃO;INDEFINIDO;*
998080;https://discricionarias.transferegov.sistema.gov.br/voluntarias/ConsultarProposta/ResultadoDaConsultaDePropostaDetalharProposta.do?idProposta=2212701&Usr=guest&Pwd=guest;PB;ITAPORANGA;11174552000132;FUNDO MUNICIPAL DE SAUDE DE ITAPORANGA;CONTRATO DE REPASSE;SIM;AMPLIAÇÃO DE UNIDADE DE ATENÇÃO ESPECIALIZADA EM SAÚDE;Em execução;Organização da Sociedade Civil;03/06/2026;00/01/1900; 390.656,00 ; 390.625,00 ; -   ; 31,00 ; -   ; -   ; -   ;NÃO;PENDENTE;MONITORAR  DESEMBOLSO;0%;PENDENTE;Indefinida;NÃO HOUVE DESEMBOLSO;24/01/2028;;0;Baixa Execução;PENDENTE;0,00%;PENDENTE;NÃO INCLUÍDOS;FNS: 0,00%   |  Convenente: -;SEM INFORMAÇÃO;SEM IFORMAÇÃO;Fiscal Não Identificado;25000074558202608;-;;;Sem Vínculo;-;0;2026;0,00;Sem Desembolso;-;-;NÃO;INDEFINIDO;*
998275;https://discricionarias.transferegov.sistema.gov.br/voluntarias/ConsultarProposta/ResultadoDaConsultaDePropostaDetalharProposta.do?idProposta=2209890&Usr=guest&Pwd=guest;PB;JOÃO PESSOA;40980914000180;FUNDACAO JOSE LEITE DE SOUZA;CONVENIO;SIM;AQUISIÇÃO DE EQUIPAMENTO E MATERIAL PERMANENTE;Em execução;Organização da Sociedade Civil;03/06/2026;00/01/1900; 1.509.651,00 ; 1.500.000,00 ; -   ; 9.651,00 ; -   ; -   ; -   ;NÃO;PENDENTE;MONITORAR  DESEMBOLSO;0%;PENDENTE;Indefinida;NÃO HOUVE DESEMBOLSO;24/01/2028;;0;Baixa Execução;PENDENTE;0,00%;PENDENTE;NÃO INCLUÍDOS;FNS: 0,00%   |  Convenente: -;SEM INFORMAÇÃO;SEM IFORMAÇÃO;Fiscal Não Identificado;25000076043202634;-;;;Sem Vínculo;-;0;2026;0,00;Sem Desembolso;-;-;NÃO;INDEFINIDO;*
998824;https://discricionarias.transferegov.sistema.gov.br/voluntarias/ConsultarProposta/ResultadoDaConsultaDePropostaDetalharProposta.do?idProposta=2212505&Usr=guest&Pwd=guest;PB;SANTA RITA;09433715000102;FUNDACAO GOVERNADOR FLAVIO RIBEIRO COUTINHO;CONVENIO;SIM;AQUISIÇÃO DE EQUIPAMENTO E MATERIAL PERMANENTE;Em execução;Organização da Sociedade Civil;03/06/2026;00/01/1900; 499.937,00 ; 499.937,00 ; -   ; -   ; -   ; -   ; -   ;NÃO;PENDENTE;MONITORAR  DESEMBOLSO;0%;PENDENTE;Indefinida;NÃO HOUVE DESEMBOLSO;24/01/2028;;0;Baixa Execução;PENDENTE;0,00%;PENDENTE;NÃO INCLUÍDOS;FNS: 0,00%   |  Convenente: -;SEM INFORMAÇÃO;SEM IFORMAÇÃO;Fiscal Não Identificado;25000074545202621;-;;;Sem Vínculo;-;0;2026;0,00;Sem Desembolso;-;-;NÃO;INDEFINIDO;*
998825;https://discricionarias.transferegov.sistema.gov.br/voluntarias/ConsultarProposta/ResultadoDaConsultaDePropostaDetalharProposta.do?idProposta=2212159&Usr=guest&Pwd=guest;PB;JOÃO PESSOA;09112236000194;FUNDACAO NAPOLEAO LAUREANO;CONVENIO;NÃO;AQUISIÇÃO DE EQUIPAMENTO E MATERIAL PERMANENTE;Em execução;Administração Pública Estadual ou do Distrito Federal;17/07/2026;00/01/1900; 507.613,00 ; 500.000,00 ; -   ; 7.613,00 ; -   ; -   ; -   ;NÃO;PENDENTE;MONITORAR  DESEMBOLSO;0%;PENDENTE;Indefinida;NÃO HOUVE DESEMBOLSO;14/01/2028;;0;Baixa Execução;PENDENTE;0,00%;PENDENTE;NÃO INCLUÍDOS;FNS: 0,00%   |  Convenente: -;SEM INFORMAÇÃO;SEM IFORMAÇÃO;Fiscal Não Identificado;25000074549202617;-;;;Sem Vínculo;-;0;2026;0,00;Sem Desembolso;-;-;NÃO;INDEFINIDO;*
998826;https://discricionarias.transferegov.sistema.gov.br/voluntarias/ConsultarProposta/ResultadoDaConsultaDePropostaDetalharProposta.do?idProposta=2212513&Usr=guest&Pwd=guest;PB;JOÃO PESSOA;10441470000144;FUNDACAO SAO PADRE PIO DE PIETRELCINA;CONVENIO;SIM;AQUISIÇÃO DE EQUIPAMENTO E MATERIAL PERMANENTE;Em execução;Organização da Sociedade Civil;07/07/2026;00/01/1900; 216.866,00 ; 216.866,00 ; -   ; -   ; -   ; -   ; -   ;NÃO;PENDENTE;MONITORAR  DESEMBOLSO;0%;PENDENTE;Indefinida;NÃO HOUVE DESEMBOLSO;27/02/2028;;0;Baixa Execução;PENDENTE;0,00%;PENDENTE;NÃO INCLUÍDOS;FNS: 0,00%   |  Convenente: -;SEM INFORMAÇÃO;SEM IFORMAÇÃO;Fiscal Não Identificado;25000074548202664;-;;;Sem Vínculo;-;0;2026;0,00;Sem Desembolso;-;-;NÃO;INDEFINIDO;*
998846;https://discricionarias.transferegov.sistema.gov.br/voluntarias/ConsultarProposta/ResultadoDaConsultaDePropostaDetalharProposta.do?idProposta=2212511&Usr=guest&Pwd=guest;PB;SANTA RITA;09433715000102;FUNDACAO GOVERNADOR FLAVIO RIBEIRO COUTINHO;CONVENIO;SIM;AQUISIÇÃO DE EQUIPAMENTO E MATERIAL PERMANENTE;Em execução;Organização da Sociedade Civil;07/07/2026;00/01/1900; 502.082,00 ; 500.000,00 ; -   ; 2.082,00 ; -   ; -   ; -   ;NÃO;PENDENTE;MONITORAR  DESEMBOLSO;0%;PENDENTE;Indefinida;NÃO HOUVE DESEMBOLSO;27/02/2028;;0;Baixa Execução;PENDENTE;0,00%;PENDENTE;NÃO INCLUÍDOS;FNS: 0,00%   |  Convenente: -;SEM INFORMAÇÃO;SEM IFORMAÇÃO;Fiscal Não Identificado;25000074565202600;-;;;Sem Vínculo;-;0;2026;0,00;Sem Desembolso;-;-;NÃO;INDEFINIDO;*
;;;;;;;;;;;;;846.520.476,33;534.738.633,83; 372.035.725,03 ;; 358.986.607,02 ; 27.799.364,30 ;30.134.396,64;;;;;;;;;;;;;;;;;;;;;;;;;;;; 35.637.959,51 ;;;;;;
;;;;;;;;;;;;;;;;;;;;;;;;;;;;;;;;;;;;;;;;;;;;;;;;;;;;;
;;;;;;;;CONTAGEM SOMENTE DE CONVÊNIOS;;;;;;;;;;;;;;;;;;;;;;;;;;;;;;;;;;;;;;;;;;;;;
;;;;;;;;Em Execução;66;;;;;;;;;;;;;;;;;;;;;;;;;;;;;;;;;;;;;;;;;;;;
;;;;;;;;Prestação de Contas em Análise;33;;;;;;;;;;;;;;;;;;;;;;;;;;;;;;;;;;;;;;;;;;;;
;;;;;;;;Prestação de Contas Comprovada em Análise;1;;;;;;;;;;;;;;;;;;;;;;;;;;;;;;;;;;;;;;;;;;;;
;;;;;;;;Prestação de Contas em Complementação;3;;;;;;;;;;;;;;;;;;;;;;;;;;;;;;;;;;;;;;;;;;;;
;;;;;;;;Prestação de Contas Iniciada Por Antecipação;0;;;;;;;;;;;;;;;;;;;;;;;;;;;;;;;;;;;;;;;;;;;;
;;;;;;;;Prestação de Contas enviada para Análise;9;;;;;;;;;;;;;;;;;;;;;;;;;;;;;;;;;;;;;;;;;;;;
;;;;;;;;Aguardando Prestação de Contas;1;;;;;;;;;;;;;;;;;;;;;;;;;;;;;;;;;;;;;;;;;;;;
;;;;;;;;Prestação de Contas Concluída;183;;;;;;;;;;;;;;;;;;;;;;;;;;;;;;;;;;;;;;;;;;;;
;;;;;;;;Convênio Rescindido;3;;;;;;;;;;;;;;;;;;;;;;;;;;;;;;;;;;;;;;;;;;;;
;;;;;;;;Prestação de Contas Aprovada com Ressalvas;0;;;;;;;;;;;;;;;;;;;;;;;;;;;;;;;;;;;;;;;;;;;;
;;;;;;;;Prestação de Contas Rejeitada;1;;;;;;;;;;;;;;;;;;;;;;;;;;;;;;;;;;;;;;;;;;;;
;;;;;;;;Convênio Anulado;11;;;;;;;;;;;;;;;;;;;;;;;;;;;;;;;;;;;;;;;;;;;;
;;;;;;;;Prestação de Contas Aprovada;0;;;;;;;;;;;;;;;;;;;;;;;;;;;;;;;;;;;;;;;;;;;;
;;;;;;;;;311;;;;;;;;;;;;;;;;;;;;;;;;;;;;;;;;;;;;;;;;;;;;
;;;;;;;;;;;;;;;;;;;;;;;;;;;;;;;;;;;;;;;;;;;;;;;;;;;;;
;;;;;;;;;;;;;;;;;;;;;;;;;;;;;;;;;;;;;;;;;;;;;;;;;;;;;
;;;;;;;;CONTAGEM :  CONTRATO DE REPASSE E CONVÊNIOS;;;;;;;;;;;;;;;;;;;;;;;;;;;;;BARTOLOMEU;29;;;;;;;;;;;;;;;
;;;;;;;;2;Aguardando Prestação de Contas-;;;;;;;;;;;;;;;;;;;;;;;;;;;;;;;;;;;;;;;;;;;;
;;;;;;;;40;Convênio Anulado-;;;;;;;;;;;;;;;;;;;;;;;;;;;;;;;;;;;;;;;;;;;;
;;;;;;;;6;Convênio Rescindido-;;;;;;;;;;;;;;;;;;;;;;;;;;;;;;;;;;;;;;;;;;;;
;;;;;;;;118;Em Execução-;;;;;;;;;;;;;;;;;;;;;;;;;;;;;;;;;;;;;;;;;;;;
;;;;;;;;3;Prestação de Contas Aprovada com Ressalva-;;;;;;;;;;;;;;;;;;;;;;;;;;;;;;;;;;;;;;;;;;;;
;;;;;;;;1;Prestação de Contas Comprovada em Análise-;;;;;;;;;;;;;;;;;;;;;;;;;;;;;;;;;;;;;;;;;;;;
;;;;;;;;0;Prestação de Contas Comprovada enviada para Análise-;;;;;;;;;;;;;;;;;;;;;;;;;;;;;;;;;;;;;;;;;;;;
;;;;;;;;240;Prestação de Contas Concluídas-;;;;;;;;;;;;;;;;;;;;;;;;;;;;;;;;;;;;;;;;;;;;
;;;;;;;;34;Prestação de Contas em Análise-;;;;;;;;;;;;;;;;;;;;;;;;;;;;;;;;;;;;;;;;;;;;
;;;;;;;;3;Prestação de Contas em Complementação-;;;;;;;;;;;;;;;;;;;;;;;;;;;;;;;;;;;;;;;;;;;;
;;;;;;;;10;Prestação de Contas enviada para Análise-;;;;;;;;;;;;;;;;;;;;;;;;;;;;;;;;;;;;;;;;;;;;
;;;;;;;;1;Prestação de Contas Iniciada por Antecipação-;;;;;;;;;;;;;;;;;;;;;;;;;;;;;;;;;;;;;;;;;;;;
;;;;;;;;1;Prestação de Contas Rejeitada-;;;;;;;;;;;;;;;;;;;;;;;;;;;;;;;;;;;;;;;;;;;;
;;;;;;;;1;Prestação de Contas Aprovadas;;;;;;;;;;;;;;;;;;;;;;;;;;;;;;;;;;;;;;;;;;;;
;;;;;;;;460;;;;;;;;;;;;;;;;;;;;;;;;;;;;;;;;;;;;;;;;;;;;;
;;;;;;;;;;;;;;;;;;;;;;;;;;;;;;;;;;;;;;;;;;;;;;;;;;;;;
;;;;;;;;;;;;;;;;;;;;;;;;;;;;;;;;;;;;;;;;;;;;;;;;;;;;;
;;;;;;;;;;;;;;;;;;;;;;;;;;;;;;;;;;;;;;;;;;;;;;;;;;;;;
;;;;;;;;;;;;;;;;;;;;;;;;;;;;;;;;;;;;;;;;;;;;;;;;;;;;;
;;;;;;;;;;;;;;;;;;;;;;;;;;;;;;;;;;;;;;;;;;;;;;;;;;;;;
;;;;;;;;;;;;;;;;;;;;;;;;;;;;;;;;;;;;;;;;;;;;;;;;;;;;;
