Ano;N° Emenda;Partido;Parlamentar;Cód. Parlamentar Solicitante (a partir de 2025);Parlamentar Solicitante (a partir de 2025);UF;Cód. Município IBGE;Municipio;Esfera Administrativa;Tipo de Emenda;Grupo de Despesa;Subfunção;Fonte;Funcional;Data Inicio Proposta;N° Instrumento;TGov Parceria;Tipo de Repasse;Tipo de Instrumento;Ação Orç.;Programa Estratégico;Componente;CNPJ Beneficiário;Beneficiário;Nr. Portaria;Data Portaria;Situação (Portal FNS);Situação (DS PROPOSTA);Data Último Pgto;Instrumento (R$);Empenhado (R$);Pago (R$)
2026;71160010;S.PART.;BANCADA DA PARAÍBA;não se aplica;não se aplica;PB;250750;JOAO PESSOA;ESTADUAL;BANCADA OBRIGATÓRIA;CORRENTE;302;1001;1030251182E900025;08/06/2026;36000812803202600;202600039368;FAF;INCREMENTO MAC;2E90;ATENÇÃO ESPECIALIZADA À SAÚDE;INCREMENTO TEMPORÁRIO DO TETO DA MÉDIA E ALTA COMPLEXIDADE - MAC;03609595000175;FUNDO ESTADUAL DE SAUDE DO ESTADO DA PARAIBA - FESEP;11571;16/06/2026;EM ANALISE PELA ÁREA FINALÍSTICA;Proposta Empenhada aguardando Formalização;-;R$4.500.000,00;R$4.500.000,00;R$0,00
2026;71160004;S.PART.;BANCADA DA PARAÍBA;não se aplica;não se aplica;PB;251140;PICUI;MUNICIPAL;BANCADA OBRIGATÓRIA;CORRENTE;301;1001;1030151192E890025;26/05/2026;36000809505202600;202600037067;FAF;INCREMENTO PAP;2E89;ATENÇÃO PRIMÁRIA À SAÚDE;INCREMENTO DO PISO DA ATENÇÃO PRIMÁRIA À SAÚDE - PAP;08619650000121;FUNDO MUNICIPAL DE SAUDE;11487;01/06/2026;EM ANALISE PELA ÁREA FINALÍSTICA;Proposta Empenhada aguardando Formalização;-;R$500.000,00;R$500.000,00;R$0,00
2026;71160004;S.PART.;BANCADA DA PARAÍBA;não se aplica;não se aplica;PB;251390;SAO BENTO;MUNICIPAL;BANCADA OBRIGATÓRIA;CORRENTE;301;1001;1030151192E890025;20/05/2026;36000807299202600;202600036620;FAF;INCREMENTO PAP;2E89;ATENÇÃO PRIMÁRIA À SAÚDE;INCREMENTO DO PISO DA ATENÇÃO PRIMÁRIA À SAÚDE - PAP;02015756000130;FUNDO MINICIPAL DE SAUDE;11413;26/05/2026;PROPOSTA PAGA;Proposta Paga;26/06/2026;R$500.000,00;R$500.000,00;R$500.000,00
2026;71160010;S.PART.;BANCADA DA PARAÍBA;não se aplica;não se aplica;PB;251330;SANTA HELENA;MUNICIPAL;BANCADA OBRIGATÓRIA;CORRENTE;302;1001;1030251182E900025;13/05/2026;36000804811202600;202600034376;FAF;INCREMENTO MAC;2E90;ATENÇÃO ESPECIALIZADA À SAÚDE;INCREMENTO TEMPORÁRIO DO TETO DA MÉDIA E ALTA COMPLEXIDADE - MAC;11245287000136;FUNDO MUNICIPAL DE SAUDE DE SANTA HELENA-PB;11270;18/05/2026;PROPOSTA PAGA;Proposta Paga;26/06/2026;R$290.000,00;R$290.000,00;R$290.000,00
2026;71160004;S.PART.;BANCADA DA PARAÍBA;não se aplica;não se aplica;PB;250520;CUITEGI;MUNICIPAL;BANCADA OBRIGATÓRIA;CORRENTE;301;1001;1030151192E890025;14/05/2026;36000805360202600;202600035537;FAF;INCREMENTO PAP;2E89;ATENÇÃO PRIMÁRIA À SAÚDE;INCREMENTO DO PISO DA ATENÇÃO PRIMÁRIA À SAÚDE - PAP;11780026000116;FUNDO MUNICIPAL DE SAUDE - CUITEGI-PB;11331;20/05/2026;PROPOSTA PAGA;Proposta Paga;26/06/2026;R$200.000,00;R$200.000,00;R$200.000,00
2026;71160004;S.PART.;BANCADA DA PARAÍBA;não se aplica;não se aplica;PB;251640;TACIMA;MUNICIPAL;BANCADA OBRIGATÓRIA;CORRENTE;301;1001;1030151192E890025;06/05/2026;36000801311202600;202600029714;FAF;INCREMENTO PAP;2E89;ATENÇÃO PRIMÁRIA À SAÚDE;INCREMENTO DO PISO DA ATENÇÃO PRIMÁRIA À SAÚDE - PAP;11907806000184;FUNDO MUNICIPAL DE SAUDE DE TACIMA;11194;13/05/2026;PROPOSTA PAGA;Proposta Paga;16/06/2026;R$550.000,00;R$550.000,00;R$550.000,00
2026;71160010;S.PART.;BANCADA DA PARAÍBA;não se aplica;não se aplica;PB;250890;MAMANGUAPE;MUNICIPAL;BANCADA OBRIGATÓRIA;CORRENTE;302;1001;1030251182E900025;06/05/2026;36000801333202600;202600028622;FAF;INCREMENTO MAC;2E90;ATENÇÃO ESPECIALIZADA À SAÚDE;INCREMENTO TEMPORÁRIO DO TETO DA MÉDIA E ALTA COMPLEXIDADE - MAC;08674396000164;FUNDO MUNICIPAL DE SAUDE DE MAMANGUAPE;11058;11/05/2026;PROPOSTA PAGA;Proposta Paga;26/05/2026;R$500.000,00;R$500.000,00;R$500.000,00
2026;71160004;S.PART.;BANCADA DA PARAÍBA;não se aplica;não se aplica;PB;251090;PAULISTA;MUNICIPAL;BANCADA OBRIGATÓRIA;CORRENTE;301;1001;1030151192E890025;05/05/2026;36000800871202600;202600035587;FAF;INCREMENTO PAP;2E89;ATENÇÃO PRIMÁRIA À SAÚDE;INCREMENTO DO PISO DA ATENÇÃO PRIMÁRIA À SAÚDE - PAP;11247833000178;FUNDO MUNICIPAL DE SAUDE;11331;20/05/2026;PROPOSTA PAGA;Proposta Paga;26/06/2026;R$200.000,00;R$200.000,00;R$200.000,00
2026;71160004;S.PART.;BANCADA DA PARAÍBA;não se aplica;não se aplica;PB;250890;MAMANGUAPE;MUNICIPAL;BANCADA OBRIGATÓRIA;CORRENTE;301;1001;1030151192E890025;05/05/2026;36000800811202600;202600029704;FAF;INCREMENTO PAP;2E89;ATENÇÃO PRIMÁRIA À SAÚDE;INCREMENTO DO PISO DA ATENÇÃO PRIMÁRIA À SAÚDE - PAP;08674396000164;FUNDO MUNICIPAL DE SAUDE DE MAMANGUAPE;11194;13/05/2026;PROPOSTA PAGA;Proposta Paga;16/06/2026;R$1.000.000,00;R$1.000.000,00;R$1.000.000,00
2026;71160004;S.PART.;BANCADA DA PARAÍBA;não se aplica;não se aplica;PB;251315;SANTA CECILIA;MUNICIPAL;BANCADA OBRIGATÓRIA;CORRENTE;301;1001;1030151192E890025;13/05/2026;36000805025202600;202600035594;FAF;INCREMENTO PAP;2E89;ATENÇÃO PRIMÁRIA À SAÚDE;INCREMENTO DO PISO DA ATENÇÃO PRIMÁRIA À SAÚDE - PAP;08698105000178;FUNDO MUNICIPAL DE SAUDE SANTA CECILIA;11331;20/05/2026;EM ANALISE PELA ÁREA FINALÍSTICA;Proposta Empenhada aguardando Formalização;-;R$1.000.000,00;R$1.000.000,00;R$0,00
2026;71160004;S.PART.;BANCADA DA PARAÍBA;não se aplica;não se aplica;PB;251400;SAO JOAO DO CARIRI;MUNICIPAL;BANCADA OBRIGATÓRIA;CORRENTE;301;1001;1030151192E890025;08/05/2026;36000803116202600;202600030627;FAF;INCREMENTO PAP;2E89;ATENÇÃO PRIMÁRIA À SAÚDE;INCREMENTO DO PISO DA ATENÇÃO PRIMÁRIA À SAÚDE - PAP;12447221000191;FUNDO MUNICIPAL DE SAUDE DE SAO JOAO DO CARIRI - PB;11239;15/05/2026;PROPOSTA PAGA;Proposta Paga;09/06/2026;R$100.000,00;R$100.000,00;R$100.000,00
2026;71160004;S.PART.;BANCADA DA PARAÍBA;não se aplica;não se aplica;PB;251650;TAPEROA;MUNICIPAL;BANCADA OBRIGATÓRIA;CORRENTE;301;1001;1030151192E890025;07/05/2026;36000802262202600;202600029715;FAF;INCREMENTO PAP;2E89;ATENÇÃO PRIMÁRIA À SAÚDE;INCREMENTO DO PISO DA ATENÇÃO PRIMÁRIA À SAÚDE - PAP;11850452000189;FUNDO MUNICIPAL DE SAUDE DE TAPEROA;11194;13/05/2026;PROPOSTA PAGA;Proposta Paga;26/05/2026;R$100.000,00;R$100.000,00;R$100.000,00
2026;71160004;S.PART.;BANCADA DA PARAÍBA;não se aplica;não se aplica;PB;251270;REMIGIO;MUNICIPAL;BANCADA OBRIGATÓRIA;CORRENTE;301;1001;1030151192E890025;25/05/2026;36000809123202600;202600037070;FAF;INCREMENTO PAP;2E89;ATENÇÃO PRIMÁRIA À SAÚDE;INCREMENTO DO PISO DA ATENÇÃO PRIMÁRIA À SAÚDE - PAP;11376311000176;FUNDO MUNICIPAL DE SAUDE - REMIGIO - PB;11487;01/06/2026;PROPOSTA PAGA;Proposta Paga;26/06/2026;R$500.000,00;R$500.000,00;R$500.000,00
2026;71160010;S.PART.;BANCADA DA PARAÍBA;não se aplica;não se aplica;PB;250750;JOAO PESSOA;MUNICIPAL;BANCADA OBRIGATÓRIA;CORRENTE;302;1001;1030251182E900025;02/06/2026;36000812303202600;202600040668;FAF;INCREMENTO MAC;2E90;ATENÇÃO ESPECIALIZADA À SAÚDE;INCREMENTO TEMPORÁRIO DO TETO DA MÉDIA E ALTA COMPLEXIDADE - MAC;08715618000140;FUNDO MUNICIPAL DE SAUDE;11642;23/06/2026;EM ANALISE PELA ÁREA FINALÍSTICA;Proposta Empenhada aguardando Formalização;-;R$650.000,00;R$650.000,00;R$0,00
2026;71160004;S.PART.;BANCADA DA PARAÍBA;não se aplica;não se aplica;PB;250210;BOA VENTURA;MUNICIPAL;BANCADA OBRIGATÓRIA;CORRENTE;301;1001;1030151192E890025;14/05/2026;36000805427202600;202600035520;FAF;INCREMENTO PAP;2E89;ATENÇÃO PRIMÁRIA À SAÚDE;INCREMENTO DO PISO DA ATENÇÃO PRIMÁRIA À SAÚDE - PAP;10570295000195;FUNCO MUNICIPAL DE SAUDE DE BOA VENTURA;11331;20/05/2026;PROPOSTA PAGA;Proposta Paga;26/06/2026;R$400.000,00;R$400.000,00;R$400.000,00
2026;71160004;S.PART.;BANCADA DA PARAÍBA;não se aplica;não se aplica;PB;251200;POCINHOS;MUNICIPAL;BANCADA OBRIGATÓRIA;CORRENTE;301;1001;1030151192E890025;18/05/2026;36000806835202600;202600036613;FAF;INCREMENTO PAP;2E89;ATENÇÃO PRIMÁRIA À SAÚDE;INCREMENTO DO PISO DA ATENÇÃO PRIMÁRIA À SAÚDE - PAP;09505246000190;FUNDO MUNICIPAL DE SAUDE - POCINHOS - PARAIBA;11402;26/05/2026;EM ANALISE PELA ÁREA FINALÍSTICA;Proposta Empenhada aguardando Formalização;-;R$2.000.000,00;R$2.000.000,00;R$0,00
2026;71160004;S.PART.;BANCADA DA PARAÍBA;não se aplica;não se aplica;PB;251350;SANTANA DE MANGUEIRA;MUNICIPAL;BANCADA OBRIGATÓRIA;CORRENTE;301;1001;1030151192E890025;06/05/2026;36000801038202600;202600029708;FAF;INCREMENTO PAP;2E89;ATENÇÃO PRIMÁRIA À SAÚDE;INCREMENTO DO PISO DA ATENÇÃO PRIMÁRIA À SAÚDE - PAP;11285050000189;FUNDO MUNICIPAL DE SAUDE;11194;13/05/2026;PROPOSTA PAGA;Proposta Paga;16/06/2026;R$400.000,00;R$400.000,00;R$400.000,00
2026;71160010;S.PART.;BANCADA DA PARAÍBA;não se aplica;não se aplica;PB;250370;CAJAZEIRAS;MUNICIPAL;BANCADA OBRIGATÓRIA;CORRENTE;302;1001;1030251182E900025;11/05/2026;36000803450202600;202600034363;FAF;INCREMENTO MAC;2E90;ATENÇÃO ESPECIALIZADA À SAÚDE;INCREMENTO TEMPORÁRIO DO TETO DA MÉDIA E ALTA COMPLEXIDADE - MAC;11902878000139;MUNICIPIO DE CAJAZEIRAS FUNDO MUNICIPAL DE SAUDE - FMS;11263;18/05/2026;EM ANALISE PELA ÁREA FINALÍSTICA;Proposta Empenhada aguardando Formalização;-;R$1.000.000,00;R$1.000.000,00;R$0,00
2026;71160010;S.PART.;BANCADA DA PARAÍBA;não se aplica;não se aplica;PB;250630;GUARABIRA;MUNICIPAL;BANCADA OBRIGATÓRIA;CORRENTE;302;1001;1030251182E900025;21/05/2026;36000808014202600;202600038387;FAF;INCREMENTO MAC;2E90;ATENÇÃO ESPECIALIZADA À SAÚDE;INCREMENTO TEMPORÁRIO DO TETO DA MÉDIA E ALTA COMPLEXIDADE - MAC;13844779000173;GUARABIRA FUNDO MUNICIPAL DE SAUDE;11519;03/06/2026;EM ANALISE PELA ÁREA FINALÍSTICA;Proposta Empenhada aguardando Formalização;-;R$1.200.000,00;R$1.200.000,00;R$0,00
2026;71160010;S.PART.;BANCADA DA PARAÍBA;não se aplica;não se aplica;PB;251310;SALGADO DE SAO FELIX;MUNICIPAL;BANCADA OBRIGATÓRIA;CORRENTE;302;1001;1030251182E900025;27/05/2026;36000810145202600;202600041826;FAF;INCREMENTO MAC;2E90;ATENÇÃO ESPECIALIZADA À SAÚDE;INCREMENTO TEMPORÁRIO DO TETO DA MÉDIA E ALTA COMPLEXIDADE - MAC;11462050000107;FUNDO MUNICIPAL DE SAUDE DE SALGADO DE SAO FELIX;11749;30/06/2026;EM ANALISE PELA ÁREA FINALÍSTICA;Proposta Empenhada aguardando Formalização;-;R$100.000,00;R$100.000,00;R$0,00
2026;71160004;S.PART.;BANCADA DA PARAÍBA;não se aplica;não se aplica;PB;250570;DONA INES;MUNICIPAL;BANCADA OBRIGATÓRIA;CORRENTE;301;1001;1030151192E890025;15/05/2026;36000806104202600;202600035539;FAF;INCREMENTO PAP;2E89;ATENÇÃO PRIMÁRIA À SAÚDE;INCREMENTO DO PISO DA ATENÇÃO PRIMÁRIA À SAÚDE - PAP;11420456000127;DONA INES - FUNDO MUNICIPAL DE SAUDE;11331;20/05/2026;PROPOSTA PAGA;Proposta Paga;26/06/2026;R$500.000,00;R$500.000,00;R$500.000,00
2026;71160004;S.PART.;BANCADA DA PARAÍBA;não se aplica;não se aplica;PB;250350;CACIMBA DE DENTRO;MUNICIPAL;BANCADA OBRIGATÓRIA;CORRENTE;301;1001;1030151192E890025;20/05/2026;36000807666202600;202600036585;FAF;INCREMENTO PAP;2E89;ATENÇÃO PRIMÁRIA À SAÚDE;INCREMENTO DO PISO DA ATENÇÃO PRIMÁRIA À SAÚDE - PAP;12011663000190;FUNDO MUNICIPAL DE SAUDE DE CACIMBA DE DENTRO;11413;26/05/2026;PROPOSTA PAGA;Proposta Paga;26/06/2026;R$200.000,00;R$200.000,00;R$200.000,00
2026;71160004;S.PART.;BANCADA DA PARAÍBA;não se aplica;não se aplica;PB;250435;CATURITE;MUNICIPAL;BANCADA OBRIGATÓRIA;CORRENTE;301;1001;1030151192E890025;13/05/2026;36000804855202600;202600035531;FAF;INCREMENTO PAP;2E89;ATENÇÃO PRIMÁRIA À SAÚDE;INCREMENTO DO PISO DA ATENÇÃO PRIMÁRIA À SAÚDE - PAP;11457024000190;FUNDO MUNICIPAL DE SAUDE CATURITE;11331;20/05/2026;PROPOSTA PAGA;Proposta Paga;26/06/2026;R$200.000,00;R$200.000,00;R$200.000,00
2026;71160010;S.PART.;BANCADA DA PARAÍBA;não se aplica;não se aplica;PB;250030;ALAGOA GRANDE;MUNICIPAL;BANCADA OBRIGATÓRIA;CORRENTE;302;1001;1030251182E900025;12/05/2026;36000804538202600;202600035179;FAF;INCREMENTO MAC;2E90;ATENÇÃO ESPECIALIZADA À SAÚDE;INCREMENTO TEMPORÁRIO DO TETO DA MÉDIA E ALTA COMPLEXIDADE - MAC;17698753000115;FUNDO MUNICIPAL DE SAUDE DE ALAGOA GRANDE;11346;20/05/2026;PROPOSTA PAGA;Proposta Paga;25/06/2026;R$500.000,00;R$500.000,00;R$500.000,00
2026;71160010;S.PART.;BANCADA DA PARAÍBA;não se aplica;não se aplica;PB;251210;POMBAL;MUNICIPAL;BANCADA OBRIGATÓRIA;CORRENTE;302;1001;1030251182E900025;07/05/2026;36000801772202600;202600030862;FAF;INCREMENTO MAC;2E90;ATENÇÃO ESPECIALIZADA À SAÚDE;INCREMENTO TEMPORÁRIO DO TETO DA MÉDIA E ALTA COMPLEXIDADE - MAC;10602526000103;FUNDO MUNICIPAL DE SAUDE;11214;15/05/2026;PROPOSTA PAGA;Proposta Paga;17/06/2026;R$500.000,00;R$500.000,00;R$500.000,00
2026;71160004;S.PART.;BANCADA DA PARAÍBA;não se aplica;não se aplica;PB;250910;MARI;MUNICIPAL;BANCADA OBRIGATÓRIA;CORRENTE;301;1001;1030151192E890025;12/05/2026;36000804220202600;202600030613;FAF;INCREMENTO PAP;2E89;ATENÇÃO PRIMÁRIA À SAÚDE;INCREMENTO DO PISO DA ATENÇÃO PRIMÁRIA À SAÚDE - PAP;11400094000102;FUNDO MUNICIPAL DE SAUDE;11239;15/05/2026;PROPOSTA PAGA;Proposta Paga;16/06/2026;R$1.000.000,00;R$1.000.000,00;R$1.000.000,00
2026;71160003;S.PART.;BANCADA DA PARAÍBA;não se aplica;não se aplica;PB;250360;CAICARA;MUNICIPAL;BANCADA OBRIGATÓRIA;CAPITAL;302;1001;10302511885358697;13/05/2026;17577160000126002;202600041688;FAF;EQUIPAMENTO;8535;ATENÇÃO ESPECIALIZADA À SAÚDE;Rede de Atenção Psicossocial - Centro de Atenção Psicossocial (Caps);17577160000109;FUNDO MUNICIPAL DE SAUDE DE CAICARA;11751;30/06/2026;EM ANALISE PELA ÁREA FINALÍSTICA;Proposta Empenhada aguardando Formalização;-;R$25.941,00;R$25.941,00;R$0,00
2026;71160010;S.PART.;BANCADA DA PARAÍBA;não se aplica;não se aplica;PB;251390;SAO BENTO;MUNICIPAL;BANCADA OBRIGATÓRIA;CORRENTE;302;1001;1030251182E900025;08/05/2026;36000802597202600;202600029823;FAF;INCREMENTO MAC;2E90;ATENÇÃO ESPECIALIZADA À SAÚDE;INCREMENTO TEMPORÁRIO DO TETO DA MÉDIA E ALTA COMPLEXIDADE - MAC;02015756000130;FUNDO MINICIPAL DE SAUDE;11170;13/05/2026;PROPOSTA PAGA;Proposta Paga;17/06/2026;R$2.499.000,00;R$2.499.000,00;R$2.499.000,00
2026;71160004;S.PART.;BANCADA DA PARAÍBA;não se aplica;não se aplica;PB;251610;SOLEDADE;MUNICIPAL;BANCADA OBRIGATÓRIA;CORRENTE;301;1001;1030151192E890025;11/05/2026;36000803432202600;202600035607;FAF;INCREMENTO PAP;2E89;ATENÇÃO PRIMÁRIA À SAÚDE;INCREMENTO DO PISO DA ATENÇÃO PRIMÁRIA À SAÚDE - PAP;02182502000106;FUNDO MUNICIPAL DE SAUDE DE SOLEDADE;11331;20/05/2026;PROPOSTA PAGA;Proposta Paga;26/06/2026;R$400.000,00;R$400.000,00;R$400.000,00
2026;71160004;S.PART.;BANCADA DA PARAÍBA;não se aplica;não se aplica;PB;250415;CASSERENGUE;MUNICIPAL;BANCADA OBRIGATÓRIA;CORRENTE;301;1001;1030151192E890025;28/05/2026;36000811181202600;202600042417;FAF;INCREMENTO PAP;2E89;ATENÇÃO PRIMÁRIA À SAÚDE;INCREMENTO DO PISO DA ATENÇÃO PRIMÁRIA À SAÚDE - PAP;12431437000169;FUNDO MUNICIPAL DE SAUDE;11803;01/07/2026;EM ANALISE PELA ÁREA FINALÍSTICA;Proposta Empenhada aguardando Formalização;-;R$200.000,00;R$200.000,00;R$0,00
2026;71160004;S.PART.;BANCADA DA PARAÍBA;não se aplica;não se aplica;PB;250820;LAGOA DE DENTRO;MUNICIPAL;BANCADA OBRIGATÓRIA;CORRENTE;301;1001;1030151192E890025;14/05/2026;36000805287202600;202600035553;FAF;INCREMENTO PAP;2E89;ATENÇÃO PRIMÁRIA À SAÚDE;INCREMENTO DO PISO DA ATENÇÃO PRIMÁRIA À SAÚDE - PAP;12375571000190;LAGOA DE DENTRO - FUNDO MUNICIPAL DE SAUDE;11331;20/05/2026;PROPOSTA PAGA;Proposta Paga;26/06/2026;R$200.000,00;R$200.000,00;R$200.000,00
2026;71160010;S.PART.;BANCADA DA PARAÍBA;não se aplica;não se aplica;PB;250350;CACIMBA DE DENTRO;MUNICIPAL;BANCADA OBRIGATÓRIA;CORRENTE;302;1001;1030251182E900025;20/05/2026;36000807692202600;202600036379;FAF;INCREMENTO MAC;2E90;ATENÇÃO ESPECIALIZADA À SAÚDE;INCREMENTO TEMPORÁRIO DO TETO DA MÉDIA E ALTA COMPLEXIDADE - MAC;12011663000190;FUNDO MUNICIPAL DE SAUDE DE CACIMBA DE DENTRO;11400;26/05/2026;PROPOSTA PAGA;Proposta Paga;25/06/2026;R$700.000,00;R$700.000,00;R$700.000,00
2026;71160004;S.PART.;BANCADA DA PARAÍBA;não se aplica;não se aplica;PB;251560;SERRA DA RAIZ;MUNICIPAL;BANCADA OBRIGATÓRIA;CORRENTE;301;1001;1030151192E890025;18/05/2026;36000806932202600;202600036624;FAF;INCREMENTO PAP;2E89;ATENÇÃO PRIMÁRIA À SAÚDE;INCREMENTO DO PISO DA ATENÇÃO PRIMÁRIA À SAÚDE - PAP;11594437000117;FUNDO MUNICIPAL DE SAUDE;11413;26/05/2026;PROPOSTA PAGA;Proposta Paga;26/06/2026;R$300.000,00;R$300.000,00;R$300.000,00
2026;71160004;S.PART.;BANCADA DA PARAÍBA;não se aplica;não se aplica;PB;250610;FAGUNDES;MUNICIPAL;BANCADA OBRIGATÓRIA;CORRENTE;301;1001;1030151192E890025;13/05/2026;36000805138202600;202600036594;FAF;INCREMENTO PAP;2E89;ATENÇÃO PRIMÁRIA À SAÚDE;INCREMENTO DO PISO DA ATENÇÃO PRIMÁRIA À SAÚDE - PAP;11307940000144;FUNDO MUNICIPAL DE SAUDE FAGUNDES PB;11402;26/05/2026;EM ANALISE PELA ÁREA FINALÍSTICA;Proposta Empenhada aguardando Formalização;-;R$1.000.000,00;R$1.000.000,00;R$0,00
2026;71160004;S.PART.;BANCADA DA PARAÍBA;não se aplica;não se aplica;PB;250710;ITAPOROROCA;MUNICIPAL;BANCADA OBRIGATÓRIA;CORRENTE;301;1001;1030151192E890025;06/05/2026;36000801160202600;202600030612;FAF;INCREMENTO PAP;2E89;ATENÇÃO PRIMÁRIA À SAÚDE;INCREMENTO DO PISO DA ATENÇÃO PRIMÁRIA À SAÚDE - PAP;12099621000153;FUNDO MUNICIPAL DE SAUDE;11239;15/05/2026;EM ANALISE PELA ÁREA FINALÍSTICA;Proposta Empenhada aguardando Formalização;-;R$1.500.000,00;R$1.500.000,00;R$0,00
2026;71160004;S.PART.;BANCADA DA PARAÍBA;não se aplica;não se aplica;PB;250150;BANANEIRAS;MUNICIPAL;BANCADA OBRIGATÓRIA;CORRENTE;301;1001;1030151192E890025;05/05/2026;36000800927202600;202600029690;FAF;INCREMENTO PAP;2E89;ATENÇÃO PRIMÁRIA À SAÚDE;INCREMENTO DO PISO DA ATENÇÃO PRIMÁRIA À SAÚDE - PAP;18730452000194;BANANEIRAS - FUNDO MUNICIPAL DE SAUDE;11194;13/05/2026;PROPOSTA PAGA;Proposta Paga;16/06/2026;R$3.500.000,00;R$3.500.000,00;R$3.500.000,00
2026;71160010;S.PART.;BANCADA DA PARAÍBA;não se aplica;não se aplica;PB;250750;JOAO PESSOA;ESTADUAL;BANCADA OBRIGATÓRIA;CORRENTE;302;1001;1030251182E900025;25/05/2026;36000808982202600;202600036874;FAF;INCREMENTO MAC;2E90;ATENÇÃO ESPECIALIZADA À SAÚDE;INCREMENTO TEMPORÁRIO DO TETO DA MÉDIA E ALTA COMPLEXIDADE - MAC;03609595000175;FUNDO ESTADUAL DE SAUDE DO ESTADO DA PARAIBA - FESEP;11447;28/05/2026;PROPOSTA PAGA;Proposta Paga;03/07/2026;R$500.000,00;R$500.000,00;R$500.000,00
2026;71160010;S.PART.;BANCADA DA PARAÍBA;não se aplica;não se aplica;PB;250430;CATOLE DO ROCHA;MUNICIPAL;BANCADA OBRIGATÓRIA;CORRENTE;302;1001;1030251182E900025;07/05/2026;36000801884202600;202600036204;FAF;INCREMENTO MAC;2E90;ATENÇÃO ESPECIALIZADA À SAÚDE;INCREMENTO TEMPORÁRIO DO TETO DA MÉDIA E ALTA COMPLEXIDADE - MAC;12784607000199;FUNDO MUNICIPAL DE SAUDE DE CATOLE DO ROCHA;11377;22/05/2026;PROPOSTA PAGA;Proposta Paga;25/06/2026;R$1.000.000,00;R$1.000.000,00;R$1.000.000,00
2026;71160003;S.PART.;BANCADA DA PARAÍBA;não se aplica;não se aplica;PB;250750;JOAO PESSOA;PRIVADA;BANCADA OBRIGATÓRIA;CAPITAL;302;1001;10302511885358697;21/05/2026;90866726002;-;CONVENIO;CONVÊNIO EQUIPAMENTO;8535;ATENÇÃO ESPECIALIZADA À SAÚDE;Rede de Atenção Hospitalar - Unidades de Cuidados Prolongados;08667206000181;INSTITUTO SAO JOSE;-;10/07/2026;EM ANALISE PELA ÁREA FINALÍSTICA;Proposta Empenhada aguardando Formalização;-;R$299.940,00;R$299.940,00;R$0,00
2026;71160010;S.PART.;BANCADA DA PARAÍBA;não se aplica;não se aplica;PB;250070;SAO JOAO DO RIO DO PEIXE;MUNICIPAL;BANCADA OBRIGATÓRIA;CORRENTE;302;1001;1030251182E900025;18/05/2026;36000806534202600;202600036124;FAF;INCREMENTO MAC;2E90;ATENÇÃO ESPECIALIZADA À SAÚDE;INCREMENTO TEMPORÁRIO DO TETO DA MÉDIA E ALTA COMPLEXIDADE - MAC;17648806000193;FUNDO MUNICIPAL DE SAUDE DE SAO JOAO DO RIO DO PEIXE;11366;22/05/2026;PROPOSTA PAGA;Proposta Paga;25/06/2026;R$1.000.000,00;R$1.000.000,00;R$1.000.000,00
2026;71160004;S.PART.;BANCADA DA PARAÍBA;não se aplica;não se aplica;PB;250090;ARARA;MUNICIPAL;BANCADA OBRIGATÓRIA;CORRENTE;301;1001;1030151192E890025;06/05/2026;36000801205202600;202600029689;FAF;INCREMENTO PAP;2E89;ATENÇÃO PRIMÁRIA À SAÚDE;INCREMENTO DO PISO DA ATENÇÃO PRIMÁRIA À SAÚDE - PAP;11898585000125;FUNDO MUNICIPAL DE SAUDE DO MUNICIPIO DE ARARA - PB;11194;13/05/2026;PROPOSTA PAGA;Proposta Paga;26/06/2026;R$200.000,00;R$200.000,00;R$200.000,00
2026;71160010;S.PART.;BANCADA DA PARAÍBA;não se aplica;não se aplica;PB;251650;TAPEROA;MUNICIPAL;BANCADA OBRIGATÓRIA;CORRENTE;302;1001;1030251182E900025;25/05/2026;36000809088202600;202600036877;FAF;INCREMENTO MAC;2E90;ATENÇÃO ESPECIALIZADA À SAÚDE;INCREMENTO TEMPORÁRIO DO TETO DA MÉDIA E ALTA COMPLEXIDADE - MAC;11850452000189;FUNDO MUNICIPAL DE SAUDE DE TAPEROA;11442;28/05/2026;PROPOSTA PAGA;Proposta Paga;25/06/2026;R$350.000,00;R$350.000,00;R$350.000,00
2026;71160010;S.PART.;BANCADA DA PARAÍBA;não se aplica;não se aplica;PB;251207;POCO DE JOSE DE MOURA;MUNICIPAL;BANCADA OBRIGATÓRIA;CORRENTE;302;1001;1030251182E900025;08/05/2026;36000802985202600;202600030861;FAF;INCREMENTO MAC;2E90;ATENÇÃO ESPECIALIZADA À SAÚDE;INCREMENTO TEMPORÁRIO DO TETO DA MÉDIA E ALTA COMPLEXIDADE - MAC;11472830000138;FUNDO MUNICIPAL DE SAUDE DE POCO DE JOSE DE MOURA;11214;15/05/2026;PROPOSTA PAGA;Proposta Paga;26/05/2026;R$380.000,00;R$380.000,00;R$380.000,00
2026;71160010;S.PART.;BANCADA DA PARAÍBA;não se aplica;não se aplica;PB;250600;ESPERANCA;MUNICIPAL;BANCADA OBRIGATÓRIA;CORRENTE;302;1001;1030251182E900025;27/05/2026;36000810128202600;202600041562;FAF;INCREMENTO MAC;2E90;ATENÇÃO ESPECIALIZADA À SAÚDE;INCREMENTO TEMPORÁRIO DO TETO DA MÉDIA E ALTA COMPLEXIDADE - MAC;12011984000195;FUNDO MUNICIPAL DE SAUDE;11727;29/06/2026;EM ANALISE PELA ÁREA FINALÍSTICA;Proposta Empenhada aguardando Formalização;-;R$500.000,00;R$500.000,00;R$0,00
2026;71160004;S.PART.;BANCADA DA PARAÍBA;não se aplica;não se aplica;PB;250130;AROEIRAS;MUNICIPAL;BANCADA OBRIGATÓRIA;CORRENTE;301;1001;1030151192E890025;02/06/2026;36000812137202600;202600041935;FAF;INCREMENTO PAP;2E89;ATENÇÃO PRIMÁRIA À SAÚDE;INCREMENTO DO PISO DA ATENÇÃO PRIMÁRIA À SAÚDE - PAP;10819820000163;FUNDO MUNICIPAL DE SAUDE;11765;30/06/2026;EM ANALISE PELA ÁREA FINALÍSTICA;Proposta Empenhada aguardando Formalização;-;R$650.000,00;R$650.000,00;R$0,00
2026;71160004;S.PART.;BANCADA DA PARAÍBA;não se aplica;não se aplica;PB;250650;GURJAO;MUNICIPAL;BANCADA OBRIGATÓRIA;CORRENTE;301;1001;1030151192E890025;11/05/2026;36000803843202600;202600030611;FAF;INCREMENTO PAP;2E89;ATENÇÃO PRIMÁRIA À SAÚDE;INCREMENTO DO PISO DA ATENÇÃO PRIMÁRIA À SAÚDE - PAP;11432444000112;FUNDO MUNICIPAL DE SAUDE DE GURJAO;11239;15/05/2026;PROPOSTA PAGA;Proposta Paga;26/05/2026;R$300.000,00;R$300.000,00;R$300.000,00
2026;71160004;S.PART.;BANCADA DA PARAÍBA;não se aplica;não se aplica;PB;250970;MONTEIRO;MUNICIPAL;BANCADA OBRIGATÓRIA;CORRENTE;301;1001;1030151192E890025;09/05/2026;36000803257202600;202600035570;FAF;INCREMENTO PAP;2E89;ATENÇÃO PRIMÁRIA À SAÚDE;INCREMENTO DO PISO DA ATENÇÃO PRIMÁRIA À SAÚDE - PAP;11214763000151;FUNDO MUNICIPAL DE SAUDE DE MONTEIRO;11331;20/05/2026;PROPOSTA PAGA;Proposta Paga;26/06/2026;R$300.000,00;R$300.000,00;R$300.000,00
2026;71160004;S.PART.;BANCADA DA PARAÍBA;não se aplica;não se aplica;PB;251675;TENORIO;MUNICIPAL;BANCADA OBRIGATÓRIA;CORRENTE;301;1001;1030151192E890025;06/05/2026;36000801653202600;202600030637;FAF;INCREMENTO PAP;2E89;ATENÇÃO PRIMÁRIA À SAÚDE;INCREMENTO DO PISO DA ATENÇÃO PRIMÁRIA À SAÚDE - PAP;11793042000143;FUNDO MUNICIPAL DE SAUDE DE TENORIO;11239;15/05/2026;EM ANALISE PELA ÁREA FINALÍSTICA;Proposta Empenhada aguardando Formalização;-;R$896.545,00;R$896.545,00;R$0,00
2026;71160004;S.PART.;BANCADA DA PARAÍBA;não se aplica;não se aplica;PB;251610;SOLEDADE;MUNICIPAL;BANCADA OBRIGATÓRIA;CORRENTE;301;1001;1030151192E890025;12/05/2026;36000804348202600;202600035611;FAF;INCREMENTO PAP;2E89;ATENÇÃO PRIMÁRIA À SAÚDE;INCREMENTO DO PISO DA ATENÇÃO PRIMÁRIA À SAÚDE - PAP;02182502000106;FUNDO MUNICIPAL DE SAUDE DE SOLEDADE;11331;20/05/2026;PROPOSTA PAGA;Proposta Paga;26/06/2026;R$300.000,00;R$300.000,00;R$300.000,00
2026;71160004;S.PART.;BANCADA DA PARAÍBA;não se aplica;não se aplica;PB;251394;SAO DOMINGOS DO CARIRI;MUNICIPAL;BANCADA OBRIGATÓRIA;CORRENTE;301;1001;1030151192E890025;06/05/2026;36000801288202600;202600029709;FAF;INCREMENTO PAP;2E89;ATENÇÃO PRIMÁRIA À SAÚDE;INCREMENTO DO PISO DA ATENÇÃO PRIMÁRIA À SAÚDE - PAP;11836179000138;FUNDO MUNICIPAL DE SAUDE DE SAO DOMINGOS DO CARIRI;11194;13/05/2026;PROPOSTA PAGA;Proposta Paga;26/06/2026;R$400.000,00;R$400.000,00;R$400.000,00
2026;71160003;S.PART.;BANCADA DA PARAÍBA;não se aplica;não se aplica;PB;250750;JOAO PESSOA;PRIVADA;BANCADA OBRIGATÓRIA;CAPITAL;302;1001;10302511885358697;16/06/2026;90912426007;-;CONVENIO;CONVÊNIO EQUIPAMENTO;8535;ATENÇÃO ESPECIALIZADA À SAÚDE;Políticas de Atenção Ambulatorial Especializada e Serviços Hospitalares de Alta Complexidade - Hospital de Alta Complexidade;09124165000140;INSTITUTO WALFREDO GUEDES PEREIRA;-;10/07/2026;EM ANALISE PELA ÁREA FINALÍSTICA;Proposta Empenhada aguardando Formalização;-;R$300.000,00;R$300.000,00;R$0,00
2026;71160010;S.PART.;BANCADA DA PARAÍBA;não se aplica;não se aplica;PB;250460;CONDE;MUNICIPAL;BANCADA OBRIGATÓRIA;CORRENTE;302;1001;1030251182E900025;06/05/2026;36000801327202600;202600034365;FAF;INCREMENTO MAC;2E90;ATENÇÃO ESPECIALIZADA À SAÚDE;INCREMENTO TEMPORÁRIO DO TETO DA MÉDIA E ALTA COMPLEXIDADE - MAC;11570107000191;FUNDO MUNICIPAL DE SAUDE;11252;18/05/2026;PROPOSTA PAGA;Proposta Paga;17/06/2026;R$1.200.000,00;R$1.200.000,00;R$1.200.000,00
2026;71160004;S.PART.;BANCADA DA PARAÍBA;não se aplica;não se aplica;PB;250120;AREIAL;MUNICIPAL;BANCADA OBRIGATÓRIA;CORRENTE;301;1001;1030151192E890025;06/05/2026;36000801316202600;202600036576;FAF;INCREMENTO PAP;2E89;ATENÇÃO PRIMÁRIA À SAÚDE;INCREMENTO DO PISO DA ATENÇÃO PRIMÁRIA À SAÚDE - PAP;13876013000170;FUNDO MUNICIPAL DE SAUDE DE AREIAL;11413;26/05/2026;PROPOSTA PAGA;Proposta Paga;26/06/2026;R$500.000,00;R$500.000,00;R$500.000,00
2026;71160004;S.PART.;BANCADA DA PARAÍBA;não se aplica;não se aplica;PB;250375;CAJAZEIRINHAS;MUNICIPAL;BANCADA OBRIGATÓRIA;CORRENTE;301;1001;1030151192E890025;20/05/2026;36000807631202600;202600036586;FAF;INCREMENTO PAP;2E89;ATENÇÃO PRIMÁRIA À SAÚDE;INCREMENTO DO PISO DA ATENÇÃO PRIMÁRIA À SAÚDE - PAP;10461231000156;FUNDO MUNICIPAL DE SAUDE DE CAJAZEIRINHAS;11413;26/05/2026;PROPOSTA PAGA;Proposta Paga;26/06/2026;R$200.000,00;R$200.000,00;R$200.000,00
2026;71160004;S.PART.;BANCADA DA PARAÍBA;não se aplica;não se aplica;PB;250840;LASTRO;MUNICIPAL;BANCADA OBRIGATÓRIA;CORRENTE;301;1001;1030151192E890025;12/05/2026;36000804397202600;202600035555;FAF;INCREMENTO PAP;2E89;ATENÇÃO PRIMÁRIA À SAÚDE;INCREMENTO DO PISO DA ATENÇÃO PRIMÁRIA À SAÚDE - PAP;11304889000117;FUNDO MUNICIPAL DE SAUDE DE LASTRO;11331;20/05/2026;PROPOSTA PAGA;Proposta Paga;26/06/2026;R$200.000,00;R$200.000,00;R$200.000,00
2026;71160004;S.PART.;BANCADA DA PARAÍBA;não se aplica;não se aplica;PB;250170;BARRA DE SAO MIGUEL;MUNICIPAL;BANCADA OBRIGATÓRIA;CORRENTE;301;1001;1030151192E890025;11/05/2026;36000803410202600;202600035518;FAF;INCREMENTO PAP;2E89;ATENÇÃO PRIMÁRIA À SAÚDE;INCREMENTO DO PISO DA ATENÇÃO PRIMÁRIA À SAÚDE - PAP;11228592000110;FUNDO MUNICIPAL DE SAUDE DE BARRA DE SAO MIGUEL;11331;20/05/2026;PROPOSTA PAGA;Proposta Paga;26/06/2026;R$700.000,00;R$700.000,00;R$700.000,00
2026;71160004;S.PART.;BANCADA DA PARAÍBA;não se aplica;não se aplica;PB;250380;CALDAS BRANDAO;MUNICIPAL;BANCADA OBRIGATÓRIA;CORRENTE;301;1001;1030151192E890025;11/05/2026;36000803548202600;202600035527;FAF;INCREMENTO PAP;2E89;ATENÇÃO PRIMÁRIA À SAÚDE;INCREMENTO DO PISO DA ATENÇÃO PRIMÁRIA À SAÚDE - PAP;11238753000156;FUNDO MUNICIPAL DE SAUDE CALDAS BRANDAO;11331;20/05/2026;PROPOSTA PAGA;Proposta Paga;26/06/2026;R$700.000,00;R$700.000,00;R$700.000,00
2026;71160004;S.PART.;BANCADA DA PARAÍBA;não se aplica;não se aplica;PB;250800;JURU;MUNICIPAL;BANCADA OBRIGATÓRIA;CORRENTE;301;1001;1030151192E890025;07/05/2026;36000802295202600;202600036599;FAF;INCREMENTO PAP;2E89;ATENÇÃO PRIMÁRIA À SAÚDE;INCREMENTO DO PISO DA ATENÇÃO PRIMÁRIA À SAÚDE - PAP;10538747000151;FUNDO MUNICIPAL DE SAUDE;11402;26/05/2026;PROPOSTA PAGA;Proposta Paga;26/06/2026;R$300.000,00;R$300.000,00;R$300.000,00
2026;71160004;S.PART.;BANCADA DA PARAÍBA;não se aplica;não se aplica;PB;250680;INGA;MUNICIPAL;BANCADA OBRIGATÓRIA;CORRENTE;301;1001;1030151192E890025;17/05/2026;36000806461202600;202600036596;FAF;INCREMENTO PAP;2E89;ATENÇÃO PRIMÁRIA À SAÚDE;INCREMENTO DO PISO DA ATENÇÃO PRIMÁRIA À SAÚDE - PAP;08610110000187;FUNDO MUNICIPAL DE SAUDE DE INGA/PB;11413;26/05/2026;EM ANALISE PELA ÁREA FINALÍSTICA;Proposta Empenhada aguardando Formalização;-;R$1.000.000,00;R$1.000.000,00;R$0,00
2026;71160004;S.PART.;BANCADA DA PARAÍBA;não se aplica;não se aplica;PB;251500;SAO MIGUEL DE TAIPU;MUNICIPAL;BANCADA OBRIGATÓRIA;CORRENTE;301;1001;1030151192E890025;07/05/2026;36000802192202600;202600029711;FAF;INCREMENTO PAP;2E89;ATENÇÃO PRIMÁRIA À SAÚDE;INCREMENTO DO PISO DA ATENÇÃO PRIMÁRIA À SAÚDE - PAP;11601645000104;FUNDO MUNICIPAL DE SAUDE;11194;13/05/2026;PROPOSTA PAGA;Proposta Paga;16/06/2026;R$1.000.000,00;R$1.000.000,00;R$1.000.000,00
2026;71160004;S.PART.;BANCADA DA PARAÍBA;não se aplica;não se aplica;PB;251530;SAPE;MUNICIPAL;BANCADA OBRIGATÓRIA;CORRENTE;301;1001;1030151192E890025;01/06/2026;36000811804202600;202600040156;FAF;INCREMENTO PAP;2E89;ATENÇÃO PRIMÁRIA À SAÚDE;INCREMENTO DO PISO DA ATENÇÃO PRIMÁRIA À SAÚDE - PAP;08036438000131;FUNDO MUNICIPAL DE SAUDE DE SAPE;11611;19/06/2026;EM ANALISE PELA ÁREA FINALÍSTICA;Proposta Empenhada aguardando Formalização;-;R$1.000.000,00;R$1.000.000,00;R$0,00
2026;71160004;S.PART.;BANCADA DA PARAÍBA;não se aplica;não se aplica;PB;250080;ARACAGI;MUNICIPAL;BANCADA OBRIGATÓRIA;CORRENTE;301;1001;1030151192E890025;08/05/2026;36000803005202600;202600030592;FAF;INCREMENTO PAP;2E89;ATENÇÃO PRIMÁRIA À SAÚDE;INCREMENTO DO PISO DA ATENÇÃO PRIMÁRIA À SAÚDE - PAP;12431299000118;ARACAGI - FUNDO MUNICIPAL DE SAUDE;11239;15/05/2026;PROPOSTA PAGA;Proposta Paga;09/06/2026;R$400.000,00;R$400.000,00;R$400.000,00
2026;71160004;S.PART.;BANCADA DA PARAÍBA;não se aplica;não se aplica;PB;250939;MATUREIA;MUNICIPAL;BANCADA OBRIGATÓRIA;CORRENTE;301;1001;1030151192E890025;26/05/2026;36000809626202600;202600037065;FAF;INCREMENTO PAP;2E89;ATENÇÃO PRIMÁRIA À SAÚDE;INCREMENTO DO PISO DA ATENÇÃO PRIMÁRIA À SAÚDE - PAP;11209770000165;FUNDO MUNICIPAL DE SAUDE;11487;01/06/2026;PROPOSTA PAGA;Proposta Paga;26/06/2026;R$400.000,00;R$400.000,00;R$400.000,00
2026;71160003;S.PART.;BANCADA DA PARAÍBA;não se aplica;não se aplica;PB;251315;SANTA CECILIA;MUNICIPAL;BANCADA OBRIGATÓRIA;CAPITAL;302;1001;10302511885358697;19/06/2026;08698105000126006;202600042275;FAF;EQUIPAMENTO;8535;ATENÇÃO ESPECIALIZADA À SAÚDE;Rede de Atenção Hospitalar - Ambulância de Transporte Tipo A - Remoção Simples - Eletiva;08698105000178;FUNDO MUNICIPAL DE SAUDE SANTA CECILIA;11786;01/07/2026;EM ANALISE PELA ÁREA FINALÍSTICA;Proposta Empenhada aguardando Formalização;-;R$334.413,00;R$334.413,00;R$0,00
2026;71160010;S.PART.;BANCADA DA PARAÍBA;não se aplica;não se aplica;PB;251370;SANTA RITA;MUNICIPAL;BANCADA OBRIGATÓRIA;CORRENTE;302;1001;1030251182E900025;18/06/2026;36000815451202600;202600041110;FAF;INCREMENTO MAC;2E90;ATENÇÃO ESPECIALIZADA À SAÚDE;INCREMENTO TEMPORÁRIO DO TETO DA MÉDIA E ALTA COMPLEXIDADE - MAC;08694222000163;FUNDO MUNICIPAL DE SAUDE DE SANTA RITA;11709;26/06/2026;EM ANALISE PELA ÁREA FINALÍSTICA;Proposta Empenhada aguardando Formalização;-;R$1.800.000,00;R$1.800.000,00;R$0,00
2026;71160004;S.PART.;BANCADA DA PARAÍBA;não se aplica;não se aplica;PB;251610;SOLEDADE;MUNICIPAL;BANCADA OBRIGATÓRIA;CORRENTE;301;1001;1030151192E890025;12/05/2026;36000804344202600;202600035609;FAF;INCREMENTO PAP;2E89;ATENÇÃO PRIMÁRIA À SAÚDE;INCREMENTO DO PISO DA ATENÇÃO PRIMÁRIA À SAÚDE - PAP;02182502000106;FUNDO MUNICIPAL DE SAUDE DE SOLEDADE;11331;20/05/2026;PROPOSTA PAGA;Proposta Paga;26/06/2026;R$400.000,00;R$400.000,00;R$400.000,00
2026;71160004;S.PART.;BANCADA DA PARAÍBA;não se aplica;não se aplica;PB;250355;CACIMBAS;MUNICIPAL;BANCADA OBRIGATÓRIA;CORRENTE;301;1001;1030151192E890025;28/05/2026;36000811284202600;202600040124;FAF;INCREMENTO PAP;2E89;ATENÇÃO PRIMÁRIA À SAÚDE;INCREMENTO DO PISO DA ATENÇÃO PRIMÁRIA À SAÚDE - PAP;10541009000163;FUNDO MUNICIPAL DE SAUDE DE CACIMBAS;11611;19/06/2026;EM ANALISE PELA ÁREA FINALÍSTICA;Proposta Empenhada aguardando Formalização;-;R$500.000,00;R$500.000,00;R$0,00
2026;71160010;S.PART.;BANCADA DA PARAÍBA;não se aplica;não se aplica;PB;251650;TAPEROA;MUNICIPAL;BANCADA OBRIGATÓRIA;CORRENTE;302;1001;1030251182E900025;20/05/2026;36000807439202600;202600036125;FAF;INCREMENTO MAC;2E90;ATENÇÃO ESPECIALIZADA À SAÚDE;INCREMENTO TEMPORÁRIO DO TETO DA MÉDIA E ALTA COMPLEXIDADE - MAC;11850452000189;FUNDO MUNICIPAL DE SAUDE DE TAPEROA;11372;22/05/2026;PROPOSTA PAGA;Proposta Paga;25/06/2026;R$105.000,00;R$105.000,00;R$105.000,00
2026;71160010;S.PART.;BANCADA DA PARAÍBA;não se aplica;não se aplica;PB;250790;JURIPIRANGA;MUNICIPAL;BANCADA OBRIGATÓRIA;CORRENTE;302;1001;1030251182E900025;05/05/2026;36000800982202600;202600037166;FAF;INCREMENTO MAC;2E90;ATENÇÃO ESPECIALIZADA À SAÚDE;INCREMENTO TEMPORÁRIO DO TETO DA MÉDIA E ALTA COMPLEXIDADE - MAC;11164805000197;FUNDO MUNICIPAL DE SAUDE;11499;01/06/2026;PROPOSTA PAGA;Proposta Paga;25/06/2026;R$300.000,00;R$300.000,00;R$300.000,00
2026;71160010;S.PART.;BANCADA DA PARAÍBA;não se aplica;não se aplica;PB;250480;COREMAS;MUNICIPAL;BANCADA OBRIGATÓRIA;CORRENTE;302;1001;1030251182E900025;06/05/2026;36000801104202600;202600030860;FAF;INCREMENTO MAC;2E90;ATENÇÃO ESPECIALIZADA À SAÚDE;INCREMENTO TEMPORÁRIO DO TETO DA MÉDIA E ALTA COMPLEXIDADE - MAC;11161210000188;FUNDO MUNICIPAL DE SAUDE;11214;15/05/2026;PROPOSTA PAGA;Proposta Paga;26/06/2026;R$400.000,00;R$400.000,00;R$400.000,00
2026;71160004;S.PART.;BANCADA DA PARAÍBA;não se aplica;não se aplica;PB;250600;ESPERANCA;MUNICIPAL;BANCADA OBRIGATÓRIA;CORRENTE;301;1001;1030151192E890025;27/05/2026;36000810144202600;202600037060;FAF;INCREMENTO PAP;2E89;ATENÇÃO PRIMÁRIA À SAÚDE;INCREMENTO DO PISO DA ATENÇÃO PRIMÁRIA À SAÚDE - PAP;12011984000195;FUNDO MUNICIPAL DE SAUDE;11487;01/06/2026;PROPOSTA PAGA;Proposta Paga;26/06/2026;R$200.000,00;R$200.000,00;R$200.000,00
2026;71160004;S.PART.;BANCADA DA PARAÍBA;não se aplica;não se aplica;PB;251180;PIRPIRITUBA;MUNICIPAL;BANCADA OBRIGATÓRIA;CORRENTE;301;1001;1030151192E890025;07/05/2026;36000801779202600;202600029707;FAF;INCREMENTO PAP;2E89;ATENÇÃO PRIMÁRIA À SAÚDE;INCREMENTO DO PISO DA ATENÇÃO PRIMÁRIA À SAÚDE - PAP;12044829000175;FUNDO MUNICIPAL DE SAUDE DE PIRPIRITUBA;11194;13/05/2026;PROPOSTA PAGA;Proposta Paga;26/05/2026;R$200.000,00;R$200.000,00;R$200.000,00
2026;71160010;S.PART.;BANCADA DA PARAÍBA;não se aplica;não se aplica;PB;251250;QUEIMADAS;MUNICIPAL;BANCADA OBRIGATÓRIA;CORRENTE;302;1001;1030251182E900025;07/05/2026;36000802011202600;202600038389;FAF;INCREMENTO MAC;2E90;ATENÇÃO ESPECIALIZADA À SAÚDE;INCREMENTO TEMPORÁRIO DO TETO DA MÉDIA E ALTA COMPLEXIDADE - MAC;11162629000154;FUNDO MUNICIPAL DE SAUDE;11519;03/06/2026;PROPOSTA PAGA;Proposta Paga;25/06/2026;R$500.000,00;R$500.000,00;R$500.000,00
2026;71160004;S.PART.;BANCADA DA PARAÍBA;não se aplica;não se aplica;PB;250057;ALGODAO DE JANDAIRA;MUNICIPAL;BANCADA OBRIGATÓRIA;CORRENTE;301;1001;1030151192E890025;12/05/2026;36000804646202600;202600035510;FAF;INCREMENTO PAP;2E89;ATENÇÃO PRIMÁRIA À SAÚDE;INCREMENTO DO PISO DA ATENÇÃO PRIMÁRIA À SAÚDE - PAP;11903620000157;FUNDO MUNICIPAL DE SAUDE DO MUNICIPIO DE ALGODAO DE JANDAIRA;11331;20/05/2026;PROPOSTA PAGA;Proposta Paga;26/06/2026;R$250.000,00;R$250.000,00;R$250.000,00
2026;71160004;S.PART.;BANCADA DA PARAÍBA;não se aplica;não se aplica;PB;251520;SAO SEBASTIAO DO UMBUZEIRO;MUNICIPAL;BANCADA OBRIGATÓRIA;CORRENTE;301;1001;1030151192E890025;01/06/2026;36000811841202600;202600040154;FAF;INCREMENTO PAP;2E89;ATENÇÃO PRIMÁRIA À SAÚDE;INCREMENTO DO PISO DA ATENÇÃO PRIMÁRIA À SAÚDE - PAP;11364289000144;FUNDO MUNICIPAL DE SAUDE DE SAO SEBASTIAO DO UMBUZEIRO;11611;19/06/2026;EM ANALISE PELA ÁREA FINALÍSTICA;Proposta Empenhada aguardando Formalização;-;R$300.000,00;R$300.000,00;R$0,00
2026;71160004;S.PART.;BANCADA DA PARAÍBA;não se aplica;não se aplica;PB;250240;BONITO DE SANTA FE;MUNICIPAL;BANCADA OBRIGATÓRIA;CORRENTE;301;1001;1030151192E890025;12/05/2026;36000804464202600;202600035521;FAF;INCREMENTO PAP;2E89;ATENÇÃO PRIMÁRIA À SAÚDE;INCREMENTO DO PISO DA ATENÇÃO PRIMÁRIA À SAÚDE - PAP;11494230000170;FUNDO MUNICIPAL DE SAUDE BONITO DE SANTA FE;11331;20/05/2026;PROPOSTA PAGA;Proposta Paga;26/06/2026;R$400.000,00;R$400.000,00;R$400.000,00
2026;71160004;S.PART.;BANCADA DA PARAÍBA;não se aplica;não se aplica;PB;250355;CACIMBAS;MUNICIPAL;BANCADA OBRIGATÓRIA;CORRENTE;301;1001;1030151192E890025;15/05/2026;36000805941202600;202600035526;FAF;INCREMENTO PAP;2E89;ATENÇÃO PRIMÁRIA À SAÚDE;INCREMENTO DO PISO DA ATENÇÃO PRIMÁRIA À SAÚDE - PAP;10541009000163;FUNDO MUNICIPAL DE SAUDE DE CACIMBAS;11331;20/05/2026;EM ANALISE PELA ÁREA FINALÍSTICA;Proposta Empenhada aguardando Formalização;-;R$1.500.000,00;R$1.500.000,00;R$0,00
2026;71160004;S.PART.;BANCADA DA PARAÍBA;não se aplica;não se aplica;PB;250630;GUARABIRA;MUNICIPAL;BANCADA OBRIGATÓRIA;CORRENTE;301;1001;1030151192E890025;08/05/2026;36000803033202600;202600030609;FAF;INCREMENTO PAP;2E89;ATENÇÃO PRIMÁRIA À SAÚDE;INCREMENTO DO PISO DA ATENÇÃO PRIMÁRIA À SAÚDE - PAP;13844779000173;GUARABIRA FUNDO MUNICIPAL DE SAUDE;11239;15/05/2026;PROPOSTA PAGA;Proposta Paga;16/06/2026;R$2.000.000,00;R$2.000.000,00;R$2.000.000,00
2026;71160010;S.PART.;BANCADA DA PARAÍBA;não se aplica;não se aplica;PB;250750;JOAO PESSOA;ESTADUAL;BANCADA OBRIGATÓRIA;CORRENTE;302;1001;1030251182E900025;25/05/2026;36000808980202600;202600036873;FAF;INCREMENTO MAC;2E90;ATENÇÃO ESPECIALIZADA À SAÚDE;INCREMENTO TEMPORÁRIO DO TETO DA MÉDIA E ALTA COMPLEXIDADE - MAC;03609595000175;FUNDO ESTADUAL DE SAUDE DO ESTADO DA PARAIBA - FESEP;11442;28/05/2026;PROPOSTA PAGA;Proposta Paga;25/06/2026;R$300.000,00;R$300.000,00;R$300.000,00
2026;71160004;S.PART.;BANCADA DA PARAÍBA;não se aplica;não se aplica;PB;250403;CAPIM;MUNICIPAL;BANCADA OBRIGATÓRIA;CORRENTE;301;1001;1030151192E890025;13/05/2026;36000804901202600;202600035528;FAF;INCREMENTO PAP;2E89;ATENÇÃO PRIMÁRIA À SAÚDE;INCREMENTO DO PISO DA ATENÇÃO PRIMÁRIA À SAÚDE - PAP;08730943000181;FUNDO MUNICIPAL DE SAUDE;11331;20/05/2026;PROPOSTA PAGA;Proposta Paga;26/06/2026;R$450.000,00;R$450.000,00;R$450.000,00
2026;71160004;S.PART.;BANCADA DA PARAÍBA;não se aplica;não se aplica;PB;250937;MATO GROSSO;MUNICIPAL;BANCADA OBRIGATÓRIA;CORRENTE;301;1001;1030151192E890025;13/05/2026;36000804984202600;202600035563;FAF;INCREMENTO PAP;2E89;ATENÇÃO PRIMÁRIA À SAÚDE;INCREMENTO DO PISO DA ATENÇÃO PRIMÁRIA À SAÚDE - PAP;11951131000170;FUNDO MUNICIPAL DE SAUDE DE MATO GROSSO PB;11331;20/05/2026;PROPOSTA PAGA;Proposta Paga;26/06/2026;R$450.000,00;R$450.000,00;R$450.000,00
2026;71160004;S.PART.;BANCADA DA PARAÍBA;não se aplica;não se aplica;PB;250010;AGUA BRANCA;MUNICIPAL;BANCADA OBRIGATÓRIA;CORRENTE;301;1001;1030151192E890025;06/05/2026;36000801073202600;202600029685;FAF;INCREMENTO PAP;2E89;ATENÇÃO PRIMÁRIA À SAÚDE;INCREMENTO DO PISO DA ATENÇÃO PRIMÁRIA À SAÚDE - PAP;10502869000198;FUNDO MUNICIPAL DE SAUDE DE AGUA BRANCA;11194;13/05/2026;PROPOSTA PAGA;Proposta Paga;26/06/2026;R$500.000,00;R$500.000,00;R$500.000,00
2026;71160004;S.PART.;BANCADA DA PARAÍBA;não se aplica;não se aplica;PB;251410;SAO JOAO DO TIGRE;MUNICIPAL;BANCADA OBRIGATÓRIA;CORRENTE;301;1001;1030151192E890025;05/05/2026;36000800952202600;202600035600;FAF;INCREMENTO PAP;2E89;ATENÇÃO PRIMÁRIA À SAÚDE;INCREMENTO DO PISO DA ATENÇÃO PRIMÁRIA À SAÚDE - PAP;12899907000113;FUNDO MUNICIPAL DE SAUDE;11331;20/05/2026;PROPOSTA PAGA;Proposta Paga;26/06/2026;R$500.000,00;R$500.000,00;R$500.000,00
2026;71160004;S.PART.;BANCADA DA PARAÍBA;não se aplica;não se aplica;PB;251690;UIRAUNA;MUNICIPAL;BANCADA OBRIGATÓRIA;CORRENTE;301;1001;1030151192E890025;12/05/2026;36000804758202600;202600035614;FAF;INCREMENTO PAP;2E89;ATENÇÃO PRIMÁRIA À SAÚDE;INCREMENTO DO PISO DA ATENÇÃO PRIMÁRIA À SAÚDE - PAP;10435066000168;FUNDO MUNICIPAL DE SAUDE;11331;20/05/2026;PROPOSTA PAGA;Proposta Paga;26/06/2026;R$500.000,00;R$500.000,00;R$500.000,00
2026;71160004;S.PART.;BANCADA DA PARAÍBA;não se aplica;não se aplica;PB;250140;BAIA DA TRAICAO;MUNICIPAL;BANCADA OBRIGATÓRIA;CORRENTE;301;1001;1030151192E890025;08/05/2026;36000802929202600;202600035514;FAF;INCREMENTO PAP;2E89;ATENÇÃO PRIMÁRIA À SAÚDE;INCREMENTO DO PISO DA ATENÇÃO PRIMÁRIA À SAÚDE - PAP;13923732000103;FUNDO MUNICIPAL DE SAUDE DE BAIA DA TRAICAO-PB;11331;20/05/2026;PROPOSTA PAGA;Proposta Paga;26/06/2026;R$501.000,00;R$501.000,00;R$501.000,00
2026;71160004;S.PART.;BANCADA DA PARAÍBA;não se aplica;não se aplica;PB;250550;VISTA SERRANA;MUNICIPAL;BANCADA OBRIGATÓRIA;CORRENTE;301;1001;1030151192E890025;06/05/2026;36000801176202600;202600035615;FAF;INCREMENTO PAP;2E89;ATENÇÃO PRIMÁRIA À SAÚDE;INCREMENTO DO PISO DA ATENÇÃO PRIMÁRIA À SAÚDE - PAP;11428853000145;FUNDO MUNICIPAL DE SAUDE;11331;20/05/2026;PROPOSTA PAGA;Proposta Paga;26/06/2026;R$250.000,00;R$250.000,00;R$250.000,00
2026;71160004;S.PART.;BANCADA DA PARAÍBA;não se aplica;não se aplica;PB;251150;PILAR;MUNICIPAL;BANCADA OBRIGATÓRIA;CORRENTE;301;1001;1030151192E890025;21/05/2026;36000808022202600;202600036612;FAF;INCREMENTO PAP;2E89;ATENÇÃO PRIMÁRIA À SAÚDE;INCREMENTO DO PISO DA ATENÇÃO PRIMÁRIA À SAÚDE - PAP;11171199000137;FUNDO MUNICIPAL DE SAUDE DO MUNICIPIO DE PILAR;11413;26/05/2026;EM ANALISE PELA ÁREA FINALÍSTICA;Proposta Empenhada aguardando Formalização;-;R$900.000,00;R$900.000,00;R$0,00
2026;71160004;S.PART.;BANCADA DA PARAÍBA;não se aplica;não se aplica;PB;250790;JURIPIRANGA;MUNICIPAL;BANCADA OBRIGATÓRIA;CORRENTE;301;1001;1030151192E890025;05/05/2026;36000800979202600;202600036598;FAF;INCREMENTO PAP;2E89;ATENÇÃO PRIMÁRIA À SAÚDE;INCREMENTO DO PISO DA ATENÇÃO PRIMÁRIA À SAÚDE - PAP;11164805000197;FUNDO MUNICIPAL DE SAUDE;11402;26/05/2026;EM ANALISE PELA ÁREA FINALÍSTICA;Proposta Empenhada aguardando Formalização;-;R$1.000.000,00;R$1.000.000,00;R$0,00
2026;71160004;S.PART.;BANCADA DA PARAÍBA;não se aplica;não se aplica;PB;250930;MATARACA;MUNICIPAL;BANCADA OBRIGATÓRIA;CORRENTE;301;1001;1030151192E890025;13/05/2026;36000804923202600;202600035562;FAF;INCREMENTO PAP;2E89;ATENÇÃO PRIMÁRIA À SAÚDE;INCREMENTO DO PISO DA ATENÇÃO PRIMÁRIA À SAÚDE - PAP;13070749000157;FUNDO MUNICIPAL DE SAUDE DO MUNICIPIO DE MATARACA-PB;11331;20/05/2026;PROPOSTA PAGA;Proposta Paga;26/06/2026;R$350.000,00;R$350.000,00;R$350.000,00
2026;71160004;S.PART.;BANCADA DA PARAÍBA;não se aplica;não se aplica;PB;250310;CABACEIRAS;MUNICIPAL;BANCADA OBRIGATÓRIA;CORRENTE;301;1001;1030151192E890025;06/05/2026;36000801224202600;202600029694;FAF;INCREMENTO PAP;2E89;ATENÇÃO PRIMÁRIA À SAÚDE;INCREMENTO DO PISO DA ATENÇÃO PRIMÁRIA À SAÚDE - PAP;11309134000105;FUNDO MUNICIPAL DE SAUDE - CABACEIRAS PB;11194;13/05/2026;PROPOSTA PAGA;Proposta Paga;26/05/2026;R$500.000,00;R$500.000,00;R$500.000,00
2026;71160004;S.PART.;BANCADA DA PARAÍBA;não se aplica;não se aplica;PB;251050;OLIVEDOS;MUNICIPAL;BANCADA OBRIGATÓRIA;CORRENTE;301;1001;1030151192E890025;13/05/2026;36000804983202600;202600035580;FAF;INCREMENTO PAP;2E89;ATENÇÃO PRIMÁRIA À SAÚDE;INCREMENTO DO PISO DA ATENÇÃO PRIMÁRIA À SAÚDE - PAP;17739771000106;FUNDO MUNICIPAL DE SAUDE DE OLIVEDOS;11331;20/05/2026;PROPOSTA PAGA;Proposta Paga;26/06/2026;R$101.000,00;R$101.000,00;R$101.000,00
2026;71160004;S.PART.;BANCADA DA PARAÍBA;não se aplica;não se aplica;PB;251276;RIACHAO DO POCO;MUNICIPAL;BANCADA OBRIGATÓRIA;CORRENTE;301;1001;1030151192E890025;17/06/2026;36000814953202600;202600042419;FAF;INCREMENTO PAP;2E89;ATENÇÃO PRIMÁRIA À SAÚDE;INCREMENTO DO PISO DA ATENÇÃO PRIMÁRIA À SAÚDE - PAP;11975218000188;FUNDO MUNICIPAL DE SAUDE DO MUNICIPIO DE RIACHAO DO POCO;11803;01/07/2026;EM ANALISE PELA ÁREA FINALÍSTICA;Proposta Empenhada aguardando Formalização;-;R$150.000,00;R$150.000,00;R$0,00
2026;71160004;S.PART.;BANCADA DA PARAÍBA;não se aplica;não se aplica;PB;250020;AGUIAR;MUNICIPAL;BANCADA OBRIGATÓRIA;CORRENTE;301;1001;1030151192E890025;12/05/2026;36000804637202600;202600035507;FAF;INCREMENTO PAP;2E89;ATENÇÃO PRIMÁRIA À SAÚDE;INCREMENTO DO PISO DA ATENÇÃO PRIMÁRIA À SAÚDE - PAP;11267041000165;FUNDO MUNICIPAL DE SAUDE;11331;20/05/2026;PROPOSTA PAGA;Proposta Paga;26/06/2026;R$600.000,00;R$600.000,00;R$600.000,00
2026;71160010;S.PART.;BANCADA DA PARAÍBA;não se aplica;não se aplica;PB;250910;MARI;MUNICIPAL;BANCADA OBRIGATÓRIA;CORRENTE;302;1001;1030251182E900025;12/05/2026;36000804221202600;202600039371;FAF;INCREMENTO MAC;2E90;ATENÇÃO ESPECIALIZADA À SAÚDE;INCREMENTO TEMPORÁRIO DO TETO DA MÉDIA E ALTA COMPLEXIDADE - MAC;11400094000102;FUNDO MUNICIPAL DE SAUDE;11571;16/06/2026;PROPOSTA PAGA;Proposta Paga;25/06/2026;R$500.000,00;R$500.000,00;R$500.000,00
2026;71160004;S.PART.;BANCADA DA PARAÍBA;não se aplica;não se aplica;PB;251050;OLIVEDOS;MUNICIPAL;BANCADA OBRIGATÓRIA;CORRENTE;301;1001;1030151192E890025;13/05/2026;36000804998202600;202600035582;FAF;INCREMENTO PAP;2E89;ATENÇÃO PRIMÁRIA À SAÚDE;INCREMENTO DO PISO DA ATENÇÃO PRIMÁRIA À SAÚDE - PAP;17739771000106;FUNDO MUNICIPAL DE SAUDE DE OLIVEDOS;11331;20/05/2026;PROPOSTA PAGA;Proposta Paga;26/06/2026;R$400.000,00;R$400.000,00;R$400.000,00
2026;71160010;S.PART.;BANCADA DA PARAÍBA;não se aplica;não se aplica;PB;250750;JOAO PESSOA;ESTADUAL;BANCADA OBRIGATÓRIA;CORRENTE;302;1001;1030251182E900025;17/05/2026;36000806438202600;202600035184;FAF;INCREMENTO MAC;2E90;ATENÇÃO ESPECIALIZADA À SAÚDE;INCREMENTO TEMPORÁRIO DO TETO DA MÉDIA E ALTA COMPLEXIDADE - MAC;03609595000175;FUNDO ESTADUAL DE SAUDE DO ESTADO DA PARAIBA - FESEP;11346;20/05/2026;PROPOSTA PAGA;Proposta Paga;29/06/2026;R$2.484.000,00;R$2.484.000,00;R$2.484.000,00
2026;71160010;S.PART.;BANCADA DA PARAÍBA;não se aplica;não se aplica;PB;250750;JOAO PESSOA;ESTADUAL;BANCADA OBRIGATÓRIA;CORRENTE;302;1001;1030251182E900025;08/06/2026;36000812783202600;202600039382;FAF;INCREMENTO MAC;2E90;ATENÇÃO ESPECIALIZADA À SAÚDE;INCREMENTO TEMPORÁRIO DO TETO DA MÉDIA E ALTA COMPLEXIDADE - MAC;03609595000175;FUNDO ESTADUAL DE SAUDE DO ESTADO DA PARAIBA - FESEP;11571;16/06/2026;EM ANALISE PELA ÁREA FINALÍSTICA;Proposta Empenhada aguardando Formalização;-;R$5.000.000,00;R$5.000.000,00;R$0,00
2026;71160004;S.PART.;BANCADA DA PARAÍBA;não se aplica;não se aplica;PB;251615;SOSSEGO;MUNICIPAL;BANCADA OBRIGATÓRIA;CORRENTE;301;1001;1030151192E890025;26/05/2026;36000809474202600;202600037074;FAF;INCREMENTO PAP;2E89;ATENÇÃO PRIMÁRIA À SAÚDE;INCREMENTO DO PISO DA ATENÇÃO PRIMÁRIA À SAÚDE - PAP;11404679000109;FUNDO MUNICIPAL DE SAUDE;11487;01/06/2026;PROPOSTA PAGA;Proposta Paga;26/06/2026;R$400.000,00;R$400.000,00;R$400.000,00
2026;71160010;S.PART.;BANCADA DA PARAÍBA;não se aplica;não se aplica;PB;250400;CAMPINA GRANDE;MUNICIPAL;BANCADA OBRIGATÓRIA;CORRENTE;302;1001;1030251182E900025;17/06/2026;36000814956202600;202600041457;FAF;INCREMENTO MAC;2E90;ATENÇÃO ESPECIALIZADA À SAÚDE;INCREMENTO TEMPORÁRIO DO TETO DA MÉDIA E ALTA COMPLEXIDADE - MAC;24513574000121;FUNDO MUNICIPAL DE SAUDE DE CAMPINA GRANDE;11734;29/06/2026;EM ANALISE PELA ÁREA FINALÍSTICA;Proposta Empenhada aguardando Formalização;-;R$825.000,00;R$825.000,00;R$0,00
2026;71160004;S.PART.;BANCADA DA PARAÍBA;não se aplica;não se aplica;PB;251200;POCINHOS;MUNICIPAL;BANCADA OBRIGATÓRIA;CORRENTE;301;1001;1030151192E890025;04/06/2026;36000812581202600;202600041948;FAF;INCREMENTO PAP;2E89;ATENÇÃO PRIMÁRIA À SAÚDE;INCREMENTO DO PISO DA ATENÇÃO PRIMÁRIA À SAÚDE - PAP;09505246000190;FUNDO MUNICIPAL DE SAUDE - POCINHOS - PARAIBA;11765;30/06/2026;EM ANALISE PELA ÁREA FINALÍSTICA;Proposta Empenhada aguardando Formalização;-;R$77.960,00;R$77.960,00;R$0,00
2026;71160004;S.PART.;BANCADA DA PARAÍBA;não se aplica;não se aplica;PB;250850;LIVRAMENTO;MUNICIPAL;BANCADA OBRIGATÓRIA;CORRENTE;301;1001;1030151192E890025;13/05/2026;36000804887202600;202600035557;FAF;INCREMENTO PAP;2E89;ATENÇÃO PRIMÁRIA À SAÚDE;INCREMENTO DO PISO DA ATENÇÃO PRIMÁRIA À SAÚDE - PAP;11188530000121;FUNDO MUNICIPAL DE SAUDE;11331;20/05/2026;PROPOSTA PAGA;Proposta Paga;26/06/2026;R$100.000,00;R$100.000,00;R$100.000,00
2026;71160004;S.PART.;BANCADA DA PARAÍBA;não se aplica;não se aplica;PB;250900;MANAIRA;MUNICIPAL;BANCADA OBRIGATÓRIA;CORRENTE;301;1001;1030151192E890025;20/05/2026;36000807739202600;202600036604;FAF;INCREMENTO PAP;2E89;ATENÇÃO PRIMÁRIA À SAÚDE;INCREMENTO DO PISO DA ATENÇÃO PRIMÁRIA À SAÚDE - PAP;10522238000130;FUNDO MUNICIPAL DE SAUDE DE MANAIRA;11413;26/05/2026;PROPOSTA PAGA;Proposta Paga;26/06/2026;R$500.000,00;R$500.000,00;R$500.000,00
2026;71160004;S.PART.;BANCADA DA PARAÍBA;não se aplica;não se aplica;PB;250215;BOA VISTA;MUNICIPAL;BANCADA OBRIGATÓRIA;CORRENTE;301;1001;1030151192E890025;31/05/2026;36000811777202600;202600040122;FAF;INCREMENTO PAP;2E89;ATENÇÃO PRIMÁRIA À SAÚDE;INCREMENTO DO PISO DA ATENÇÃO PRIMÁRIA À SAÚDE - PAP;12868705000104;FUNDO MUNICIPAL DE SAUDE;11611;19/06/2026;EM ANALISE PELA ÁREA FINALÍSTICA;Proposta Empenhada aguardando Formalização;-;R$200.000,00;R$200.000,00;R$0,00
2026;71160004;S.PART.;BANCADA DA PARAÍBA;não se aplica;não se aplica;PB;250290;BREJO DOS SANTOS;MUNICIPAL;BANCADA OBRIGATÓRIA;CORRENTE;301;1001;1030151192E890025;08/05/2026;36000802538202600;202600029693;FAF;INCREMENTO PAP;2E89;ATENÇÃO PRIMÁRIA À SAÚDE;INCREMENTO DO PISO DA ATENÇÃO PRIMÁRIA À SAÚDE - PAP;18000776000177;FUNDO MUNICIPAL DE SAUDE DE BREJO DOS SANTOS;11194;13/05/2026;PROPOSTA PAGA;Proposta Paga;26/05/2026;R$200.000,00;R$200.000,00;R$200.000,00
2026;71160004;S.PART.;BANCADA DA PARAÍBA;não se aplica;não se aplica;PB;250530;CURRAL VELHO;MUNICIPAL;BANCADA OBRIGATÓRIA;CORRENTE;301;1001;1030151192E890025;28/05/2026;36000811207202600;202600040132;FAF;INCREMENTO PAP;2E89;ATENÇÃO PRIMÁRIA À SAÚDE;INCREMENTO DO PISO DA ATENÇÃO PRIMÁRIA À SAÚDE - PAP;10472943000170;FUNDO MUNICIPAL DE SAUDE DE CURRAL VELHO;11611;19/06/2026;EM ANALISE PELA ÁREA FINALÍSTICA;Proposta Empenhada aguardando Formalização;-;R$524.040,00;R$524.040,00;R$0,00
2026;71160010;S.PART.;BANCADA DA PARAÍBA;não se aplica;não se aplica;PB;250040;ALAGOA NOVA;MUNICIPAL;BANCADA OBRIGATÓRIA;CORRENTE;302;1001;1030251182E900025;12/05/2026;36000804428202600;202600041560;FAF;INCREMENTO MAC;2E90;ATENÇÃO ESPECIALIZADA À SAÚDE;INCREMENTO TEMPORÁRIO DO TETO DA MÉDIA E ALTA COMPLEXIDADE - MAC;11838096000188;FUNDO MUNICIPAL DE SAUDE DE ALAGOA NOVA;11727;29/06/2026;EM ANALISE PELA ÁREA FINALÍSTICA;Proposta Empenhada aguardando Formalização;-;R$374.227,00;R$374.227,00;R$0,00
2026;71160010;S.PART.;BANCADA DA PARAÍBA;não se aplica;não se aplica;PB;250190;BELEM;MUNICIPAL;BANCADA OBRIGATÓRIA;CORRENTE;302;1001;1030251182E900025;20/05/2026;36000807272202600;202600036115;FAF;INCREMENTO MAC;2E90;ATENÇÃO ESPECIALIZADA À SAÚDE;INCREMENTO TEMPORÁRIO DO TETO DA MÉDIA E ALTA COMPLEXIDADE - MAC;11429813000118;FUNDO MUNICIPAL DE SAUDE DE BELEM;11372;22/05/2026;PROPOSTA PAGA;Proposta Paga;25/06/2026;R$500.000,00;R$500.000,00;R$500.000,00
2026;71160004;S.PART.;BANCADA DA PARAÍBA;não se aplica;não se aplica;PB;250130;AROEIRAS;MUNICIPAL;BANCADA OBRIGATÓRIA;CORRENTE;301;1001;1030151192E890025;20/05/2026;36000807376202600;202600037052;FAF;INCREMENTO PAP;2E89;ATENÇÃO PRIMÁRIA À SAÚDE;INCREMENTO DO PISO DA ATENÇÃO PRIMÁRIA À SAÚDE - PAP;10819820000163;FUNDO MUNICIPAL DE SAUDE;11487;01/06/2026;PROPOSTA PAGA;Proposta Paga;26/06/2026;R$600.000,00;R$600.000,00;R$600.000,00
2026;71160004;S.PART.;BANCADA DA PARAÍBA;não se aplica;não se aplica;PB;251455;SAO JOSE DE PRINCESA;MUNICIPAL;BANCADA OBRIGATÓRIA;CORRENTE;301;1001;1030151192E890025;06/05/2026;36000801062202600;202600030631;FAF;INCREMENTO PAP;2E89;ATENÇÃO PRIMÁRIA À SAÚDE;INCREMENTO DO PISO DA ATENÇÃO PRIMÁRIA À SAÚDE - PAP;10460712000147;FUNDO MUNICIPAL DE SAUDE DE SAO JOSE DE PRINCESA;11239;15/05/2026;PROPOSTA PAGA;Proposta Paga;26/06/2026;R$700.000,00;R$700.000,00;R$700.000,00
2026;71160010;S.PART.;BANCADA DA PARAÍBA;não se aplica;não se aplica;PB;250560;DIAMANTE;MUNICIPAL;BANCADA OBRIGATÓRIA;CORRENTE;302;1001;1030251182E900025;14/05/2026;36000805543202600;202600036117;FAF;INCREMENTO MAC;2E90;ATENÇÃO ESPECIALIZADA À SAÚDE;INCREMENTO TEMPORÁRIO DO TETO DA MÉDIA E ALTA COMPLEXIDADE - MAC;10382118000185;FUNDO MUNICIPAL DE SAUDE DE DIAMANTE;11372;22/05/2026;PROPOSTA PAGA;Proposta Paga;25/06/2026;R$600.000,00;R$600.000,00;R$600.000,00
2026;71160003;S.PART.;BANCADA DA PARAÍBA;não se aplica;não se aplica;PB;250770;JUAZEIRINHO;MUNICIPAL;BANCADA OBRIGATÓRIA;CAPITAL;302;1001;10302511885358697;10/06/2026;11277311000126010;202600041690;FAF;EQUIPAMENTO;8535;ATENÇÃO ESPECIALIZADA À SAÚDE;Rede de Atenção Psicossocial - Centro de Atenção Psicossocial (Caps);11277311000119;FUNDO MUNICIPAL DE SAUDE DE JUAZEIRINHO;11751;30/06/2026;EM ANALISE PELA ÁREA FINALÍSTICA;Proposta Empenhada aguardando Formalização;-;R$97.516,00;R$97.516,00;R$0,00
2026;71160004;S.PART.;BANCADA DA PARAÍBA;não se aplica;não se aplica;PB;250800;JURU;MUNICIPAL;BANCADA OBRIGATÓRIA;CORRENTE;301;1001;1030151192E890025;08/05/2026;36000802918202600;202600035552;FAF;INCREMENTO PAP;2E89;ATENÇÃO PRIMÁRIA À SAÚDE;INCREMENTO DO PISO DA ATENÇÃO PRIMÁRIA À SAÚDE - PAP;10538747000151;FUNDO MUNICIPAL DE SAUDE;11331;20/05/2026;PROPOSTA PAGA;Proposta Paga;26/06/2026;R$400.000,00;R$400.000,00;R$400.000,00
2026;71160004;S.PART.;BANCADA DA PARAÍBA;não se aplica;não se aplica;PB;250077;APARECIDA;MUNICIPAL;BANCADA OBRIGATÓRIA;CORRENTE;301;1001;1030151192E890025;08/05/2026;36000802542202600;202600030591;FAF;INCREMENTO PAP;2E89;ATENÇÃO PRIMÁRIA À SAÚDE;INCREMENTO DO PISO DA ATENÇÃO PRIMÁRIA À SAÚDE - PAP;11956816000100;FUNDO MUNICIPAL DE SAUDE DE APARECIDA;11239;15/05/2026;PROPOSTA PAGA;Proposta Paga;26/05/2026;R$3.000.000,00;R$3.000.000,00;R$3.000.000,00
2026;71160010;S.PART.;BANCADA DA PARAÍBA;não se aplica;não se aplica;PB;250750;JOAO PESSOA;ESTADUAL;BANCADA OBRIGATÓRIA;CORRENTE;302;1001;1030251182E900025;25/05/2026;36000809032202600;202600036875;FAF;INCREMENTO MAC;2E90;ATENÇÃO ESPECIALIZADA À SAÚDE;INCREMENTO TEMPORÁRIO DO TETO DA MÉDIA E ALTA COMPLEXIDADE - MAC;03609595000175;FUNDO ESTADUAL DE SAUDE DO ESTADO DA PARAIBA - FESEP;11442;28/05/2026;PROPOSTA PAGA;Proposta Paga;29/06/2026;R$1.800.000,00;R$1.800.000,00;R$1.800.000,00
2026;71160004;S.PART.;BANCADA DA PARAÍBA;não se aplica;não se aplica;PB;250630;GUARABIRA;MUNICIPAL;BANCADA OBRIGATÓRIA;CORRENTE;301;1001;1030151192E890025;08/05/2026;36000803027202600;202600030608;FAF;INCREMENTO PAP;2E89;ATENÇÃO PRIMÁRIA À SAÚDE;INCREMENTO DO PISO DA ATENÇÃO PRIMÁRIA À SAÚDE - PAP;13844779000173;GUARABIRA FUNDO MUNICIPAL DE SAUDE;11239;15/05/2026;PROPOSTA PAGA;Proposta Paga;26/05/2026;R$100.000,00;R$100.000,00;R$100.000,00
2026;71160004;S.PART.;BANCADA DA PARAÍBA;não se aplica;não se aplica;PB;250403;CAPIM;MUNICIPAL;BANCADA OBRIGATÓRIA;CORRENTE;301;1001;1030151192E890025;13/05/2026;36000804911202600;202600035529;FAF;INCREMENTO PAP;2E89;ATENÇÃO PRIMÁRIA À SAÚDE;INCREMENTO DO PISO DA ATENÇÃO PRIMÁRIA À SAÚDE - PAP;08730943000181;FUNDO MUNICIPAL DE SAUDE;11331;20/05/2026;PROPOSTA PAGA;Proposta Paga;26/06/2026;R$300.000,00;R$300.000,00;R$300.000,00
2026;71160004;S.PART.;BANCADA DA PARAÍBA;não se aplica;não se aplica;PB;251090;PAULISTA;MUNICIPAL;BANCADA OBRIGATÓRIA;CORRENTE;301;1001;1030151192E890025;05/05/2026;36000800874202600;202600035586;FAF;INCREMENTO PAP;2E89;ATENÇÃO PRIMÁRIA À SAÚDE;INCREMENTO DO PISO DA ATENÇÃO PRIMÁRIA À SAÚDE - PAP;11247833000178;FUNDO MUNICIPAL DE SAUDE;11331;20/05/2026;PROPOSTA PAGA;Proposta Paga;26/06/2026;R$300.000,00;R$300.000,00;R$300.000,00
2026;71160004;S.PART.;BANCADA DA PARAÍBA;não se aplica;não se aplica;PB;250205;BERNARDINO BATISTA;MUNICIPAL;BANCADA OBRIGATÓRIA;CORRENTE;301;1001;1030151192E890025;06/05/2026;36000801655202600;202600030594;FAF;INCREMENTO PAP;2E89;ATENÇÃO PRIMÁRIA À SAÚDE;INCREMENTO DO PISO DA ATENÇÃO PRIMÁRIA À SAÚDE - PAP;10484826000127;FUNDO MUNICIPAL DE SAUDE;11239;15/05/2026;PROPOSTA PAGA;Proposta Paga;16/06/2026;R$600.000,00;R$600.000,00;R$600.000,00
2026;71160004;S.PART.;BANCADA DA PARAÍBA;não se aplica;não se aplica;PB;250375;CAJAZEIRINHAS;MUNICIPAL;BANCADA OBRIGATÓRIA;CORRENTE;301;1001;1030151192E890025;20/05/2026;36000807686202600;202600041938;FAF;INCREMENTO PAP;2E89;ATENÇÃO PRIMÁRIA À SAÚDE;INCREMENTO DO PISO DA ATENÇÃO PRIMÁRIA À SAÚDE - PAP;10461231000156;FUNDO MUNICIPAL DE SAUDE DE CAJAZEIRINHAS;11765;30/06/2026;EM ANALISE PELA ÁREA FINALÍSTICA;Proposta Empenhada aguardando Formalização;-;R$600.000,00;R$600.000,00;R$0,00
2026;71160010;S.PART.;BANCADA DA PARAÍBA;não se aplica;não se aplica;PB;250250;BOQUEIRAO;MUNICIPAL;BANCADA OBRIGATÓRIA;CORRENTE;302;1001;1030251182E900025;12/05/2026;36000804328202600;202600040667;FAF;INCREMENTO MAC;2E90;ATENÇÃO ESPECIALIZADA À SAÚDE;INCREMENTO TEMPORÁRIO DO TETO DA MÉDIA E ALTA COMPLEXIDADE - MAC;11153600000106;FUNDO MUNICIPAL DE SAUDE;11642;23/06/2026;EM ANALISE PELA ÁREA FINALÍSTICA;Proposta Empenhada aguardando Formalização;-;R$500.000,00;R$500.000,00;R$0,00
2026;71160010;S.PART.;BANCADA DA PARAÍBA;não se aplica;não se aplica;PB;250790;JURIPIRANGA;MUNICIPAL;BANCADA OBRIGATÓRIA;CORRENTE;302;1001;1030251182E900025;06/05/2026;36000801011202600;202600036384;FAF;INCREMENTO MAC;2E90;ATENÇÃO ESPECIALIZADA À SAÚDE;INCREMENTO TEMPORÁRIO DO TETO DA MÉDIA E ALTA COMPLEXIDADE - MAC;11164805000197;FUNDO MUNICIPAL DE SAUDE;11393;25/05/2026;PROPOSTA PAGA;Proposta Paga;25/06/2026;R$500.000,00;R$500.000,00;R$500.000,00
2026;71160004;S.PART.;BANCADA DA PARAÍBA;não se aplica;não se aplica;PB;250520;CUITEGI;MUNICIPAL;BANCADA OBRIGATÓRIA;CORRENTE;301;1001;1030151192E890025;06/05/2026;36000801217202600;202600029698;FAF;INCREMENTO PAP;2E89;ATENÇÃO PRIMÁRIA À SAÚDE;INCREMENTO DO PISO DA ATENÇÃO PRIMÁRIA À SAÚDE - PAP;11780026000116;FUNDO MUNICIPAL DE SAUDE - CUITEGI-PB;11194;13/05/2026;PROPOSTA PAGA;Proposta Paga;16/06/2026;R$600.000,00;R$600.000,00;R$600.000,00
2026;71160010;S.PART.;BANCADA DA PARAÍBA;não se aplica;não se aplica;PB;250750;JOAO PESSOA;MUNICIPAL;BANCADA OBRIGATÓRIA;CORRENTE;302;1001;1030251182E900025;19/06/2026;36000816192202600;202600041824;FAF;INCREMENTO MAC;2E90;ATENÇÃO ESPECIALIZADA À SAÚDE;INCREMENTO TEMPORÁRIO DO TETO DA MÉDIA E ALTA COMPLEXIDADE - MAC;08715618000140;FUNDO MUNICIPAL DE SAUDE;11749;30/06/2026;EM ANALISE PELA ÁREA FINALÍSTICA;Proposta Empenhada aguardando Formalização;-;R$700.000,00;R$700.000,00;R$0,00
2026;71160010;S.PART.;BANCADA DA PARAÍBA;não se aplica;não se aplica;PB;251130;PIANCO;MUNICIPAL;BANCADA OBRIGATÓRIA;CORRENTE;302;1001;1030251182E900025;06/05/2026;36000801319202600;202600028625;FAF;INCREMENTO MAC;2E90;ATENÇÃO ESPECIALIZADA À SAÚDE;INCREMENTO TEMPORÁRIO DO TETO DA MÉDIA E ALTA COMPLEXIDADE - MAC;04827493000199;FUNDO MUNICIPAL DE SAUDE;11058;11/05/2026;PROPOSTA PAGA;Proposta Paga;17/06/2026;R$700.000,00;R$700.000,00;R$700.000,00
2026;71160004;S.PART.;BANCADA DA PARAÍBA;não se aplica;não se aplica;PB;251720;VIEIROPOLIS;MUNICIPAL;BANCADA OBRIGATÓRIA;CORRENTE;301;1001;1030151192E890025;12/05/2026;36000804312202600;202600035613;FAF;INCREMENTO PAP;2E89;ATENÇÃO PRIMÁRIA À SAÚDE;INCREMENTO DO PISO DA ATENÇÃO PRIMÁRIA À SAÚDE - PAP;14688620000170;FUNDO MUNICIPAL DE SAUDE DE VIEIROPOLIS;11331;20/05/2026;PROPOSTA PAGA;Proposta Paga;26/06/2026;R$800.000,00;R$800.000,00;R$800.000,00
2026;71160004;S.PART.;BANCADA DA PARAÍBA;não se aplica;não se aplica;PB;250915;MARIZOPOLIS;MUNICIPAL;BANCADA OBRIGATÓRIA;CORRENTE;301;1001;1030151192E890025;07/05/2026;36000802123202600;202600036605;FAF;INCREMENTO PAP;2E89;ATENÇÃO PRIMÁRIA À SAÚDE;INCREMENTO DO PISO DA ATENÇÃO PRIMÁRIA À SAÚDE - PAP;11404727000150;FUNDO MUNICIPAL DE SAUDE;11402;26/05/2026;PROPOSTA PAGA;Proposta Paga;26/06/2026;R$300.000,00;R$300.000,00;R$300.000,00
2026;71160004;S.PART.;BANCADA DA PARAÍBA;não se aplica;não se aplica;PB;250490;CRUZ DO ESPIRITO SANTO;MUNICIPAL;BANCADA OBRIGATÓRIA;CORRENTE;301;1001;1030151192E890025;06/05/2026;36000801208202600;202600036587;FAF;INCREMENTO PAP;2E89;ATENÇÃO PRIMÁRIA À SAÚDE;INCREMENTO DO PISO DA ATENÇÃO PRIMÁRIA À SAÚDE - PAP;23014200000107;FUNDO MUNICIPAL DE SAUDE DE CRUZ DO ESPIRITO SANTO;11413;26/05/2026;EM ANALISE PELA ÁREA FINALÍSTICA;Proposta Empenhada aguardando Formalização;-;R$1.000.000,00;R$1.000.000,00;R$0,00
2026;71160004;S.PART.;BANCADA DA PARAÍBA;não se aplica;não se aplica;PB;251060;OURO VELHO;MUNICIPAL;BANCADA OBRIGATÓRIA;CORRENTE;301;1001;1030151192E890025;11/05/2026;36000803920202600;202600035581;FAF;INCREMENTO PAP;2E89;ATENÇÃO PRIMÁRIA À SAÚDE;INCREMENTO DO PISO DA ATENÇÃO PRIMÁRIA À SAÚDE - PAP;11348410000144;FUNDO MUNICIPAL DE SAUDE DE OURO VELHO;11331;20/05/2026;EM ANALISE PELA ÁREA FINALÍSTICA;Proposta Empenhada aguardando Formalização;-;R$1.000.000,00;R$1.000.000,00;R$0,00
2026;71160004;S.PART.;BANCADA DA PARAÍBA;não se aplica;não se aplica;PB;250680;INGA;MUNICIPAL;BANCADA OBRIGATÓRIA;CORRENTE;301;1001;1030151192E890025;17/05/2026;36000806460202600;202600036595;FAF;INCREMENTO PAP;2E89;ATENÇÃO PRIMÁRIA À SAÚDE;INCREMENTO DO PISO DA ATENÇÃO PRIMÁRIA À SAÚDE - PAP;08610110000187;FUNDO MUNICIPAL DE SAUDE DE INGA/PB;11413;26/05/2026;EM ANALISE PELA ÁREA FINALÍSTICA;Proposta Empenhada aguardando Formalização;-;R$2.000.000,00;R$2.000.000,00;R$0,00
2026;71160003;S.PART.;BANCADA DA PARAÍBA;não se aplica;não se aplica;PB;251370;SANTA RITA;PRIVADA;BANCADA OBRIGATÓRIA;CAPITAL;302;1001;10302511885358697;14/05/2026;90943326006;-;CONVENIO;CONVÊNIO EQUIPAMENTO;8535;ATENÇÃO ESPECIALIZADA À SAÚDE;Rede Alyne - Maternidade;09433715000102;FUNDACAO GOVERNADOR FLAVIO RIBEIRO COUTINHO;-;09/07/2026;EM ANALISE PELA ÁREA FINALÍSTICA;Proposta Empenhada aguardando Formalização;-;R$200.000,00;R$200.000,00;R$0,00
2026;71160004;S.PART.;BANCADA DA PARAÍBA;não se aplica;não se aplica;PB;250190;BELEM;MUNICIPAL;BANCADA OBRIGATÓRIA;CORRENTE;301;1001;1030151192E890025;19/05/2026;36000807076202600;202600036580;FAF;INCREMENTO PAP;2E89;ATENÇÃO PRIMÁRIA À SAÚDE;INCREMENTO DO PISO DA ATENÇÃO PRIMÁRIA À SAÚDE - PAP;11429813000118;FUNDO MUNICIPAL DE SAUDE DE BELEM;11413;26/05/2026;PROPOSTA PAGA;Proposta Paga;26/06/2026;R$500.000,00;R$500.000,00;R$500.000,00
2026;71160010;S.PART.;BANCADA DA PARAÍBA;não se aplica;não se aplica;PB;250010;AGUA BRANCA;MUNICIPAL;BANCADA OBRIGATÓRIA;CORRENTE;302;1001;1030251182E900025;06/05/2026;36000801070202600;202600026477;FAF;INCREMENTO MAC;2E90;ATENÇÃO ESPECIALIZADA À SAÚDE;INCREMENTO TEMPORÁRIO DO TETO DA MÉDIA E ALTA COMPLEXIDADE - MAC;10502869000198;FUNDO MUNICIPAL DE SAUDE DE AGUA BRANCA;11045;08/05/2026;PROPOSTA PAGA;Proposta Paga;25/06/2026;R$100.000,00;R$100.000,00;R$100.000,00
2026;71160004;S.PART.;BANCADA DA PARAÍBA;não se aplica;não se aplica;PB;250840;LASTRO;MUNICIPAL;BANCADA OBRIGATÓRIA;CORRENTE;301;1001;1030151192E890025;12/05/2026;36000804400202600;202600035556;FAF;INCREMENTO PAP;2E89;ATENÇÃO PRIMÁRIA À SAÚDE;INCREMENTO DO PISO DA ATENÇÃO PRIMÁRIA À SAÚDE - PAP;11304889000117;FUNDO MUNICIPAL DE SAUDE DE LASTRO;11331;20/05/2026;PROPOSTA PAGA;Proposta Paga;26/06/2026;R$500.000,00;R$500.000,00;R$500.000,00
2026;71160004;S.PART.;BANCADA DA PARAÍBA;não se aplica;não se aplica;PB;250040;ALAGOA NOVA;MUNICIPAL;BANCADA OBRIGATÓRIA;CORRENTE;301;1001;1030151192E890025;04/06/2026;36000812575202600;202600040119;FAF;INCREMENTO PAP;2E89;ATENÇÃO PRIMÁRIA À SAÚDE;INCREMENTO DO PISO DA ATENÇÃO PRIMÁRIA À SAÚDE - PAP;11838096000188;FUNDO MUNICIPAL DE SAUDE DE ALAGOA NOVA;11611;19/06/2026;EM ANALISE PELA ÁREA FINALÍSTICA;Proposta Empenhada aguardando Formalização;-;R$200.000,00;R$200.000,00;R$0,00
2026;71160004;S.PART.;BANCADA DA PARAÍBA;não se aplica;não se aplica;PB;251360;SANTANA DOS GARROTES;MUNICIPAL;BANCADA OBRIGATÓRIA;CORRENTE;301;1001;1030151192E890025;26/05/2026;36000809642202600;202600040150;FAF;INCREMENTO PAP;2E89;ATENÇÃO PRIMÁRIA À SAÚDE;INCREMENTO DO PISO DA ATENÇÃO PRIMÁRIA À SAÚDE - PAP;12290612000145;FUNDO MUNICIPAL DE SAUDE DE SANTANA DOS GARROTES;11611;19/06/2026;EM ANALISE PELA ÁREA FINALÍSTICA;Proposta Empenhada aguardando Formalização;-;R$500.000,00;R$500.000,00;R$0,00
2026;71160004;S.PART.;BANCADA DA PARAÍBA;não se aplica;não se aplica;PB;250880;MALTA;MUNICIPAL;BANCADA OBRIGATÓRIA;CORRENTE;301;1001;1030151192E890025;20/05/2026;36000807487202600;202600036603;FAF;INCREMENTO PAP;2E89;ATENÇÃO PRIMÁRIA À SAÚDE;INCREMENTO DO PISO DA ATENÇÃO PRIMÁRIA À SAÚDE - PAP;12460136000163;FUNDO MUNICIPAL DE SAUDE DE MALTA;11413;26/05/2026;PROPOSTA PAGA;Proposta Paga;26/06/2026;R$200.000,00;R$200.000,00;R$200.000,00
2026;71160010;S.PART.;BANCADA DA PARAÍBA;não se aplica;não se aplica;PB;250680;INGA;MUNICIPAL;BANCADA OBRIGATÓRIA;CORRENTE;302;1001;1030251182E900025;20/05/2026;36000807229202600;202600036119;FAF;INCREMENTO MAC;2E90;ATENÇÃO ESPECIALIZADA À SAÚDE;INCREMENTO TEMPORÁRIO DO TETO DA MÉDIA E ALTA COMPLEXIDADE - MAC;08610110000187;FUNDO MUNICIPAL DE SAUDE DE INGA/PB;11372;22/05/2026;PROPOSTA PAGA;Proposta Paga;25/06/2026;R$500.000,00;R$500.000,00;R$500.000,00
2026;71160010;S.PART.;BANCADA DA PARAÍBA;não se aplica;não se aplica;PB;250970;MONTEIRO;MUNICIPAL;BANCADA OBRIGATÓRIA;CORRENTE;302;1001;1030251182E900025;09/05/2026;36000803251202600;202600029822;FAF;INCREMENTO MAC;2E90;ATENÇÃO ESPECIALIZADA À SAÚDE;INCREMENTO TEMPORÁRIO DO TETO DA MÉDIA E ALTA COMPLEXIDADE - MAC;11214763000151;FUNDO MUNICIPAL DE SAUDE DE MONTEIRO;11170;13/05/2026;PROPOSTA PAGA;Proposta Paga;17/06/2026;R$500.000,00;R$500.000,00;R$500.000,00
2026;71160004;S.PART.;BANCADA DA PARAÍBA;não se aplica;não se aplica;PB;251385;SANTO ANDRE;MUNICIPAL;BANCADA OBRIGATÓRIA;CORRENTE;301;1001;1030151192E890025;28/05/2026;36000811260202600;202600040151;FAF;INCREMENTO PAP;2E89;ATENÇÃO PRIMÁRIA À SAÚDE;INCREMENTO DO PISO DA ATENÇÃO PRIMÁRIA À SAÚDE - PAP;11411482000199;FUNDO MUNICIPAL DE SAUDE DE SANTO ANDRE;11611;19/06/2026;EM ANALISE PELA ÁREA FINALÍSTICA;Proposta Empenhada aguardando Formalização;-;R$600.000,00;R$600.000,00;R$0,00
2026;71160010;S.PART.;BANCADA DA PARAÍBA;não se aplica;não se aplica;PB;251150;PILAR;MUNICIPAL;BANCADA OBRIGATÓRIA;CORRENTE;302;1001;1030251182E900025;01/06/2026;36000812076202600;202600038388;FAF;INCREMENTO MAC;2E90;ATENÇÃO ESPECIALIZADA À SAÚDE;INCREMENTO TEMPORÁRIO DO TETO DA MÉDIA E ALTA COMPLEXIDADE - MAC;11171199000137;FUNDO MUNICIPAL DE SAUDE DO MUNICIPIO DE PILAR;11519;03/06/2026;PROPOSTA PAGA;Proposta Paga;25/06/2026;R$500.000,00;R$500.000,00;R$500.000,00
2026;71160004;S.PART.;BANCADA DA PARAÍBA;não se aplica;não se aplica;PB;251593;SERTAOZINHO;MUNICIPAL;BANCADA OBRIGATÓRIA;CORRENTE;301;1001;1030151192E890025;14/05/2026;36000805326202600;202600035606;FAF;INCREMENTO PAP;2E89;ATENÇÃO PRIMÁRIA À SAÚDE;INCREMENTO DO PISO DA ATENÇÃO PRIMÁRIA À SAÚDE - PAP;11958034000100;FUNDO MUNICIPAL DE SAUDE DO MUNICIPIO DE SERTAOZINHO-PB;11331;20/05/2026;PROPOSTA PAGA;Proposta Paga;26/06/2026;R$200.000,00;R$200.000,00;R$200.000,00
2026;71160004;S.PART.;BANCADA DA PARAÍBA;não se aplica;não se aplica;PB;251670;TEIXEIRA;MUNICIPAL;BANCADA OBRIGATÓRIA;CORRENTE;301;1001;1030151192E890025;06/05/2026;36000801052202600;202600030636;FAF;INCREMENTO PAP;2E89;ATENÇÃO PRIMÁRIA À SAÚDE;INCREMENTO DO PISO DA ATENÇÃO PRIMÁRIA À SAÚDE - PAP;11229326000101;FUNDO MUNICIPAL DE SAUDE;11239;15/05/2026;PROPOSTA PAGA;Proposta Paga;16/06/2026;R$801.000,00;R$801.000,00;R$801.000,00
2026;71160004;S.PART.;BANCADA DA PARAÍBA;não se aplica;não se aplica;PB;251020;NOVA OLINDA;MUNICIPAL;BANCADA OBRIGATÓRIA;CORRENTE;301;1001;1030151192E890025;17/06/2026;36000815034202600;202600041946;FAF;INCREMENTO PAP;2E89;ATENÇÃO PRIMÁRIA À SAÚDE;INCREMENTO DO PISO DA ATENÇÃO PRIMÁRIA À SAÚDE - PAP;11268720000159;FUNDO MUNICIPAL DE SAUDE_NOVA OLINDA;11765;30/06/2026;EM ANALISE PELA ÁREA FINALÍSTICA;Proposta Empenhada aguardando Formalização;-;R$825.000,00;R$825.000,00;R$0,00
2026;71160004;S.PART.;BANCADA DA PARAÍBA;não se aplica;não se aplica;PB;251020;NOVA OLINDA;MUNICIPAL;BANCADA OBRIGATÓRIA;CORRENTE;301;1001;1030151192E890025;14/05/2026;36000805437202600;202600035574;FAF;INCREMENTO PAP;2E89;ATENÇÃO PRIMÁRIA À SAÚDE;INCREMENTO DO PISO DA ATENÇÃO PRIMÁRIA À SAÚDE - PAP;11268720000159;FUNDO MUNICIPAL DE SAUDE_NOVA OLINDA;11331;20/05/2026;PROPOSTA PAGA;Proposta Paga;26/06/2026;R$400.000,00;R$400.000,00;R$400.000,00
2026;71160004;S.PART.;BANCADA DA PARAÍBA;não se aplica;não se aplica;PB;251090;PAULISTA;MUNICIPAL;BANCADA OBRIGATÓRIA;CORRENTE;301;1001;1030151192E890025;05/05/2026;36000800869202600;202600035584;FAF;INCREMENTO PAP;2E89;ATENÇÃO PRIMÁRIA À SAÚDE;INCREMENTO DO PISO DA ATENÇÃO PRIMÁRIA À SAÚDE - PAP;11247833000178;FUNDO MUNICIPAL DE SAUDE;11331;20/05/2026;EM ANALISE PELA ÁREA FINALÍSTICA;Proposta Empenhada aguardando Formalização;-;R$1.500.000,00;R$1.500.000,00;R$0,00
2026;71160004;S.PART.;BANCADA DA PARAÍBA;não se aplica;não se aplica;PB;251400;SAO JOAO DO CARIRI;MUNICIPAL;BANCADA OBRIGATÓRIA;CORRENTE;301;1001;1030151192E890025;08/05/2026;36000803127202600;202600030628;FAF;INCREMENTO PAP;2E89;ATENÇÃO PRIMÁRIA À SAÚDE;INCREMENTO DO PISO DA ATENÇÃO PRIMÁRIA À SAÚDE - PAP;12447221000191;FUNDO MUNICIPAL DE SAUDE DE SAO JOAO DO CARIRI - PB;11239;15/05/2026;PROPOSTA PAGA;Proposta Paga;09/06/2026;R$400.000,00;R$400.000,00;R$400.000,00
2026;71160010;S.PART.;BANCADA DA PARAÍBA;não se aplica;não se aplica;PB;250270;BORBOREMA;MUNICIPAL;BANCADA OBRIGATÓRIA;CORRENTE;302;1001;1030251182E900025;20/05/2026;36000807466202600;202600036378;FAF;INCREMENTO MAC;2E90;ATENÇÃO ESPECIALIZADA À SAÚDE;INCREMENTO TEMPORÁRIO DO TETO DA MÉDIA E ALTA COMPLEXIDADE - MAC;11594451000110;FUNDO MUNICIPAL DE SAUDE DE BORBOREMA;11400;26/05/2026;PROPOSTA PAGA;Proposta Paga;25/06/2026;R$70.000,00;R$70.000,00;R$70.000,00
2026;71160010;S.PART.;BANCADA DA PARAÍBA;não se aplica;não se aplica;PB;251370;SANTA RITA;MUNICIPAL;BANCADA OBRIGATÓRIA;CORRENTE;302;1001;1030251182E900025;03/06/2026;36000812371202600;202600040671;FAF;INCREMENTO MAC;2E90;ATENÇÃO ESPECIALIZADA À SAÚDE;INCREMENTO TEMPORÁRIO DO TETO DA MÉDIA E ALTA COMPLEXIDADE - MAC;08694222000163;FUNDO MUNICIPAL DE SAUDE DE SANTA RITA;11642;23/06/2026;EM ANALISE PELA ÁREA FINALÍSTICA;Proposta Empenhada aguardando Formalização;-;R$1.000.000,00;R$1.000.000,00;R$0,00
2026;71160004;S.PART.;BANCADA DA PARAÍBA;não se aplica;não se aplica;PB;250770;JUAZEIRINHO;MUNICIPAL;BANCADA OBRIGATÓRIA;CORRENTE;301;1001;1030151192E890025;07/05/2026;36000802408202600;202600029703;FAF;INCREMENTO PAP;2E89;ATENÇÃO PRIMÁRIA À SAÚDE;INCREMENTO DO PISO DA ATENÇÃO PRIMÁRIA À SAÚDE - PAP;11277311000119;FUNDO MUNICIPAL DE SAUDE DE JUAZEIRINHO;11194;13/05/2026;PROPOSTA PAGA;Proposta Paga;16/06/2026;R$500.000,00;R$500.000,00;R$500.000,00
2026;71160010;S.PART.;BANCADA DA PARAÍBA;não se aplica;não se aplica;PB;251510;SAO SEBASTIAO DE LAGOA DE ROCA;MUNICIPAL;BANCADA OBRIGATÓRIA;CORRENTE;302;1001;1030251182E900025;15/05/2026;36000806026202600;202600034379;FAF;INCREMENTO MAC;2E90;ATENÇÃO ESPECIALIZADA À SAÚDE;INCREMENTO TEMPORÁRIO DO TETO DA MÉDIA E ALTA COMPLEXIDADE - MAC;11143891000151;FUNDO MUNICIPAL DE SAUDE SAO SEBASTIAO DE LAGOA DE ROCA;11270;18/05/2026;PROPOSTA PAGA;Proposta Paga;26/06/2026;R$200.000,00;R$200.000,00;R$200.000,00
2026;71160004;S.PART.;BANCADA DA PARAÍBA;não se aplica;não se aplica;PB;250157;BARRA DE SANTANA;MUNICIPAL;BANCADA OBRIGATÓRIA;CORRENTE;301;1001;1030151192E890025;18/05/2026;36000806641202600;202600040118;FAF;INCREMENTO PAP;2E89;ATENÇÃO PRIMÁRIA À SAÚDE;INCREMENTO DO PISO DA ATENÇÃO PRIMÁRIA À SAÚDE - PAP;11109361000197;FUNDO MUNICIPAL DE SAUDE BARRA DE SANTANA;11611;19/06/2026;EM ANALISE PELA ÁREA FINALÍSTICA;Proposta Empenhada aguardando Formalização;-;R$550.000,00;R$550.000,00;R$0,00
2026;71160004;S.PART.;BANCADA DA PARAÍBA;não se aplica;não se aplica;PB;250050;ALAGOINHA;MUNICIPAL;BANCADA OBRIGATÓRIA;CORRENTE;301;1001;1030151192E890025;11/05/2026;36000803481202600;202600030588;FAF;INCREMENTO PAP;2E89;ATENÇÃO PRIMÁRIA À SAÚDE;INCREMENTO DO PISO DA ATENÇÃO PRIMÁRIA À SAÚDE - PAP;11757032000152;FUNDO MUNICIPAL DE SAUDE DE ALAGOINHA;11239;15/05/2026;PROPOSTA PAGA;Proposta Paga;16/06/2026;R$700.000,00;R$700.000,00;R$700.000,00
2026;71160004;S.PART.;BANCADA DA PARAÍBA;não se aplica;não se aplica;PB;251203;POCO DANTAS;MUNICIPAL;BANCADA OBRIGATÓRIA;CORRENTE;301;1001;1030151192E890025;05/05/2026;36000800962202600;202600030622;FAF;INCREMENTO PAP;2E89;ATENÇÃO PRIMÁRIA À SAÚDE;INCREMENTO DO PISO DA ATENÇÃO PRIMÁRIA À SAÚDE - PAP;08743272000193;FUNDO MUNICIPAL DE SAUDE;11239;15/05/2026;PROPOSTA PAGA;Proposta Paga;16/06/2026;R$800.000,00;R$800.000,00;R$800.000,00
2026;71160004;S.PART.;BANCADA DA PARAÍBA;não se aplica;não se aplica;PB;250580;DUAS ESTRADAS;MUNICIPAL;BANCADA OBRIGATÓRIA;CORRENTE;301;1001;1030151192E890025;06/05/2026;36000801702202600;202600029700;FAF;INCREMENTO PAP;2E89;ATENÇÃO PRIMÁRIA À SAÚDE;INCREMENTO DO PISO DA ATENÇÃO PRIMÁRIA À SAÚDE - PAP;11814527000176;FUNDO MUNICIPAL DE SAUDE DE DUAS ESTRADAS;11194;13/05/2026;PROPOSTA PAGA;Proposta Paga;26/05/2026;R$300.000,00;R$300.000,00;R$300.000,00
2026;71160004;S.PART.;BANCADA DA PARAÍBA;não se aplica;não se aplica;PB;251130;PIANCO;MUNICIPAL;BANCADA OBRIGATÓRIA;CORRENTE;301;1001;1030151192E890025;06/05/2026;36000801310202600;202600029706;FAF;INCREMENTO PAP;2E89;ATENÇÃO PRIMÁRIA À SAÚDE;INCREMENTO DO PISO DA ATENÇÃO PRIMÁRIA À SAÚDE - PAP;04827493000199;FUNDO MUNICIPAL DE SAUDE;11194;13/05/2026;PROPOSTA PAGA;Proposta Paga;26/05/2026;R$300.000,00;R$300.000,00;R$300.000,00
2026;71160004;S.PART.;BANCADA DA PARAÍBA;não se aplica;não se aplica;PB;251593;SERTAOZINHO;MUNICIPAL;BANCADA OBRIGATÓRIA;CORRENTE;301;1001;1030151192E890025;14/05/2026;36000805269202600;202600035604;FAF;INCREMENTO PAP;2E89;ATENÇÃO PRIMÁRIA À SAÚDE;INCREMENTO DO PISO DA ATENÇÃO PRIMÁRIA À SAÚDE - PAP;11958034000100;FUNDO MUNICIPAL DE SAUDE DO MUNICIPIO DE SERTAOZINHO-PB;11331;20/05/2026;PROPOSTA PAGA;Proposta Paga;26/06/2026;R$400.000,00;R$400.000,00;R$400.000,00
2026;71160010;S.PART.;BANCADA DA PARAÍBA;não se aplica;não se aplica;PB;251130;PIANCO;MUNICIPAL;BANCADA OBRIGATÓRIA;CORRENTE;302;1001;1030251182E900025;06/05/2026;36000801315202600;202600028624;FAF;INCREMENTO MAC;2E90;ATENÇÃO ESPECIALIZADA À SAÚDE;INCREMENTO TEMPORÁRIO DO TETO DA MÉDIA E ALTA COMPLEXIDADE - MAC;04827493000199;FUNDO MUNICIPAL DE SAUDE;11058;11/05/2026;PROPOSTA PAGA;Proposta Paga;17/06/2026;R$800.000,00;R$800.000,00;R$800.000,00
2026;71160010;S.PART.;BANCADA DA PARAÍBA;não se aplica;não se aplica;PB;250450;CONDADO;MUNICIPAL;BANCADA OBRIGATÓRIA;CORRENTE;302;1001;1030251182E900025;25/05/2026;36000809162202600;202600037164;FAF;INCREMENTO MAC;2E90;ATENÇÃO ESPECIALIZADA À SAÚDE;INCREMENTO TEMPORÁRIO DO TETO DA MÉDIA E ALTA COMPLEXIDADE - MAC;04275034000140;FUNDO MUNICIPAL DE SAUDE;11481;01/06/2026;PROPOSTA PAGA;Proposta Paga;25/06/2026;R$100.000,00;R$100.000,00;R$100.000,00
2026;71160010;S.PART.;BANCADA DA PARAÍBA;não se aplica;não se aplica;PB;251440;SAO JOSE DE ESPINHARAS;MUNICIPAL;BANCADA OBRIGATÓRIA;CORRENTE;302;1001;1030251182E900025;21/05/2026;36000808256202600;202600039381;FAF;INCREMENTO MAC;2E90;ATENÇÃO ESPECIALIZADA À SAÚDE;INCREMENTO TEMPORÁRIO DO TETO DA MÉDIA E ALTA COMPLEXIDADE - MAC;11418606000168;FUNDO MUNICIPAL DE SAUDE;11571;16/06/2026;PROPOSTA PAGA;Proposta Paga;25/06/2026;R$100.000,00;R$100.000,00;R$100.000,00
2026;71160004;S.PART.;BANCADA DA PARAÍBA;não se aplica;não se aplica;PB;250670;IMACULADA;MUNICIPAL;BANCADA OBRIGATÓRIA;CORRENTE;301;1001;1030151192E890025;13/05/2026;36000804836202600;202600035545;FAF;INCREMENTO PAP;2E89;ATENÇÃO PRIMÁRIA À SAÚDE;INCREMENTO DO PISO DA ATENÇÃO PRIMÁRIA À SAÚDE - PAP;11838404000175;FUNDO MUNICIPAL DE SAUDE DO MUNICIPIO DE IMACULADA;11331;20/05/2026;PROPOSTA PAGA;Proposta Paga;26/06/2026;R$500.000,00;R$500.000,00;R$500.000,00
2026;71160004;S.PART.;BANCADA DA PARAÍBA;não se aplica;não se aplica;PB;250310;CABACEIRAS;MUNICIPAL;BANCADA OBRIGATÓRIA;CORRENTE;301;1001;1030151192E890025;06/05/2026;36000801271202600;202600030599;FAF;INCREMENTO PAP;2E89;ATENÇÃO PRIMÁRIA À SAÚDE;INCREMENTO DO PISO DA ATENÇÃO PRIMÁRIA À SAÚDE - PAP;11309134000105;FUNDO MUNICIPAL DE SAUDE - CABACEIRAS PB;11239;15/05/2026;PROPOSTA PAGA;Proposta Paga;26/06/2026;R$200.000,00;R$200.000,00;R$200.000,00
2026;71160004;S.PART.;BANCADA DA PARAÍBA;não se aplica;não se aplica;PB;251160;PILOES;MUNICIPAL;BANCADA OBRIGATÓRIA;CORRENTE;301;1001;1030151192E890025;29/05/2026;36000811527202600;202600040146;FAF;INCREMENTO PAP;2E89;ATENÇÃO PRIMÁRIA À SAÚDE;INCREMENTO DO PISO DA ATENÇÃO PRIMÁRIA À SAÚDE - PAP;12044868000172;FUNDO MUNICIPAL DE SAUDE - PILOES-PB;11611;19/06/2026;EM ANALISE PELA ÁREA FINALÍSTICA;Proposta Empenhada aguardando Formalização;-;R$200.000,00;R$200.000,00;R$0,00
2026;71160004;S.PART.;BANCADA DA PARAÍBA;não se aplica;não se aplica;PB;251380;SANTA TERESINHA;MUNICIPAL;BANCADA OBRIGATÓRIA;CORRENTE;301;1001;1030151192E890025;14/05/2026;36000805308202600;202600036619;FAF;INCREMENTO PAP;2E89;ATENÇÃO PRIMÁRIA À SAÚDE;INCREMENTO DO PISO DA ATENÇÃO PRIMÁRIA À SAÚDE - PAP;12447227000169;FUNDO MUNICIPAL DE SAUDE DE SANTA TEREZINHA;11413;26/05/2026;PROPOSTA PAGA;Proposta Paga;26/06/2026;R$200.000,00;R$200.000,00;R$200.000,00
2026;71160010;S.PART.;BANCADA DA PARAÍBA;não se aplica;não se aplica;PB;251530;SAPE;MUNICIPAL;BANCADA OBRIGATÓRIA;CORRENTE;302;1001;1030251182E900025;01/06/2026;36000811806202600;202600039391;FAF;INCREMENTO MAC;2E90;ATENÇÃO ESPECIALIZADA À SAÚDE;INCREMENTO TEMPORÁRIO DO TETO DA MÉDIA E ALTA COMPLEXIDADE - MAC;08036438000131;FUNDO MUNICIPAL DE SAUDE DE SAPE;11571;16/06/2026;PROPOSTA PAGA;Proposta Paga;25/06/2026;R$500.000,00;R$500.000,00;R$500.000,00
2026;71160004;S.PART.;BANCADA DA PARAÍBA;não se aplica;não se aplica;PB;251445;SAO JOSE DOS RAMOS;MUNICIPAL;BANCADA OBRIGATÓRIA;CORRENTE;301;1001;1030151192E890025;03/06/2026;36000812393202600;202600041958;FAF;INCREMENTO PAP;2E89;ATENÇÃO PRIMÁRIA À SAÚDE;INCREMENTO DO PISO DA ATENÇÃO PRIMÁRIA À SAÚDE - PAP;11227813000135;FUNDO MUNICIPAL DE SAUDE DE SAO JOSE DOS RAMOS;11765;30/06/2026;EM ANALISE PELA ÁREA FINALÍSTICA;Proposta Empenhada aguardando Formalização;-;R$700.000,00;R$700.000,00;R$0,00
2026;71160004;S.PART.;BANCADA DA PARAÍBA;não se aplica;não se aplica;PB;250980;MULUNGU;MUNICIPAL;BANCADA OBRIGATÓRIA;CORRENTE;301;1001;1030151192E890025;11/05/2026;36000803932202600;202600030615;FAF;INCREMENTO PAP;2E89;ATENÇÃO PRIMÁRIA À SAÚDE;INCREMENTO DO PISO DA ATENÇÃO PRIMÁRIA À SAÚDE - PAP;18767963000180;FUNDO MUNICIPAL DE SAUDE MULUNGU;11239;15/05/2026;EM ANALISE PELA ÁREA FINALÍSTICA;Proposta Empenhada aguardando Formalização;-;R$901.000,00;R$901.000,00;R$0,00
2026;71160004;S.PART.;BANCADA DA PARAÍBA;não se aplica;não se aplica;PB;251640;TACIMA;MUNICIPAL;BANCADA OBRIGATÓRIA;CORRENTE;301;1001;1030151192E890025;08/05/2026;36000802762202600;202600030635;FAF;INCREMENTO PAP;2E89;ATENÇÃO PRIMÁRIA À SAÚDE;INCREMENTO DO PISO DA ATENÇÃO PRIMÁRIA À SAÚDE - PAP;11907806000184;FUNDO MUNICIPAL DE SAUDE DE TACIMA;11239;15/05/2026;PROPOSTA PAGA;Proposta Paga;26/05/2026;R$300.000,00;R$300.000,00;R$300.000,00
2026;71160004;S.PART.;BANCADA DA PARAÍBA;não se aplica;não se aplica;PB;250180;BAYEUX;MUNICIPAL;BANCADA OBRIGATÓRIA;CORRENTE;301;1001;1030151192E890025;22/05/2026;36000808460202600;202600036577;FAF;INCREMENTO PAP;2E89;ATENÇÃO PRIMÁRIA À SAÚDE;INCREMENTO DO PISO DA ATENÇÃO PRIMÁRIA À SAÚDE - PAP;11685421000110;FUNDO MUNICIPAL DE SAUDE DE BAYEUX;11413;26/05/2026;EM ANALISE PELA ÁREA FINALÍSTICA;Proposta Empenhada aguardando Formalização;-;R$1.858.000,00;R$1.858.000,00;R$0,00
2026;71160004;S.PART.;BANCADA DA PARAÍBA;não se aplica;não se aplica;PB;250030;ALAGOA GRANDE;MUNICIPAL;BANCADA OBRIGATÓRIA;CORRENTE;301;1001;1030151192E890025;12/05/2026;36000804423202600;202600036571;FAF;INCREMENTO PAP;2E89;ATENÇÃO PRIMÁRIA À SAÚDE;INCREMENTO DO PISO DA ATENÇÃO PRIMÁRIA À SAÚDE - PAP;17698753000115;FUNDO MUNICIPAL DE SAUDE DE ALAGOA GRANDE;11402;26/05/2026;EM ANALISE PELA ÁREA FINALÍSTICA;Proposta Empenhada aguardando Formalização;-;R$1.900.000,00;R$1.900.000,00;R$0,00
2026;71160003;S.PART.;BANCADA DA PARAÍBA;não se aplica;não se aplica;PB;250750;JOAO PESSOA;MUNICIPAL;BANCADA OBRIGATÓRIA;CAPITAL;302;1001;10302511885358697;21/05/2026;08715618000126027;202600042359;FAF;EQUIPAMENTO;8535;ATENÇÃO ESPECIALIZADA À SAÚDE;REDE DE URGÊNCIA E EMERGÊNCIA - UNIDADE DE PRONTO ATENDIMENTO (UPA 24H);08715618000140;FUNDO MUNICIPAL DE SAUDE;11818;01/07/2026;EM ANALISE PELA ÁREA FINALÍSTICA;Proposta Empenhada aguardando Formalização;-;R$1.464.000,00;R$1.464.000,00;R$0,00
2026;71160010;S.PART.;BANCADA DA PARAÍBA;não se aplica;não se aplica;PB;250750;JOAO PESSOA;MUNICIPAL;BANCADA OBRIGATÓRIA;CORRENTE;302;1001;1030251182E900025;18/06/2026;36000815619202600;202600040834;FAF;INCREMENTO MAC;2E90;ATENÇÃO ESPECIALIZADA À SAÚDE;INCREMENTO TEMPORÁRIO DO TETO DA MÉDIA E ALTA COMPLEXIDADE - MAC;08715618000140;FUNDO MUNICIPAL DE SAUDE;11682;24/06/2026;EM ANALISE PELA ÁREA FINALÍSTICA;Proposta Empenhada aguardando Formalização;-;R$800.000,00;R$800.000,00;R$0,00
2026;71160010;S.PART.;BANCADA DA PARAÍBA;não se aplica;não se aplica;PB;251620;SOUSA;MUNICIPAL;BANCADA OBRIGATÓRIA;CORRENTE;302;1001;1030251182E900025;18/05/2026;36000806930202600;202600036785;FAF;INCREMENTO MAC;2E90;ATENÇÃO ESPECIALIZADA À SAÚDE;INCREMENTO TEMPORÁRIO DO TETO DA MÉDIA E ALTA COMPLEXIDADE - MAC;05626697000124;FUNDO MUNICIPAL DE SAUDE DE SOUSA;11420;27/05/2026;PROPOSTA PAGA;Proposta Paga;01/07/2026;R$800.000,00;R$800.000,00;R$800.000,00
2026;71160010;S.PART.;BANCADA DA PARAÍBA;não se aplica;não se aplica;PB;250680;INGA;MUNICIPAL;BANCADA OBRIGATÓRIA;CORRENTE;302;1001;1030251182E900025;05/05/2026;36000800969202600;202600036383;FAF;INCREMENTO MAC;2E90;ATENÇÃO ESPECIALIZADA À SAÚDE;INCREMENTO TEMPORÁRIO DO TETO DA MÉDIA E ALTA COMPLEXIDADE - MAC;08610110000187;FUNDO MUNICIPAL DE SAUDE DE INGA/PB;11400;26/05/2026;EM ANALISE PELA ÁREA FINALÍSTICA;Proposta Empenhada aguardando Formalização;-;R$1.000.000,00;R$1.000.000,00;R$0,00
2026;71160010;S.PART.;BANCADA DA PARAÍBA;não se aplica;não se aplica;PB;250510;CUITE;MUNICIPAL;BANCADA OBRIGATÓRIA;CORRENTE;302;1001;1030251182E900025;10/05/2026;36000803294202600;202600035182;FAF;INCREMENTO MAC;2E90;ATENÇÃO ESPECIALIZADA À SAÚDE;INCREMENTO TEMPORÁRIO DO TETO DA MÉDIA E ALTA COMPLEXIDADE - MAC;11404674000178;FUNDO MUNICIPAL DE SAUDE;11346;20/05/2026;PROPOSTA PAGA;Proposta Paga;29/06/2026;R$1.200.000,00;R$1.200.000,00;R$1.200.000,00
2026;71160004;S.PART.;BANCADA DA PARAÍBA;não se aplica;não se aplica;PB;250420;CATINGUEIRA;MUNICIPAL;BANCADA OBRIGATÓRIA;CORRENTE;301;1001;1030151192E890025;06/05/2026;36000801179202600;202600029696;FAF;INCREMENTO PAP;2E89;ATENÇÃO PRIMÁRIA À SAÚDE;INCREMENTO DO PISO DA ATENÇÃO PRIMÁRIA À SAÚDE - PAP;12401524000173;FUNDO MUNICIPAL DE SAUDE;11194;13/05/2026;PROPOSTA PAGA;Proposta Paga;16/06/2026;R$500.000,00;R$500.000,00;R$500.000,00
2026;71160004;S.PART.;BANCADA DA PARAÍBA;não se aplica;não se aplica;PB;250590;EMAS;MUNICIPAL;BANCADA OBRIGATÓRIA;CORRENTE;301;1001;1030151192E890025;13/05/2026;36000805110202600;202600035541;FAF;INCREMENTO PAP;2E89;ATENÇÃO PRIMÁRIA À SAÚDE;INCREMENTO DO PISO DA ATENÇÃO PRIMÁRIA À SAÚDE - PAP;11655026000194;FUNDO MUNICIPAL DE SAUDE;11331;20/05/2026;PROPOSTA PAGA;Proposta Paga;26/06/2026;R$200.000,00;R$200.000,00;R$200.000,00
2026;71160004;S.PART.;BANCADA DA PARAÍBA;não se aplica;não se aplica;PB;250660;IBIARA;MUNICIPAL;BANCADA OBRIGATÓRIA;CORRENTE;301;1001;1030151192E890025;06/05/2026;36000801351202600;202600029701;FAF;INCREMENTO PAP;2E89;ATENÇÃO PRIMÁRIA À SAÚDE;INCREMENTO DO PISO DA ATENÇÃO PRIMÁRIA À SAÚDE - PAP;08892967000137;FUNDO MUNICIPAL DE SAUDE DE IBIARA;11194;13/05/2026;PROPOSTA PAGA;Proposta Paga;26/05/2026;R$200.000,00;R$200.000,00;R$200.000,00
2026;71160004;S.PART.;BANCADA DA PARAÍBA;não se aplica;não se aplica;PB;251365;JOCA CLAUDINO;MUNICIPAL;BANCADA OBRIGATÓRIA;CORRENTE;301;1001;1030151192E890025;06/05/2026;36000801679202600;202600029702;FAF;INCREMENTO PAP;2E89;ATENÇÃO PRIMÁRIA À SAÚDE;INCREMENTO DO PISO DA ATENÇÃO PRIMÁRIA À SAÚDE - PAP;11332661000130;FUNDO MUNICIPAL DE SAUDE;11194;13/05/2026;PROPOSTA PAGA;Proposta Paga;16/06/2026;R$600.000,00;R$600.000,00;R$600.000,00
2026;71160010;S.PART.;BANCADA DA PARAÍBA;não se aplica;não se aplica;PB;251190;PITIMBU;MUNICIPAL;BANCADA OBRIGATÓRIA;CORRENTE;302;1001;1030251182E900025;21/05/2026;36000807930202600;202600039375;FAF;INCREMENTO MAC;2E90;ATENÇÃO ESPECIALIZADA À SAÚDE;INCREMENTO TEMPORÁRIO DO TETO DA MÉDIA E ALTA COMPLEXIDADE - MAC;10557425000150;FUNDO MUNICIPAL DE SAUDE DE PITIMBU;11571;16/06/2026;PROPOSTA PAGA;Proposta Paga;25/06/2026;R$500.000,00;R$500.000,00;R$500.000,00
2026;71160004;S.PART.;BANCADA DA PARAÍBA;não se aplica;não se aplica;PB;250640;GURINHEM;MUNICIPAL;BANCADA OBRIGATÓRIA;CORRENTE;301;1001;1030151192E890025;13/05/2026;36000805166202600;202600035542;FAF;INCREMENTO PAP;2E89;ATENÇÃO PRIMÁRIA À SAÚDE;INCREMENTO DO PISO DA ATENÇÃO PRIMÁRIA À SAÚDE - PAP;11739873000137;FMS DE GURINHEM;11331;20/05/2026;PROPOSTA PAGA;Proposta Paga;26/06/2026;R$700.000,00;R$700.000,00;R$700.000,00
2026;71160004;S.PART.;BANCADA DA PARAÍBA;não se aplica;não se aplica;PB;251230;PRINCESA ISABEL;MUNICIPAL;BANCADA OBRIGATÓRIA;CORRENTE;301;1001;1030151192E890025;12/05/2026;36000804488202600;202600035591;FAF;INCREMENTO PAP;2E89;ATENÇÃO PRIMÁRIA À SAÚDE;INCREMENTO DO PISO DA ATENÇÃO PRIMÁRIA À SAÚDE - PAP;10473821000107;FUNDO MUNICIPAL DE SAUDE DO MUNICIPIO DE PRINCESA ISABEL;11331;20/05/2026;PROPOSTA PAGA;Proposta Paga;26/06/2026;R$750.000,00;R$750.000,00;R$750.000,00
2026;71160004;S.PART.;BANCADA DA PARAÍBA;não se aplica;não se aplica;PB;251010;NOVA FLORESTA;MUNICIPAL;BANCADA OBRIGATÓRIA;CORRENTE;301;1001;1030151192E890025;12/05/2026;36000804735202600;202600035572;FAF;INCREMENTO PAP;2E89;ATENÇÃO PRIMÁRIA À SAÚDE;INCREMENTO DO PISO DA ATENÇÃO PRIMÁRIA À SAÚDE - PAP;18517489000139;FUNDO MUNICIPAL DE SAUDE;11331;20/05/2026;PROPOSTA PAGA;Proposta Paga;26/06/2026;R$801.000,00;R$801.000,00;R$801.000,00
2026;71160004;S.PART.;BANCADA DA PARAÍBA;não se aplica;não se aplica;PB;251510;SAO SEBASTIAO DE LAGOA DE ROCA;MUNICIPAL;BANCADA OBRIGATÓRIA;CORRENTE;301;1001;1030151192E890025;15/05/2026;36000806046202600;202600035601;FAF;INCREMENTO PAP;2E89;ATENÇÃO PRIMÁRIA À SAÚDE;INCREMENTO DO PISO DA ATENÇÃO PRIMÁRIA À SAÚDE - PAP;11143891000151;FUNDO MUNICIPAL DE SAUDE SAO SEBASTIAO DE LAGOA DE ROCA;11331;20/05/2026;EM ANALISE PELA ÁREA FINALÍSTICA;Proposta Empenhada aguardando Formalização;-;R$1.000.000,00;R$1.000.000,00;R$0,00
2026;71160004;S.PART.;BANCADA DA PARAÍBA;não se aplica;não se aplica;PB;251710;VARZEA;MUNICIPAL;BANCADA OBRIGATÓRIA;CORRENTE;301;1001;1030151192E890025;03/06/2026;36000812384202600;202600040157;FAF;INCREMENTO PAP;2E89;ATENÇÃO PRIMÁRIA À SAÚDE;INCREMENTO DO PISO DA ATENÇÃO PRIMÁRIA À SAÚDE - PAP;11228615000196;FUNDO MUNICIPAL DE SAUDE;11611;19/06/2026;EM ANALISE PELA ÁREA FINALÍSTICA;Proposta Empenhada aguardando Formalização;-;R$417.204,00;R$417.204,00;R$0,00
2026;71160004;S.PART.;BANCADA DA PARAÍBA;não se aplica;não se aplica;PB;250073;AMPARO;MUNICIPAL;BANCADA OBRIGATÓRIA;CORRENTE;301;1001;1030151192E890025;07/05/2026;36000801755202600;202600030590;FAF;INCREMENTO PAP;2E89;ATENÇÃO PRIMÁRIA À SAÚDE;INCREMENTO DO PISO DA ATENÇÃO PRIMÁRIA À SAÚDE - PAP;08612869000107;FUNDO MUNICIPAL DE SAUDE DE AMPARO-PB;11239;15/05/2026;PROPOSTA PAGA;Proposta Paga;09/06/2026;R$500.000,00;R$500.000,00;R$500.000,00
2026;71160004;S.PART.;BANCADA DA PARAÍBA;não se aplica;não se aplica;PB;251340;SANTA LUZIA;MUNICIPAL;BANCADA OBRIGATÓRIA;CORRENTE;301;1001;1030151192E890025;15/05/2026;36000806118202600;202600035595;FAF;INCREMENTO PAP;2E89;ATENÇÃO PRIMÁRIA À SAÚDE;INCREMENTO DO PISO DA ATENÇÃO PRIMÁRIA À SAÚDE - PAP;10425754000147;FUNDO MUNICIPAL DE SAUDE DE SANTA LUZIA;11331;20/05/2026;PROPOSTA PAGA;Proposta Paga;26/06/2026;R$500.000,00;R$500.000,00;R$500.000,00
2026;71160004;S.PART.;BANCADA DA PARAÍBA;não se aplica;não se aplica;PB;250860;LUCENA;MUNICIPAL;BANCADA OBRIGATÓRIA;CORRENTE;301;1001;1030151192E890025;01/06/2026;36000812090202600;202600040141;FAF;INCREMENTO PAP;2E89;ATENÇÃO PRIMÁRIA À SAÚDE;INCREMENTO DO PISO DA ATENÇÃO PRIMÁRIA À SAÚDE - PAP;11516231000179;FUNDO MUNICIPAL DE SAUDE DE LUCENA;11611;19/06/2026;EM ANALISE PELA ÁREA FINALÍSTICA;Proposta Empenhada aguardando Formalização;-;R$600.000,00;R$600.000,00;R$0,00
2026;71160004;S.PART.;BANCADA DA PARAÍBA;não se aplica;não se aplica;PB;250470;CONGO;MUNICIPAL;BANCADA OBRIGATÓRIA;CORRENTE;301;1001;1030151192E890025;12/05/2026;36000804669202600;202600035532;FAF;INCREMENTO PAP;2E89;ATENÇÃO PRIMÁRIA À SAÚDE;INCREMENTO DO PISO DA ATENÇÃO PRIMÁRIA À SAÚDE - PAP;11436548000103;FUNDO MUNICIPAL DE SAUDE - CONGO - PARAIBA;11331;20/05/2026;PROPOSTA PAGA;Proposta Paga;26/06/2026;R$250.000,00;R$250.000,00;R$250.000,00
2026;71160004;S.PART.;BANCADA DA PARAÍBA;não se aplica;não se aplica;PB;250490;CRUZ DO ESPIRITO SANTO;MUNICIPAL;BANCADA OBRIGATÓRIA;CORRENTE;301;1001;1030151192E890025;06/05/2026;36000801228202600;202600035534;FAF;INCREMENTO PAP;2E89;ATENÇÃO PRIMÁRIA À SAÚDE;INCREMENTO DO PISO DA ATENÇÃO PRIMÁRIA À SAÚDE - PAP;23014200000107;FUNDO MUNICIPAL DE SAUDE DE CRUZ DO ESPIRITO SANTO;11331;20/05/2026;PROPOSTA PAGA;Proposta Paga;26/06/2026;R$801.000,00;R$801.000,00;R$801.000,00
2026;71160004;S.PART.;BANCADA DA PARAÍBA;não se aplica;não se aplica;PB;251615;SOSSEGO;MUNICIPAL;BANCADA OBRIGATÓRIA;CORRENTE;301;1001;1030151192E890025;26/05/2026;36000809477202600;202600037075;FAF;INCREMENTO PAP;2E89;ATENÇÃO PRIMÁRIA À SAÚDE;INCREMENTO DO PISO DA ATENÇÃO PRIMÁRIA À SAÚDE - PAP;11404679000109;FUNDO MUNICIPAL DE SAUDE;11487;01/06/2026;PROPOSTA PAGA;Proposta Paga;26/06/2026;R$300.000,00;R$300.000,00;R$300.000,00
2026;71160010;S.PART.;BANCADA DA PARAÍBA;não se aplica;não se aplica;PB;250750;JOAO PESSOA;ESTADUAL;BANCADA OBRIGATÓRIA;CORRENTE;302;1001;1030251182E900025;25/05/2026;36000809037202600;202600036876;FAF;INCREMENTO MAC;2E90;ATENÇÃO ESPECIALIZADA À SAÚDE;INCREMENTO TEMPORÁRIO DO TETO DA MÉDIA E ALTA COMPLEXIDADE - MAC;03609595000175;FUNDO ESTADUAL DE SAUDE DO ESTADO DA PARAIBA - FESEP;11442;28/05/2026;PROPOSTA PAGA;Proposta Paga;25/06/2026;R$1.100.000,00;R$1.100.000,00;R$1.100.000,00
2026;71160004;S.PART.;BANCADA DA PARAÍBA;não se aplica;não se aplica;PB;251290;RIO TINTO;MUNICIPAL;BANCADA OBRIGATÓRIA;CORRENTE;301;1001;1030151192E890025;07/05/2026;36000801932202600;202600035593;FAF;INCREMENTO PAP;2E89;ATENÇÃO PRIMÁRIA À SAÚDE;INCREMENTO DO PISO DA ATENÇÃO PRIMÁRIA À SAÚDE - PAP;12457150000108;FUNDO MUNICIPAL DE SAUDE DE RIO TINTO;11331;20/05/2026;PROPOSTA PAGA;Proposta Paga;26/06/2026;R$450.000,00;R$450.000,00;R$450.000,00
2026;71160010;S.PART.;BANCADA DA PARAÍBA;não se aplica;não se aplica;PB;250750;JOAO PESSOA;MUNICIPAL;BANCADA OBRIGATÓRIA;CORRENTE;302;1001;1030251182E900025;19/06/2026;36000816203202600;202600041825;FAF;INCREMENTO MAC;2E90;ATENÇÃO ESPECIALIZADA À SAÚDE;INCREMENTO TEMPORÁRIO DO TETO DA MÉDIA E ALTA COMPLEXIDADE - MAC;08715618000140;FUNDO MUNICIPAL DE SAUDE;11749;30/06/2026;EM ANALISE PELA ÁREA FINALÍSTICA;Proposta Empenhada aguardando Formalização;-;R$1.450.000,00;R$1.450.000,00;R$0,00
2026;71160004;S.PART.;BANCADA DA PARAÍBA;não se aplica;não se aplica;PB;250520;CUITEGI;MUNICIPAL;BANCADA OBRIGATÓRIA;CORRENTE;301;1001;1030151192E890025;14/05/2026;36000805549202600;202600035538;FAF;INCREMENTO PAP;2E89;ATENÇÃO PRIMÁRIA À SAÚDE;INCREMENTO DO PISO DA ATENÇÃO PRIMÁRIA À SAÚDE - PAP;11780026000116;FUNDO MUNICIPAL DE SAUDE - CUITEGI-PB;11331;20/05/2026;PROPOSTA PAGA;Proposta Paga;26/06/2026;R$78.123,00;R$78.123,00;R$78.123,00
2026;71160010;S.PART.;BANCADA DA PARAÍBA;não se aplica;não se aplica;PB;251180;PIRPIRITUBA;MUNICIPAL;BANCADA OBRIGATÓRIA;CORRENTE;302;1001;1030251182E900025;19/05/2026;36000807169202600;202600039374;FAF;INCREMENTO MAC;2E90;ATENÇÃO ESPECIALIZADA À SAÚDE;INCREMENTO TEMPORÁRIO DO TETO DA MÉDIA E ALTA COMPLEXIDADE - MAC;12044829000175;FUNDO MUNICIPAL DE SAUDE DE PIRPIRITUBA;11571;16/06/2026;PROPOSTA PAGA;Proposta Paga;25/06/2026;R$116.525,00;R$116.525,00;R$116.525,00
2026;71160004;S.PART.;BANCADA DA PARAÍBA;não se aplica;não se aplica;PB;251335;SANTA INES;MUNICIPAL;BANCADA OBRIGATÓRIA;CORRENTE;301;1001;1030151192E890025;22/05/2026;36000808592202600;202600036617;FAF;INCREMENTO PAP;2E89;ATENÇÃO PRIMÁRIA À SAÚDE;INCREMENTO DO PISO DA ATENÇÃO PRIMÁRIA À SAÚDE - PAP;14418667000113;FUNDO MUNICIPAL DE SAUDE;11413;26/05/2026;PROPOSTA PAGA;Proposta Paga;26/06/2026;R$200.000,00;R$200.000,00;R$200.000,00
2026;71160004;S.PART.;BANCADA DA PARAÍBA;não se aplica;não se aplica;PB;251700;UMBUZEIRO;MUNICIPAL;BANCADA OBRIGATÓRIA;CORRENTE;301;1001;1030151192E890025;08/05/2026;36000803011202600;202600036632;FAF;INCREMENTO PAP;2E89;ATENÇÃO PRIMÁRIA À SAÚDE;INCREMENTO DO PISO DA ATENÇÃO PRIMÁRIA À SAÚDE - PAP;09494245000197;FUNDO MUNICIPAL DE SAUDE;11413;26/05/2026;PROPOSTA PAGA;Proposta Paga;26/06/2026;R$200.000,00;R$200.000,00;R$200.000,00
2026;71160004;S.PART.;BANCADA DA PARAÍBA;não se aplica;não se aplica;PB;250100;ARARUNA;MUNICIPAL;BANCADA OBRIGATÓRIA;CORRENTE;301;1001;1030151192E890025;12/05/2026;36000804611202600;202600035513;FAF;INCREMENTO PAP;2E89;ATENÇÃO PRIMÁRIA À SAÚDE;INCREMENTO DO PISO DA ATENÇÃO PRIMÁRIA À SAÚDE - PAP;11667845000151;FUNDO MUNICIPAL DE SAUDE DE ARARUNA PARAIBA;11331;20/05/2026;PROPOSTA PAGA;Proposta Paga;26/06/2026;R$300.000,00;R$300.000,00;R$300.000,00
2026;71160004;S.PART.;BANCADA DA PARAÍBA;não se aplica;não se aplica;PB;250400;CAMPINA GRANDE;MUNICIPAL;BANCADA OBRIGATÓRIA;CORRENTE;301;1001;1030151192E890025;05/05/2026;36000800856202600;202600040126;FAF;INCREMENTO PAP;2E89;ATENÇÃO PRIMÁRIA À SAÚDE;INCREMENTO DO PISO DA ATENÇÃO PRIMÁRIA À SAÚDE - PAP;24513574000121;FUNDO MUNICIPAL DE SAUDE DE CAMPINA GRANDE;11611;19/06/2026;EM ANALISE PELA ÁREA FINALÍSTICA;Proposta Empenhada aguardando Formalização;-;R$1.000.000,00;R$1.000.000,00;R$0,00
2026;71160003;S.PART.;BANCADA DA PARAÍBA;não se aplica;não se aplica;PB;250160;BARRA DE SANTA ROSA;MUNICIPAL;BANCADA OBRIGATÓRIA;CAPITAL;302;1001;10302511885358697;11/05/2026;11404690000126004;202600034573;FAF;EQUIPAMENTO;8535;ATENÇÃO ESPECIALIZADA À SAÚDE;Rede de Atenção Psicossocial - Centro de Atenção Psicossocial (Caps);11404690000160;FUNDO MUNICIPAL DE SAUDE;11296;19/05/2026;PROPOSTA PAGA;Proposta Paga;26/05/2026;R$97.516,00;R$97.516,00;R$97.516,00
2026;71160004;S.PART.;BANCADA DA PARAÍBA;não se aplica;não se aplica;PB;250820;LAGOA DE DENTRO;MUNICIPAL;BANCADA OBRIGATÓRIA;CORRENTE;301;1001;1030151192E890025;14/05/2026;36000805329202600;202600035554;FAF;INCREMENTO PAP;2E89;ATENÇÃO PRIMÁRIA À SAÚDE;INCREMENTO DO PISO DA ATENÇÃO PRIMÁRIA À SAÚDE - PAP;12375571000190;LAGOA DE DENTRO - FUNDO MUNICIPAL DE SAUDE;11331;20/05/2026;PROPOSTA PAGA;Proposta Paga;26/06/2026;R$400.000,00;R$400.000,00;R$400.000,00
2026;71160004;S.PART.;BANCADA DA PARAÍBA;não se aplica;não se aplica;PB;251207;POCO DE JOSE DE MOURA;MUNICIPAL;BANCADA OBRIGATÓRIA;CORRENTE;301;1001;1030151192E890025;07/05/2026;36000802387202600;202600030623;FAF;INCREMENTO PAP;2E89;ATENÇÃO PRIMÁRIA À SAÚDE;INCREMENTO DO PISO DA ATENÇÃO PRIMÁRIA À SAÚDE - PAP;11472830000138;FUNDO MUNICIPAL DE SAUDE DE POCO DE JOSE DE MOURA;11239;15/05/2026;PROPOSTA PAGA;Proposta Paga;26/05/2026;R$400.000,00;R$400.000,00;R$400.000,00
2026;71160004;S.PART.;BANCADA DA PARAÍBA;não se aplica;não se aplica;PB;250070;SAO JOAO DO RIO DO PEIXE;MUNICIPAL;BANCADA OBRIGATÓRIA;CORRENTE;301;1001;1030151192E890025;14/05/2026;36000805792202600;202600035598;FAF;INCREMENTO PAP;2E89;ATENÇÃO PRIMÁRIA À SAÚDE;INCREMENTO DO PISO DA ATENÇÃO PRIMÁRIA À SAÚDE - PAP;17648806000193;FUNDO MUNICIPAL DE SAUDE DE SAO JOAO DO RIO DO PEIXE;11331;20/05/2026;EM ANALISE PELA ÁREA FINALÍSTICA;Proposta Empenhada aguardando Formalização;-;R$3.500.000,00;R$3.500.000,00;R$0,00
2026;71160004;S.PART.;BANCADA DA PARAÍBA;não se aplica;não se aplica;PB;251590;SERRARIA;MUNICIPAL;BANCADA OBRIGATÓRIA;CORRENTE;301;1001;1030151192E890025;20/05/2026;36000807378202600;202600036626;FAF;INCREMENTO PAP;2E89;ATENÇÃO PRIMÁRIA À SAÚDE;INCREMENTO DO PISO DA ATENÇÃO PRIMÁRIA À SAÚDE - PAP;12011652000100;SSFUNDO MUNICIPAL DE SAUDE DE SERRARIA - PB;11413;26/05/2026;PROPOSTA PAGA;Proposta Paga;26/06/2026;R$400.000,00;R$400.000,00;R$400.000,00
2026;71160010;S.PART.;BANCADA DA PARAÍBA;não se aplica;não se aplica;PB;250900;MANAIRA;MUNICIPAL;BANCADA OBRIGATÓRIA;CORRENTE;302;1001;1030251182E900025;20/05/2026;36000807727202600;202600037167;FAF;INCREMENTO MAC;2E90;ATENÇÃO ESPECIALIZADA À SAÚDE;INCREMENTO TEMPORÁRIO DO TETO DA MÉDIA E ALTA COMPLEXIDADE - MAC;10522238000130;FUNDO MUNICIPAL DE SAUDE DE MANAIRA;11495;01/06/2026;PROPOSTA PAGA;Proposta Paga;25/06/2026;R$200.000,00;R$200.000,00;R$200.000,00
2026;71160010;S.PART.;BANCADA DA PARAÍBA;não se aplica;não se aplica;PB;251090;PAULISTA;MUNICIPAL;BANCADA OBRIGATÓRIA;CORRENTE;302;1001;1030251182E900025;12/05/2026;36000804617202600;202600034372;FAF;INCREMENTO MAC;2E90;ATENÇÃO ESPECIALIZADA À SAÚDE;INCREMENTO TEMPORÁRIO DO TETO DA MÉDIA E ALTA COMPLEXIDADE - MAC;11247833000178;FUNDO MUNICIPAL DE SAUDE;11270;18/05/2026;PROPOSTA PAGA;Proposta Paga;26/05/2026;R$300.000,00;R$300.000,00;R$300.000,00
2026;71160004;S.PART.;BANCADA DA PARAÍBA;não se aplica;não se aplica;PB;250270;BORBOREMA;MUNICIPAL;BANCADA OBRIGATÓRIA;CORRENTE;301;1001;1030151192E890025;20/05/2026;36000807453202600;202600036582;FAF;INCREMENTO PAP;2E89;ATENÇÃO PRIMÁRIA À SAÚDE;INCREMENTO DO PISO DA ATENÇÃO PRIMÁRIA À SAÚDE - PAP;11594451000110;FUNDO MUNICIPAL DE SAUDE DE BORBOREMA;11413;26/05/2026;PROPOSTA PAGA;Proposta Paga;26/06/2026;R$200.000,00;R$200.000,00;R$200.000,00
2026;71160004;S.PART.;BANCADA DA PARAÍBA;não se aplica;não se aplica;PB;251240;PUXINANA;MUNICIPAL;BANCADA OBRIGATÓRIA;CORRENTE;301;1001;1030151192E890025;25/05/2026;36000809054202600;202600037068;FAF;INCREMENTO PAP;2E89;ATENÇÃO PRIMÁRIA À SAÚDE;INCREMENTO DO PISO DA ATENÇÃO PRIMÁRIA À SAÚDE - PAP;10521892000120;FUNDO MUNICIPAL DE SAUDE - PUXINANA;11487;01/06/2026;PROPOSTA PAGA;Proposta Paga;26/06/2026;R$200.000,00;R$200.000,00;R$200.000,00
2026;71160004;S.PART.;BANCADA DA PARAÍBA;não se aplica;não se aplica;PB;250415;CASSERENGUE;MUNICIPAL;BANCADA OBRIGATÓRIA;CORRENTE;301;1001;1030151192E890025;28/05/2026;36000811151202600;202600041940;FAF;INCREMENTO PAP;2E89;ATENÇÃO PRIMÁRIA À SAÚDE;INCREMENTO DO PISO DA ATENÇÃO PRIMÁRIA À SAÚDE - PAP;12431437000169;FUNDO MUNICIPAL DE SAUDE;11765;30/06/2026;EM ANALISE PELA ÁREA FINALÍSTICA;Proposta Empenhada aguardando Formalização;-;R$250.000,00;R$250.000,00;R$0,00
2026;71160004;S.PART.;BANCADA DA PARAÍBA;não se aplica;não se aplica;PB;250460;CONDE;MUNICIPAL;BANCADA OBRIGATÓRIA;CORRENTE;301;1001;1030151192E890025;06/05/2026;36000801381202600;202600030602;FAF;INCREMENTO PAP;2E89;ATENÇÃO PRIMÁRIA À SAÚDE;INCREMENTO DO PISO DA ATENÇÃO PRIMÁRIA À SAÚDE - PAP;11570107000191;FUNDO MUNICIPAL DE SAUDE;11239;15/05/2026;PROPOSTA PAGA;Proposta Paga;26/05/2026;R$300.000,00;R$300.000,00;R$300.000,00
2026;71160004;S.PART.;BANCADA DA PARAÍBA;não se aplica;não se aplica;PB;250370;CAJAZEIRAS;MUNICIPAL;BANCADA OBRIGATÓRIA;CORRENTE;301;1001;1030151192E890025;05/05/2026;36000800749202600;202600030600;FAF;INCREMENTO PAP;2E89;ATENÇÃO PRIMÁRIA À SAÚDE;INCREMENTO DO PISO DA ATENÇÃO PRIMÁRIA À SAÚDE - PAP;11902878000139;MUNICIPIO DE CAJAZEIRAS FUNDO MUNICIPAL DE SAUDE - FMS;11239;15/05/2026;PROPOSTA PAGA;Proposta Paga;16/06/2026;R$717.204,00;R$717.204,00;R$717.204,00
2026;71160003;S.PART.;BANCADA DA PARAÍBA;não se aplica;não se aplica;PB;250470;CONGO;MUNICIPAL;BANCADA OBRIGATÓRIA;CAPITAL;302;1001;10302511885358697;11/05/2026;11436548000126003;202600030978;FAF;EQUIPAMENTO;8535;ATENÇÃO ESPECIALIZADA À SAÚDE;Políticas de Atenção Ambulatorial Especializada e Serviços Hospitalares de Alta Complexidade - Ambulatório;11436548000103;FUNDO MUNICIPAL DE SAUDE - CONGO - PARAIBA;11233;15/05/2026;PROPOSTA PAGA;Proposta Paga;25/06/2026;R$15.552,00;R$15.552,00;R$15.552,00
2026;71160004;S.PART.;BANCADA DA PARAÍBA;não se aplica;não se aplica;PB;251660;TAVARES;MUNICIPAL;BANCADA OBRIGATÓRIA;CORRENTE;301;1001;1030151192E890025;13/05/2026;36000805075202600;202600035612;FAF;INCREMENTO PAP;2E89;ATENÇÃO PRIMÁRIA À SAÚDE;INCREMENTO DO PISO DA ATENÇÃO PRIMÁRIA À SAÚDE - PAP;10598364000179;FUNDO MUNICIPAL DE SAUDE DE TAVARES;11331;20/05/2026;PROPOSTA PAGA;Proposta Paga;26/06/2026;R$350.000,00;R$350.000,00;R$350.000,00
2026;71160004;S.PART.;BANCADA DA PARAÍBA;não se aplica;não se aplica;PB;251380;SANTA TERESINHA;MUNICIPAL;BANCADA OBRIGATÓRIA;CORRENTE;301;1001;1030151192E890025;14/05/2026;36000805302202600;202600036618;FAF;INCREMENTO PAP;2E89;ATENÇÃO PRIMÁRIA À SAÚDE;INCREMENTO DO PISO DA ATENÇÃO PRIMÁRIA À SAÚDE - PAP;12447227000169;FUNDO MUNICIPAL DE SAUDE DE SANTA TEREZINHA;11413;26/05/2026;PROPOSTA PAGA;Proposta Paga;26/06/2026;R$400.000,00;R$400.000,00;R$400.000,00
2026;71160010;S.PART.;BANCADA DA PARAÍBA;não se aplica;não se aplica;PB;250750;JOAO PESSOA;ESTADUAL;BANCADA OBRIGATÓRIA;CORRENTE;302;1001;1030251182E900025;19/06/2026;36000816324202600;202600040833;FAF;INCREMENTO MAC;2E90;ATENÇÃO ESPECIALIZADA À SAÚDE;INCREMENTO TEMPORÁRIO DO TETO DA MÉDIA E ALTA COMPLEXIDADE - MAC;03609595000175;FUNDO ESTADUAL DE SAUDE DO ESTADO DA PARAIBA - FESEP;11682;24/06/2026;EM ANALISE PELA ÁREA FINALÍSTICA;Proposta Empenhada aguardando Formalização;-;R$1.000.000,00;R$1.000.000,00;R$0,00
2026;71160004;S.PART.;BANCADA DA PARAÍBA;não se aplica;não se aplica;PB;251030;NOVA PALMEIRA;MUNICIPAL;BANCADA OBRIGATÓRIA;CORRENTE;301;1001;1030151192E890025;12/05/2026;36000804743202600;202600035575;FAF;INCREMENTO PAP;2E89;ATENÇÃO PRIMÁRIA À SAÚDE;INCREMENTO DO PISO DA ATENÇÃO PRIMÁRIA À SAÚDE - PAP;08579944000177;FUNDO MUNICIPAL DE SAUDE DE NOVA PALMEIRA;11331;20/05/2026;PROPOSTA PAGA;Proposta Paga;26/06/2026;R$401.000,00;R$401.000,00;R$401.000,00
2026;71160004;S.PART.;BANCADA DA PARAÍBA;não se aplica;não se aplica;PB;250053;ALCANTIL;MUNICIPAL;BANCADA OBRIGATÓRIA;CORRENTE;301;1001;1030151192E890025;04/06/2026;36000812579202600;202600041934;FAF;INCREMENTO PAP;2E89;ATENÇÃO PRIMÁRIA À SAÚDE;INCREMENTO DO PISO DA ATENÇÃO PRIMÁRIA À SAÚDE - PAP;08448753000176;FUNDO MUNICIPAL DE SAUDE - ALCANTIL PB;11765;30/06/2026;EM ANALISE PELA ÁREA FINALÍSTICA;Proposta Empenhada aguardando Formalização;-;R$185.724,00;R$185.724,00;R$0,00
2026;71160010;S.PART.;BANCADA DA PARAÍBA;não se aplica;não se aplica;PB;250060;ALHANDRA;MUNICIPAL;BANCADA OBRIGATÓRIA;CORRENTE;302;1001;1030251182E900025;06/05/2026;36000801159202600;202600036871;FAF;INCREMENTO MAC;2E90;ATENÇÃO ESPECIALIZADA À SAÚDE;INCREMENTO TEMPORÁRIO DO TETO DA MÉDIA E ALTA COMPLEXIDADE - MAC;11490408000105;FUNDO MUNICIPAL DE SAUDE;11445;28/05/2026;PROPOSTA PAGA;Proposta Paga;01/07/2026;R$500.000,00;R$500.000,00;R$500.000,00
2026;71160004;S.PART.;BANCADA DA PARAÍBA;não se aplica;não se aplica;PB;250100;ARARUNA;MUNICIPAL;BANCADA OBRIGATÓRIA;CORRENTE;301;1001;1030151192E890025;12/05/2026;36000804583202600;202600035509;FAF;INCREMENTO PAP;2E89;ATENÇÃO PRIMÁRIA À SAÚDE;INCREMENTO DO PISO DA ATENÇÃO PRIMÁRIA À SAÚDE - PAP;11667845000151;FUNDO MUNICIPAL DE SAUDE DE ARARUNA PARAIBA;11331;20/05/2026;PROPOSTA PAGA;Proposta Paga;26/06/2026;R$300.000,00;R$300.000,00;R$300.000,00
2026;71160004;S.PART.;BANCADA DA PARAÍBA;não se aplica;não se aplica;PB;250860;LUCENA;MUNICIPAL;BANCADA OBRIGATÓRIA;CORRENTE;301;1001;1030151192E890025;01/06/2026;36000812087202600;202600040139;FAF;INCREMENTO PAP;2E89;ATENÇÃO PRIMÁRIA À SAÚDE;INCREMENTO DO PISO DA ATENÇÃO PRIMÁRIA À SAÚDE - PAP;11516231000179;FUNDO MUNICIPAL DE SAUDE DE LUCENA;11611;19/06/2026;EM ANALISE PELA ÁREA FINALÍSTICA;Proposta Empenhada aguardando Formalização;-;R$300.000,00;R$300.000,00;R$0,00
2026;71160004;S.PART.;BANCADA DA PARAÍBA;não se aplica;não se aplica;PB;251270;REMIGIO;MUNICIPAL;BANCADA OBRIGATÓRIA;CORRENTE;301;1001;1030151192E890025;25/05/2026;36000809177202600;202600041950;FAF;INCREMENTO PAP;2E89;ATENÇÃO PRIMÁRIA À SAÚDE;INCREMENTO DO PISO DA ATENÇÃO PRIMÁRIA À SAÚDE - PAP;11376311000176;FUNDO MUNICIPAL DE SAUDE - REMIGIO - PB;11765;30/06/2026;EM ANALISE PELA ÁREA FINALÍSTICA;Proposta Empenhada aguardando Formalização;-;R$317.204,00;R$317.204,00;R$0,00
2026;71160004;S.PART.;BANCADA DA PARAÍBA;não se aplica;não se aplica;PB;250580;DUAS ESTRADAS;MUNICIPAL;BANCADA OBRIGATÓRIA;CORRENTE;301;1001;1030151192E890025;06/05/2026;36000801230202600;202600035540;FAF;INCREMENTO PAP;2E89;ATENÇÃO PRIMÁRIA À SAÚDE;INCREMENTO DO PISO DA ATENÇÃO PRIMÁRIA À SAÚDE - PAP;11814527000176;FUNDO MUNICIPAL DE SAUDE DE DUAS ESTRADAS;11331;20/05/2026;PROPOSTA PAGA;Proposta Paga;26/06/2026;R$400.000,00;R$400.000,00;R$400.000,00
2026;71160003;S.PART.;BANCADA DA PARAÍBA;não se aplica;não se aplica;PB;250523;CUITE DE MAMANGUAPE;MUNICIPAL;BANCADA OBRIGATÓRIA;CAPITAL;302;1001;10302511885358697;19/06/2026;13099820000126004;202600042271;FAF;EQUIPAMENTO;8535;ATENÇÃO ESPECIALIZADA À SAÚDE;Políticas de Atenção Ambulatorial Especializada e Serviços Hospitalares de Alta Complexidade - Ambulatório;13099820000124;CUITE DE MAMANGUAPE FUNDO MUNICIPAL DE SAUDE;11787;01/07/2026;EM ANALISE PELA ÁREA FINALÍSTICA;Proposta Empenhada aguardando Formalização;-;R$259.534,00;R$259.534,00;R$0,00
2026;71160003;S.PART.;BANCADA DA PARAÍBA;não se aplica;não se aplica;PB;250300;CAAPORA;MUNICIPAL;BANCADA OBRIGATÓRIA;CAPITAL;302;1001;10302511885358697;10/06/2026;10975044000126005;202600042270;FAF;EQUIPAMENTO;8535;ATENÇÃO ESPECIALIZADA À SAÚDE;Rede de Atenção Hospitalar - Ambulância de Transporte Tipo A - Remoção Simples - Eletiva;10975044000190;FUNDO MUNICIPAL DE SAUDE - FMS;11786;01/07/2026;EM ANALISE PELA ÁREA FINALÍSTICA;Proposta Empenhada aguardando Formalização;-;R$312.730,00;R$312.730,00;R$0,00
2026;71160003;S.PART.;BANCADA DA PARAÍBA;não se aplica;não se aplica;PB;251400;SAO JOAO DO CARIRI;MUNICIPAL;BANCADA OBRIGATÓRIA;CAPITAL;302;1001;10302511885358697;08/05/2026;12447221000126002;202600041693;FAF;EQUIPAMENTO;8535;ATENÇÃO ESPECIALIZADA À SAÚDE;Rede de Atenção Hospitalar - Ambulância de Transporte Tipo A - Remoção Simples - Eletiva;12447221000191;FUNDO MUNICIPAL DE SAUDE DE SAO JOAO DO CARIRI - PB;11762;30/06/2026;EM ANALISE PELA ÁREA FINALÍSTICA;Proposta Empenhada aguardando Formalização;-;R$312.730,00;R$312.730,00;R$0,00
2026;71160004;S.PART.;BANCADA DA PARAÍBA;não se aplica;não se aplica;PB;250540;DESTERRO;MUNICIPAL;BANCADA OBRIGATÓRIA;CORRENTE;301;1001;1030151192E890025;06/05/2026;36000801448202600;202600029699;FAF;INCREMENTO PAP;2E89;ATENÇÃO PRIMÁRIA À SAÚDE;INCREMENTO DO PISO DA ATENÇÃO PRIMÁRIA À SAÚDE - PAP;10493355000113;FUNDO MUNICIPAL DE SAUDE DE DESTERRO;11194;13/05/2026;PROPOSTA PAGA;Proposta Paga;26/06/2026;R$1.079,00;R$1.079,00;R$1.079,00
2026;71160004;S.PART.;BANCADA DA PARAÍBA;não se aplica;não se aplica;PB;250215;BOA VISTA;MUNICIPAL;BANCADA OBRIGATÓRIA;CORRENTE;301;1001;1030151192E890025;31/05/2026;36000811778202600;202600040121;FAF;INCREMENTO PAP;2E89;ATENÇÃO PRIMÁRIA À SAÚDE;INCREMENTO DO PISO DA ATENÇÃO PRIMÁRIA À SAÚDE - PAP;12868705000104;FUNDO MUNICIPAL DE SAUDE;11611;19/06/2026;EM ANALISE PELA ÁREA FINALÍSTICA;Proposta Empenhada aguardando Formalização;-;R$100.000,00;R$100.000,00;R$0,00
2026;71160004;S.PART.;BANCADA DA PARAÍBA;não se aplica;não se aplica;PB;250140;BAIA DA TRAICAO;MUNICIPAL;BANCADA OBRIGATÓRIA;CORRENTE;301;1001;1030151192E890025;08/05/2026;36000802949202600;202600035516;FAF;INCREMENTO PAP;2E89;ATENÇÃO PRIMÁRIA À SAÚDE;INCREMENTO DO PISO DA ATENÇÃO PRIMÁRIA À SAÚDE - PAP;13923732000103;FUNDO MUNICIPAL DE SAUDE DE BAIA DA TRAICAO-PB;11331;20/05/2026;PROPOSTA PAGA;Proposta Paga;26/06/2026;R$200.000,00;R$200.000,00;R$200.000,00
2026;71160004;S.PART.;BANCADA DA PARAÍBA;não se aplica;não se aplica;PB;251396;SAO DOMINGOS;MUNICIPAL;BANCADA OBRIGATÓRIA;CORRENTE;301;1001;1030151192E890025;13/05/2026;36000805071202600;202600035597;FAF;INCREMENTO PAP;2E89;ATENÇÃO PRIMÁRIA À SAÚDE;INCREMENTO DO PISO DA ATENÇÃO PRIMÁRIA À SAÚDE - PAP;17792379000112;FUNDO MUNICIPAL DE SAUDE DE SAO DOMINGOS;11331;20/05/2026;PROPOSTA PAGA;Proposta Paga;26/06/2026;R$500.000,00;R$500.000,00;R$500.000,00
2026;71160004;S.PART.;BANCADA DA PARAÍBA;não se aplica;não se aplica;PB;251740;ZABELE;MUNICIPAL;BANCADA OBRIGATÓRIA;CORRENTE;301;1001;1030151192E890025;06/05/2026;36000801337202600;202600029717;FAF;INCREMENTO PAP;2E89;ATENÇÃO PRIMÁRIA À SAÚDE;INCREMENTO DO PISO DA ATENÇÃO PRIMÁRIA À SAÚDE - PAP;11348419000155;FUNDO MUNICIPAL DE SAUDE DE ZABELE;11194;13/05/2026;PROPOSTA PAGA;Proposta Paga;16/06/2026;R$600.000,00;R$600.000,00;R$600.000,00
2026;71160004;S.PART.;BANCADA DA PARAÍBA;não se aplica;não se aplica;PB;250700;ITAPORANGA;MUNICIPAL;BANCADA OBRIGATÓRIA;CORRENTE;301;1001;1030151192E890025;14/05/2026;36000805340202600;202600035546;FAF;INCREMENTO PAP;2E89;ATENÇÃO PRIMÁRIA À SAÚDE;INCREMENTO DO PISO DA ATENÇÃO PRIMÁRIA À SAÚDE - PAP;11174552000132;FUNDO MUNICIPAL DE SAUDE DE ITAPORANGA;11331;20/05/2026;PROPOSTA PAGA;Proposta Paga;26/06/2026;R$801.000,00;R$801.000,00;R$801.000,00
2026;71160004;S.PART.;BANCADA DA PARAÍBA;não se aplica;não se aplica;PB;250730;JACARAU;MUNICIPAL;BANCADA OBRIGATÓRIA;CORRENTE;301;1001;1030151192E890025;12/05/2026;36000804555202600;202600035547;FAF;INCREMENTO PAP;2E89;ATENÇÃO PRIMÁRIA À SAÚDE;INCREMENTO DO PISO DA ATENÇÃO PRIMÁRIA À SAÚDE - PAP;10486210000195;FUNDO MUNICIPAL DE SAUDE DE JACARAU;11331;20/05/2026;EM ANALISE PELA ÁREA FINALÍSTICA;Proposta Empenhada aguardando Formalização;-;R$1.000.000,00;R$1.000.000,00;R$0,00
2026;71160004;S.PART.;BANCADA DA PARAÍBA;não se aplica;não se aplica;PB;250435;CATURITE;MUNICIPAL;BANCADA OBRIGATÓRIA;CORRENTE;301;1001;1030151192E890025;06/05/2026;36000801201202600;202600035530;FAF;INCREMENTO PAP;2E89;ATENÇÃO PRIMÁRIA À SAÚDE;INCREMENTO DO PISO DA ATENÇÃO PRIMÁRIA À SAÚDE - PAP;11457024000190;FUNDO MUNICIPAL DE SAUDE CATURITE;11331;20/05/2026;PROPOSTA PAGA;Proposta Paga;26/06/2026;R$400.000,00;R$400.000,00;R$400.000,00
2026;71160004;S.PART.;BANCADA DA PARAÍBA;não se aplica;não se aplica;PB;250135;ASSUNCAO;MUNICIPAL;BANCADA OBRIGATÓRIA;CORRENTE;301;1001;1030151192E890025;06/05/2026;36000801657202600;202600030593;FAF;INCREMENTO PAP;2E89;ATENÇÃO PRIMÁRIA À SAÚDE;INCREMENTO DO PISO DA ATENÇÃO PRIMÁRIA À SAÚDE - PAP;11383748000137;FUNDO MUNICIPAL DE SAUDE;11239;15/05/2026;PROPOSTA PAGA;Proposta Paga;16/06/2026;R$1.300.000,00;R$1.300.000,00;R$1.300.000,00
2026;71160010;S.PART.;BANCADA DA PARAÍBA;não se aplica;não se aplica;PB;250440;CONCEICAO;MUNICIPAL;BANCADA OBRIGATÓRIA;CORRENTE;302;1001;1030251182E900025;06/05/2026;36000801717202600;202600028621;FAF;INCREMENTO MAC;2E90;ATENÇÃO ESPECIALIZADA À SAÚDE;INCREMENTO TEMPORÁRIO DO TETO DA MÉDIA E ALTA COMPLEXIDADE - MAC;05497410000103;FUNDO MUNICIPAL DE SAUDE DE CONCEICAO;11058;11/05/2026;PROPOSTA PAGA;Proposta Paga;17/06/2026;R$750.000,00;R$750.000,00;R$750.000,00
2026;71160004;S.PART.;BANCADA DA PARAÍBA;não se aplica;não se aplica;PB;250485;COXIXOLA;MUNICIPAL;BANCADA OBRIGATÓRIA;CORRENTE;301;1001;1030151192E890025;13/05/2026;36000805113202600;202600037056;FAF;INCREMENTO PAP;2E89;ATENÇÃO PRIMÁRIA À SAÚDE;INCREMENTO DO PISO DA ATENÇÃO PRIMÁRIA À SAÚDE - PAP;11525246000101;FUNDO MUNICIPAL DE SAUDE;11487;01/06/2026;PROPOSTA PAGA;Proposta Paga;26/06/2026;R$500.000,00;R$500.000,00;R$500.000,00
2026;71160004;S.PART.;BANCADA DA PARAÍBA;não se aplica;não se aplica;PB;251274;RIACHAO;MUNICIPAL;BANCADA OBRIGATÓRIA;CORRENTE;301;1001;1030151192E890025;28/05/2026;36000811195202600;202600041951;FAF;INCREMENTO PAP;2E89;ATENÇÃO PRIMÁRIA À SAÚDE;INCREMENTO DO PISO DA ATENÇÃO PRIMÁRIA À SAÚDE - PAP;12011137000120;FUNDO MUNICIPAL DE SAUDE DE RIACHAO;11765;30/06/2026;EM ANALISE PELA ÁREA FINALÍSTICA;Proposta Empenhada aguardando Formalização;-;R$500.000,00;R$500.000,00;R$0,00
2026;71160004;S.PART.;BANCADA DA PARAÍBA;não se aplica;não se aplica;PB;251660;TAVARES;MUNICIPAL;BANCADA OBRIGATÓRIA;CORRENTE;301;1001;1030151192E890025;13/05/2026;36000805070202600;202600035610;FAF;INCREMENTO PAP;2E89;ATENÇÃO PRIMÁRIA À SAÚDE;INCREMENTO DO PISO DA ATENÇÃO PRIMÁRIA À SAÚDE - PAP;10598364000179;FUNDO MUNICIPAL DE SAUDE DE TAVARES;11331;20/05/2026;PROPOSTA PAGA;Proposta Paga;26/06/2026;R$500.000,00;R$500.000,00;R$500.000,00
2026;71160010;S.PART.;BANCADA DA PARAÍBA;não se aplica;não se aplica;PB;250430;CATOLE DO ROCHA;MUNICIPAL;BANCADA OBRIGATÓRIA;CORRENTE;302;1001;1030251182E900025;07/05/2026;36000801890202600;202600029238;FAF;INCREMENTO MAC;2E90;ATENÇÃO ESPECIALIZADA À SAÚDE;INCREMENTO TEMPORÁRIO DO TETO DA MÉDIA E ALTA COMPLEXIDADE - MAC;12784607000199;FUNDO MUNICIPAL DE SAUDE DE CATOLE DO ROCHA;11074;11/05/2026;PROPOSTA PAGA;Proposta Paga;26/05/2026;R$501.000,00;R$501.000,00;R$501.000,00
2026;71160010;S.PART.;BANCADA DA PARAÍBA;não se aplica;não se aplica;PB;250830;LAGOA SECA;MUNICIPAL;BANCADA OBRIGATÓRIA;CORRENTE;302;1001;1030251182E900025;18/05/2026;36000806840202600;202600036960;FAF;INCREMENTO MAC;2E90;ATENÇÃO ESPECIALIZADA À SAÚDE;INCREMENTO TEMPORÁRIO DO TETO DA MÉDIA E ALTA COMPLEXIDADE - MAC;11264183000179;FUNDO MUNICIPAL DE SAUDE;11469;29/05/2026;PROPOSTA PAGA;Proposta Paga;25/06/2026;R$600.000,00;R$600.000,00;R$600.000,00
2026;71160004;S.PART.;BANCADA DA PARAÍBA;não se aplica;não se aplica;PB;250150;BANANEIRAS;MUNICIPAL;BANCADA OBRIGATÓRIA;CORRENTE;301;1001;1030151192E890025;05/05/2026;36000800960202600;202600029691;FAF;INCREMENTO PAP;2E89;ATENÇÃO PRIMÁRIA À SAÚDE;INCREMENTO DO PISO DA ATENÇÃO PRIMÁRIA À SAÚDE - PAP;18730452000194;BANANEIRAS - FUNDO MUNICIPAL DE SAUDE;11194;13/05/2026;PROPOSTA PAGA;Proposta Paga;26/05/2026;R$300.000,00;R$300.000,00;R$300.000,00
2026;71160004;S.PART.;BANCADA DA PARAÍBA;não se aplica;não se aplica;PB;250230;BOM SUCESSO;MUNICIPAL;BANCADA OBRIGATÓRIA;CORRENTE;301;1001;1030151192E890025;08/05/2026;36000802751202600;202600030596;FAF;INCREMENTO PAP;2E89;ATENÇÃO PRIMÁRIA À SAÚDE;INCREMENTO DO PISO DA ATENÇÃO PRIMÁRIA À SAÚDE - PAP;12403050000107;FUNDO MUNICIPAL DE SAUDE - FMS;11239;15/05/2026;PROPOSTA PAGA;Proposta Paga;26/06/2026;R$701.000,00;R$701.000,00;R$701.000,00
2026;71160004;S.PART.;BANCADA DA PARAÍBA;não se aplica;não se aplica;PB;251440;SAO JOSE DE ESPINHARAS;MUNICIPAL;BANCADA OBRIGATÓRIA;CORRENTE;301;1001;1030151192E890025;06/05/2026;36000801501202600;202600030629;FAF;INCREMENTO PAP;2E89;ATENÇÃO PRIMÁRIA À SAÚDE;INCREMENTO DO PISO DA ATENÇÃO PRIMÁRIA À SAÚDE - PAP;11418606000168;FUNDO MUNICIPAL DE SAUDE;11239;15/05/2026;PROPOSTA PAGA;Proposta Paga;26/05/2026;R$300.000,00;R$300.000,00;R$300.000,00
2026;71160004;S.PART.;BANCADA DA PARAÍBA;não se aplica;não se aplica;PB;250830;LAGOA SECA;MUNICIPAL;BANCADA OBRIGATÓRIA;CORRENTE;301;1001;1030151192E890025;18/05/2026;36000806850202600;202600036601;FAF;INCREMENTO PAP;2E89;ATENÇÃO PRIMÁRIA À SAÚDE;INCREMENTO DO PISO DA ATENÇÃO PRIMÁRIA À SAÚDE - PAP;11264183000179;FUNDO MUNICIPAL DE SAUDE;11402;26/05/2026;EM ANALISE PELA ÁREA FINALÍSTICA;Proposta Empenhada aguardando Formalização;-;R$1.000.000,00;R$1.000.000,00;R$0,00
2026;71160004;S.PART.;BANCADA DA PARAÍBA;não se aplica;não se aplica;PB;250153;BARAUNA;MUNICIPAL;BANCADA OBRIGATÓRIA;CORRENTE;301;1001;1030151192E890025;12/05/2026;36000804679202600;202600035517;FAF;INCREMENTO PAP;2E89;ATENÇÃO PRIMÁRIA À SAÚDE;INCREMENTO DO PISO DA ATENÇÃO PRIMÁRIA À SAÚDE - PAP;01691513000159;FUNDO MUNICIPAL DE SAUDE - BARAUNA;11331;20/05/2026;PROPOSTA PAGA;Proposta Paga;26/06/2026;R$400.000,00;R$400.000,00;R$400.000,00
2026;71160004;S.PART.;BANCADA DA PARAÍBA;não se aplica;não se aplica;PB;251600;SOLANEA;MUNICIPAL;BANCADA OBRIGATÓRIA;CORRENTE;301;1001;1030151192E890025;07/05/2026;36000801862202600;202600035608;FAF;INCREMENTO PAP;2E89;ATENÇÃO PRIMÁRIA À SAÚDE;INCREMENTO DO PISO DA ATENÇÃO PRIMÁRIA À SAÚDE - PAP;13857317000190;FUNDO MUNICIPAL DE SAUDE DE SOLANEA;11331;20/05/2026;EM ANALISE PELA ÁREA FINALÍSTICA;Proposta Empenhada aguardando Formalização;-;R$1.000.000,00;R$1.000.000,00;R$0,00
2026;71160004;S.PART.;BANCADA DA PARAÍBA;não se aplica;não se aplica;PB;250480;COREMAS;MUNICIPAL;BANCADA OBRIGATÓRIA;CORRENTE;301;1001;1030151192E890025;05/05/2026;36000800892202600;202600035533;FAF;INCREMENTO PAP;2E89;ATENÇÃO PRIMÁRIA À SAÚDE;INCREMENTO DO PISO DA ATENÇÃO PRIMÁRIA À SAÚDE - PAP;11161210000188;FUNDO MUNICIPAL DE SAUDE;11331;20/05/2026;EM ANALISE PELA ÁREA FINALÍSTICA;Proposta Empenhada aguardando Formalização;-;R$3.000.000,00;R$3.000.000,00;R$0,00
2026;71160010;S.PART.;BANCADA DA PARAÍBA;não se aplica;não se aplica;PB;250750;JOAO PESSOA;ESTADUAL;BANCADA OBRIGATÓRIA;CORRENTE;302;1001;1030251182E900025;20/05/2026;36000807827202600;202600036782;FAF;INCREMENTO MAC;2E90;ATENÇÃO ESPECIALIZADA À SAÚDE;INCREMENTO TEMPORÁRIO DO TETO DA MÉDIA E ALTA COMPLEXIDADE - MAC;03609595000175;FUNDO ESTADUAL DE SAUDE DO ESTADO DA PARAIBA - FESEP;11420;27/05/2026;PROPOSTA PAGA;Proposta Paga;03/07/2026;R$500.000,00;R$500.000,00;R$500.000,00
2026;71160010;S.PART.;BANCADA DA PARAÍBA;não se aplica;não se aplica;PB;250750;JOAO PESSOA;ESTADUAL;BANCADA OBRIGATÓRIA;CORRENTE;302;1001;1030251182E900025;19/06/2026;36000816321202600;202600041462;FAF;INCREMENTO MAC;2E90;ATENÇÃO ESPECIALIZADA À SAÚDE;INCREMENTO TEMPORÁRIO DO TETO DA MÉDIA E ALTA COMPLEXIDADE - MAC;03609595000175;FUNDO ESTADUAL DE SAUDE DO ESTADO DA PARAIBA - FESEP;11734;29/06/2026;EM ANALISE PELA ÁREA FINALÍSTICA;Proposta Empenhada aguardando Formalização;-;R$1.000.000,00;R$1.000.000,00;R$0,00
2026;71160004;S.PART.;BANCADA DA PARAÍBA;não se aplica;não se aplica;PB;250280;BREJO DO CRUZ;MUNICIPAL;BANCADA OBRIGATÓRIA;CORRENTE;301;1001;1030151192E890025;05/05/2026;36000800733202600;202600029692;FAF;INCREMENTO PAP;2E89;ATENÇÃO PRIMÁRIA À SAÚDE;INCREMENTO DO PISO DA ATENÇÃO PRIMÁRIA À SAÚDE - PAP;12452534000138;FUNDO MUNICIPAL DE SAUDE DE BREJO DO CRUZ;11194;13/05/2026;PROPOSTA PAGA;Proposta Paga;26/05/2026;R$500.000,00;R$500.000,00;R$500.000,00
2026;71160010;S.PART.;BANCADA DA PARAÍBA;não se aplica;não se aplica;PB;251290;RIO TINTO;MUNICIPAL;BANCADA OBRIGATÓRIA;CORRENTE;302;1001;1030251182E900025;07/05/2026;36000801879202600;202600030346;FAF;INCREMENTO MAC;2E90;ATENÇÃO ESPECIALIZADA À SAÚDE;INCREMENTO TEMPORÁRIO DO TETO DA MÉDIA E ALTA COMPLEXIDADE - MAC;12457150000108;FUNDO MUNICIPAL DE SAUDE DE RIO TINTO;11192;14/05/2026;PROPOSTA PAGA;Proposta Paga;26/05/2026;R$200.000,00;R$200.000,00;R$200.000,00
2026;71160010;S.PART.;BANCADA DA PARAÍBA;não se aplica;não se aplica;PB;250100;ARARUNA;MUNICIPAL;BANCADA OBRIGATÓRIA;CORRENTE;302;1001;1030251182E900025;13/05/2026;36000804821202600;202600038386;FAF;INCREMENTO MAC;2E90;ATENÇÃO ESPECIALIZADA À SAÚDE;INCREMENTO TEMPORÁRIO DO TETO DA MÉDIA E ALTA COMPLEXIDADE - MAC;11667845000151;FUNDO MUNICIPAL DE SAUDE DE ARARUNA PARAIBA;11519;03/06/2026;PROPOSTA PAGA;Proposta Paga;25/06/2026;R$300.000,00;R$300.000,00;R$300.000,00
2026;71160004;S.PART.;BANCADA DA PARAÍBA;não se aplica;não se aplica;PB;250670;IMACULADA;MUNICIPAL;BANCADA OBRIGATÓRIA;CORRENTE;301;1001;1030151192E890025;13/05/2026;36000804816202600;202600035544;FAF;INCREMENTO PAP;2E89;ATENÇÃO PRIMÁRIA À SAÚDE;INCREMENTO DO PISO DA ATENÇÃO PRIMÁRIA À SAÚDE - PAP;11838404000175;FUNDO MUNICIPAL DE SAUDE DO MUNICIPIO DE IMACULADA;11331;20/05/2026;PROPOSTA PAGA;Proposta Paga;26/06/2026;R$200.000,00;R$200.000,00;R$200.000,00
2026;71160004;S.PART.;BANCADA DA PARAÍBA;não se aplica;não se aplica;PB;251260;QUIXABA;MUNICIPAL;BANCADA OBRIGATÓRIA;CORRENTE;301;1001;1030151192E890025;06/05/2026;36000801149202600;202600030624;FAF;INCREMENTO PAP;2E89;ATENÇÃO PRIMÁRIA À SAÚDE;INCREMENTO DO PISO DA ATENÇÃO PRIMÁRIA À SAÚDE - PAP;12335016000134;FUNDO MUNICIPAL DE SAUDE DE QUIXABA;11239;15/05/2026;PROPOSTA PAGA;Proposta Paga;26/06/2026;R$600.000,00;R$600.000,00;R$600.000,00
2026;71160004;S.PART.;BANCADA DA PARAÍBA;não se aplica;não se aplica;PB;251394;SAO DOMINGOS DO CARIRI;MUNICIPAL;BANCADA OBRIGATÓRIA;CORRENTE;301;1001;1030151192E890025;27/05/2026;36000809986202600;202600041955;FAF;INCREMENTO PAP;2E89;ATENÇÃO PRIMÁRIA À SAÚDE;INCREMENTO DO PISO DA ATENÇÃO PRIMÁRIA À SAÚDE - PAP;11836179000138;FUNDO MUNICIPAL DE SAUDE DE SAO DOMINGOS DO CARIRI;11765;30/06/2026;EM ANALISE PELA ÁREA FINALÍSTICA;Proposta Empenhada aguardando Formalização;-;R$300.000,00;R$300.000,00;R$0,00
2026;71160003;S.PART.;BANCADA DA PARAÍBA;não se aplica;não se aplica;PB;250680;INGA;MUNICIPAL;BANCADA OBRIGATÓRIA;CAPITAL;302;1001;10302511885358697;07/05/2026;08610110000126006;202600041689;FAF;EQUIPAMENTO;8535;ATENÇÃO ESPECIALIZADA À SAÚDE;REDE DE URGÊNCIA E EMERGÊNCIA - UNIDADE DE PRONTO ATENDIMENTO (UPA 24H);08610110000187;FUNDO MUNICIPAL DE SAUDE DE INGA/PB;11752;30/06/2026;EM ANALISE PELA ÁREA FINALÍSTICA;Proposta Empenhada aguardando Formalização;-;R$260.963,00;R$260.963,00;R$0,00
2026;71160003;S.PART.;BANCADA DA PARAÍBA;não se aplica;não se aplica;PB;250770;JUAZEIRINHO;MUNICIPAL;BANCADA OBRIGATÓRIA;CAPITAL;302;1001;10302511885358697;10/06/2026;11277311000126012;202600042274;FAF;EQUIPAMENTO;8535;ATENÇÃO ESPECIALIZADA À SAÚDE;Rede de Atenção Hospitalar - Ambulância de Transporte Tipo A - Remoção Simples - Eletiva;11277311000119;FUNDO MUNICIPAL DE SAUDE DE JUAZEIRINHO;11786;01/07/2026;EM ANALISE PELA ÁREA FINALÍSTICA;Proposta Empenhada aguardando Formalização;-;R$260.998,00;R$260.998,00;R$0,00
2026;71160004;S.PART.;BANCADA DA PARAÍBA;não se aplica;não se aplica;PB;250040;ALAGOA NOVA;MUNICIPAL;BANCADA OBRIGATÓRIA;CORRENTE;301;1001;1030151192E890025;12/05/2026;36000804411202600;202600036572;FAF;INCREMENTO PAP;2E89;ATENÇÃO PRIMÁRIA À SAÚDE;INCREMENTO DO PISO DA ATENÇÃO PRIMÁRIA À SAÚDE - PAP;11838096000188;FUNDO MUNICIPAL DE SAUDE DE ALAGOA NOVA;11413;26/05/2026;EM ANALISE PELA ÁREA FINALÍSTICA;Proposta Empenhada aguardando Formalização;-;R$3.500.000,00;R$3.500.000,00;R$0,00
2026;71160004;S.PART.;BANCADA DA PARAÍBA;não se aplica;não se aplica;PB;251560;SERRA DA RAIZ;MUNICIPAL;BANCADA OBRIGATÓRIA;CORRENTE;301;1001;1030151192E890025;05/05/2026;36000800748202600;202600036628;FAF;INCREMENTO PAP;2E89;ATENÇÃO PRIMÁRIA À SAÚDE;INCREMENTO DO PISO DA ATENÇÃO PRIMÁRIA À SAÚDE - PAP;11594437000117;FUNDO MUNICIPAL DE SAUDE;11413;26/05/2026;PROPOSTA PAGA;Proposta Paga;26/06/2026;R$400.000,00;R$400.000,00;R$400.000,00
2026;71160010;S.PART.;BANCADA DA PARAÍBA;não se aplica;não se aplica;PB;250400;CAMPINA GRANDE;MUNICIPAL;BANCADA OBRIGATÓRIA;CORRENTE;302;1001;1030251182E900025;06/05/2026;36000801408202600;202600036958;FAF;INCREMENTO MAC;2E90;ATENÇÃO ESPECIALIZADA À SAÚDE;INCREMENTO TEMPORÁRIO DO TETO DA MÉDIA E ALTA COMPLEXIDADE - MAC;24513574000121;FUNDO MUNICIPAL DE SAUDE DE CAMPINA GRANDE;11463;29/05/2026;PROPOSTA PAGA;Proposta Paga;25/06/2026;R$300.000,00;R$300.000,00;R$300.000,00
2026;71160010;S.PART.;BANCADA DA PARAÍBA;não se aplica;não se aplica;PB;251610;SOLEDADE;MUNICIPAL;BANCADA OBRIGATÓRIA;CORRENTE;302;1001;1030251182E900025;11/05/2026;36000803434202600;202600038390;FAF;INCREMENTO MAC;2E90;ATENÇÃO ESPECIALIZADA À SAÚDE;INCREMENTO TEMPORÁRIO DO TETO DA MÉDIA E ALTA COMPLEXIDADE - MAC;02182502000106;FUNDO MUNICIPAL DE SAUDE DE SOLEDADE;11514;03/06/2026;PROPOSTA PAGA;Proposta Paga;25/06/2026;R$300.000,00;R$300.000,00;R$300.000,00
2026;71160010;S.PART.;BANCADA DA PARAÍBA;não se aplica;não se aplica;PB;250600;ESPERANCA;MUNICIPAL;BANCADA OBRIGATÓRIA;CORRENTE;302;1001;1030251182E900025;27/05/2026;36000810138202600;202600041459;FAF;INCREMENTO MAC;2E90;ATENÇÃO ESPECIALIZADA À SAÚDE;INCREMENTO TEMPORÁRIO DO TETO DA MÉDIA E ALTA COMPLEXIDADE - MAC;12011984000195;FUNDO MUNICIPAL DE SAUDE;11727;29/06/2026;EM ANALISE PELA ÁREA FINALÍSTICA;Proposta Empenhada aguardando Formalização;-;R$400.000,00;R$400.000,00;R$0,00
2026;71160004;S.PART.;BANCADA DA PARAÍBA;não se aplica;não se aplica;PB;250930;MATARACA;MUNICIPAL;BANCADA OBRIGATÓRIA;CORRENTE;301;1001;1030151192E890025;13/05/2026;36000804914202600;202600035561;FAF;INCREMENTO PAP;2E89;ATENÇÃO PRIMÁRIA À SAÚDE;INCREMENTO DO PISO DA ATENÇÃO PRIMÁRIA À SAÚDE - PAP;13070749000157;FUNDO MUNICIPAL DE SAUDE DO MUNICIPIO DE MATARACA-PB;11331;20/05/2026;PROPOSTA PAGA;Proposta Paga;26/06/2026;R$200.000,00;R$200.000,00;R$200.000,00
2026;71160010;S.PART.;BANCADA DA PARAÍBA;não se aplica;não se aplica;PB;251610;SOLEDADE;MUNICIPAL;BANCADA OBRIGATÓRIA;CORRENTE;302;1001;1030251182E900025;12/05/2026;36000804352202600;202600038391;FAF;INCREMENTO MAC;2E90;ATENÇÃO ESPECIALIZADA À SAÚDE;INCREMENTO TEMPORÁRIO DO TETO DA MÉDIA E ALTA COMPLEXIDADE - MAC;02182502000106;FUNDO MUNICIPAL DE SAUDE DE SOLEDADE;11514;03/06/2026;PROPOSTA PAGA;Proposta Paga;25/06/2026;R$500.000,00;R$500.000,00;R$500.000,00
2026;71160004;S.PART.;BANCADA DA PARAÍBA;não se aplica;não se aplica;PB;251040;OLHO D'AGUA;MUNICIPAL;BANCADA OBRIGATÓRIA;CORRENTE;301;1001;1030151192E890025;13/05/2026;36000804959202600;202600035577;FAF;INCREMENTO PAP;2E89;ATENÇÃO PRIMÁRIA À SAÚDE;INCREMENTO DO PISO DA ATENÇÃO PRIMÁRIA À SAÚDE - PAP;11471451000123;FUNDO MUNICIPAL DE SAUDE;11331;20/05/2026;PROPOSTA PAGA;Proposta Paga;26/06/2026;R$250.000,00;R$250.000,00;R$250.000,00
2026;71160004;S.PART.;BANCADA DA PARAÍBA;não se aplica;não se aplica;PB;250270;BORBOREMA;MUNICIPAL;BANCADA OBRIGATÓRIA;CORRENTE;301;1001;1030151192E890025;20/05/2026;36000807434202600;202600036581;FAF;INCREMENTO PAP;2E89;ATENÇÃO PRIMÁRIA À SAÚDE;INCREMENTO DO PISO DA ATENÇÃO PRIMÁRIA À SAÚDE - PAP;11594451000110;FUNDO MUNICIPAL DE SAUDE DE BORBOREMA;11413;26/05/2026;PROPOSTA PAGA;Proposta Paga;26/06/2026;R$300.000,00;R$300.000,00;R$300.000,00
2026;71160004;S.PART.;BANCADA DA PARAÍBA;não se aplica;não se aplica;PB;250340;CACIMBA DE AREIA;MUNICIPAL;BANCADA OBRIGATÓRIA;CORRENTE;301;1001;1030151192E890025;11/05/2026;36000803894202600;202600035525;FAF;INCREMENTO PAP;2E89;ATENÇÃO PRIMÁRIA À SAÚDE;INCREMENTO DO PISO DA ATENÇÃO PRIMÁRIA À SAÚDE - PAP;10460927000168;FUNDO MUNICIPAL DE SAUDE DE CACIMBA DE AREIA;11331;20/05/2026;PROPOSTA PAGA;Proposta Paga;26/06/2026;R$400.000,00;R$400.000,00;R$400.000,00
2026;71160004;S.PART.;BANCADA DA PARAÍBA;não se aplica;não se aplica;PB;250090;ARARA;MUNICIPAL;BANCADA OBRIGATÓRIA;CORRENTE;301;1001;1030151192E890025;05/05/2026;36000800997202600;202600029688;FAF;INCREMENTO PAP;2E89;ATENÇÃO PRIMÁRIA À SAÚDE;INCREMENTO DO PISO DA ATENÇÃO PRIMÁRIA À SAÚDE - PAP;11898585000125;FUNDO MUNICIPAL DE SAUDE DO MUNICIPIO DE ARARA - PB;11194;13/05/2026;EM ANALISE PELA ÁREA FINALÍSTICA;Proposta Empenhada aguardando Formalização;-;R$2.000.000,00;R$2.000.000,00;R$0,00
2026;71160004;S.PART.;BANCADA DA PARAÍBA;não se aplica;não se aplica;PB;250940;MOGEIRO;MUNICIPAL;BANCADA OBRIGATÓRIA;CORRENTE;301;1001;1030151192E890025;05/05/2026;36000800971202600;202600035565;FAF;INCREMENTO PAP;2E89;ATENÇÃO PRIMÁRIA À SAÚDE;INCREMENTO DO PISO DA ATENÇÃO PRIMÁRIA À SAÚDE - PAP;10664047000103;FUNDO MUNICIPAL DE SAUDE DE MOGEIRO;11331;20/05/2026;EM ANALISE PELA ÁREA FINALÍSTICA;Proposta Empenhada aguardando Formalização;-;R$2.000.000,00;R$2.000.000,00;R$0,00
2026;71160004;S.PART.;BANCADA DA PARAÍBA;não se aplica;não se aplica;PB;251398;SAO FRANCISCO;MUNICIPAL;BANCADA OBRIGATÓRIA;CORRENTE;301;1001;1030151192E890025;26/05/2026;36000809703202600;202600041956;FAF;INCREMENTO PAP;2E89;ATENÇÃO PRIMÁRIA À SAÚDE;INCREMENTO DO PISO DA ATENÇÃO PRIMÁRIA À SAÚDE - PAP;10398439000178;FUNDO MUNICIPAL DE SAUDE;11765;30/06/2026;EM ANALISE PELA ÁREA FINALÍSTICA;Proposta Empenhada aguardando Formalização;-;R$400.000,00;R$400.000,00;R$0,00
2026;71160010;S.PART.;BANCADA DA PARAÍBA;não se aplica;não se aplica;PB;250750;JOAO PESSOA;ESTADUAL;BANCADA OBRIGATÓRIA;CORRENTE;302;1001;1030251182E900025;08/06/2026;36000812814202600;202600039369;FAF;INCREMENTO MAC;2E90;ATENÇÃO ESPECIALIZADA À SAÚDE;INCREMENTO TEMPORÁRIO DO TETO DA MÉDIA E ALTA COMPLEXIDADE - MAC;03609595000175;FUNDO ESTADUAL DE SAUDE DO ESTADO DA PARAIBA - FESEP;11571;16/06/2026;PROPOSTA PAGA;Proposta Paga;29/06/2026;R$2.100.000,00;R$2.100.000,00;R$2.100.000,00
2026;71160010;S.PART.;BANCADA DA PARAÍBA;não se aplica;não se aplica;PB;250130;AROEIRAS;MUNICIPAL;BANCADA OBRIGATÓRIA;CORRENTE;302;1001;1030251182E900025;11/05/2026;36000803891202600;202600039360;FAF;INCREMENTO MAC;2E90;ATENÇÃO ESPECIALIZADA À SAÚDE;INCREMENTO TEMPORÁRIO DO TETO DA MÉDIA E ALTA COMPLEXIDADE - MAC;10819820000163;FUNDO MUNICIPAL DE SAUDE;11571;16/06/2026;EM ANALISE PELA ÁREA FINALÍSTICA;Proposta Empenhada aguardando Formalização;-;R$1.700.000,00;R$1.700.000,00;R$0,00
2026;71160004;S.PART.;BANCADA DA PARAÍBA;não se aplica;não se aplica;PB;250740;JERICO;MUNICIPAL;BANCADA OBRIGATÓRIA;CORRENTE;301;1001;1030151192E890025;21/05/2026;36000807971202600;202600037062;FAF;INCREMENTO PAP;2E89;ATENÇÃO PRIMÁRIA À SAÚDE;INCREMENTO DO PISO DA ATENÇÃO PRIMÁRIA À SAÚDE - PAP;12009325000114;FUNDO MUNICIPAL DE SAUDE - FMS;11487;01/06/2026;PROPOSTA PAGA;Proposta Paga;26/06/2026;R$200.000,00;R$200.000,00;R$200.000,00
2026;71160004;S.PART.;BANCADA DA PARAÍBA;não se aplica;não se aplica;PB;251630;SUME;MUNICIPAL;BANCADA OBRIGATÓRIA;CORRENTE;301;1001;1030151192E890025;05/05/2026;36000800920202600;202600029713;FAF;INCREMENTO PAP;2E89;ATENÇÃO PRIMÁRIA À SAÚDE;INCREMENTO DO PISO DA ATENÇÃO PRIMÁRIA À SAÚDE - PAP;11285069000125;FUNDO MUNICIPAL DE SAUDE;11194;13/05/2026;PROPOSTA PAGA;Proposta Paga;16/06/2026;R$600.000,00;R$600.000,00;R$600.000,00
2026;71160010;S.PART.;BANCADA DA PARAÍBA;não se aplica;não se aplica;PB;251680;TRIUNFO;MUNICIPAL;BANCADA OBRIGATÓRIA;CORRENTE;302;1001;1030251182E900025;08/05/2026;36000802980202600;202600029824;FAF;INCREMENTO MAC;2E90;ATENÇÃO ESPECIALIZADA À SAÚDE;INCREMENTO TEMPORÁRIO DO TETO DA MÉDIA E ALTA COMPLEXIDADE - MAC;12794460000118;FUNDO MUNICIPAL DE SAUDE DE TRIUNFO;11170;13/05/2026;PROPOSTA PAGA;Proposta Paga;17/06/2026;R$540.000,00;R$540.000,00;R$540.000,00
2026;71160004;S.PART.;BANCADA DA PARAÍBA;não se aplica;não se aplica;PB;250060;ALHANDRA;MUNICIPAL;BANCADA OBRIGATÓRIA;CORRENTE;301;1001;1030151192E890025;06/05/2026;36000801135202600;202600029686;FAF;INCREMENTO PAP;2E89;ATENÇÃO PRIMÁRIA À SAÚDE;INCREMENTO DO PISO DA ATENÇÃO PRIMÁRIA À SAÚDE - PAP;11490408000105;FUNDO MUNICIPAL DE SAUDE;11194;13/05/2026;PROPOSTA PAGA;Proposta Paga;26/05/2026;R$300.000,00;R$300.000,00;R$300.000,00
2026;71160004;S.PART.;BANCADA DA PARAÍBA;não se aplica;não se aplica;PB;250870;MAE D'AGUA;MUNICIPAL;BANCADA OBRIGATÓRIA;CORRENTE;301;1001;1030151192E890025;06/05/2026;36000801693202600;202600035560;FAF;INCREMENTO PAP;2E89;ATENÇÃO PRIMÁRIA À SAÚDE;INCREMENTO DO PISO DA ATENÇÃO PRIMÁRIA À SAÚDE - PAP;03627760000111;FUNDO MUNICIPAL DE SAUDE DE MAE D AGUA;11331;20/05/2026;PROPOSTA PAGA;Proposta Paga;26/06/2026;R$400.000,00;R$400.000,00;R$400.000,00
2026;71160010;S.PART.;BANCADA DA PARAÍBA;não se aplica;não se aplica;PB;250800;JURU;MUNICIPAL;BANCADA OBRIGATÓRIA;CORRENTE;302;1001;1030251182E900025;07/05/2026;36000802327202600;202600035185;FAF;INCREMENTO MAC;2E90;ATENÇÃO ESPECIALIZADA À SAÚDE;INCREMENTO TEMPORÁRIO DO TETO DA MÉDIA E ALTA COMPLEXIDADE - MAC;10538747000151;FUNDO MUNICIPAL DE SAUDE;11346;20/05/2026;PROPOSTA PAGA;Proposta Paga;25/06/2026;R$100.000,00;R$100.000,00;R$100.000,00
2026;71160004;S.PART.;BANCADA DA PARAÍBA;não se aplica;não se aplica;PB;250410;CARRAPATEIRA;MUNICIPAL;BANCADA OBRIGATÓRIA;CORRENTE;301;1001;1030151192E890025;02/06/2026;36000812235202600;202600041939;FAF;INCREMENTO PAP;2E89;ATENÇÃO PRIMÁRIA À SAÚDE;INCREMENTO DO PISO DA ATENÇÃO PRIMÁRIA À SAÚDE - PAP;11579536000120;FUNDO MUNICIPAL DE SAUDE;11765;30/06/2026;EM ANALISE PELA ÁREA FINALÍSTICA;Proposta Empenhada aguardando Formalização;-;R$120.624,00;R$120.624,00;R$0,00
2026;71160010;S.PART.;BANCADA DA PARAÍBA;não se aplica;não se aplica;PB;251340;SANTA LUZIA;MUNICIPAL;BANCADA OBRIGATÓRIA;CORRENTE;302;1001;1030251182E900025;15/05/2026;36000806080202600;202600034377;FAF;INCREMENTO MAC;2E90;ATENÇÃO ESPECIALIZADA À SAÚDE;INCREMENTO TEMPORÁRIO DO TETO DA MÉDIA E ALTA COMPLEXIDADE - MAC;10425754000147;FUNDO MUNICIPAL DE SAUDE DE SANTA LUZIA;11270;18/05/2026;PROPOSTA PAGA;Proposta Paga;26/06/2026;R$200.000,00;R$200.000,00;R$200.000,00
2026;71160004;S.PART.;BANCADA DA PARAÍBA;não se aplica;não se aplica;PB;251290;RIO TINTO;MUNICIPAL;BANCADA OBRIGATÓRIA;CORRENTE;301;1001;1030151192E890025;07/05/2026;36000801986202600;202600035592;FAF;INCREMENTO PAP;2E89;ATENÇÃO PRIMÁRIA À SAÚDE;INCREMENTO DO PISO DA ATENÇÃO PRIMÁRIA À SAÚDE - PAP;12457150000108;FUNDO MUNICIPAL DE SAUDE DE RIO TINTO;11331;20/05/2026;PROPOSTA PAGA;Proposta Paga;26/06/2026;R$300.000,00;R$300.000,00;R$300.000,00
2026;71160004;S.PART.;BANCADA DA PARAÍBA;não se aplica;não se aplica;PB;251390;SAO BENTO;MUNICIPAL;BANCADA OBRIGATÓRIA;CORRENTE;301;1001;1030151192E890025;08/05/2026;36000802661202600;202600030626;FAF;INCREMENTO PAP;2E89;ATENÇÃO PRIMÁRIA À SAÚDE;INCREMENTO DO PISO DA ATENÇÃO PRIMÁRIA À SAÚDE - PAP;02015756000130;FUNDO MINICIPAL DE SAUDE;11239;15/05/2026;PROPOSTA PAGA;Proposta Paga;16/06/2026;R$901.000,00;R$901.000,00;R$901.000,00
2026;71160003;S.PART.;BANCADA DA PARAÍBA;não se aplica;não se aplica;PB;250750;JOAO PESSOA;MUNICIPAL;BANCADA OBRIGATÓRIA;CAPITAL;302;1001;10302511885358697;20/06/2026;08715618000126034;202600042619;FAF;EQUIPAMENTO;8535;ATENÇÃO ESPECIALIZADA À SAÚDE;Rede de Atenção Psicossocial - Centro de Atenção Psicossocial (Caps);08715618000140;FUNDO MUNICIPAL DE SAUDE;11936;06/07/2026;EM ANALISE PELA ÁREA FINALÍSTICA;Proposta Empenhada aguardando Formalização;-;R$36.000,00;R$36.000,00;R$0,00
2026;71160004;S.PART.;BANCADA DA PARAÍBA;não se aplica;não se aplica;PB;250780;JUNCO DO SERIDO;MUNICIPAL;BANCADA OBRIGATÓRIA;CORRENTE;301;1001;1030151192E890025;13/05/2026;36000805169202600;202600035551;FAF;INCREMENTO PAP;2E89;ATENÇÃO PRIMÁRIA À SAÚDE;INCREMENTO DO PISO DA ATENÇÃO PRIMÁRIA À SAÚDE - PAP;13069201000197;FUNDO MUNICIPAL DE SAUDE DE JUNCO DO SERIDO-PB;11331;20/05/2026;PROPOSTA PAGA;Proposta Paga;26/06/2026;R$400.000,00;R$400.000,00;R$400.000,00
2026;71160004;S.PART.;BANCADA DA PARAÍBA;não se aplica;não se aplica;PB;250880;MALTA;MUNICIPAL;BANCADA OBRIGATÓRIA;CORRENTE;301;1001;1030151192E890025;20/05/2026;36000807478202600;202600036602;FAF;INCREMENTO PAP;2E89;ATENÇÃO PRIMÁRIA À SAÚDE;INCREMENTO DO PISO DA ATENÇÃO PRIMÁRIA À SAÚDE - PAP;12460136000163;FUNDO MUNICIPAL DE SAUDE DE MALTA;11413;26/05/2026;PROPOSTA PAGA;Proposta Paga;26/06/2026;R$400.000,00;R$400.000,00;R$400.000,00
2026;71160004;S.PART.;BANCADA DA PARAÍBA;não se aplica;não se aplica;PB;251160;PILOES;MUNICIPAL;BANCADA OBRIGATÓRIA;CORRENTE;301;1001;1030151192E890025;29/05/2026;36000811537202600;202600041947;FAF;INCREMENTO PAP;2E89;ATENÇÃO PRIMÁRIA À SAÚDE;INCREMENTO DO PISO DA ATENÇÃO PRIMÁRIA À SAÚDE - PAP;12044868000172;FUNDO MUNICIPAL DE SAUDE - PILOES-PB;11765;30/06/2026;EM ANALISE PELA ÁREA FINALÍSTICA;Proposta Empenhada aguardando Formalização;-;R$400.000,00;R$400.000,00;R$0,00
2026;71160004;S.PART.;BANCADA DA PARAÍBA;não se aplica;não se aplica;PB;250330;CACHOEIRA DOS INDIOS;MUNICIPAL;BANCADA OBRIGATÓRIA;CORRENTE;301;1001;1030151192E890025;21/05/2026;36000808112202600;202600036584;FAF;INCREMENTO PAP;2E89;ATENÇÃO PRIMÁRIA À SAÚDE;INCREMENTO DO PISO DA ATENÇÃO PRIMÁRIA À SAÚDE - PAP;11332636000157;FUNDO MUNICIPAL DE SAUDE - FMSCI;11413;26/05/2026;PROPOSTA PAGA;Proposta Paga;26/06/2026;R$500.000,00;R$500.000,00;R$500.000,00
2026;71160010;S.PART.;BANCADA DA PARAÍBA;não se aplica;não se aplica;PB;250050;ALAGOINHA;MUNICIPAL;BANCADA OBRIGATÓRIA;CORRENTE;302;1001;1030251182E900025;11/05/2026;36000803473202600;202600036376;FAF;INCREMENTO MAC;2E90;ATENÇÃO ESPECIALIZADA À SAÚDE;INCREMENTO TEMPORÁRIO DO TETO DA MÉDIA E ALTA COMPLEXIDADE - MAC;11757032000152;FUNDO MUNICIPAL DE SAUDE DE ALAGOINHA;11400;26/05/2026;PROPOSTA PAGA;Proposta Paga;25/06/2026;R$200.000,00;R$200.000,00;R$200.000,00
2026;71160004;S.PART.;BANCADA DA PARAÍBA;não se aplica;não se aplica;PB;250390;CAMALAU;MUNICIPAL;BANCADA OBRIGATÓRIA;CORRENTE;301;1001;1030151192E890025;22/05/2026;36000808369202600;202600037054;FAF;INCREMENTO PAP;2E89;ATENÇÃO PRIMÁRIA À SAÚDE;INCREMENTO DO PISO DA ATENÇÃO PRIMÁRIA À SAÚDE - PAP;11417610000101;FUNDO MUNICIPAL DE SAUDE CAMALAU;11487;01/06/2026;PROPOSTA PAGA;Proposta Paga;26/06/2026;R$501.000,00;R$501.000,00;R$501.000,00
2026;71160004;S.PART.;BANCADA DA PARAÍBA;não se aplica;não se aplica;PB;251060;OURO VELHO;MUNICIPAL;BANCADA OBRIGATÓRIA;CORRENTE;301;1001;1030151192E890025;11/05/2026;36000803946202600;202600030616;FAF;INCREMENTO PAP;2E89;ATENÇÃO PRIMÁRIA À SAÚDE;INCREMENTO DO PISO DA ATENÇÃO PRIMÁRIA À SAÚDE - PAP;11348410000144;FUNDO MUNICIPAL DE SAUDE DE OURO VELHO;11239;15/05/2026;PROPOSTA PAGA;Proposta Paga;26/06/2026;R$598.459,00;R$598.459,00;R$598.459,00
2026;71160004;S.PART.;BANCADA DA PARAÍBA;não se aplica;não se aplica;PB;250407;CARAUBAS;MUNICIPAL;BANCADA OBRIGATÓRIA;CORRENTE;301;1001;1030151192E890025;06/05/2026;36000801540202600;202600029695;FAF;INCREMENTO PAP;2E89;ATENÇÃO PRIMÁRIA À SAÚDE;INCREMENTO DO PISO DA ATENÇÃO PRIMÁRIA À SAÚDE - PAP;11431018000164;FUNDO MUNICIPAL DE SAUDE;11194;13/05/2026;PROPOSTA PAGA;Proposta Paga;16/06/2026;R$600.000,00;R$600.000,00;R$600.000,00
2026;71160004;S.PART.;BANCADA DA PARAÍBA;não se aplica;não se aplica;PB;251330;SANTA HELENA;MUNICIPAL;BANCADA OBRIGATÓRIA;CORRENTE;301;1001;1030151192E890025;13/05/2026;36000804813202600;202600035596;FAF;INCREMENTO PAP;2E89;ATENÇÃO PRIMÁRIA À SAÚDE;INCREMENTO DO PISO DA ATENÇÃO PRIMÁRIA À SAÚDE - PAP;11245287000136;FUNDO MUNICIPAL DE SAUDE DE SANTA HELENA-PB;11331;20/05/2026;PROPOSTA PAGA;Proposta Paga;26/06/2026;R$600.000,00;R$600.000,00;R$600.000,00
2026;71160010;S.PART.;BANCADA DA PARAÍBA;não se aplica;não se aplica;PB;251230;PRINCESA ISABEL;MUNICIPAL;BANCADA OBRIGATÓRIA;CORRENTE;302;1001;1030251182E900025;12/05/2026;36000804504202600;202600030863;FAF;INCREMENTO MAC;2E90;ATENÇÃO ESPECIALIZADA À SAÚDE;INCREMENTO TEMPORÁRIO DO TETO DA MÉDIA E ALTA COMPLEXIDADE - MAC;10473821000107;FUNDO MUNICIPAL DE SAUDE DO MUNICIPIO DE PRINCESA ISABEL;11214;15/05/2026;PROPOSTA PAGA;Proposta Paga;26/06/2026;R$500.000,00;R$500.000,00;R$500.000,00
2026;71160004;S.PART.;BANCADA DA PARAÍBA;não se aplica;não se aplica;PB;250060;ALHANDRA;MUNICIPAL;BANCADA OBRIGATÓRIA;CORRENTE;301;1001;1030151192E890025;21/05/2026;36000807945202600;202600036574;FAF;INCREMENTO PAP;2E89;ATENÇÃO PRIMÁRIA À SAÚDE;INCREMENTO DO PISO DA ATENÇÃO PRIMÁRIA À SAÚDE - PAP;11490408000105;FUNDO MUNICIPAL DE SAUDE;11413;26/05/2026;PROPOSTA PAGA;Proposta Paga;26/06/2026;R$300.000,00;R$300.000,00;R$300.000,00
2026;71160004;S.PART.;BANCADA DA PARAÍBA;não se aplica;não se aplica;PB;250510;CUITE;MUNICIPAL;BANCADA OBRIGATÓRIA;CORRENTE;301;1001;1030151192E890025;10/05/2026;36000803293202600;202600035535;FAF;INCREMENTO PAP;2E89;ATENÇÃO PRIMÁRIA À SAÚDE;INCREMENTO DO PISO DA ATENÇÃO PRIMÁRIA À SAÚDE - PAP;11404674000178;FUNDO MUNICIPAL DE SAUDE;11331;20/05/2026;PROPOSTA PAGA;Proposta Paga;26/06/2026;R$300.000,00;R$300.000,00;R$300.000,00
2026;71160004;S.PART.;BANCADA DA PARAÍBA;não se aplica;não se aplica;PB;250933;MATINHAS;MUNICIPAL;BANCADA OBRIGATÓRIA;CORRENTE;301;1001;1030151192E890025;05/05/2026;36000800889202600;202600035564;FAF;INCREMENTO PAP;2E89;ATENÇÃO PRIMÁRIA À SAÚDE;INCREMENTO DO PISO DA ATENÇÃO PRIMÁRIA À SAÚDE - PAP;12012166000107;FUNDO MUNICIPAL DE SAUDE;11331;20/05/2026;EM ANALISE PELA ÁREA FINALÍSTICA;Proposta Empenhada aguardando Formalização;-;R$900.000,00;R$900.000,00;R$0,00
2026;71160004;S.PART.;BANCADA DA PARAÍBA;não se aplica;não se aplica;PB;251500;SAO MIGUEL DE TAIPU;MUNICIPAL;BANCADA OBRIGATÓRIA;CORRENTE;301;1001;1030151192E890025;08/05/2026;36000802720202600;202600036622;FAF;INCREMENTO PAP;2E89;ATENÇÃO PRIMÁRIA À SAÚDE;INCREMENTO DO PISO DA ATENÇÃO PRIMÁRIA À SAÚDE - PAP;11601645000104;FUNDO MUNICIPAL DE SAUDE;11413;26/05/2026;PROPOSTA PAGA;Proposta Paga;26/06/2026;R$300.000,00;R$300.000,00;R$300.000,00
2026;71160004;S.PART.;BANCADA DA PARAÍBA;não se aplica;não se aplica;PB;251392;SAO BENTINHO;MUNICIPAL;BANCADA OBRIGATÓRIA;CORRENTE;301;1001;1030151192E890025;05/05/2026;36000800826202600;202600037071;FAF;INCREMENTO PAP;2E89;ATENÇÃO PRIMÁRIA À SAÚDE;INCREMENTO DO PISO DA ATENÇÃO PRIMÁRIA À SAÚDE - PAP;10770716000121;FUNDO MUNICIPAL DE SAUDE DE SAO BENTINHO;11487;01/06/2026;PROPOSTA PAGA;Proposta Paga;26/06/2026;R$350.000,00;R$350.000,00;R$350.000,00
2026;71160004;S.PART.;BANCADA DA PARAÍBA;não se aplica;não se aplica;PB;251200;POCINHOS;MUNICIPAL;BANCADA OBRIGATÓRIA;CORRENTE;301;1001;1030151192E890025;14/05/2026;36000805221202600;202600035590;FAF;INCREMENTO PAP;2E89;ATENÇÃO PRIMÁRIA À SAÚDE;INCREMENTO DO PISO DA ATENÇÃO PRIMÁRIA À SAÚDE - PAP;09505246000190;FUNDO MUNICIPAL DE SAUDE - POCINHOS - PARAIBA;11331;20/05/2026;EM ANALISE PELA ÁREA FINALÍSTICA;Proposta Empenhada aguardando Formalização;-;R$1.474.431,00;R$1.474.431,00;R$0,00
2026;71160004;S.PART.;BANCADA DA PARAÍBA;não se aplica;não se aplica;PB;250960;MONTE HOREBE;MUNICIPAL;BANCADA OBRIGATÓRIA;CORRENTE;301;1001;1030151192E890025;18/05/2026;36000806923202600;202600036608;FAF;INCREMENTO PAP;2E89;ATENÇÃO PRIMÁRIA À SAÚDE;INCREMENTO DO PISO DA ATENÇÃO PRIMÁRIA À SAÚDE - PAP;12445872000142;FUNDO MUNICIPAL DE SAUDE DO MUNICIPIO DE MONTE HOREBE - PB;11402;26/05/2026;PROPOSTA PAGA;Proposta Paga;26/06/2026;R$400.000,00;R$400.000,00;R$400.000,00
2026;71160003;S.PART.;BANCADA DA PARAÍBA;não se aplica;não se aplica;PB;250470;CONGO;MUNICIPAL;BANCADA OBRIGATÓRIA;CAPITAL;302;1001;10302511885358697;06/05/2026;11436548000126002;202600035080;FAF;EQUIPAMENTO;8535;ATENÇÃO ESPECIALIZADA À SAÚDE;Rede de Atenção Hospitalar - Ambulância de Transporte Tipo A - Remoção Simples - Eletiva;11436548000103;FUNDO MUNICIPAL DE SAUDE - CONGO - PARAIBA;11319;20/05/2026;PROPOSTA PAGA;Proposta Paga;25/06/2026;R$334.413,00;R$334.413,00;R$334.413,00
2026;71160004;S.PART.;BANCADA DA PARAÍBA;não se aplica;não se aplica;PB;251370;SANTA RITA;MUNICIPAL;BANCADA OBRIGATÓRIA;CORRENTE;301;1001;1030151192E890025;14/05/2026;36000805752202600;202600041954;FAF;INCREMENTO PAP;2E89;ATENÇÃO PRIMÁRIA À SAÚDE;INCREMENTO DO PISO DA ATENÇÃO PRIMÁRIA À SAÚDE - PAP;08694222000163;FUNDO MUNICIPAL DE SAUDE DE SANTA RITA;11765;30/06/2026;EM ANALISE PELA ÁREA FINALÍSTICA;Proposta Empenhada aguardando Formalização;-;R$4.000.000,00;R$4.000.000,00;R$0,00
2026;71160010;S.PART.;BANCADA DA PARAÍBA;não se aplica;não se aplica;PB;250750;JOAO PESSOA;MUNICIPAL;BANCADA OBRIGATÓRIA;CORRENTE;302;1001;1030251182E900025;02/06/2026;36000812304202600;202600040669;FAF;INCREMENTO MAC;2E90;ATENÇÃO ESPECIALIZADA À SAÚDE;INCREMENTO TEMPORÁRIO DO TETO DA MÉDIA E ALTA COMPLEXIDADE - MAC;08715618000140;FUNDO MUNICIPAL DE SAUDE;11642;23/06/2026;EM ANALISE PELA ÁREA FINALÍSTICA;Proposta Empenhada aguardando Formalização;-;R$1.800.000,00;R$1.800.000,00;R$0,00
2026;71160003;S.PART.;BANCADA DA PARAÍBA;não se aplica;não se aplica;PB;250750;JOAO PESSOA;MUNICIPAL;BANCADA OBRIGATÓRIA;CAPITAL;302;1001;10302511885358697;19/06/2026;08715618000126032;202600042273;FAF;EQUIPAMENTO;8535;ATENÇÃO ESPECIALIZADA À SAÚDE;Rede de Atenção Hospitalar - Hospital Geral;08715618000140;FUNDO MUNICIPAL DE SAUDE;11785;01/07/2026;EM ANALISE PELA ÁREA FINALÍSTICA;Proposta Empenhada aguardando Formalização;-;R$799.000,00;R$799.000,00;R$0,00
2026;71160004;S.PART.;BANCADA DA PARAÍBA;não se aplica;não se aplica;PB;251460;SAO JOSE DO BONFIM;MUNICIPAL;BANCADA OBRIGATÓRIA;CORRENTE;301;1001;1030151192E890025;08/05/2026;36000802734202600;202600030632;FAF;INCREMENTO PAP;2E89;ATENÇÃO PRIMÁRIA À SAÚDE;INCREMENTO DO PISO DA ATENÇÃO PRIMÁRIA À SAÚDE - PAP;12526644000105;FUNDO MUNICIPAL DE SAUDE DE SAO JOSE DO BONFIM PB;11239;15/05/2026;PROPOSTA PAGA;Proposta Paga;26/05/2026;R$400.000,00;R$400.000,00;R$400.000,00
2026;71160010;S.PART.;BANCADA DA PARAÍBA;não se aplica;não se aplica;PB;250370;CAJAZEIRAS;MUNICIPAL;BANCADA OBRIGATÓRIA;CORRENTE;302;1001;1030251182E900025;11/05/2026;36000803470202600;202600034364;FAF;INCREMENTO MAC;2E90;ATENÇÃO ESPECIALIZADA À SAÚDE;INCREMENTO TEMPORÁRIO DO TETO DA MÉDIA E ALTA COMPLEXIDADE - MAC;11902878000139;MUNICIPIO DE CAJAZEIRAS FUNDO MUNICIPAL DE SAUDE - FMS;11263;18/05/2026;EM ANALISE PELA ÁREA FINALÍSTICA;Proposta Empenhada aguardando Formalização;-;R$1.000.000,00;R$1.000.000,00;R$0,00
2026;71160010;S.PART.;BANCADA DA PARAÍBA;não se aplica;não se aplica;PB;251000;NAZAREZINHO;MUNICIPAL;BANCADA OBRIGATÓRIA;CORRENTE;302;1001;1030251182E900025;15/05/2026;36000806022202600;202600036385;FAF;INCREMENTO MAC;2E90;ATENÇÃO ESPECIALIZADA À SAÚDE;INCREMENTO TEMPORÁRIO DO TETO DA MÉDIA E ALTA COMPLEXIDADE - MAC;12445365000109;FUNDO MUNICIPAL DE SAUDE DE NAZAREZINHO;11400;26/05/2026;PROPOSTA PAGA;Proposta Paga;25/06/2026;R$100.000,00;R$100.000,00;R$100.000,00
2026;71160004;S.PART.;BANCADA DA PARAÍBA;não se aplica;não se aplica;PB;250500;CUBATI;MUNICIPAL;BANCADA OBRIGATÓRIA;CORRENTE;301;1001;1030151192E890025;19/05/2026;36000807129202600;202600036590;FAF;INCREMENTO PAP;2E89;ATENÇÃO PRIMÁRIA À SAÚDE;INCREMENTO DO PISO DA ATENÇÃO PRIMÁRIA À SAÚDE - PAP;08580325000100;FUNDO MUNICIPAL DE SAUDE DE CUBATI;11413;26/05/2026;PROPOSTA PAGA;Proposta Paga;26/06/2026;R$500.000,00;R$500.000,00;R$500.000,00
2026;71160004;S.PART.;BANCADA DA PARAÍBA;não se aplica;não se aplica;PB;251500;SAO MIGUEL DE TAIPU;MUNICIPAL;BANCADA OBRIGATÓRIA;CORRENTE;301;1001;1030151192E890025;08/05/2026;36000802735202600;202600030633;FAF;INCREMENTO PAP;2E89;ATENÇÃO PRIMÁRIA À SAÚDE;INCREMENTO DO PISO DA ATENÇÃO PRIMÁRIA À SAÚDE - PAP;11601645000104;FUNDO MUNICIPAL DE SAUDE;11239;15/05/2026;PROPOSTA PAGA;Proposta Paga;26/05/2026;R$200.000,00;R$200.000,00;R$200.000,00
2026;71160004;S.PART.;BANCADA DA PARAÍBA;não se aplica;não se aplica;PB;250740;JERICO;MUNICIPAL;BANCADA OBRIGATÓRIA;CORRENTE;301;1001;1030151192E890025;26/05/2026;36000809326202600;202600037064;FAF;INCREMENTO PAP;2E89;ATENÇÃO PRIMÁRIA À SAÚDE;INCREMENTO DO PISO DA ATENÇÃO PRIMÁRIA À SAÚDE - PAP;12009325000114;FUNDO MUNICIPAL DE SAUDE - FMS;11487;01/06/2026;PROPOSTA PAGA;Proposta Paga;26/06/2026;R$350.000,00;R$350.000,00;R$350.000,00
2026;71160004;S.PART.;BANCADA DA PARAÍBA;não se aplica;não se aplica;PB;250300;CAAPORA;MUNICIPAL;BANCADA OBRIGATÓRIA;CORRENTE;301;1001;1030151192E890025;07/05/2026;36000802219202600;202600030598;FAF;INCREMENTO PAP;2E89;ATENÇÃO PRIMÁRIA À SAÚDE;INCREMENTO DO PISO DA ATENÇÃO PRIMÁRIA À SAÚDE - PAP;10975044000190;FUNDO MUNICIPAL DE SAUDE - FMS;11239;15/05/2026;PROPOSTA PAGA;Proposta Paga;09/06/2026;R$6.000.000,00;R$6.000.000,00;R$6.000.000,00
2026;71160010;S.PART.;BANCADA DA PARAÍBA;não se aplica;não se aplica;PB;250340;CACIMBA DE AREIA;MUNICIPAL;BANCADA OBRIGATÓRIA;CORRENTE;302;1001;1030251182E900025;28/05/2026;36000811027202600;202600039379;FAF;INCREMENTO MAC;2E90;ATENÇÃO ESPECIALIZADA À SAÚDE;INCREMENTO TEMPORÁRIO DO TETO DA MÉDIA E ALTA COMPLEXIDADE - MAC;10460927000168;FUNDO MUNICIPAL DE SAUDE DE CACIMBA DE AREIA;11571;16/06/2026;PROPOSTA PAGA;Proposta Paga;25/06/2026;R$100.000,00;R$100.000,00;R$100.000,00
2026;71160004;S.PART.;BANCADA DA PARAÍBA;não se aplica;não se aplica;PB;250650;GURJAO;MUNICIPAL;BANCADA OBRIGATÓRIA;CORRENTE;301;1001;1030151192E890025;11/05/2026;36000803710202600;202600030610;FAF;INCREMENTO PAP;2E89;ATENÇÃO PRIMÁRIA À SAÚDE;INCREMENTO DO PISO DA ATENÇÃO PRIMÁRIA À SAÚDE - PAP;11432444000112;FUNDO MUNICIPAL DE SAUDE DE GURJAO;11239;15/05/2026;PROPOSTA PAGA;Proposta Paga;26/05/2026;R$117.204,00;R$117.204,00;R$117.204,00
2026;71160004;S.PART.;BANCADA DA PARAÍBA;não se aplica;não se aplica;PB;250523;CUITE DE MAMANGUAPE;MUNICIPAL;BANCADA OBRIGATÓRIA;CORRENTE;301;1001;1030151192E890025;04/06/2026;36000812583202600;202600042418;FAF;INCREMENTO PAP;2E89;ATENÇÃO PRIMÁRIA À SAÚDE;INCREMENTO DO PISO DA ATENÇÃO PRIMÁRIA À SAÚDE - PAP;13099820000124;CUITE DE MAMANGUAPE FUNDO MUNICIPAL DE SAUDE;11803;01/07/2026;EM ANALISE PELA ÁREA FINALÍSTICA;Proposta Empenhada aguardando Formalização;-;R$500.000,00;R$500.000,00;R$0,00
2026;71160004;S.PART.;BANCADA DA PARAÍBA;não se aplica;não se aplica;PB;250073;AMPARO;MUNICIPAL;BANCADA OBRIGATÓRIA;CORRENTE;301;1001;1030151192E890025;07/05/2026;36000801730202600;202600029687;FAF;INCREMENTO PAP;2E89;ATENÇÃO PRIMÁRIA À SAÚDE;INCREMENTO DO PISO DA ATENÇÃO PRIMÁRIA À SAÚDE - PAP;08612869000107;FUNDO MUNICIPAL DE SAUDE DE AMPARO-PB;11194;13/05/2026;PROPOSTA PAGA;Proposta Paga;26/05/2026;R$200.000,00;R$200.000,00;R$200.000,00
2026;71160004;S.PART.;BANCADA DA PARAÍBA;não se aplica;não se aplica;PB;250215;BOA VISTA;MUNICIPAL;BANCADA OBRIGATÓRIA;CORRENTE;301;1001;1030151192E890025;31/05/2026;36000811776202600;202600040120;FAF;INCREMENTO PAP;2E89;ATENÇÃO PRIMÁRIA À SAÚDE;INCREMENTO DO PISO DA ATENÇÃO PRIMÁRIA À SAÚDE - PAP;12868705000104;FUNDO MUNICIPAL DE SAUDE;11611;19/06/2026;EM ANALISE PELA ÁREA FINALÍSTICA;Proposta Empenhada aguardando Formalização;-;R$200.000,00;R$200.000,00;R$0,00
2026;71160010;S.PART.;BANCADA DA PARAÍBA;não se aplica;não se aplica;PB;250030;ALAGOA GRANDE;MUNICIPAL;BANCADA OBRIGATÓRIA;CORRENTE;302;1001;1030251182E900025;12/05/2026;36000804545202600;202600035180;FAF;INCREMENTO MAC;2E90;ATENÇÃO ESPECIALIZADA À SAÚDE;INCREMENTO TEMPORÁRIO DO TETO DA MÉDIA E ALTA COMPLEXIDADE - MAC;17698753000115;FUNDO MUNICIPAL DE SAUDE DE ALAGOA GRANDE;11346;20/05/2026;PROPOSTA PAGA;Proposta Paga;25/06/2026;R$327.851,00;R$327.851,00;R$327.851,00
2026;71160004;S.PART.;BANCADA DA PARAÍBA;não se aplica;não se aplica;PB;251597;SOBRADO;MUNICIPAL;BANCADA OBRIGATÓRIA;CORRENTE;301;1001;1030151192E890025;09/05/2026;36000803272202600;202600030634;FAF;INCREMENTO PAP;2E89;ATENÇÃO PRIMÁRIA À SAÚDE;INCREMENTO DO PISO DA ATENÇÃO PRIMÁRIA À SAÚDE - PAP;12012235000182;FUNDO MUNICIPAL DE SAUDE;11239;15/05/2026;PROPOSTA PAGA;Proposta Paga;16/06/2026;R$500.000,00;R$500.000,00;R$500.000,00
2026;71160010;S.PART.;BANCADA DA PARAÍBA;não se aplica;não se aplica;PB;251270;REMIGIO;MUNICIPAL;BANCADA OBRIGATÓRIA;CORRENTE;302;1001;1030251182E900025;25/05/2026;36000809119202600;202600039378;FAF;INCREMENTO MAC;2E90;ATENÇÃO ESPECIALIZADA À SAÚDE;INCREMENTO TEMPORÁRIO DO TETO DA MÉDIA E ALTA COMPLEXIDADE - MAC;11376311000176;FUNDO MUNICIPAL DE SAUDE - REMIGIO - PB;11571;16/06/2026;PROPOSTA PAGA;Proposta Paga;25/06/2026;R$500.000,00;R$500.000,00;R$500.000,00
2026;71160010;S.PART.;BANCADA DA PARAÍBA;não se aplica;não se aplica;PB;251650;TAPEROA;MUNICIPAL;BANCADA OBRIGATÓRIA;CORRENTE;302;1001;1030251182E900025;15/05/2026;36000806075202600;202600034381;FAF;INCREMENTO MAC;2E90;ATENÇÃO ESPECIALIZADA À SAÚDE;INCREMENTO TEMPORÁRIO DO TETO DA MÉDIA E ALTA COMPLEXIDADE - MAC;11850452000189;FUNDO MUNICIPAL DE SAUDE DE TAPEROA;11270;18/05/2026;PROPOSTA PAGA;Proposta Paga;17/06/2026;R$500.000,00;R$500.000,00;R$500.000,00
2026;71160004;S.PART.;BANCADA DA PARAÍBA;não se aplica;não se aplica;PB;250527;CURRAL DE CIMA;MUNICIPAL;BANCADA OBRIGATÓRIA;CORRENTE;301;1001;1030151192E890025;17/05/2026;36000806444202600;202600036591;FAF;INCREMENTO PAP;2E89;ATENÇÃO PRIMÁRIA À SAÚDE;INCREMENTO DO PISO DA ATENÇÃO PRIMÁRIA À SAÚDE - PAP;17945598000194;FUNDO MUNICIPAL DE SAUDE DE CURRAL DE CIMA;11413;26/05/2026;PROPOSTA PAGA;Proposta Paga;26/06/2026;R$300.000,00;R$300.000,00;R$300.000,00
2026;71160004;S.PART.;BANCADA DA PARAÍBA;não se aplica;não se aplica;PB;250920;MASSARANDUBA;MUNICIPAL;BANCADA OBRIGATÓRIA;CORRENTE;301;1001;1030151192E890025;18/05/2026;36000806729202600;202600036607;FAF;INCREMENTO PAP;2E89;ATENÇÃO PRIMÁRIA À SAÚDE;INCREMENTO DO PISO DA ATENÇÃO PRIMÁRIA À SAÚDE - PAP;10948421000100;FUNDO MUNICIPAL DE SAUDE;11402;26/05/2026;EM ANALISE PELA ÁREA FINALÍSTICA;Proposta Empenhada aguardando Formalização;-;R$1.000.000,00;R$1.000.000,00;R$0,00
2026;71160003;S.PART.;BANCADA DA PARAÍBA;não se aplica;não se aplica;PB;251580;SERRA REDONDA;MUNICIPAL;BANCADA OBRIGATÓRIA;CAPITAL;302;1001;10302511885358697;19/06/2026;97519352000126001;202600042276;FAF;EQUIPAMENTO;8535;ATENÇÃO ESPECIALIZADA À SAÚDE;Políticas de Atenção Ambulatorial Especializada e Serviços Hospitalares de Alta Complexidade - Ambulatório;97519352000190;FUNDO MUNICIPAL DE SAUDE;11787;01/07/2026;EM ANALISE PELA ÁREA FINALÍSTICA;Proposta Empenhada aguardando Formalização;-;R$260.541,00;R$260.541,00;R$0,00
2026;71160010;S.PART.;BANCADA DA PARAÍBA;não se aplica;não se aplica;PB;251630;SUME;MUNICIPAL;BANCADA OBRIGATÓRIA;CORRENTE;302;1001;1030251182E900025;06/05/2026;36000801681202600;202600036389;FAF;INCREMENTO MAC;2E90;ATENÇÃO ESPECIALIZADA À SAÚDE;INCREMENTO TEMPORÁRIO DO TETO DA MÉDIA E ALTA COMPLEXIDADE - MAC;11285069000125;FUNDO MUNICIPAL DE SAUDE;11393;25/05/2026;EM ANALISE PELA ÁREA FINALÍSTICA;Proposta Empenhada aguardando Formalização;-;R$2.431.787,00;R$2.431.787,00;R$0,00
2026;71160004;S.PART.;BANCADA DA PARAÍBA;não se aplica;não se aplica;PB;250215;BOA VISTA;MUNICIPAL;BANCADA OBRIGATÓRIA;CORRENTE;301;1001;1030151192E890025;31/05/2026;36000811780202600;202600040123;FAF;INCREMENTO PAP;2E89;ATENÇÃO PRIMÁRIA À SAÚDE;INCREMENTO DO PISO DA ATENÇÃO PRIMÁRIA À SAÚDE - PAP;12868705000104;FUNDO MUNICIPAL DE SAUDE;11611;19/06/2026;EM ANALISE PELA ÁREA FINALÍSTICA;Proposta Empenhada aguardando Formalização;-;R$100.000,00;R$100.000,00;R$0,00
2026;71160004;S.PART.;BANCADA DA PARAÍBA;não se aplica;não se aplica;PB;250485;COXIXOLA;MUNICIPAL;BANCADA OBRIGATÓRIA;CORRENTE;301;1001;1030151192E890025;26/05/2026;36000809234202600;202600037058;FAF;INCREMENTO PAP;2E89;ATENÇÃO PRIMÁRIA À SAÚDE;INCREMENTO DO PISO DA ATENÇÃO PRIMÁRIA À SAÚDE - PAP;11525246000101;FUNDO MUNICIPAL DE SAUDE;11487;01/06/2026;PROPOSTA PAGA;Proposta Paga;26/06/2026;R$121.282,00;R$121.282,00;R$121.282,00
2026;71160004;S.PART.;BANCADA DA PARAÍBA;não se aplica;não se aplica;PB;250535;DAMIAO;MUNICIPAL;BANCADA OBRIGATÓRIA;CORRENTE;301;1001;1030151192E890025;01/06/2026;36000811996202600;202600040134;FAF;INCREMENTO PAP;2E89;ATENÇÃO PRIMÁRIA À SAÚDE;INCREMENTO DO PISO DA ATENÇÃO PRIMÁRIA À SAÚDE - PAP;11767841000145;FUNDO MUNICIPAL DE SAUDE DAMIAO PARAIBA;11611;19/06/2026;EM ANALISE PELA ÁREA FINALÍSTICA;Proposta Empenhada aguardando Formalização;-;R$500.000,00;R$500.000,00;R$0,00
2026;71160004;S.PART.;BANCADA DA PARAÍBA;não se aplica;não se aplica;PB;250855;LOGRADOURO;MUNICIPAL;BANCADA OBRIGATÓRIA;CORRENTE;301;1001;1030151192E890025;13/05/2026;36000805196202600;202600035559;FAF;INCREMENTO PAP;2E89;ATENÇÃO PRIMÁRIA À SAÚDE;INCREMENTO DO PISO DA ATENÇÃO PRIMÁRIA À SAÚDE - PAP;11268139000137;FUNDO MUNICIPAL DE SAUDE DE LOGRADOURO;11331;20/05/2026;PROPOSTA PAGA;Proposta Paga;26/06/2026;R$200.000,00;R$200.000,00;R$200.000,00
2026;71160004;S.PART.;BANCADA DA PARAÍBA;não se aplica;não se aplica;PB;251590;SERRARIA;MUNICIPAL;BANCADA OBRIGATÓRIA;CORRENTE;301;1001;1030151192E890025;20/05/2026;36000807346202600;202600036631;FAF;INCREMENTO PAP;2E89;ATENÇÃO PRIMÁRIA À SAÚDE;INCREMENTO DO PISO DA ATENÇÃO PRIMÁRIA À SAÚDE - PAP;12011652000100;SSFUNDO MUNICIPAL DE SAUDE DE SERRARIA - PB;11413;26/05/2026;PROPOSTA PAGA;Proposta Paga;26/06/2026;R$200.000,00;R$200.000,00;R$200.000,00
2026;71160004;S.PART.;BANCADA DA PARAÍBA;não se aplica;não se aplica;PB;250905;MARCACAO;MUNICIPAL;BANCADA OBRIGATÓRIA;CORRENTE;301;1001;1030151192E890025;07/05/2026;36000802422202600;202600029705;FAF;INCREMENTO PAP;2E89;ATENÇÃO PRIMÁRIA À SAÚDE;INCREMENTO DO PISO DA ATENÇÃO PRIMÁRIA À SAÚDE - PAP;12370254000180;MARCACAO - FUNDO MUNICIPAL DE SAUDE;11194;13/05/2026;PROPOSTA PAGA;Proposta Paga;16/06/2026;R$600.000,00;R$600.000,00;R$600.000,00
2026;71160004;S.PART.;BANCADA DA PARAÍBA;não se aplica;não se aplica;PB;250720;ITATUBA;MUNICIPAL;BANCADA OBRIGATÓRIA;CORRENTE;301;1001;1030151192E890025;13/05/2026;36000804846202600;202600036597;FAF;INCREMENTO PAP;2E89;ATENÇÃO PRIMÁRIA À SAÚDE;INCREMENTO DO PISO DA ATENÇÃO PRIMÁRIA À SAÚDE - PAP;12306005000126;FUNDO MUNICIPAL DE SAUDE;11402;26/05/2026;PROPOSTA PAGA;Proposta Paga;26/06/2026;R$750.000,00;R$750.000,00;R$750.000,00
2026;71160004;S.PART.;BANCADA DA PARAÍBA;não se aplica;não se aplica;PB;251272;PEDRO REGIS;MUNICIPAL;BANCADA OBRIGATÓRIA;CORRENTE;301;1001;1030151192E890025;11/05/2026;36000803664202600;202600030617;FAF;INCREMENTO PAP;2E89;ATENÇÃO PRIMÁRIA À SAÚDE;INCREMENTO DO PISO DA ATENÇÃO PRIMÁRIA À SAÚDE - PAP;13072341000114;PEDRO REGIS FUNDO MUNICIPAL DE SAUDE;11239;15/05/2026;PROPOSTA PAGA;Proposta Paga;26/06/2026;R$300.000,00;R$300.000,00;R$300.000,00
2026;71160004;S.PART.;BANCADA DA PARAÍBA;não se aplica;não se aplica;PB;251690;UIRAUNA;MUNICIPAL;BANCADA OBRIGATÓRIA;CORRENTE;301;1001;1030151192E890025;07/05/2026;36000802389202600;202600029716;FAF;INCREMENTO PAP;2E89;ATENÇÃO PRIMÁRIA À SAÚDE;INCREMENTO DO PISO DA ATENÇÃO PRIMÁRIA À SAÚDE - PAP;10435066000168;FUNDO MUNICIPAL DE SAUDE;11194;13/05/2026;PROPOSTA PAGA;Proposta Paga;16/06/2026;R$1.000.000,00;R$1.000.000,00;R$1.000.000,00
2026;71160004;S.PART.;BANCADA DA PARAÍBA;não se aplica;não se aplica;PB;250430;CATOLE DO ROCHA;MUNICIPAL;BANCADA OBRIGATÓRIA;CORRENTE;301;1001;1030151192E890025;07/05/2026;36000801896202600;202600029697;FAF;INCREMENTO PAP;2E89;ATENÇÃO PRIMÁRIA À SAÚDE;INCREMENTO DO PISO DA ATENÇÃO PRIMÁRIA À SAÚDE - PAP;12784607000199;FUNDO MUNICIPAL DE SAUDE DE CATOLE DO ROCHA;11194;13/05/2026;PROPOSTA PAGA;Proposta Paga;16/06/2026;R$1.201.000,00;R$1.201.000,00;R$1.201.000,00
2026;71160004;S.PART.;BANCADA DA PARAÍBA;não se aplica;não se aplica;PB;251278;RIACHO DE SANTO ANTONIO;MUNICIPAL;BANCADA OBRIGATÓRIA;CORRENTE;301;1001;1030151192E890025;26/05/2026;36000809236202600;202600041952;FAF;INCREMENTO PAP;2E89;ATENÇÃO PRIMÁRIA À SAÚDE;INCREMENTO DO PISO DA ATENÇÃO PRIMÁRIA À SAÚDE - PAP;11170236000192;FUNDO MUNICIPAL DE SAUDE;11765;30/06/2026;EM ANALISE PELA ÁREA FINALÍSTICA;Proposta Empenhada aguardando Formalização;-;R$400.000,00;R$400.000,00;R$0,00
2026;71160010;S.PART.;BANCADA DA PARAÍBA;não se aplica;não se aplica;PB;250690;ITABAIANA;MUNICIPAL;BANCADA OBRIGATÓRIA;CORRENTE;302;1001;1030251182E900025;11/05/2026;36000803673202600;202600042333;FAF;INCREMENTO MAC;2E90;ATENÇÃO ESPECIALIZADA À SAÚDE;INCREMENTO TEMPORÁRIO DO TETO DA MÉDIA E ALTA COMPLEXIDADE - MAC;07615929000174;FUNDO MUNICIPAL DE SAUDE;11789;01/07/2026;EM ANALISE PELA ÁREA FINALÍSTICA;Proposta Empenhada aguardando Formalização;-;R$1.500.000,00;R$1.500.000,00;R$0,00
2026;71160010;S.PART.;BANCADA DA PARAÍBA;não se aplica;não se aplica;PB;250130;AROEIRAS;MUNICIPAL;BANCADA OBRIGATÓRIA;CORRENTE;302;1001;1030251182E900025;11/05/2026;36000803902202600;202600039376;FAF;INCREMENTO MAC;2E90;ATENÇÃO ESPECIALIZADA À SAÚDE;INCREMENTO TEMPORÁRIO DO TETO DA MÉDIA E ALTA COMPLEXIDADE - MAC;10819820000163;FUNDO MUNICIPAL DE SAUDE;11571;16/06/2026;EM ANALISE PELA ÁREA FINALÍSTICA;Proposta Empenhada aguardando Formalização;-;R$83.610,00;R$83.610,00;R$0,00
2026;71160010;S.PART.;BANCADA DA PARAÍBA;não se aplica;não se aplica;PB;250240;BONITO DE SANTA FE;MUNICIPAL;BANCADA OBRIGATÓRIA;CORRENTE;302;1001;1030251182E900025;12/05/2026;36000804466202600;202600034361;FAF;INCREMENTO MAC;2E90;ATENÇÃO ESPECIALIZADA À SAÚDE;INCREMENTO TEMPORÁRIO DO TETO DA MÉDIA E ALTA COMPLEXIDADE - MAC;11494230000170;FUNDO MUNICIPAL DE SAUDE BONITO DE SANTA FE;11270;18/05/2026;PROPOSTA PAGA;Proposta Paga;26/06/2026;R$100.000,00;R$100.000,00;R$100.000,00
2026;71160010;S.PART.;BANCADA DA PARAÍBA;não se aplica;não se aplica;PB;250400;CAMPINA GRANDE;MUNICIPAL;BANCADA OBRIGATÓRIA;CORRENTE;302;1001;1030251182E900025;06/05/2026;36000801131202600;202600036380;FAF;INCREMENTO MAC;2E90;ATENÇÃO ESPECIALIZADA À SAÚDE;INCREMENTO TEMPORÁRIO DO TETO DA MÉDIA E ALTA COMPLEXIDADE - MAC;24513574000121;FUNDO MUNICIPAL DE SAUDE DE CAMPINA GRANDE;11400;26/05/2026;PROPOSTA PAGA;Proposta Paga;25/06/2026;R$200.000,00;R$200.000,00;R$200.000,00
2026;71160004;S.PART.;BANCADA DA PARAÍBA;não se aplica;não se aplica;PB;251170;PILOEZINHOS;MUNICIPAL;BANCADA OBRIGATÓRIA;CORRENTE;301;1001;1030151192E890025;11/05/2026;36000803880202600;202600030620;FAF;INCREMENTO PAP;2E89;ATENÇÃO PRIMÁRIA À SAÚDE;INCREMENTO DO PISO DA ATENÇÃO PRIMÁRIA À SAÚDE - PAP;12002118000138;FUNDO MUNICIPAL DE SAUDE - PILOEZINHOS-PB;11239;15/05/2026;PROPOSTA PAGA;Proposta Paga;26/05/2026;R$500.000,00;R$500.000,00;R$500.000,00
2026;71160010;S.PART.;BANCADA DA PARAÍBA;não se aplica;não se aplica;PB;250700;ITAPORANGA;MUNICIPAL;BANCADA OBRIGATÓRIA;CORRENTE;302;1001;1030251182E900025;14/05/2026;36000805386202600;202600034367;FAF;INCREMENTO MAC;2E90;ATENÇÃO ESPECIALIZADA À SAÚDE;INCREMENTO TEMPORÁRIO DO TETO DA MÉDIA E ALTA COMPLEXIDADE - MAC;11174552000132;FUNDO MUNICIPAL DE SAUDE DE ITAPORANGA;11270;18/05/2026;PROPOSTA PAGA;Proposta Paga;17/06/2026;R$500.000,00;R$500.000,00;R$500.000,00
2026;71160010;S.PART.;BANCADA DA PARAÍBA;não se aplica;não se aplica;PB;251140;PICUI;MUNICIPAL;BANCADA OBRIGATÓRIA;CORRENTE;302;1001;1030251182E900025;26/05/2026;36000809523202600;202600036961;FAF;INCREMENTO MAC;2E90;ATENÇÃO ESPECIALIZADA À SAÚDE;INCREMENTO TEMPORÁRIO DO TETO DA MÉDIA E ALTA COMPLEXIDADE - MAC;08619650000121;FUNDO MUNICIPAL DE SAUDE;11469;29/05/2026;EM ANALISE PELA ÁREA FINALÍSTICA;Proposta Empenhada aguardando Formalização;-;R$500.000,00;R$500.000,00;R$0,00
2026;71160004;S.PART.;BANCADA DA PARAÍBA;não se aplica;não se aplica;PB;251360;SANTANA DOS GARROTES;MUNICIPAL;BANCADA OBRIGATÓRIA;CORRENTE;301;1001;1030151192E890025;28/05/2026;36000811264202600;202600040152;FAF;INCREMENTO PAP;2E89;ATENÇÃO PRIMÁRIA À SAÚDE;INCREMENTO DO PISO DA ATENÇÃO PRIMÁRIA À SAÚDE - PAP;12290612000145;FUNDO MUNICIPAL DE SAUDE DE SANTANA DOS GARROTES;11611;19/06/2026;EM ANALISE PELA ÁREA FINALÍSTICA;Proposta Empenhada aguardando Formalização;-;R$200.000,00;R$200.000,00;R$0,00
2026;71160004;S.PART.;BANCADA DA PARAÍBA;não se aplica;não se aplica;PB;251740;ZABELE;MUNICIPAL;BANCADA OBRIGATÓRIA;CORRENTE;301;1001;1030151192E890025;13/05/2026;36000804995202600;202600035617;FAF;INCREMENTO PAP;2E89;ATENÇÃO PRIMÁRIA À SAÚDE;INCREMENTO DO PISO DA ATENÇÃO PRIMÁRIA À SAÚDE - PAP;11348419000155;FUNDO MUNICIPAL DE SAUDE DE ZABELE;11331;20/05/2026;PROPOSTA PAGA;Proposta Paga;26/06/2026;R$200.000,00;R$200.000,00;R$200.000,00
2026;71160010;S.PART.;BANCADA DA PARAÍBA;não se aplica;não se aplica;PB;251700;UMBUZEIRO;MUNICIPAL;BANCADA OBRIGATÓRIA;CORRENTE;302;1001;1030251182E900025;19/05/2026;36000807158202600;202600036126;FAF;INCREMENTO MAC;2E90;ATENÇÃO ESPECIALIZADA À SAÚDE;INCREMENTO TEMPORÁRIO DO TETO DA MÉDIA E ALTA COMPLEXIDADE - MAC;09494245000197;FUNDO MUNICIPAL DE SAUDE;11372;22/05/2026;PROPOSTA PAGA;Proposta Paga;25/06/2026;R$620.000,00;R$620.000,00;R$620.000,00
2026;71160004;S.PART.;BANCADA DA PARAÍBA;não se aplica;não se aplica;PB;251210;POMBAL;MUNICIPAL;BANCADA OBRIGATÓRIA;CORRENTE;301;1001;1030151192E890025;07/05/2026;36000801782202600;202600035589;FAF;INCREMENTO PAP;2E89;ATENÇÃO PRIMÁRIA À SAÚDE;INCREMENTO DO PISO DA ATENÇÃO PRIMÁRIA À SAÚDE - PAP;10602526000103;FUNDO MUNICIPAL DE SAUDE;11331;20/05/2026;PROPOSTA PAGA;Proposta Paga;26/06/2026;R$750.000,00;R$750.000,00;R$750.000,00
2026;71160004;S.PART.;BANCADA DA PARAÍBA;não se aplica;não se aplica;PB;250560;DIAMANTE;MUNICIPAL;BANCADA OBRIGATÓRIA;CORRENTE;301;1001;1030151192E890025;20/05/2026;36000807283202600;202600037061;FAF;INCREMENTO PAP;2E89;ATENÇÃO PRIMÁRIA À SAÚDE;INCREMENTO DO PISO DA ATENÇÃO PRIMÁRIA À SAÚDE - PAP;10382118000185;FUNDO MUNICIPAL DE SAUDE DE DIAMANTE;11487;01/06/2026;PROPOSTA PAGA;Proposta Paga;26/06/2026;R$300.000,00;R$300.000,00;R$300.000,00
2026;71160003;S.PART.;BANCADA DA PARAÍBA;não se aplica;não se aplica;PB;250850;LIVRAMENTO;MUNICIPAL;BANCADA OBRIGATÓRIA;CAPITAL;302;1001;10302511885358697;19/06/2026;11188530000126003;202600041691;FAF;EQUIPAMENTO;8535;ATENÇÃO ESPECIALIZADA À SAÚDE;Rede de Urgência e Emergência - Pronto Atendimento;11188530000121;FUNDO MUNICIPAL DE SAUDE;11756;30/06/2026;EM ANALISE PELA ÁREA FINALÍSTICA;Proposta Empenhada aguardando Formalização;-;R$25.915,00;R$25.915,00;R$0,00
2026;71160004;S.PART.;BANCADA DA PARAÍBA;não se aplica;não se aplica;PB;250110;AREIA;MUNICIPAL;BANCADA OBRIGATÓRIA;CORRENTE;301;1001;1030151192E890025;14/05/2026;36000805229202600;202600035512;FAF;INCREMENTO PAP;2E89;ATENÇÃO PRIMÁRIA À SAÚDE;INCREMENTO DO PISO DA ATENÇÃO PRIMÁRIA À SAÚDE - PAP;11268285000162;FUNDO MUNICIPAL DE SAUDE;11331;20/05/2026;EM ANALISE PELA ÁREA FINALÍSTICA;Proposta Empenhada aguardando Formalização;-;R$1.000.602,00;R$1.000.602,00;R$0,00
2026;71160004;S.PART.;BANCADA DA PARAÍBA;não se aplica;não se aplica;PB;251450;SAO JOSE DE PIRANHAS;MUNICIPAL;BANCADA OBRIGATÓRIA;CORRENTE;301;1001;1030151192E890025;08/05/2026;36000802743202600;202600030630;FAF;INCREMENTO PAP;2E89;ATENÇÃO PRIMÁRIA À SAÚDE;INCREMENTO DO PISO DA ATENÇÃO PRIMÁRIA À SAÚDE - PAP;11602227000123;FUNDO MUNICIPAL DE SAUDE;11239;15/05/2026;PROPOSTA PAGA;Proposta Paga;16/06/2026;R$1.400.000,00;R$1.400.000,00;R$1.400.000,00
2026;71160004;S.PART.;BANCADA DA PARAÍBA;não se aplica;não se aplica;PB;251440;SAO JOSE DE ESPINHARAS;MUNICIPAL;BANCADA OBRIGATÓRIA;CORRENTE;301;1001;1030151192E890025;06/05/2026;36000801487202600;202600029710;FAF;INCREMENTO PAP;2E89;ATENÇÃO PRIMÁRIA À SAÚDE;INCREMENTO DO PISO DA ATENÇÃO PRIMÁRIA À SAÚDE - PAP;11418606000168;FUNDO MUNICIPAL DE SAUDE;11194;13/05/2026;PROPOSTA PAGA;Proposta Paga;16/06/2026;R$400.000,00;R$400.000,00;R$400.000,00
2026;71160004;S.PART.;BANCADA DA PARAÍBA;não se aplica;não se aplica;PB;250290;BREJO DOS SANTOS;MUNICIPAL;BANCADA OBRIGATÓRIA;CORRENTE;301;1001;1030151192E890025;08/05/2026;36000802550202600;202600035522;FAF;INCREMENTO PAP;2E89;ATENÇÃO PRIMÁRIA À SAÚDE;INCREMENTO DO PISO DA ATENÇÃO PRIMÁRIA À SAÚDE - PAP;18000776000177;FUNDO MUNICIPAL DE SAUDE DE BREJO DOS SANTOS;11331;20/05/2026;PROPOSTA PAGA;Proposta Paga;26/06/2026;R$450.000,00;R$450.000,00;R$450.000,00
2026;71160010;S.PART.;BANCADA DA PARAÍBA;não se aplica;não se aplica;PB;251550;SERRA BRANCA;MUNICIPAL;BANCADA OBRIGATÓRIA;CORRENTE;302;1001;1030251182E900025;18/05/2026;36000806644202600;202600036388;FAF;INCREMENTO MAC;2E90;ATENÇÃO ESPECIALIZADA À SAÚDE;INCREMENTO TEMPORÁRIO DO TETO DA MÉDIA E ALTA COMPLEXIDADE - MAC;05456092000132;FUNDO MUNICIPAL DE SAUDE;11400;26/05/2026;EM ANALISE PELA ÁREA FINALÍSTICA;Proposta Empenhada aguardando Formalização;-;R$1.000.000,00;R$1.000.000,00;R$0,00
2026;71160004;S.PART.;BANCADA DA PARAÍBA;não se aplica;não se aplica;PB;250450;CONDADO;MUNICIPAL;BANCADA OBRIGATÓRIA;CORRENTE;301;1001;1030151192E890025;25/05/2026;36000809148202600;202600040130;FAF;INCREMENTO PAP;2E89;ATENÇÃO PRIMÁRIA À SAÚDE;INCREMENTO DO PISO DA ATENÇÃO PRIMÁRIA À SAÚDE - PAP;04275034000140;FUNDO MUNICIPAL DE SAUDE;11611;19/06/2026;EM ANALISE PELA ÁREA FINALÍSTICA;Proposta Empenhada aguardando Formalização;-;R$500.000,00;R$500.000,00;R$0,00
2026;71160010;S.PART.;BANCADA DA PARAÍBA;não se aplica;não se aplica;PB;250280;BREJO DO CRUZ;MUNICIPAL;BANCADA OBRIGATÓRIA;CORRENTE;302;1001;1030251182E900025;13/05/2026;36000805031202600;202600030859;FAF;INCREMENTO MAC;2E90;ATENÇÃO ESPECIALIZADA À SAÚDE;INCREMENTO TEMPORÁRIO DO TETO DA MÉDIA E ALTA COMPLEXIDADE - MAC;12452534000138;FUNDO MUNICIPAL DE SAUDE DE BREJO DO CRUZ;11227;15/05/2026;PROPOSTA PAGA;Proposta Paga;26/06/2026;R$200.000,00;R$200.000,00;R$200.000,00
2026;71160010;S.PART.;BANCADA DA PARAÍBA;não se aplica;não se aplica;PB;250750;JOAO PESSOA;MUNICIPAL;BANCADA OBRIGATÓRIA;CORRENTE;302;1001;1030251182E900025;17/05/2026;36000806431202600;202600041463;FAF;INCREMENTO MAC;2E90;ATENÇÃO ESPECIALIZADA À SAÚDE;INCREMENTO TEMPORÁRIO DO TETO DA MÉDIA E ALTA COMPLEXIDADE - MAC;08715618000140;FUNDO MUNICIPAL DE SAUDE;11727;29/06/2026;EM ANALISE PELA ÁREA FINALÍSTICA;Proposta Empenhada aguardando Formalização;-;R$200.000,00;R$200.000,00;R$0,00
2026;71160010;S.PART.;BANCADA DA PARAÍBA;não se aplica;não se aplica;PB;250053;ALCANTIL;MUNICIPAL;BANCADA OBRIGATÓRIA;CORRENTE;302;1001;1030251182E900025;04/06/2026;36000812580202600;202600039359;FAF;INCREMENTO MAC;2E90;ATENÇÃO ESPECIALIZADA À SAÚDE;INCREMENTO TEMPORÁRIO DO TETO DA MÉDIA E ALTA COMPLEXIDADE - MAC;08448753000176;FUNDO MUNICIPAL DE SAUDE - ALCANTIL PB;11571;16/06/2026;PROPOSTA PAGA;Proposta Paga;25/06/2026;R$350.000,00;R$350.000,00;R$350.000,00
2026;71160004;S.PART.;BANCADA DA PARAÍBA;não se aplica;não se aplica;PB;251000;NAZAREZINHO;MUNICIPAL;BANCADA OBRIGATÓRIA;CORRENTE;301;1001;1030151192E890025;15/05/2026;36000806018202600;202600036611;FAF;INCREMENTO PAP;2E89;ATENÇÃO PRIMÁRIA À SAÚDE;INCREMENTO DO PISO DA ATENÇÃO PRIMÁRIA À SAÚDE - PAP;12445365000109;FUNDO MUNICIPAL DE SAUDE DE NAZAREZINHO;11413;26/05/2026;PROPOSTA PAGA;Proposta Paga;26/06/2026;R$700.000,00;R$700.000,00;R$700.000,00
2026;71160004;S.PART.;BANCADA DA PARAÍBA;não se aplica;não se aplica;PB;251550;SERRA BRANCA;MUNICIPAL;BANCADA OBRIGATÓRIA;CORRENTE;301;1001;1030151192E890025;20/05/2026;36000807313202600;202600036627;FAF;INCREMENTO PAP;2E89;ATENÇÃO PRIMÁRIA À SAÚDE;INCREMENTO DO PISO DA ATENÇÃO PRIMÁRIA À SAÚDE - PAP;05456092000132;FUNDO MUNICIPAL DE SAUDE;11413;26/05/2026;PROPOSTA PAGA;Proposta Paga;26/06/2026;R$850.000,00;R$850.000,00;R$850.000,00
2026;71160004;S.PART.;BANCADA DA PARAÍBA;não se aplica;não se aplica;PB;251272;PEDRO REGIS;MUNICIPAL;BANCADA OBRIGATÓRIA;CORRENTE;301;1001;1030151192E890025;11/05/2026;36000803861202600;202600030618;FAF;INCREMENTO PAP;2E89;ATENÇÃO PRIMÁRIA À SAÚDE;INCREMENTO DO PISO DA ATENÇÃO PRIMÁRIA À SAÚDE - PAP;13072341000114;PEDRO REGIS FUNDO MUNICIPAL DE SAUDE;11239;15/05/2026;EM ANALISE PELA ÁREA FINALÍSTICA;Proposta Empenhada aguardando Formalização;-;R$1.000.000,00;R$1.000.000,00;R$0,00
2026;71160003;S.PART.;BANCADA DA PARAÍBA;não se aplica;não se aplica;PB;250770;JUAZEIRINHO;MUNICIPAL;BANCADA OBRIGATÓRIA;CAPITAL;302;1001;10302511885358697;10/06/2026;11277311000126013;202600042620;FAF;EQUIPAMENTO;8535;ATENÇÃO ESPECIALIZADA À SAÚDE;Políticas de Atenção Ambulatorial Especializada e Serviços Hospitalares de Alta Complexidade - Ambulatório;11277311000119;FUNDO MUNICIPAL DE SAUDE DE JUAZEIRINHO;11937;06/07/2026;EM ANALISE PELA ÁREA FINALÍSTICA;Proposta Empenhada aguardando Formalização;-;R$141.319,00;R$141.319,00;R$0,00
2026;71160003;S.PART.;BANCADA DA PARAÍBA;não se aplica;não se aplica;PB;250640;GURINHEM;MUNICIPAL;BANCADA OBRIGATÓRIA;CAPITAL;302;1001;10302511885358697;15/05/2026;11739873000126001;202600043792;FAF;EQUIPAMENTO;8535;ATENÇÃO ESPECIALIZADA À SAÚDE;Rede de Atenção Hospitalar - Ambulância de Transporte Tipo A - Remoção Simples - Eletiva;11739873000137;FMS DE GURINHEM;12071;07/08/2026;EM ANALISE PELA ÁREA FINALÍSTICA;Proposta Empenhada aguardando Formalização;-;R$334.413,00;R$334.413,00;R$0,00
2025;71160001;S.PART.;BANCADA DA PARAÍBA;não se aplica;não se aplica;PB;250750;JOAO PESSOA;MUNICIPAL;BANCADA OBRIGATÓRIA;CAPITAL;301;1001;10301511985817022;01/10/2025;08715618000125006;202500033396;FAF;EQUIPAMENTO;8581;ATENÇÃO PRIMÁRIA À SAÚDE;EQUIPAMENTOS - UBS;08715618000140;FUNDO MUNICIPAL DE SAUDE;8518;24/10/2025;PROPOSTA PAGA;Proposta Paga;13/11/2025;R$2.049.358,00;R$2.049.358,00;R$2.049.358,00
2025;71160010;S.PART.;BANCADA DA PARAÍBA;não se aplica;não se aplica;PB;251330;SANTA HELENA;MUNICIPAL;BANCADA OBRIGATÓRIA;CORRENTE;302;1001;1030251182E900025;14/11/2025;36000717876202500;202500039092;FAF;INCREMENTO MAC;2E90;ATENÇÃO ESPECIALIZADA À SAÚDE;Incremento Temporário do Teto da Média e Alta Complexidade - MAC;11245287000136;FUNDO MUNICIPAL DE SAUDE DE SANTA HELENA-PB;8967;27/11/2025;PROPOSTA PAGA;Proposta Paga;29/12/2025;R$560.000,00;R$560.000,00;R$560.000,00
2025;71160002;S.PART.;BANCADA DA PARAÍBA;não se aplica;não se aplica;PB;250920;MASSARANDUBA;MUNICIPAL;BANCADA OBRIGATÓRIA;CORRENTE;301;1001;1030151192E890025;12/12/2025;36000722072202500;202500041871;FAF;INCREMENTO PAP;2E89;ATENÇÃO PRIMÁRIA À SAÚDE;INCREMENTO DO PISO DA ATENÇÃO PRIMÁRIA À SAÚDE - PAP;10948421000100;FUNDO MUNICIPAL DE SAUDE;9400;17/12/2025;PROPOSTA PAGA;Proposta Paga;29/12/2025;R$100.295,00;R$100.295,00;R$100.295,00
2025;71160007;S.PART.;BANCADA DA PARAÍBA;não se aplica;não se aplica;PB;250375;CAJAZEIRINHAS;MUNICIPAL;BANCADA OBRIGATÓRIA;CAPITAL;302;3129;10302511885358697;14/11/2025;10461231000125003;202500040516;FAF;EQUIPAMENTO;8535;ATENÇÃO ESPECIALIZADA À SAÚDE;Rede de Atenção Hospitalar - Ambulância de Transporte Tipo A - Remoção Simples - Eletiva;10461231000156;FUNDO MUNICIPAL DE SAUDE DE CAJAZEIRINHAS;9181;09/12/2025;PROPOSTA PAGA;Proposta Paga;12/02/2026;R$314.200,00;R$314.200,00;R$314.200,00
2025;71160002;S.PART.;BANCADA DA PARAÍBA;não se aplica;não se aplica;PB;250190;BELEM;MUNICIPAL;BANCADA OBRIGATÓRIA;CORRENTE;301;1001;1030151192E890025;09/09/2025;36000703592202500;202500029596;FAF;INCREMENTO PAP;2E89;ATENÇÃO PRIMÁRIA À SAÚDE;INCREMENTO DO PISO DA ATENÇÃO PRIMÁRIA À SAÚDE - PAP;11429813000118;FUNDO MUNICIPAL DE SAUDE DE BELEM;8329;07/10/2025;PROPOSTA PAGA;Proposta Paga;15/10/2025;R$500.000,00;R$500.000,00;R$500.000,00
2025;71160002;S.PART.;BANCADA DA PARAÍBA;não se aplica;não se aplica;PB;250390;CAMALAU;MUNICIPAL;BANCADA OBRIGATÓRIA;CORRENTE;301;1001;1030151192E890025;19/09/2025;36000708367202500;202500028035;FAF;INCREMENTO PAP;2E89;ATENÇÃO PRIMÁRIA À SAÚDE;INCREMENTO DO PISO DA ATENÇÃO PRIMÁRIA À SAÚDE - PAP;11417610000101;FUNDO MUNICIPAL DE SAUDE CAMALAU;8259;29/09/2025;PROPOSTA PAGA;Proposta Paga;09/10/2025;R$500.000,00;R$500.000,00;R$500.000,00
2025;71160002;S.PART.;BANCADA DA PARAÍBA;não se aplica;não se aplica;PB;250230;BOM SUCESSO;MUNICIPAL;BANCADA OBRIGATÓRIA;CORRENTE;301;1001;1030151192E890025;15/09/2025;36000706315202500;202500031119;FAF;INCREMENTO PAP;2E89;ATENÇÃO PRIMÁRIA À SAÚDE;INCREMENTO DO PISO DA ATENÇÃO PRIMÁRIA À SAÚDE - PAP;12403050000107;FUNDO MUNICIPAL DE SAUDE - FMS;8410;15/10/2025;PROPOSTA PAGA;Proposta Paga;27/10/2025;R$200.000,00;R$200.000,00;R$200.000,00
2025;71160002;S.PART.;BANCADA DA PARAÍBA;não se aplica;não se aplica;PB;250380;CALDAS BRANDAO;MUNICIPAL;BANCADA OBRIGATÓRIA;CORRENTE;301;1001;1030151192E890025;25/09/2025;36000709562202500;202500036541;FAF;INCREMENTO PAP;2E89;ATENÇÃO PRIMÁRIA À SAÚDE;INCREMENTO DO PISO DA ATENÇÃO PRIMÁRIA À SAÚDE - PAP;11238753000156;FUNDO MUNICIPAL DE SAUDE CALDAS BRANDAO;8702;10/11/2025;PROPOSTA PAGA;Proposta Paga;28/11/2025;R$200.000,00;R$200.000,00;R$200.000,00
2025;71160010;S.PART.;BANCADA DA PARAÍBA;não se aplica;não se aplica;PB;250890;MAMANGUAPE;MUNICIPAL;BANCADA OBRIGATÓRIA;CORRENTE;302;1001;1030251182E900025;15/09/2025;36000706478202500;202500026518;FAF;INCREMENTO MAC;2E90;ATENÇÃO ESPECIALIZADA À SAÚDE;Incremento Temporário do Teto da Média e Alta Complexidade - MAC;08674396000164;FUNDO MUNICIPAL DE SAUDE DE MAMANGUAPE;8180;22/09/2025;PROPOSTA PAGA;Proposta Paga;21/10/2025;R$500.000,00;R$500.000,00;R$500.000,00
2025;71160002;S.PART.;BANCADA DA PARAÍBA;não se aplica;não se aplica;PB;250690;ITABAIANA;MUNICIPAL;BANCADA OBRIGATÓRIA;CORRENTE;301;1001;1030151192E890025;05/09/2025;36000702113202500;202500025336;FAF;INCREMENTO PAP;2E89;ATENÇÃO PRIMÁRIA À SAÚDE;INCREMENTO DO PISO DA ATENÇÃO PRIMÁRIA À SAÚDE - PAP;07615929000174;FUNDO MUNICIPAL DE SAUDE;8108;16/09/2025;PROPOSTA PAGA;Proposta Paga;01/10/2025;R$600.000,00;R$600.000,00;R$600.000,00
2025;71160010;S.PART.;BANCADA DA PARAÍBA;não se aplica;não se aplica;PB;251400;SAO JOAO DO CARIRI;MUNICIPAL;BANCADA OBRIGATÓRIA;CORRENTE;302;1001;1030251182E900025;03/09/2025;36000700412202500;202500039801;FAF;INCREMENTO MAC;2E90;ATENÇÃO ESPECIALIZADA À SAÚDE;Incremento Temporário do Teto da Média e Alta Complexidade - MAC;12447221000191;FUNDO MUNICIPAL DE SAUDE DE SAO JOAO DO CARIRI - PB;9077;03/12/2025;PROPOSTA PAGA;Proposta Paga;12/02/2026;R$300.000,00;R$300.000,00;R$300.000,00
2025;71160002;S.PART.;BANCADA DA PARAÍBA;não se aplica;não se aplica;PB;251150;PILAR;MUNICIPAL;BANCADA OBRIGATÓRIA;CORRENTE;301;1001;1030151192E890025;09/09/2025;36000703702202500;202500027614;FAF;INCREMENTO PAP;2E89;ATENÇÃO PRIMÁRIA À SAÚDE;INCREMENTO DO PISO DA ATENÇÃO PRIMÁRIA À SAÚDE - PAP;11171199000137;FUNDO MUNICIPAL DE SAUDE DO MUNICIPIO DE PILAR;8246;26/09/2025;PROPOSTA PAGA;Proposta Paga;09/10/2025;R$200.000,00;R$200.000,00;R$200.000,00
2025;71160010;S.PART.;BANCADA DA PARAÍBA;não se aplica;não se aplica;PB;250100;ARARUNA;MUNICIPAL;BANCADA OBRIGATÓRIA;CORRENTE;302;1001;1030251182E900025;01/10/2025;36000710431202500;202500042586;FAF;INCREMENTO MAC;2E90;ATENÇÃO ESPECIALIZADA À SAÚDE;Incremento Temporário do Teto da Média e Alta Complexidade - MAC;11667845000151;FUNDO MUNICIPAL DE SAUDE DE ARARUNA PARAIBA;9581;22/12/2025;PROPOSTA PAGA;Proposta Paga;29/12/2025;R$400.000,00;R$400.000,00;R$400.000,00
2025;71160002;S.PART.;BANCADA DA PARAÍBA;não se aplica;não se aplica;PB;250950;MONTADAS;MUNICIPAL;BANCADA OBRIGATÓRIA;CORRENTE;301;1001;1030151192E890025;02/09/2025;36000698580202500;202500025351;FAF;INCREMENTO PAP;2E89;ATENÇÃO PRIMÁRIA À SAÚDE;INCREMENTO DO PISO DA ATENÇÃO PRIMÁRIA À SAÚDE - PAP;13884126000118;FUNDO MUNICIPAL DE SAUDE DE MONTADAS;8108;16/09/2025;PROPOSTA PAGA;Proposta Paga;01/10/2025;R$850.000,00;R$850.000,00;R$850.000,00
2025;71160001;S.PART.;BANCADA DA PARAÍBA;não se aplica;não se aplica;PB;250970;MONTEIRO;MUNICIPAL;BANCADA OBRIGATÓRIA;CAPITAL;301;1001;10301511985817022;11/10/2025;11214763000125008;202500032239;FAF;EQUIPAMENTO;8581;ATENÇÃO PRIMÁRIA À SAÚDE;EQUIPAMENTOS - UBS;11214763000151;FUNDO MUNICIPAL DE SAUDE DE MONTEIRO;8452;20/10/2025;PROPOSTA PAGA;Proposta Paga;05/02/2026;R$230.000,00;R$230.000,00;R$230.000,00
2025;71160002;S.PART.;BANCADA DA PARAÍBA;não se aplica;não se aplica;PB;250420;CATINGUEIRA;MUNICIPAL;BANCADA OBRIGATÓRIA;CORRENTE;301;1001;1030151192E890025;17/09/2025;36000707389202500;202500029447;FAF;INCREMENTO PAP;2E89;ATENÇÃO PRIMÁRIA À SAÚDE;INCREMENTO DO PISO DA ATENÇÃO PRIMÁRIA À SAÚDE - PAP;12401524000173;FUNDO MUNICIPAL DE SAUDE;8319;06/10/2025;PROPOSTA PAGA;Proposta Paga;15/10/2025;R$300.000,00;R$300.000,00;R$300.000,00
2025;71160010;S.PART.;BANCADA DA PARAÍBA;não se aplica;não se aplica;PB;250620;FREI MARTINHO;MUNICIPAL;BANCADA OBRIGATÓRIA;CORRENTE;302;1001;1030251182E900025;02/10/2025;36000710792202500;202500041567;FAF;INCREMENTO MAC;2E90;ATENÇÃO ESPECIALIZADA À SAÚDE;Incremento Temporário do Teto da Média e Alta Complexidade - MAC;11252030000101;FUNDO MUNICIPAL DE SAUDE DE FREI MARTINHO;9414;17/12/2025;PROPOSTA PAGA;Proposta Paga;29/12/2025;R$103.698,00;R$103.698,00;R$103.698,00
2025;71160002;S.PART.;BANCADA DA PARAÍBA;não se aplica;não se aplica;PB;251110;PEDRA LAVRADA;MUNICIPAL;BANCADA OBRIGATÓRIA;CORRENTE;301;1001;1030151192E890025;12/09/2025;36000705635202500;202500027612;FAF;INCREMENTO PAP;2E89;ATENÇÃO PRIMÁRIA À SAÚDE;INCREMENTO DO PISO DA ATENÇÃO PRIMÁRIA À SAÚDE - PAP;08932293000157;FUNDO MUNICIPAL DE SAUDE DE PEDRA LAVRADA;8246;26/09/2025;PROPOSTA PAGA;Proposta Paga;09/10/2025;R$300.000,00;R$300.000,00;R$300.000,00
2025;71160010;S.PART.;BANCADA DA PARAÍBA;não se aplica;não se aplica;PB;251680;TRIUNFO;MUNICIPAL;BANCADA OBRIGATÓRIA;CORRENTE;302;1001;1030251182E900025;26/11/2025;36000719552202500;202500039967;FAF;INCREMENTO MAC;2E90;ATENÇÃO ESPECIALIZADA À SAÚDE;Incremento Temporário do Teto da Média e Alta Complexidade - MAC;12794460000118;FUNDO MUNICIPAL DE SAUDE DE TRIUNFO;9095;04/12/2025;PROPOSTA PAGA;Proposta Paga;29/12/2025;R$400.000,00;R$400.000,00;R$400.000,00
2025;71160002;S.PART.;BANCADA DA PARAÍBA;não se aplica;não se aplica;PB;250150;BANANEIRAS;MUNICIPAL;BANCADA OBRIGATÓRIA;CORRENTE;301;1001;1030151192E890025;02/09/2025;36000697370202500;202500025295;FAF;INCREMENTO PAP;2E89;ATENÇÃO PRIMÁRIA À SAÚDE;INCREMENTO DO PISO DA ATENÇÃO PRIMÁRIA À SAÚDE - PAP;18730452000194;BANANEIRAS - FUNDO MUNICIPAL DE SAUDE;8108;16/09/2025;PROPOSTA PAGA;Proposta Paga;01/10/2025;R$2.200.000,00;R$2.200.000,00;R$2.200.000,00
2025;71160010;S.PART.;BANCADA DA PARAÍBA;não se aplica;não se aplica;PB;250030;ALAGOA GRANDE;MUNICIPAL;BANCADA OBRIGATÓRIA;CORRENTE;302;1001;1030251182E900025;05/09/2025;36000701976202500;202500032291;FAF;INCREMENTO MAC;2E90;ATENÇÃO ESPECIALIZADA À SAÚDE;Incremento Temporário do Teto da Média e Alta Complexidade - MAC;17698753000115;FUNDO MUNICIPAL DE SAUDE DE ALAGOA GRANDE;8455;20/10/2025;PROPOSTA PAGA;Proposta Paga;29/12/2025;R$700.000,00;R$700.000,00;R$700.000,00
2025;71160007;S.PART.;BANCADA DA PARAÍBA;não se aplica;não se aplica;PB;250540;DESTERRO;MUNICIPAL;BANCADA OBRIGATÓRIA;CAPITAL;302;3129;10302511885358697;15/12/2025;10493355000125024;202500042898;FAF;EQUIPAMENTO;8535;ATENÇÃO ESPECIALIZADA À SAÚDE;Rede de Atenção Psicossocial - Centro de Atenção Psicossocial (Caps);10493355000113;FUNDO MUNICIPAL DE SAUDE DE DESTERRO;9601;23/12/2025;PROPOSTA PAGA;Proposta Paga;29/12/2025;R$272.257,00;R$272.257,00;R$272.257,00
2025;71160007;S.PART.;BANCADA DA PARAÍBA;não se aplica;não se aplica;PB;250390;CAMALAU;MUNICIPAL;BANCADA OBRIGATÓRIA;CAPITAL;302;3129;10302511885358697;01/12/2025;11417610000125006;202500043515;FAF;EQUIPAMENTO;8535;ATENÇÃO ESPECIALIZADA À SAÚDE;Políticas de Atenção Ambulatorial Especializada e Serviços Hospitalares de Alta Complexidade - Ambulatório;11417610000101;FUNDO MUNICIPAL DE SAUDE CAMALAU;9746;29/12/2025;EM ANALISE PELA ÁREA FINALÍSTICA;Proposta Empenhada aguardando Formalização;-;R$274.968,00;R$274.968,00;R$0,00
2025;71160002;S.PART.;BANCADA DA PARAÍBA;não se aplica;não se aplica;PB;251203;POCO DANTAS;MUNICIPAL;BANCADA OBRIGATÓRIA;CORRENTE;301;1001;1030151192E890025;08/09/2025;36000703141202500;202500027616;FAF;INCREMENTO PAP;2E89;ATENÇÃO PRIMÁRIA À SAÚDE;INCREMENTO DO PISO DA ATENÇÃO PRIMÁRIA À SAÚDE - PAP;08743272000193;FUNDO MUNICIPAL DE SAUDE;8246;26/09/2025;PROPOSTA PAGA;Proposta Paga;09/10/2025;R$169.227,00;R$169.227,00;R$169.227,00
2025;71160007;S.PART.;BANCADA DA PARAÍBA;não se aplica;não se aplica;PB;250950;MONTADAS;MUNICIPAL;BANCADA OBRIGATÓRIA;CAPITAL;302;3129;10302511885358697;02/10/2025;13884126000125005;202500043000;FAF;EQUIPAMENTO;8535;ATENÇÃO ESPECIALIZADA À SAÚDE;Rede de Atenção Hospitalar - Ambulância de Transporte Tipo A - Remoção Simples - Eletiva;13884126000118;FUNDO MUNICIPAL DE SAUDE DE MONTADAS;9652;24/12/2025;PROPOSTA PAGA;Proposta Paga;12/02/2026;R$314.200,00;R$314.200,00;R$314.200,00
2025;71160002;S.PART.;BANCADA DA PARAÍBA;não se aplica;não se aplica;PB;250100;ARARUNA;MUNICIPAL;BANCADA OBRIGATÓRIA;CORRENTE;301;1001;1030151192E890025;02/10/2025;36000710612202500;202500029592;FAF;INCREMENTO PAP;2E89;ATENÇÃO PRIMÁRIA À SAÚDE;INCREMENTO DO PISO DA ATENÇÃO PRIMÁRIA À SAÚDE - PAP;11667845000151;FUNDO MUNICIPAL DE SAUDE DE ARARUNA PARAIBA;8329;07/10/2025;PROPOSTA PAGA;Proposta Paga;15/10/2025;R$200.000,00;R$200.000,00;R$200.000,00
2025;71160007;S.PART.;BANCADA DA PARAÍBA;não se aplica;não se aplica;PB;251455;SAO JOSE DE PRINCESA;MUNICIPAL;BANCADA OBRIGATÓRIA;CAPITAL;302;3129;10302511885358697;03/09/2025;10460712000125004;202500027791;FAF;EQUIPAMENTO;8535;ATENÇÃO ESPECIALIZADA À SAÚDE;Rede de Atenção Hospitalar - Ambulância de Transporte Tipo A - Remoção Simples - Eletiva;10460712000147;FUNDO MUNICIPAL DE SAUDE DE SAO JOSE DE PRINCESA;8211;23/09/2025;PROPOSTA PAGA;Proposta Paga;21/10/2025;R$314.200,00;R$314.200,00;R$314.200,00
2025;71160002;S.PART.;BANCADA DA PARAÍBA;não se aplica;não se aplica;PB;250680;INGA;MUNICIPAL;BANCADA OBRIGATÓRIA;CORRENTE;301;1001;1030151192E890025;02/09/2025;36000698147202500;202500031140;FAF;INCREMENTO PAP;2E89;ATENÇÃO PRIMÁRIA À SAÚDE;INCREMENTO DO PISO DA ATENÇÃO PRIMÁRIA À SAÚDE - PAP;08610110000187;FUNDO MUNICIPAL DE SAUDE DE INGA/PB;8410;15/10/2025;PROPOSTA PAGA;Proposta Paga;27/10/2025;R$500.000,00;R$500.000,00;R$500.000,00
2025;71160002;S.PART.;BANCADA DA PARAÍBA;não se aplica;não se aplica;PB;251660;TAVARES;MUNICIPAL;BANCADA OBRIGATÓRIA;CORRENTE;301;1001;1030151192E890025;16/09/2025;36000706951202500;202500032927;FAF;INCREMENTO PAP;2E89;ATENÇÃO PRIMÁRIA À SAÚDE;INCREMENTO DO PISO DA ATENÇÃO PRIMÁRIA À SAÚDE - PAP;10598364000179;FUNDO MUNICIPAL DE SAUDE DE TAVARES;8494;23/10/2025;PROPOSTA PAGA;Proposta Paga;13/11/2025;R$500.000,00;R$500.000,00;R$500.000,00
2025;71160002;S.PART.;BANCADA DA PARAÍBA;não se aplica;não se aplica;PB;251120;PEDRAS DE FOGO;MUNICIPAL;BANCADA OBRIGATÓRIA;CORRENTE;301;1001;1030151192E890025;03/10/2025;36000710861202500;202500039597;FAF;INCREMENTO PAP;2E89;ATENÇÃO PRIMÁRIA À SAÚDE;INCREMENTO DO PISO DA ATENÇÃO PRIMÁRIA À SAÚDE - PAP;10490987000123;FUNDO MUNICIPAL DE SAUDE;9030;02/12/2025;PROPOSTA PAGA;Proposta Paga;19/12/2025;R$525.000,00;R$525.000,00;R$525.000,00
2025;71160010;S.PART.;BANCADA DA PARAÍBA;não se aplica;não se aplica;PB;250750;JOAO PESSOA;ESTADUAL;BANCADA OBRIGATÓRIA;CORRENTE;302;1001;1030251182E900025;22/09/2025;36000708731202500;202500028277;FAF;INCREMENTO MAC;2E90;ATENÇÃO ESPECIALIZADA À SAÚDE;Incremento Temporário do Teto da Média e Alta Complexidade - MAC;03609595000175;FUNDO ESTADUAL DE SAUDE DO ESTADO DA PARAIBA - FESEP;8258;29/09/2025;PROPOSTA PAGA;Proposta Paga;21/10/2025;R$9.435.212,00;R$9.435.212,00;R$9.435.212,00
2025;71160010;S.PART.;BANCADA DA PARAÍBA;não se aplica;não se aplica;PB;250640;GURINHEM;MUNICIPAL;BANCADA OBRIGATÓRIA;CORRENTE;302;1001;1030251182E900025;08/09/2025;36000703172202500;202500030472;FAF;INCREMENTO MAC;2E90;ATENÇÃO ESPECIALIZADA À SAÚDE;Incremento Temporário do Teto da Média e Alta Complexidade - MAC;11739873000137;FMS DE GURINHEM;8413;15/10/2025;PROPOSTA PAGA;Proposta Paga;27/10/2025;R$205.727,00;R$205.727,00;R$205.727,00
2025;71160002;S.PART.;BANCADA DA PARAÍBA;não se aplica;não se aplica;PB;251300;SALGADINHO;MUNICIPAL;BANCADA OBRIGATÓRIA;CORRENTE;301;1001;1030151192E890025;07/10/2025;36000711387202500;202500031164;FAF;INCREMENTO PAP;2E89;ATENÇÃO PRIMÁRIA À SAÚDE;INCREMENTO DO PISO DA ATENÇÃO PRIMÁRIA À SAÚDE - PAP;11321779000163;FUNDO MUNICIPAL DE SAUDE - SALGADINHO - PB;8410;15/10/2025;PROPOSTA PAGA;Proposta Paga;27/10/2025;R$600.000,00;R$600.000,00;R$600.000,00
2025;71160002;S.PART.;BANCADA DA PARAÍBA;não se aplica;não se aplica;PB;250730;JACARAU;MUNICIPAL;BANCADA OBRIGATÓRIA;CORRENTE;301;1001;1030151192E890025;09/10/2025;36000711730202500;202500031141;FAF;INCREMENTO PAP;2E89;ATENÇÃO PRIMÁRIA À SAÚDE;INCREMENTO DO PISO DA ATENÇÃO PRIMÁRIA À SAÚDE - PAP;10486210000195;FUNDO MUNICIPAL DE SAUDE DE JACARAU;8410;15/10/2025;PROPOSTA PAGA;Proposta Paga;27/10/2025;R$700.000,00;R$700.000,00;R$700.000,00
2025;71160001;S.PART.;BANCADA DA PARAÍBA;não se aplica;não se aplica;PB;250740;JERICO;MUNICIPAL;BANCADA OBRIGATÓRIA;CAPITAL;301;1001;10301511985817022;15/09/2025;12009325000125004;202500033233;FAF;EQUIPAMENTO;8581;ATENÇÃO PRIMÁRIA À SAÚDE;EQUIPAMENTOS - UBS;12009325000114;FUNDO MUNICIPAL DE SAUDE - FMS;8496;23/10/2025;PROPOSTA PAGA;Proposta Paga;29/12/2025;R$92.581,00;R$92.581,00;R$92.581,00
2025;71160001;S.PART.;BANCADA DA PARAÍBA;não se aplica;não se aplica;PB;251260;QUIXABA;MUNICIPAL;BANCADA OBRIGATÓRIA;CAPITAL;301;1001;10301511985817022;18/09/2025;12335016000125003;202500040523;FAF;EQUIPAMENTO;8581;ATENÇÃO PRIMÁRIA À SAÚDE;EQUIPAMENTOS - UBS;12335016000134;FUNDO MUNICIPAL DE SAUDE DE QUIXABA;9197;09/12/2025;PROPOSTA PAGA;Proposta Paga;05/02/2026;R$299.901,00;R$299.901,00;R$299.901,00
2025;71160002;S.PART.;BANCADA DA PARAÍBA;não se aplica;não se aplica;PB;250430;CATOLE DO ROCHA;MUNICIPAL;BANCADA OBRIGATÓRIA;CORRENTE;301;1001;1030151192E890025;10/09/2025;36000704361202500;202500029448;FAF;INCREMENTO PAP;2E89;ATENÇÃO PRIMÁRIA À SAÚDE;INCREMENTO DO PISO DA ATENÇÃO PRIMÁRIA À SAÚDE - PAP;12784607000199;FUNDO MUNICIPAL DE SAUDE DE CATOLE DO ROCHA;8319;06/10/2025;PROPOSTA PAGA;Proposta Paga;22/10/2025;R$250.000,00;R$250.000,00;R$250.000,00
2025;71160001;S.PART.;BANCADA DA PARAÍBA;não se aplica;não se aplica;PB;251720;VIEIROPOLIS;MUNICIPAL;BANCADA OBRIGATÓRIA;CAPITAL;301;1001;10301511985817022;15/09/2025;14688620000125007;202500033400;FAF;EQUIPAMENTO;8581;ATENÇÃO PRIMÁRIA À SAÚDE;EQUIPAMENTOS - UBS;14688620000170;FUNDO MUNICIPAL DE SAUDE DE VIEIROPOLIS;8518;24/10/2025;PROPOSTA PAGA;Proposta Paga;13/11/2025;R$321.293,00;R$321.293,00;R$321.293,00
2025;71160002;S.PART.;BANCADA DA PARAÍBA;não se aplica;não se aplica;PB;250205;BERNARDINO BATISTA;MUNICIPAL;BANCADA OBRIGATÓRIA;CORRENTE;301;1001;1030151192E890025;25/09/2025;36000709638202500;202500031114;FAF;INCREMENTO PAP;2E89;ATENÇÃO PRIMÁRIA À SAÚDE;INCREMENTO DO PISO DA ATENÇÃO PRIMÁRIA À SAÚDE - PAP;10484826000127;FUNDO MUNICIPAL DE SAUDE;8410;15/10/2025;PROPOSTA PAGA;Proposta Paga;27/10/2025;R$300.000,00;R$300.000,00;R$300.000,00
2025;71160002;S.PART.;BANCADA DA PARAÍBA;não se aplica;não se aplica;PB;250939;MATUREIA;MUNICIPAL;BANCADA OBRIGATÓRIA;CORRENTE;301;1001;1030151192E890025;10/09/2025;36000704245202500;202500028532;FAF;INCREMENTO PAP;2E89;ATENÇÃO PRIMÁRIA À SAÚDE;INCREMENTO DO PISO DA ATENÇÃO PRIMÁRIA À SAÚDE - PAP;11209770000165;FUNDO MUNICIPAL DE SAUDE;8274;30/09/2025;PROPOSTA PAGA;Proposta Paga;16/10/2025;R$300.000,00;R$300.000,00;R$300.000,00
2025;71160001;S.PART.;BANCADA DA PARAÍBA;não se aplica;não se aplica;PB;250940;MOGEIRO;MUNICIPAL;BANCADA OBRIGATÓRIA;CAPITAL;301;1001;10301511985817022;08/09/2025;10664047000125004;202500040521;FAF;EQUIPAMENTO;8581;ATENÇÃO PRIMÁRIA À SAÚDE;EQUIPAMENTOS - UBS;10664047000103;FUNDO MUNICIPAL DE SAUDE DE MOGEIRO;9197;09/12/2025;PROPOSTA PAGA;Proposta Paga;05/02/2026;R$998.719,00;R$998.719,00;R$998.719,00
2025;71160002;S.PART.;BANCADA DA PARAÍBA;não se aplica;não se aplica;PB;250830;LAGOA SECA;MUNICIPAL;BANCADA OBRIGATÓRIA;CORRENTE;301;1001;1030151192E890025;22/12/2025;36000723271202500;202500043090;FAF;INCREMENTO PAP;2E89;ATENÇÃO PRIMÁRIA À SAÚDE;INCREMENTO DO PISO DA ATENÇÃO PRIMÁRIA À SAÚDE - PAP;11264183000179;FUNDO MUNICIPAL DE SAUDE;9674;24/12/2025;PROPOSTA PAGA;Proposta Paga;05/02/2026;R$330.773,00;R$330.773,00;R$330.773,00
2025;71160002;S.PART.;BANCADA DA PARAÍBA;não se aplica;não se aplica;PB;250905;MARCACAO;MUNICIPAL;BANCADA OBRIGATÓRIA;CORRENTE;301;1001;1030151192E890025;08/09/2025;36000702792202500;202500029602;FAF;INCREMENTO PAP;2E89;ATENÇÃO PRIMÁRIA À SAÚDE;INCREMENTO DO PISO DA ATENÇÃO PRIMÁRIA À SAÚDE - PAP;12370254000180;MARCACAO - FUNDO MUNICIPAL DE SAUDE;8329;07/10/2025;PROPOSTA PAGA;Proposta Paga;15/10/2025;R$350.000,00;R$350.000,00;R$350.000,00
2025;71160002;S.PART.;BANCADA DA PARAÍBA;não se aplica;não se aplica;PB;251580;SERRA REDONDA;MUNICIPAL;BANCADA OBRIGATÓRIA;CORRENTE;301;1001;1030151192E890025;16/09/2025;36000706547202500;202500027347;FAF;INCREMENTO PAP;2E89;ATENÇÃO PRIMÁRIA À SAÚDE;INCREMENTO DO PISO DA ATENÇÃO PRIMÁRIA À SAÚDE - PAP;97519352000190;FUNDO MUNICIPAL DE SAUDE;8232;25/09/2025;PROPOSTA PAGA;Proposta Paga;09/10/2025;R$350.000,00;R$350.000,00;R$350.000,00
2025;71160010;S.PART.;BANCADA DA PARAÍBA;não se aplica;não se aplica;PB;250150;BANANEIRAS;MUNICIPAL;BANCADA OBRIGATÓRIA;CORRENTE;302;1001;1030251182E900025;10/09/2025;36000704483202500;202500027156;FAF;INCREMENTO MAC;2E90;ATENÇÃO ESPECIALIZADA À SAÚDE;Incremento Temporário do Teto da Média e Alta Complexidade - MAC;18730452000194;BANANEIRAS - FUNDO MUNICIPAL DE SAUDE;8220;24/09/2025;PROPOSTA PAGA;Proposta Paga;21/10/2025;R$1.000.000,00;R$1.000.000,00;R$1.000.000,00
2025;71160002;S.PART.;BANCADA DA PARAÍBA;não se aplica;não se aplica;PB;250910;MARI;MUNICIPAL;BANCADA OBRIGATÓRIA;CORRENTE;301;1001;1030151192E890025;09/09/2025;36000703853202500;202500033822;FAF;INCREMENTO PAP;2E89;ATENÇÃO PRIMÁRIA À SAÚDE;INCREMENTO DO PISO DA ATENÇÃO PRIMÁRIA À SAÚDE - PAP;11400094000102;FUNDO MUNICIPAL DE SAUDE;8544;28/10/2025;PROPOSTA PAGA;Proposta Paga;13/11/2025;R$150.000,00;R$150.000,00;R$150.000,00
2025;71160010;S.PART.;BANCADA DA PARAÍBA;não se aplica;não se aplica;PB;250440;CONCEICAO;MUNICIPAL;BANCADA OBRIGATÓRIA;CORRENTE;302;1001;1030251182E900025;10/10/2025;36000711942202500;202500039437;FAF;INCREMENTO MAC;2E90;ATENÇÃO ESPECIALIZADA À SAÚDE;Incremento Temporário do Teto da Média e Alta Complexidade - MAC;05497410000103;FUNDO MUNICIPAL DE SAUDE DE CONCEICAO;9005;01/12/2025;PROPOSTA PAGA;Proposta Paga;19/12/2025;R$2.000.000,00;R$2.000.000,00;R$2.000.000,00
2025;71160007;S.PART.;BANCADA DA PARAÍBA;não se aplica;não se aplica;PB;250400;CAMPINA GRANDE;PRIVADA;BANCADA OBRIGATÓRIA;CAPITAL;302;3129;10302511885358697;05/11/2025;90884125010;-;CONVENIO;CONVÊNIO EQUIPAMENTO;8535;ATENÇÃO ESPECIALIZADA À SAÚDE;Rede de Atenção Hospitalar - Hospital Geral;08841421000157;FUNDACAO ASSISTENCIAL DA PARAIBA- FAP;988833;23/12/2025;EM ANALISE PELA ÁREA FINALÍSTICA;Proposta Empenhada aguardando Formalização;-;R$300.000,00;R$600.000,00;R$0,00
2025;71160010;S.PART.;BANCADA DA PARAÍBA;não se aplica;não se aplica;PB;250053;ALCANTIL;MUNICIPAL;BANCADA OBRIGATÓRIA;CORRENTE;302;1001;1030251182E900025;06/10/2025;36000711144202500;202500039085;FAF;INCREMENTO MAC;2E90;ATENÇÃO ESPECIALIZADA À SAÚDE;Incremento Temporário do Teto da Média e Alta Complexidade - MAC;08448753000176;FUNDO MUNICIPAL DE SAUDE - ALCANTIL PB;8967;27/11/2025;PROPOSTA PAGA;Proposta Paga;29/12/2025;R$300.000,00;R$300.000,00;R$300.000,00
2025;71160002;S.PART.;BANCADA DA PARAÍBA;não se aplica;não se aplica;PB;250920;MASSARANDUBA;MUNICIPAL;BANCADA OBRIGATÓRIA;CORRENTE;301;1001;1030151192E890025;29/09/2025;36000709948202500;202500031767;FAF;INCREMENTO PAP;2E89;ATENÇÃO PRIMÁRIA À SAÚDE;INCREMENTO DO PISO DA ATENÇÃO PRIMÁRIA À SAÚDE - PAP;10948421000100;FUNDO MUNICIPAL DE SAUDE;8410;15/10/2025;PROPOSTA PAGA;Proposta Paga;27/10/2025;R$200.000,00;R$200.000,00;R$200.000,00
2025;71160002;S.PART.;BANCADA DA PARAÍBA;não se aplica;não se aplica;PB;251020;NOVA OLINDA;MUNICIPAL;BANCADA OBRIGATÓRIA;CORRENTE;301;1001;1030151192E890025;28/10/2025;36000714891202500;202500040758;FAF;INCREMENTO PAP;2E89;ATENÇÃO PRIMÁRIA À SAÚDE;INCREMENTO DO PISO DA ATENÇÃO PRIMÁRIA À SAÚDE - PAP;11268720000159;FUNDO MUNICIPAL DE SAUDE_NOVA OLINDA;9171;09/12/2025;PROPOSTA PAGA;Proposta Paga;19/12/2025;R$200.000,00;R$200.000,00;R$200.000,00
2025;71160002;S.PART.;BANCADA DA PARAÍBA;não se aplica;não se aplica;PB;250330;CACHOEIRA DOS INDIOS;MUNICIPAL;BANCADA OBRIGATÓRIA;CORRENTE;301;1001;1030151192E890025;09/09/2025;36000704103202500;202500025306;FAF;INCREMENTO PAP;2E89;ATENÇÃO PRIMÁRIA À SAÚDE;INCREMENTO DO PISO DA ATENÇÃO PRIMÁRIA À SAÚDE - PAP;11332636000157;FUNDO MUNICIPAL DE SAUDE - FMSCI;8108;16/09/2025;PROPOSTA PAGA;Proposta Paga;01/10/2025;R$600.000,00;R$600.000,00;R$600.000,00
2025;71160010;S.PART.;BANCADA DA PARAÍBA;não se aplica;não se aplica;PB;250840;LASTRO;MUNICIPAL;BANCADA OBRIGATÓRIA;CORRENTE;302;1001;1030251182E900025;05/09/2025;36000702004202500;202500039088;FAF;INCREMENTO MAC;2E90;ATENÇÃO ESPECIALIZADA À SAÚDE;Incremento Temporário do Teto da Média e Alta Complexidade - MAC;11304889000117;FUNDO MUNICIPAL DE SAUDE DE LASTRO;8967;27/11/2025;EM ANALISE PELA ÁREA FINALÍSTICA;Proposta Empenhada aguardando Formalização;-;R$300.000,00;R$300.000,00;R$0,00
2025;71160001;S.PART.;BANCADA DA PARAÍBA;não se aplica;não se aplica;PB;251440;SAO JOSE DE ESPINHARAS;MUNICIPAL;BANCADA OBRIGATÓRIA;CAPITAL;301;1001;10301511985817022;15/09/2025;11418606000125009;202500038739;FAF;EQUIPAMENTO;8581;ATENÇÃO PRIMÁRIA À SAÚDE;EQUIPAMENTOS - UBS;11418606000168;FUNDO MUNICIPAL DE SAUDE;8926;25/11/2025;PROPOSTA PAGA;Proposta Paga;29/12/2025;R$199.946,00;R$199.946,00;R$199.946,00
2025;71160002;S.PART.;BANCADA DA PARAÍBA;não se aplica;não se aplica;PB;251040;OLHO D'AGUA;MUNICIPAL;BANCADA OBRIGATÓRIA;CORRENTE;301;1001;1030151192E890025;08/09/2025;36000702773202500;202500028060;FAF;INCREMENTO PAP;2E89;ATENÇÃO PRIMÁRIA À SAÚDE;INCREMENTO DO PISO DA ATENÇÃO PRIMÁRIA À SAÚDE - PAP;11471451000123;FUNDO MUNICIPAL DE SAUDE;8259;29/09/2025;PROPOSTA PAGA;Proposta Paga;09/10/2025;R$820.000,00;R$820.000,00;R$820.000,00
2025;71160002;S.PART.;BANCADA DA PARAÍBA;não se aplica;não se aplica;PB;250510;CUITE;MUNICIPAL;BANCADA OBRIGATÓRIA;CORRENTE;301;1001;1030151192E890025;03/09/2025;36000700650202500;202500025315;FAF;INCREMENTO PAP;2E89;ATENÇÃO PRIMÁRIA À SAÚDE;INCREMENTO DO PISO DA ATENÇÃO PRIMÁRIA À SAÚDE - PAP;11404674000178;FUNDO MUNICIPAL DE SAUDE;8108;16/09/2025;PROPOSTA PAGA;Proposta Paga;01/10/2025;R$900.000,00;R$900.000,00;R$900.000,00
2025;71160001;S.PART.;BANCADA DA PARAÍBA;não se aplica;não se aplica;PB;251150;PILAR;MUNICIPAL;BANCADA OBRIGATÓRIA;CAPITAL;301;1001;10301511985817022;07/09/2025;11171199000125003;202500033237;FAF;EQUIPAMENTO;8581;ATENÇÃO PRIMÁRIA À SAÚDE;EQUIPAMENTOS - UBS;11171199000137;FUNDO MUNICIPAL DE SAUDE DO MUNICIPIO DE PILAR;8496;23/10/2025;PROPOSTA PAGA;Proposta Paga;29/12/2025;R$299.977,00;R$299.977,00;R$299.977,00
2025;71160002;S.PART.;BANCADA DA PARAÍBA;não se aplica;não se aplica;PB;251140;PICUI;MUNICIPAL;BANCADA OBRIGATÓRIA;CORRENTE;301;1001;1030151192E890025;01/10/2025;36000710553202500;202500029455;FAF;INCREMENTO PAP;2E89;ATENÇÃO PRIMÁRIA À SAÚDE;INCREMENTO DO PISO DA ATENÇÃO PRIMÁRIA À SAÚDE - PAP;08619650000121;FUNDO MUNICIPAL DE SAUDE;8319;06/10/2025;PROPOSTA PAGA;Proposta Paga;15/10/2025;R$250.000,00;R$250.000,00;R$250.000,00
2025;71160010;S.PART.;BANCADA DA PARAÍBA;não se aplica;não se aplica;PB;250215;BOA VISTA;MUNICIPAL;BANCADA OBRIGATÓRIA;CORRENTE;302;1001;1030251182E900025;05/11/2025;36000716650202500;202500036740;FAF;INCREMENTO MAC;2E90;ATENÇÃO ESPECIALIZADA À SAÚDE;Incremento Temporário do Teto da Média e Alta Complexidade - MAC;12868705000104;FUNDO MUNICIPAL DE SAUDE;8718;10/11/2025;PROPOSTA PAGA;Proposta Paga;09/12/2025;R$82.632,00;R$82.632,00;R$82.632,00
2025;71160010;S.PART.;BANCADA DA PARAÍBA;não se aplica;não se aplica;PB;251110;PEDRA LAVRADA;MUNICIPAL;BANCADA OBRIGATÓRIA;CORRENTE;302;1001;1030251182E900025;12/09/2025;36000705640202500;202500035585;FAF;INCREMENTO MAC;2E90;ATENÇÃO ESPECIALIZADA À SAÚDE;Incremento Temporário do Teto da Média e Alta Complexidade - MAC;08932293000157;FUNDO MUNICIPAL DE SAUDE DE PEDRA LAVRADA;8620;03/11/2025;PROPOSTA PAGA;Proposta Paga;21/11/2025;R$100.000,00;R$100.000,00;R$100.000,00
2025;71160002;S.PART.;BANCADA DA PARAÍBA;não se aplica;não se aplica;PB;250290;BREJO DOS SANTOS;MUNICIPAL;BANCADA OBRIGATÓRIA;CORRENTE;301;1001;1030151192E890025;30/09/2025;36000710293202500;202500031124;FAF;INCREMENTO PAP;2E89;ATENÇÃO PRIMÁRIA À SAÚDE;INCREMENTO DO PISO DA ATENÇÃO PRIMÁRIA À SAÚDE - PAP;18000776000177;FUNDO MUNICIPAL DE SAUDE DE BREJO DOS SANTOS;8410;15/10/2025;PROPOSTA PAGA;Proposta Paga;27/10/2025;R$300.000,00;R$300.000,00;R$300.000,00
2025;71160002;S.PART.;BANCADA DA PARAÍBA;não se aplica;não se aplica;PB;251060;OURO VELHO;MUNICIPAL;BANCADA OBRIGATÓRIA;CORRENTE;301;1001;1030151192E890025;09/09/2025;36000704076202500;202500027611;FAF;INCREMENTO PAP;2E89;ATENÇÃO PRIMÁRIA À SAÚDE;INCREMENTO DO PISO DA ATENÇÃO PRIMÁRIA À SAÚDE - PAP;11348410000144;FUNDO MUNICIPAL DE SAUDE DE OURO VELHO;8246;26/09/2025;PROPOSTA PAGA;Proposta Paga;09/10/2025;R$300.000,00;R$300.000,00;R$300.000,00
2025;71160001;S.PART.;BANCADA DA PARAÍBA;não se aplica;não se aplica;PB;251365;JOCA CLAUDINO;MUNICIPAL;BANCADA OBRIGATÓRIA;CAPITAL;301;1001;10301511985817022;28/09/2025;11332661000125004;202500032242;FAF;EQUIPAMENTO;8581;ATENÇÃO PRIMÁRIA À SAÚDE;EQUIPAMENTOS - UBS;11332661000130;FUNDO MUNICIPAL DE SAUDE;8452;20/10/2025;PROPOSTA PAGA;Proposta Paga;05/02/2026;R$449.987,00;R$449.987,00;R$449.987,00
2025;71160010;S.PART.;BANCADA DA PARAÍBA;não se aplica;não se aplica;PB;250400;CAMPINA GRANDE;MUNICIPAL;BANCADA OBRIGATÓRIA;CORRENTE;302;1001;1030251182E900025;11/09/2025;36000705224202500;202500028722;FAF;INCREMENTO MAC;2E90;ATENÇÃO ESPECIALIZADA À SAÚDE;Incremento Temporário do Teto da Média e Alta Complexidade - MAC;24513574000121;FUNDO MUNICIPAL DE SAUDE DE CAMPINA GRANDE;8267;30/09/2025;PROPOSTA PAGA;Proposta Paga;21/10/2025;R$500.000,00;R$500.000,00;R$500.000,00
2025;71160002;S.PART.;BANCADA DA PARAÍBA;não se aplica;não se aplica;PB;251370;SANTA RITA;MUNICIPAL;BANCADA OBRIGATÓRIA;CORRENTE;301;1001;1030151192E890025;04/09/2025;36000701652202500;202500032089;FAF;INCREMENTO PAP;2E89;ATENÇÃO PRIMÁRIA À SAÚDE;INCREMENTO DO PISO DA ATENÇÃO PRIMÁRIA À SAÚDE - PAP;08694222000163;FUNDO MUNICIPAL DE SAUDE DE SANTA RITA;8443;20/10/2025;PROPOSTA PAGA;Proposta Paga;22/12/2025;R$6.000.000,00;R$6.000.000,00;R$6.000.000,00
2025;71160002;S.PART.;BANCADA DA PARAÍBA;não se aplica;não se aplica;PB;251500;SAO MIGUEL DE TAIPU;MUNICIPAL;BANCADA OBRIGATÓRIA;CORRENTE;301;1001;1030151192E890025;17/09/2025;36000707175202500;202500027346;FAF;INCREMENTO PAP;2E89;ATENÇÃO PRIMÁRIA À SAÚDE;INCREMENTO DO PISO DA ATENÇÃO PRIMÁRIA À SAÚDE - PAP;11601645000104;FUNDO MUNICIPAL DE SAUDE;8232;25/09/2025;PROPOSTA PAGA;Proposta Paga;09/10/2025;R$350.000,00;R$350.000,00;R$350.000,00
2025;71160007;S.PART.;BANCADA DA PARAÍBA;não se aplica;não se aplica;PB;250830;LAGOA SECA;MUNICIPAL;BANCADA OBRIGATÓRIA;CAPITAL;302;1001;10302511885358697;26/12/2025;11264183000125002;202500044096;FAF;EQUIPAMENTO;8535;ATENÇÃO ESPECIALIZADA À SAÚDE;Rede de Atenção Hospitalar - Hospital Geral;11264183000179;FUNDO MUNICIPAL DE SAUDE;9954;30/12/2025;PROPOSTA PAGA;Proposta Paga;12/02/2026;R$117.786,00;R$117.786,00;R$117.786,00
2025;71160010;S.PART.;BANCADA DA PARAÍBA;não se aplica;não se aplica;PB;250700;ITAPORANGA;MUNICIPAL;BANCADA OBRIGATÓRIA;CORRENTE;302;1001;1030251182E900025;08/09/2025;36000702892202500;202500027872;FAF;INCREMENTO MAC;2E90;ATENÇÃO ESPECIALIZADA À SAÚDE;Incremento Temporário do Teto da Média e Alta Complexidade - MAC;11174552000132;FUNDO MUNICIPAL DE SAUDE DE ITAPORANGA;8258;29/09/2025;PROPOSTA PAGA;Proposta Paga;21/10/2025;R$900.000,00;R$900.000,00;R$900.000,00
2025;71160002;S.PART.;BANCADA DA PARAÍBA;não se aplica;não se aplica;PB;250580;DUAS ESTRADAS;MUNICIPAL;BANCADA OBRIGATÓRIA;CORRENTE;301;1001;1030151192E890025;25/09/2025;36000709487202500;202500029598;FAF;INCREMENTO PAP;2E89;ATENÇÃO PRIMÁRIA À SAÚDE;INCREMENTO DO PISO DA ATENÇÃO PRIMÁRIA À SAÚDE - PAP;11814527000176;FUNDO MUNICIPAL DE SAUDE DE DUAS ESTRADAS;8329;07/10/2025;PROPOSTA PAGA;Proposta Paga;15/10/2025;R$400.000,00;R$400.000,00;R$400.000,00
2025;71160002;S.PART.;BANCADA DA PARAÍBA;não se aplica;não se aplica;PB;251000;NAZAREZINHO;MUNICIPAL;BANCADA OBRIGATÓRIA;CORRENTE;301;1001;1030151192E890025;09/09/2025;36000703900202500;202500029128;FAF;INCREMENTO PAP;2E89;ATENÇÃO PRIMÁRIA À SAÚDE;INCREMENTO DO PISO DA ATENÇÃO PRIMÁRIA À SAÚDE - PAP;12445365000109;FUNDO MUNICIPAL DE SAUDE DE NAZAREZINHO;8312;03/10/2025;PROPOSTA PAGA;Proposta Paga;16/10/2025;R$400.000,00;R$400.000,00;R$400.000,00
2025;71160007;S.PART.;BANCADA DA PARAÍBA;não se aplica;não se aplica;PB;251390;SAO BENTO;MUNICIPAL;BANCADA OBRIGATÓRIA;CAPITAL;302;3129;10302511885358697;18/11/2025;02015756000125006;202500042031;FAF;EQUIPAMENTO;8535;ATENÇÃO ESPECIALIZADA À SAÚDE;Rede de Atenção Hospitalar - Hospital Geral;02015756000130;FUNDO MINICIPAL DE SAUDE;9451;18/12/2025;PROPOSTA PAGA;Proposta Paga;06/05/2026;R$275.000,00;R$275.000,00;R$275.000,00
2025;71160010;S.PART.;BANCADA DA PARAÍBA;não se aplica;não se aplica;PB;250750;JOAO PESSOA;ESTADUAL;BANCADA OBRIGATÓRIA;CORRENTE;302;1000;1030251182E900025;22/09/2025;36000708734202500;202500028278;FAF;INCREMENTO MAC;2E90;ATENÇÃO ESPECIALIZADA À SAÚDE;Incremento Temporário do Teto da Média e Alta Complexidade - MAC;03609595000175;FUNDO ESTADUAL DE SAUDE DO ESTADO DA PARAIBA - FESEP;8258;29/09/2025;PROPOSTA PAGA;Proposta Paga;21/10/2025;R$164.788,00;R$164.788,00;R$164.788,00
2025;71160010;S.PART.;BANCADA DA PARAÍBA;não se aplica;não se aplica;PB;250750;JOAO PESSOA;ESTADUAL;BANCADA OBRIGATÓRIA;CORRENTE;302;1001;1030251182E900025;18/09/2025;36000707947202500;202500028723;FAF;INCREMENTO MAC;2E90;ATENÇÃO ESPECIALIZADA À SAÚDE;Incremento Temporário do Teto da Média e Alta Complexidade - MAC;03609595000175;FUNDO ESTADUAL DE SAUDE DO ESTADO DA PARAIBA - FESEP;8272;30/09/2025;PROPOSTA PAGA;Proposta Paga;19/12/2025;R$5.500.000,00;R$5.500.000,00;R$5.500.000,00
2025;71160001;S.PART.;BANCADA DA PARAÍBA;não se aplica;não se aplica;PB;250480;COREMAS;MUNICIPAL;BANCADA OBRIGATÓRIA;CAPITAL;301;1001;10301511985817022;03/09/2025;11161210000125006;202500033230;FAF;EQUIPAMENTO;8581;ATENÇÃO PRIMÁRIA À SAÚDE;EQUIPAMENTOS - UBS;11161210000188;FUNDO MUNICIPAL DE SAUDE;8496;23/10/2025;PROPOSTA PAGA;Proposta Paga;29/12/2025;R$92.581,00;R$92.581,00;R$92.581,00
2025;71160002;S.PART.;BANCADA DA PARAÍBA;não se aplica;não se aplica;PB;251593;SERTAOZINHO;MUNICIPAL;BANCADA OBRIGATÓRIA;CORRENTE;301;1001;1030151192E890025;09/09/2025;36000704098202500;202500031174;FAF;INCREMENTO PAP;2E89;ATENÇÃO PRIMÁRIA À SAÚDE;INCREMENTO DO PISO DA ATENÇÃO PRIMÁRIA À SAÚDE - PAP;11958034000100;FUNDO MUNICIPAL DE SAUDE DO MUNICIPIO DE SERTAOZINHO-PB;8410;15/10/2025;PROPOSTA PAGA;Proposta Paga;27/10/2025;R$200.000,00;R$200.000,00;R$200.000,00
2025;71160002;S.PART.;BANCADA DA PARAÍBA;não se aplica;não se aplica;PB;250370;CAJAZEIRAS;MUNICIPAL;BANCADA OBRIGATÓRIA;CORRENTE;301;1001;1030151192E890025;04/11/2025;36000716156202500;202500038133;FAF;INCREMENTO PAP;2E89;ATENÇÃO PRIMÁRIA À SAÚDE;INCREMENTO DO PISO DA ATENÇÃO PRIMÁRIA À SAÚDE - PAP;11902878000139;MUNICIPIO DE CAJAZEIRAS FUNDO MUNICIPAL DE SAUDE - FMS;8906;21/11/2025;PROPOSTA PAGA;Proposta Paga;03/12/2025;R$1.000.000,00;R$1.000.000,00;R$1.000.000,00
2025;71160001;S.PART.;BANCADA DA PARAÍBA;não se aplica;não se aplica;PB;250860;LUCENA;MUNICIPAL;BANCADA OBRIGATÓRIA;CAPITAL;301;1001;10301511985817022;18/09/2025;11516231000125003;202500033235;FAF;EQUIPAMENTO;8581;ATENÇÃO PRIMÁRIA À SAÚDE;TRANSPORTE ELETIVO EM SAÚDE;11516231000179;FUNDO MUNICIPAL DE SAUDE DE LUCENA;8500;23/10/2025;PROPOSTA PAGA;Proposta Paga;13/11/2025;R$385.723,00;R$385.723,00;R$385.723,00
2025;71160002;S.PART.;BANCADA DA PARAÍBA;não se aplica;não se aplica;PB;250910;MARI;MUNICIPAL;BANCADA OBRIGATÓRIA;CORRENTE;301;1001;1030151192E890025;09/09/2025;36000703861202500;202500031151;FAF;INCREMENTO PAP;2E89;ATENÇÃO PRIMÁRIA À SAÚDE;INCREMENTO DO PISO DA ATENÇÃO PRIMÁRIA À SAÚDE - PAP;11400094000102;FUNDO MUNICIPAL DE SAUDE;8410;15/10/2025;PROPOSTA PAGA;Proposta Paga;27/10/2025;R$300.000,00;R$300.000,00;R$300.000,00
2025;71160002;S.PART.;BANCADA DA PARAÍBA;não se aplica;não se aplica;PB;250920;MASSARANDUBA;MUNICIPAL;BANCADA OBRIGATÓRIA;CORRENTE;301;1001;1030151192E890025;17/09/2025;36000707409202500;202500029603;FAF;INCREMENTO PAP;2E89;ATENÇÃO PRIMÁRIA À SAÚDE;INCREMENTO DO PISO DA ATENÇÃO PRIMÁRIA À SAÚDE - PAP;10948421000100;FUNDO MUNICIPAL DE SAUDE;8329;07/10/2025;PROPOSTA PAGA;Proposta Paga;15/10/2025;R$300.000,00;R$300.000,00;R$300.000,00
2025;71160010;S.PART.;BANCADA DA PARAÍBA;não se aplica;não se aplica;PB;250750;JOAO PESSOA;MUNICIPAL;BANCADA OBRIGATÓRIA;CORRENTE;302;1001;1030251182E900025;05/09/2025;36000702047202500;202500043450;FAF;INCREMENTO MAC;2E90;ATENÇÃO ESPECIALIZADA À SAÚDE;Incremento Temporário do Teto da Média e Alta Complexidade - MAC;08715618000140;FUNDO MUNICIPAL DE SAUDE;9625;23/12/2025;PROPOSTA PAGA;Proposta Paga;12/02/2026;R$200.000,00;R$200.000,00;R$200.000,00
2025;71160001;S.PART.;BANCADA DA PARAÍBA;não se aplica;não se aplica;PB;250540;DESTERRO;MUNICIPAL;BANCADA OBRIGATÓRIA;CAPITAL;301;1001;10301511985817022;02/12/2025;10493355000125014;202500040517;FAF;EQUIPAMENTO;8581;ATENÇÃO PRIMÁRIA À SAÚDE;EQUIPAMENTOS - UBS;10493355000113;FUNDO MUNICIPAL DE SAUDE DE DESTERRO;9197;09/12/2025;PROPOSTA PAGA;Proposta Paga;05/02/2026;R$417.127,00;R$417.127,00;R$417.127,00
2025;71160010;S.PART.;BANCADA DA PARAÍBA;não se aplica;não se aplica;PB;250400;CAMPINA GRANDE;MUNICIPAL;BANCADA OBRIGATÓRIA;CORRENTE;302;1001;1030251182E900025;10/09/2025;36000704659202500;202500030486;FAF;INCREMENTO MAC;2E90;ATENÇÃO ESPECIALIZADA À SAÚDE;Incremento Temporário do Teto da Média e Alta Complexidade - MAC;24513574000121;FUNDO MUNICIPAL DE SAUDE DE CAMPINA GRANDE;8413;15/10/2025;PROPOSTA PAGA;Proposta Paga;27/10/2025;R$450.000,00;R$450.000,00;R$450.000,00
2025;71160002;S.PART.;BANCADA DA PARAÍBA;não se aplica;não se aplica;PB;251180;PIRPIRITUBA;MUNICIPAL;BANCADA OBRIGATÓRIA;CORRENTE;301;1001;1030151192E890025;03/09/2025;36000700278202500;202500028072;FAF;INCREMENTO PAP;2E89;ATENÇÃO PRIMÁRIA À SAÚDE;INCREMENTO DO PISO DA ATENÇÃO PRIMÁRIA À SAÚDE - PAP;12044829000175;FUNDO MUNICIPAL DE SAUDE DE PIRPIRITUBA;8259;29/09/2025;PROPOSTA PAGA;Proposta Paga;09/10/2025;R$1.450.000,00;R$1.450.000,00;R$1.450.000,00
2025;71160007;S.PART.;BANCADA DA PARAÍBA;não se aplica;não se aplica;PB;250750;JOAO PESSOA;ESTADUAL;BANCADA OBRIGATÓRIA;CAPITAL;302;3129;10302511885358697;30/09/2025;03609595000125006;202500040279;FAF;EQUIPAMENTO;8535;ATENÇÃO ESPECIALIZADA À SAÚDE;Políticas de Atenção Ambulatorial Especializada e Serviços Hospitalares de Alta Complexidade - Hospital de Alta Complexidade;03609595000175;FUNDO ESTADUAL DE SAUDE DO ESTADO DA PARAIBA - FESEP;9145;05/12/2025;PROPOSTA PAGA;Proposta Paga;18/12/2025;R$19.999.925,00;R$19.999.925,00;R$19.999.925,00
2025;71160002;S.PART.;BANCADA DA PARAÍBA;não se aplica;não se aplica;PB;250120;AREIAL;MUNICIPAL;BANCADA OBRIGATÓRIA;CORRENTE;301;1001;1030151192E890025;10/09/2025;36000704610202500;202500028020;FAF;INCREMENTO PAP;2E89;ATENÇÃO PRIMÁRIA À SAÚDE;INCREMENTO DO PISO DA ATENÇÃO PRIMÁRIA À SAÚDE - PAP;13876013000170;FUNDO MUNICIPAL DE SAUDE DE AREIAL;8259;29/09/2025;PROPOSTA PAGA;Proposta Paga;15/10/2025;R$500.000,00;R$500.000,00;R$500.000,00
2025;71160007;S.PART.;BANCADA DA PARAÍBA;não se aplica;não se aplica;PB;250200;BELEM DO BREJO DO CRUZ;MUNICIPAL;BANCADA OBRIGATÓRIA;CAPITAL;302;3129;10302511885358697;22/12/2025;12461113000125012;202500043514;FAF;EQUIPAMENTO;8535;ATENÇÃO ESPECIALIZADA À SAÚDE;Políticas de Atenção Ambulatorial Especializada e Serviços Hospitalares de Alta Complexidade - Ambulatório;12461113000173;FUNDO MUNICIPAL DE SAUDE DE BELEM DO BREJO DO CRUZ;9746;29/12/2025;PROPOSTA PAGA;Proposta Paga;12/02/2026;R$299.487,00;R$299.487,00;R$299.487,00
2025;71160002;S.PART.;BANCADA DA PARAÍBA;não se aplica;não se aplica;PB;250360;CAICARA;MUNICIPAL;BANCADA OBRIGATÓRIA;CORRENTE;301;1001;1030151192E890025;10/09/2025;36000704268202500;202500028030;FAF;INCREMENTO PAP;2E89;ATENÇÃO PRIMÁRIA À SAÚDE;INCREMENTO DO PISO DA ATENÇÃO PRIMÁRIA À SAÚDE - PAP;17577160000109;FUNDO MUNICIPAL DE SAUDE DE CAICARA;8259;29/09/2025;PROPOSTA PAGA;Proposta Paga;09/10/2025;R$200.000,00;R$200.000,00;R$200.000,00
2025;71160002;S.PART.;BANCADA DA PARAÍBA;não se aplica;não se aplica;PB;250435;CATURITE;MUNICIPAL;BANCADA OBRIGATÓRIA;CORRENTE;301;1001;1030151192E890025;23/09/2025;36000709107202500;202500028039;FAF;INCREMENTO PAP;2E89;ATENÇÃO PRIMÁRIA À SAÚDE;INCREMENTO DO PISO DA ATENÇÃO PRIMÁRIA À SAÚDE - PAP;11457024000190;FUNDO MUNICIPAL DE SAUDE CATURITE;8259;29/09/2025;PROPOSTA PAGA;Proposta Paga;09/10/2025;R$200.000,00;R$200.000,00;R$200.000,00
2025;71160002;S.PART.;BANCADA DA PARAÍBA;não se aplica;não se aplica;PB;250580;DUAS ESTRADAS;MUNICIPAL;BANCADA OBRIGATÓRIA;CORRENTE;301;1001;1030151192E890025;25/09/2025;36000709482202500;202500031760;FAF;INCREMENTO PAP;2E89;ATENÇÃO PRIMÁRIA À SAÚDE;INCREMENTO DO PISO DA ATENÇÃO PRIMÁRIA À SAÚDE - PAP;11814527000176;FUNDO MUNICIPAL DE SAUDE DE DUAS ESTRADAS;8410;15/10/2025;PROPOSTA PAGA;Proposta Paga;27/10/2025;R$200.000,00;R$200.000,00;R$200.000,00
2025;71160002;S.PART.;BANCADA DA PARAÍBA;não se aplica;não se aplica;PB;251140;PICUI;MUNICIPAL;BANCADA OBRIGATÓRIA;CORRENTE;301;1001;1030151192E890025;01/10/2025;36000710551202500;202500029454;FAF;INCREMENTO PAP;2E89;ATENÇÃO PRIMÁRIA À SAÚDE;INCREMENTO DO PISO DA ATENÇÃO PRIMÁRIA À SAÚDE - PAP;08619650000121;FUNDO MUNICIPAL DE SAUDE;8319;06/10/2025;PROPOSTA PAGA;Proposta Paga;15/10/2025;R$500.000,00;R$500.000,00;R$500.000,00
2025;71160010;S.PART.;BANCADA DA PARAÍBA;não se aplica;não se aplica;PB;250680;INGA;MUNICIPAL;BANCADA OBRIGATÓRIA;CORRENTE;302;1001;1030251182E900025;08/09/2025;36000703183202500;202500039441;FAF;INCREMENTO MAC;2E90;ATENÇÃO ESPECIALIZADA À SAÚDE;Incremento Temporário do Teto da Média e Alta Complexidade - MAC;08610110000187;FUNDO MUNICIPAL DE SAUDE DE INGA/PB;9027;01/12/2025;PROPOSTA PAGA;Proposta Paga;18/12/2025;R$500.000,00;R$500.000,00;R$500.000,00
2025;71160002;S.PART.;BANCADA DA PARAÍBA;não se aplica;não se aplica;PB;250620;FREI MARTINHO;MUNICIPAL;BANCADA OBRIGATÓRIA;CORRENTE;301;1001;1030151192E890025;25/09/2025;36000709634202500;202500028498;FAF;INCREMENTO PAP;2E89;ATENÇÃO PRIMÁRIA À SAÚDE;INCREMENTO DO PISO DA ATENÇÃO PRIMÁRIA À SAÚDE - PAP;11252030000101;FUNDO MUNICIPAL DE SAUDE DE FREI MARTINHO;8274;30/09/2025;PROPOSTA PAGA;Proposta Paga;16/10/2025;R$200.000,00;R$200.000,00;R$200.000,00
2025;71160010;S.PART.;BANCADA DA PARAÍBA;não se aplica;não se aplica;PB;251090;PAULISTA;MUNICIPAL;BANCADA OBRIGATÓRIA;CORRENTE;302;1001;1030251182E900025;19/09/2025;36000708152202500;202500036747;FAF;INCREMENTO MAC;2E90;ATENÇÃO ESPECIALIZADA À SAÚDE;Incremento Temporário do Teto da Média e Alta Complexidade - MAC;11247833000178;FUNDO MUNICIPAL DE SAUDE;8712;10/11/2025;PROPOSTA PAGA;Proposta Paga;09/12/2025;R$200.000,00;R$200.000,00;R$200.000,00
2025;71160002;S.PART.;BANCADA DA PARAÍBA;não se aplica;não se aplica;PB;250980;MULUNGU;MUNICIPAL;BANCADA OBRIGATÓRIA;CORRENTE;301;1001;1030151192E890025;10/09/2025;36000704558202500;202500037573;FAF;INCREMENTO PAP;2E89;ATENÇÃO PRIMÁRIA À SAÚDE;INCREMENTO DO PISO DA ATENÇÃO PRIMÁRIA À SAÚDE - PAP;18767963000180;FUNDO MUNICIPAL DE SAUDE MULUNGU;8864;18/11/2025;PROPOSTA PAGA;Proposta Paga;05/12/2025;R$600.010,00;R$600.010,00;R$600.010,00
2025;71160002;S.PART.;BANCADA DA PARAÍBA;não se aplica;não se aplica;PB;251335;SANTA INES;MUNICIPAL;BANCADA OBRIGATÓRIA;CORRENTE;301;1001;1030151192E890025;15/09/2025;36000706185202500;202500039603;FAF;INCREMENTO PAP;2E89;ATENÇÃO PRIMÁRIA À SAÚDE;INCREMENTO DO PISO DA ATENÇÃO PRIMÁRIA À SAÚDE - PAP;14418667000113;FUNDO MUNICIPAL DE SAUDE;9012;01/12/2025;PROPOSTA PAGA;Proposta Paga;22/12/2025;R$700.000,00;R$700.000,00;R$700.000,00
2025;71160002;S.PART.;BANCADA DA PARAÍBA;não se aplica;não se aplica;PB;251440;SAO JOSE DE ESPINHARAS;MUNICIPAL;BANCADA OBRIGATÓRIA;CORRENTE;301;1001;1030151192E890025;05/09/2025;36000702171202500;202500025390;FAF;INCREMENTO PAP;2E89;ATENÇÃO PRIMÁRIA À SAÚDE;INCREMENTO DO PISO DA ATENÇÃO PRIMÁRIA À SAÚDE - PAP;11418606000168;FUNDO MUNICIPAL DE SAUDE;8108;16/09/2025;PROPOSTA PAGA;Proposta Paga;01/10/2025;R$200.000,00;R$200.000,00;R$200.000,00
2025;71160010;S.PART.;BANCADA DA PARAÍBA;não se aplica;não se aplica;PB;251530;SAPE;MUNICIPAL;BANCADA OBRIGATÓRIA;CORRENTE;302;1000;1030251182E900025;03/09/2025;36000700591202500;202500039442;FAF;INCREMENTO MAC;2E90;ATENÇÃO ESPECIALIZADA À SAÚDE;Incremento Temporário do Teto da Média e Alta Complexidade - MAC;08036438000131;FUNDO MUNICIPAL DE SAUDE DE SAPE;9015;01/12/2025;PROPOSTA PAGA;Proposta Paga;18/12/2025;R$500.000,00;R$500.000,00;R$500.000,00
2025;71160002;S.PART.;BANCADA DA PARAÍBA;não se aplica;não se aplica;PB;250920;MASSARANDUBA;MUNICIPAL;BANCADA OBRIGATÓRIA;CORRENTE;301;1001;1030151192E890025;29/11/2025;36000719864202500;202500041158;FAF;INCREMENTO PAP;2E89;ATENÇÃO PRIMÁRIA À SAÚDE;INCREMENTO DO PISO DA ATENÇÃO PRIMÁRIA À SAÚDE - PAP;10948421000100;FUNDO MUNICIPAL DE SAUDE;9215;11/12/2025;PROPOSTA PAGA;Proposta Paga;19/12/2025;R$948.210,00;R$948.210,00;R$948.210,00
2025;71160002;S.PART.;BANCADA DA PARAÍBA;não se aplica;não se aplica;PB;250190;BELEM;MUNICIPAL;BANCADA OBRIGATÓRIA;CORRENTE;301;1001;1030151192E890025;09/09/2025;36000703587202500;202500029594;FAF;INCREMENTO PAP;2E89;ATENÇÃO PRIMÁRIA À SAÚDE;INCREMENTO DO PISO DA ATENÇÃO PRIMÁRIA À SAÚDE - PAP;11429813000118;FUNDO MUNICIPAL DE SAUDE DE BELEM;8329;07/10/2025;PROPOSTA PAGA;Proposta Paga;15/10/2025;R$1.000.000,00;R$1.000.000,00;R$1.000.000,00
2025;71160002;S.PART.;BANCADA DA PARAÍBA;não se aplica;não se aplica;PB;250980;MULUNGU;MUNICIPAL;BANCADA OBRIGATÓRIA;CORRENTE;301;1001;1030151192E890025;08/09/2025;36000702915202500;202500025354;FAF;INCREMENTO PAP;2E89;ATENÇÃO PRIMÁRIA À SAÚDE;INCREMENTO DO PISO DA ATENÇÃO PRIMÁRIA À SAÚDE - PAP;18767963000180;FUNDO MUNICIPAL DE SAUDE MULUNGU;8108;16/09/2025;PROPOSTA PAGA;Proposta Paga;01/10/2025;R$1.000.000,00;R$1.000.000,00;R$1.000.000,00
2025;71160002;S.PART.;BANCADA DA PARAÍBA;não se aplica;não se aplica;PB;251190;PITIMBU;MUNICIPAL;BANCADA OBRIGATÓRIA;CORRENTE;301;1001;1030151192E890025;23/09/2025;36000708886202500;202500036545;FAF;INCREMENTO PAP;2E89;ATENÇÃO PRIMÁRIA À SAÚDE;INCREMENTO DO PISO DA ATENÇÃO PRIMÁRIA À SAÚDE - PAP;10557425000150;FUNDO MUNICIPAL DE SAUDE DE PITIMBU;8702;10/11/2025;PROPOSTA PAGA;Proposta Paga;28/11/2025;R$1.000.000,00;R$1.000.000,00;R$1.000.000,00
2025;71160002;S.PART.;BANCADA DA PARAÍBA;não se aplica;não se aplica;PB;250435;CATURITE;MUNICIPAL;BANCADA OBRIGATÓRIA;CORRENTE;301;1001;1030151192E890025;23/09/2025;36000709102202500;202500028040;FAF;INCREMENTO PAP;2E89;ATENÇÃO PRIMÁRIA À SAÚDE;INCREMENTO DO PISO DA ATENÇÃO PRIMÁRIA À SAÚDE - PAP;11457024000190;FUNDO MUNICIPAL DE SAUDE CATURITE;8259;29/09/2025;PROPOSTA PAGA;Proposta Paga;09/10/2025;R$350.000,00;R$350.000,00;R$350.000,00
2025;71160007;S.PART.;BANCADA DA PARAÍBA;não se aplica;não se aplica;PB;250070;SAO JOAO DO RIO DO PEIXE;MUNICIPAL;BANCADA OBRIGATÓRIA;CAPITAL;302;3129;10302511885358697;08/12/2025;17648806000125008;202500042032;FAF;EQUIPAMENTO;8535;ATENÇÃO ESPECIALIZADA À SAÚDE;Rede de Atenção Hospitalar - Hospital Geral;17648806000193;FUNDO MUNICIPAL DE SAUDE DE SAO JOAO DO RIO DO PEIXE;9451;18/12/2025;PROPOSTA PAGA;Proposta Paga;29/12/2025;R$62.069,00;R$62.069,00;R$62.069,00
2025;71160010;S.PART.;BANCADA DA PARAÍBA;não se aplica;não se aplica;PB;251200;POCINHOS;MUNICIPAL;BANCADA OBRIGATÓRIA;CORRENTE;302;1001;1030251182E900025;04/11/2025;36000716158202500;202500040674;FAF;INCREMENTO MAC;2E90;ATENÇÃO ESPECIALIZADA À SAÚDE;Incremento Temporário do Teto da Média e Alta Complexidade - MAC;09505246000190;FUNDO MUNICIPAL DE SAUDE - POCINHOS - PARAIBA;9188;09/12/2025;PROPOSTA PAGA;Proposta Paga;23/12/2025;R$922.226,00;R$922.226,00;R$922.226,00
2025;71160002;S.PART.;BANCADA DA PARAÍBA;não se aplica;não se aplica;PB;250080;ARACAGI;MUNICIPAL;BANCADA OBRIGATÓRIA;CORRENTE;301;1001;1030151192E890025;15/09/2025;36000706188202500;202500027341;FAF;INCREMENTO PAP;2E89;ATENÇÃO PRIMÁRIA À SAÚDE;INCREMENTO DO PISO DA ATENÇÃO PRIMÁRIA À SAÚDE - PAP;12431299000118;ARACAGI - FUNDO MUNICIPAL DE SAUDE;8232;25/09/2025;PROPOSTA PAGA;Proposta Paga;09/10/2025;R$200.000,00;R$200.000,00;R$200.000,00
2025;71160007;S.PART.;BANCADA DA PARAÍBA;não se aplica;não se aplica;PB;251090;PAULISTA;MUNICIPAL;BANCADA OBRIGATÓRIA;CAPITAL;302;3129;10302511885358697;17/09/2025;11247833000125007;202500041430;FAF;EQUIPAMENTO;8535;ATENÇÃO ESPECIALIZADA À SAÚDE;Rede de Atenção Hospitalar - Hospital Geral;11247833000178;FUNDO MUNICIPAL DE SAUDE;9394;16/12/2025;PROPOSTA PAGA;Proposta Paga;23/12/2025;R$899.961,00;R$899.961,00;R$899.961,00
2025;71160010;S.PART.;BANCADA DA PARAÍBA;não se aplica;não se aplica;PB;250750;JOAO PESSOA;ESTADUAL;BANCADA OBRIGATÓRIA;CORRENTE;302;1001;1030251182E900025;22/09/2025;36000708723202500;202500028725;FAF;INCREMENTO MAC;2E90;ATENÇÃO ESPECIALIZADA À SAÚDE;Incremento Temporário do Teto da Média e Alta Complexidade - MAC;03609595000175;FUNDO ESTADUAL DE SAUDE DO ESTADO DA PARAIBA - FESEP;8272;30/09/2025;PROPOSTA PAGA;Proposta Paga;21/10/2025;R$1.210.502,00;R$1.210.502,00;R$1.210.502,00
2025;71160002;S.PART.;BANCADA DA PARAÍBA;não se aplica;não se aplica;PB;250937;MATO GROSSO;MUNICIPAL;BANCADA OBRIGATÓRIA;CORRENTE;301;1001;1030151192E890025;11/09/2025;36000705039202500;202500028530;FAF;INCREMENTO PAP;2E89;ATENÇÃO PRIMÁRIA À SAÚDE;INCREMENTO DO PISO DA ATENÇÃO PRIMÁRIA À SAÚDE - PAP;11951131000170;FUNDO MUNICIPAL DE SAUDE DE MATO GROSSO PB;8274;30/09/2025;PROPOSTA PAGA;Proposta Paga;16/10/2025;R$200.000,00;R$200.000,00;R$200.000,00
2025;71160010;S.PART.;BANCADA DA PARAÍBA;não se aplica;não se aplica;PB;251370;SANTA RITA;MUNICIPAL;BANCADA OBRIGATÓRIA;CORRENTE;302;1000;1030251182E900025;10/11/2025;36000717416202500;202500039095;FAF;INCREMENTO MAC;2E90;ATENÇÃO ESPECIALIZADA À SAÚDE;Incremento Temporário do Teto da Média e Alta Complexidade - MAC;08694222000163;FUNDO MUNICIPAL DE SAUDE DE SANTA RITA;8967;27/11/2025;PROPOSTA PAGA;Proposta Paga;23/12/2025;R$100.000,00;R$100.000,00;R$100.000,00
2025;71160001;S.PART.;BANCADA DA PARAÍBA;não se aplica;não se aplica;PB;250130;AROEIRAS;MUNICIPAL;BANCADA OBRIGATÓRIA;CAPITAL;301;1001;10301511985817022;03/09/2025;10819820000125002;202500033392;FAF;EQUIPAMENTO;8581;ATENÇÃO PRIMÁRIA À SAÚDE;EQUIPAMENTOS - UBS;10819820000163;FUNDO MUNICIPAL DE SAUDE;8518;24/10/2025;PROPOSTA PAGA;Proposta Paga;13/11/2025;R$199.812,00;R$199.812,00;R$199.812,00
2025;71160002;S.PART.;BANCADA DA PARAÍBA;não se aplica;não se aplica;PB;251593;SERTAOZINHO;MUNICIPAL;BANCADA OBRIGATÓRIA;CORRENTE;301;1001;1030151192E890025;09/09/2025;36000704105202500;202500031187;FAF;INCREMENTO PAP;2E89;ATENÇÃO PRIMÁRIA À SAÚDE;INCREMENTO DO PISO DA ATENÇÃO PRIMÁRIA À SAÚDE - PAP;11958034000100;FUNDO MUNICIPAL DE SAUDE DO MUNICIPIO DE SERTAOZINHO-PB;8410;15/10/2025;PROPOSTA PAGA;Proposta Paga;27/10/2025;R$200.000,00;R$200.000,00;R$200.000,00
2025;71160002;S.PART.;BANCADA DA PARAÍBA;não se aplica;não se aplica;PB;250060;ALHANDRA;MUNICIPAL;BANCADA OBRIGATÓRIA;CORRENTE;301;1001;1030151192E890025;12/09/2025;36000705596202500;202500027463;FAF;INCREMENTO PAP;2E89;ATENÇÃO PRIMÁRIA À SAÚDE;INCREMENTO DO PISO DA ATENÇÃO PRIMÁRIA À SAÚDE - PAP;11490408000105;FUNDO MUNICIPAL DE SAUDE;8232;25/09/2025;PROPOSTA PAGA;Proposta Paga;09/10/2025;R$250.000,00;R$250.000,00;R$250.000,00
2025;71160001;S.PART.;BANCADA DA PARAÍBA;não se aplica;não se aplica;PB;250510;CUITE;MUNICIPAL;BANCADA OBRIGATÓRIA;CAPITAL;301;1001;10301511985817022;11/10/2025;11404674000125005;202500032232;FAF;EQUIPAMENTO;8581;ATENÇÃO PRIMÁRIA À SAÚDE;EQUIPAMENTOS - UBS;11404674000178;FUNDO MUNICIPAL DE SAUDE;8452;20/10/2025;PROPOSTA PAGA;Proposta Paga;05/02/2026;R$300.000,00;R$300.000,00;R$300.000,00
2025;71160001;S.PART.;BANCADA DA PARAÍBA;não se aplica;não se aplica;PB;250550;VISTA SERRANA;MUNICIPAL;BANCADA OBRIGATÓRIA;CAPITAL;301;1001;10301511985817022;11/09/2025;11428853000125002;202500033245;FAF;EQUIPAMENTO;8581;ATENÇÃO PRIMÁRIA À SAÚDE;EQUIPAMENTOS - UBS;11428853000145;FUNDO MUNICIPAL DE SAUDE;8496;23/10/2025;PROPOSTA PAGA;Proposta Paga;29/12/2025;R$384.326,00;R$384.326,00;R$384.326,00
2025;71160001;S.PART.;BANCADA DA PARAÍBA;não se aplica;não se aplica;PB;251675;TENORIO;MUNICIPAL;BANCADA OBRIGATÓRIA;CAPITAL;301;1001;10301511985817022;01/10/2025;11793042000125005;202500033242;FAF;EQUIPAMENTO;8581;ATENÇÃO PRIMÁRIA À SAÚDE;EQUIPAMENTOS - UBS;11793042000143;FUNDO MUNICIPAL DE SAUDE DE TENORIO;8496;23/10/2025;PROPOSTA PAGA;Proposta Paga;29/12/2025;R$385.498,00;R$385.498,00;R$385.498,00
2025;71160002;S.PART.;BANCADA DA PARAÍBA;não se aplica;não se aplica;PB;251065;PARARI;MUNICIPAL;BANCADA OBRIGATÓRIA;CORRENTE;301;1001;1030151192E890025;02/10/2025;36000710682202500;202500033825;FAF;INCREMENTO PAP;2E89;ATENÇÃO PRIMÁRIA À SAÚDE;INCREMENTO DO PISO DA ATENÇÃO PRIMÁRIA À SAÚDE - PAP;13845567000100;FUNDO MUNICIPAL DE SAUDE DE PARARI;8544;28/10/2025;PROPOSTA PAGA;Proposta Paga;13/11/2025;R$300.000,00;R$300.000,00;R$300.000,00
2025;71160001;S.PART.;BANCADA DA PARAÍBA;não se aplica;não se aplica;PB;250630;GUARABIRA;MUNICIPAL;BANCADA OBRIGATÓRIA;CAPITAL;301;3129;10301511985817022;02/12/2025;13844779000125009;202500044168;FAF;EQUIPAMENTO;8581;ATENÇÃO PRIMÁRIA À SAÚDE;SAÚDE BUCAL - BRASIL SORRIDENTE;13844779000173;GUARABIRA FUNDO MUNICIPAL DE SAUDE;10053;31/12/2025;PROPOSTA PAGA;Proposta Paga;05/02/2026;R$379.890,00;R$379.890,00;R$379.890,00
2025;71160002;S.PART.;BANCADA DA PARAÍBA;não se aplica;não se aplica;PB;250550;VISTA SERRANA;MUNICIPAL;BANCADA OBRIGATÓRIA;CORRENTE;301;1001;1030151192E890025;12/09/2025;36000705526202500;202500025320;FAF;INCREMENTO PAP;2E89;ATENÇÃO PRIMÁRIA À SAÚDE;INCREMENTO DO PISO DA ATENÇÃO PRIMÁRIA À SAÚDE - PAP;11428853000145;FUNDO MUNICIPAL DE SAUDE;8108;16/09/2025;PROPOSTA PAGA;Proposta Paga;22/10/2025;R$1.000.000,00;R$1.000.000,00;R$1.000.000,00
2025;71160002;S.PART.;BANCADA DA PARAÍBA;não se aplica;não se aplica;PB;250490;CRUZ DO ESPIRITO SANTO;MUNICIPAL;BANCADA OBRIGATÓRIA;CORRENTE;301;1001;1030151192E890025;10/09/2025;36000704507202500;202500025312;FAF;INCREMENTO PAP;2E89;ATENÇÃO PRIMÁRIA À SAÚDE;INCREMENTO DO PISO DA ATENÇÃO PRIMÁRIA À SAÚDE - PAP;23014200000107;FUNDO MUNICIPAL DE SAUDE DE CRUZ DO ESPIRITO SANTO;8108;16/09/2025;PROPOSTA PAGA;Proposta Paga;01/10/2025;R$1.600.000,00;R$1.600.000,00;R$1.600.000,00
2025;71160002;S.PART.;BANCADA DA PARAÍBA;não se aplica;não se aplica;PB;250030;ALAGOA GRANDE;MUNICIPAL;BANCADA OBRIGATÓRIA;CORRENTE;301;1001;1030151192E890025;05/09/2025;36000701979202500;202500029440;FAF;INCREMENTO PAP;2E89;ATENÇÃO PRIMÁRIA À SAÚDE;INCREMENTO DO PISO DA ATENÇÃO PRIMÁRIA À SAÚDE - PAP;17698753000115;FUNDO MUNICIPAL DE SAUDE DE ALAGOA GRANDE;8319;06/10/2025;PROPOSTA PAGA;Proposta Paga;15/10/2025;R$100.000,00;R$100.000,00;R$100.000,00
2025;71160002;S.PART.;BANCADA DA PARAÍBA;não se aplica;não se aplica;PB;251445;SAO JOSE DOS RAMOS;MUNICIPAL;BANCADA OBRIGATÓRIA;CORRENTE;301;1001;1030151192E890025;06/10/2025;36000711204202500;202500039919;FAF;INCREMENTO PAP;2E89;ATENÇÃO PRIMÁRIA À SAÚDE;INCREMENTO DO PISO DA ATENÇÃO PRIMÁRIA À SAÚDE - PAP;11227813000135;FUNDO MUNICIPAL DE SAUDE DE SAO JOSE DOS RAMOS;9057;03/12/2025;PROPOSTA PAGA;Proposta Paga;19/12/2025;R$340.000,00;R$340.000,00;R$340.000,00
2025;71160010;S.PART.;BANCADA DA PARAÍBA;não se aplica;não se aplica;PB;250480;COREMAS;MUNICIPAL;BANCADA OBRIGATÓRIA;CORRENTE;302;1001;1030251182E900025;04/09/2025;36000700836202500;202500028973;FAF;INCREMENTO MAC;2E90;ATENÇÃO ESPECIALIZADA À SAÚDE;Incremento Temporário do Teto da Média e Alta Complexidade - MAC;11161210000188;FUNDO MUNICIPAL DE SAUDE;8287;01/10/2025;PROPOSTA PAGA;Proposta Paga;21/10/2025;R$1.232.000,00;R$1.232.000,00;R$1.232.000,00
2025;71160007;S.PART.;BANCADA DA PARAÍBA;não se aplica;não se aplica;PB;251207;POCO DE JOSE DE MOURA;MUNICIPAL;BANCADA OBRIGATÓRIA;CAPITAL;302;3129;10302511885358697;10/10/2025;11472830000125010;202500036338;FAF;EQUIPAMENTO;8535;ATENÇÃO ESPECIALIZADA À SAÚDE;Rede de Atenção Hospitalar - Ambulância de Transporte Tipo A - Remoção Simples - Eletiva;11472830000138;FUNDO MUNICIPAL DE SAUDE DE POCO DE JOSE DE MOURA;8659;07/11/2025;PROPOSTA PAGA;Proposta Paga;15/12/2025;R$314.200,00;R$314.200,00;R$314.200,00
2025;71160002;S.PART.;BANCADA DA PARAÍBA;não se aplica;não se aplica;PB;250170;BARRA DE SAO MIGUEL;MUNICIPAL;BANCADA OBRIGATÓRIA;CORRENTE;301;1001;1030151192E890025;10/09/2025;36000704528202500;202500039585;FAF;INCREMENTO PAP;2E89;ATENÇÃO PRIMÁRIA À SAÚDE;INCREMENTO DO PISO DA ATENÇÃO PRIMÁRIA À SAÚDE - PAP;11228592000110;FUNDO MUNICIPAL DE SAUDE DE BARRA DE SAO MIGUEL;9030;02/12/2025;PROPOSTA PAGA;Proposta Paga;19/12/2025;R$200.000,00;R$200.000,00;R$200.000,00
2025;71160002;S.PART.;BANCADA DA PARAÍBA;não se aplica;não se aplica;PB;250200;BELEM DO BREJO DO CRUZ;MUNICIPAL;BANCADA OBRIGATÓRIA;CORRENTE;301;1001;1030151192E890025;08/09/2025;36000702753202500;202500032910;FAF;INCREMENTO PAP;2E89;ATENÇÃO PRIMÁRIA À SAÚDE;INCREMENTO DO PISO DA ATENÇÃO PRIMÁRIA À SAÚDE - PAP;12461113000173;FUNDO MUNICIPAL DE SAUDE DE BELEM DO BREJO DO CRUZ;8494;23/10/2025;PROPOSTA PAGA;Proposta Paga;13/11/2025;R$200.000,00;R$200.000,00;R$200.000,00
2025;71160002;S.PART.;BANCADA DA PARAÍBA;não se aplica;não se aplica;PB;250320;CABEDELO;MUNICIPAL;BANCADA OBRIGATÓRIA;CORRENTE;301;1001;1030151192E890025;02/09/2025;36000697558202500;202500025303;FAF;INCREMENTO PAP;2E89;ATENÇÃO PRIMÁRIA À SAÚDE;INCREMENTO DO PISO DA ATENÇÃO PRIMÁRIA À SAÚDE - PAP;04849697000120;FUNDO MUNICIPAL DE SAUDE DE CABEDELO;8108;16/09/2025;EM ANALISE PELA ÁREA FINALÍSTICA;Proposta Empenhada aguardando Formalização;-;R$500.000,00;R$500.000,00;R$0,00
2025;71160002;S.PART.;BANCADA DA PARAÍBA;não se aplica;não se aplica;PB;250570;DONA INES;MUNICIPAL;BANCADA OBRIGATÓRIA;CORRENTE;301;1001;1030151192E890025;10/09/2025;36000704588202500;202500028059;FAF;INCREMENTO PAP;2E89;ATENÇÃO PRIMÁRIA À SAÚDE;INCREMENTO DO PISO DA ATENÇÃO PRIMÁRIA À SAÚDE - PAP;11420456000127;DONA INES - FUNDO MUNICIPAL DE SAUDE;8261;29/09/2025;PROPOSTA PAGA;Proposta Paga;09/10/2025;R$500.000,00;R$500.000,00;R$500.000,00
2025;71160002;S.PART.;BANCADA DA PARAÍBA;não se aplica;não se aplica;PB;250570;DONA INES;MUNICIPAL;BANCADA OBRIGATÓRIA;CORRENTE;301;1001;1030151192E890025;28/11/2025;36000719764202500;202500039915;FAF;INCREMENTO PAP;2E89;ATENÇÃO PRIMÁRIA À SAÚDE;INCREMENTO DO PISO DA ATENÇÃO PRIMÁRIA À SAÚDE - PAP;11420456000127;DONA INES - FUNDO MUNICIPAL DE SAUDE;9057;03/12/2025;PROPOSTA PAGA;Proposta Paga;19/12/2025;R$200.000,00;R$200.000,00;R$200.000,00
2025;71160002;S.PART.;BANCADA DA PARAÍBA;não se aplica;não se aplica;PB;251274;RIACHAO;MUNICIPAL;BANCADA OBRIGATÓRIA;CORRENTE;301;1001;1030151192E890025;07/10/2025;36000711433202500;202500032096;FAF;INCREMENTO PAP;2E89;ATENÇÃO PRIMÁRIA À SAÚDE;INCREMENTO DO PISO DA ATENÇÃO PRIMÁRIA À SAÚDE - PAP;12011137000120;FUNDO MUNICIPAL DE SAUDE DE RIACHAO;8443;20/10/2025;PROPOSTA PAGA;Proposta Paga;13/11/2025;R$500.000,00;R$500.000,00;R$500.000,00
2025;71160010;S.PART.;BANCADA DA PARAÍBA;não se aplica;não se aplica;PB;250750;JOAO PESSOA;ESTADUAL;BANCADA OBRIGATÓRIA;CORRENTE;302;1001;1030251182E900025;18/09/2025;36000707957202500;202500028272;FAF;INCREMENTO MAC;2E90;ATENÇÃO ESPECIALIZADA À SAÚDE;Incremento Temporário do Teto da Média e Alta Complexidade - MAC;03609595000175;FUNDO ESTADUAL DE SAUDE DO ESTADO DA PARAIBA - FESEP;8220;24/09/2025;PROPOSTA PAGA;Proposta Paga;21/10/2025;R$215.727,00;R$215.727,00;R$215.727,00
2025;71160010;S.PART.;BANCADA DA PARAÍBA;não se aplica;não se aplica;PB;251270;REMIGIO;MUNICIPAL;BANCADA OBRIGATÓRIA;CORRENTE;302;1001;1030251182E900025;26/09/2025;36000709687202500;202500039091;FAF;INCREMENTO MAC;2E90;ATENÇÃO ESPECIALIZADA À SAÚDE;Incremento Temporário do Teto da Média e Alta Complexidade - MAC;11376311000176;FUNDO MUNICIPAL DE SAUDE - REMIGIO - PB;8967;27/11/2025;PROPOSTA PAGA;Proposta Paga;29/12/2025;R$500.000,00;R$500.000,00;R$500.000,00
2025;71160010;S.PART.;BANCADA DA PARAÍBA;não se aplica;não se aplica;PB;251140;PICUI;MUNICIPAL;BANCADA OBRIGATÓRIA;CORRENTE;302;1001;1030251182E900025;03/10/2025;36000710958202500;202500042807;FAF;INCREMENTO MAC;2E90;ATENÇÃO ESPECIALIZADA À SAÚDE;Incremento Temporário do Teto da Média e Alta Complexidade - MAC;08619650000121;FUNDO MUNICIPAL DE SAUDE;9598;23/12/2025;PROPOSTA PAGA;Proposta Paga;31/12/2025;R$200.000,00;R$200.000,00;R$200.000,00
2025;71160002;S.PART.;BANCADA DA PARAÍBA;não se aplica;não se aplica;PB;251315;SANTA CECILIA;MUNICIPAL;BANCADA OBRIGATÓRIA;CORRENTE;301;1001;1030151192E890025;26/09/2025;36000709664202500;202500029129;FAF;INCREMENTO PAP;2E89;ATENÇÃO PRIMÁRIA À SAÚDE;INCREMENTO DO PISO DA ATENÇÃO PRIMÁRIA À SAÚDE - PAP;08698105000178;FUNDO MUNICIPAL DE SAUDE SANTA CECILIA;8312;03/10/2025;PROPOSTA PAGA;Proposta Paga;16/10/2025;R$700.000,00;R$700.000,00;R$700.000,00
2025;71160002;S.PART.;BANCADA DA PARAÍBA;não se aplica;não se aplica;PB;251396;SAO DOMINGOS;MUNICIPAL;BANCADA OBRIGATÓRIA;CORRENTE;301;1001;1030151192E890025;12/09/2025;36000705689202500;202500025372;FAF;INCREMENTO PAP;2E89;ATENÇÃO PRIMÁRIA À SAÚDE;INCREMENTO DO PISO DA ATENÇÃO PRIMÁRIA À SAÚDE - PAP;17792379000112;FUNDO MUNICIPAL DE SAUDE DE SAO DOMINGOS;8108;16/09/2025;PROPOSTA PAGA;Proposta Paga;25/11/2025;R$800.000,00;R$800.000,00;R$800.000,00
2025;71160010;S.PART.;BANCADA DA PARAÍBA;não se aplica;não se aplica;PB;250250;BOQUEIRAO;MUNICIPAL;BANCADA OBRIGATÓRIA;CORRENTE;302;1001;1030251182E900025;22/09/2025;36000708680202500;202500033486;FAF;INCREMENTO MAC;2E90;ATENÇÃO ESPECIALIZADA À SAÚDE;Incremento Temporário do Teto da Média e Alta Complexidade - MAC;11153600000106;FUNDO MUNICIPAL DE SAUDE;8531;24/10/2025;PROPOSTA PAGA;Proposta Paga;21/11/2025;R$400.000,00;R$400.000,00;R$400.000,00
2025;71160002;S.PART.;BANCADA DA PARAÍBA;não se aplica;não se aplica;PB;251610;SOLEDADE;MUNICIPAL;BANCADA OBRIGATÓRIA;CORRENTE;301;1001;1030151192E890025;10/09/2025;36000704614202500;202500029461;FAF;INCREMENTO PAP;2E89;ATENÇÃO PRIMÁRIA À SAÚDE;INCREMENTO DO PISO DA ATENÇÃO PRIMÁRIA À SAÚDE - PAP;02182502000106;FUNDO MUNICIPAL DE SAUDE DE SOLEDADE;8319;06/10/2025;PROPOSTA PAGA;Proposta Paga;15/10/2025;R$200.000,00;R$200.000,00;R$200.000,00
2025;71160002;S.PART.;BANCADA DA PARAÍBA;não se aplica;não se aplica;PB;251410;SAO JOAO DO TIGRE;MUNICIPAL;BANCADA OBRIGATÓRIA;CORRENTE;301;1001;1030151192E890025;13/09/2025;36000705894202500;202500028202;FAF;INCREMENTO PAP;2E89;ATENÇÃO PRIMÁRIA À SAÚDE;INCREMENTO DO PISO DA ATENÇÃO PRIMÁRIA À SAÚDE - PAP;12899907000113;FUNDO MUNICIPAL DE SAUDE;8259;29/09/2025;PROPOSTA PAGA;Proposta Paga;15/10/2025;R$250.000,00;R$250.000,00;R$250.000,00
2025;71160010;S.PART.;BANCADA DA PARAÍBA;não se aplica;não se aplica;PB;251420;SAO JOSE DA LAGOA TAPADA;MUNICIPAL;BANCADA OBRIGATÓRIA;CORRENTE;302;1001;1030251182E900025;16/09/2025;36000707073202500;202500028839;FAF;INCREMENTO MAC;2E90;ATENÇÃO ESPECIALIZADA À SAÚDE;Incremento Temporário do Teto da Média e Alta Complexidade - MAC;11420422000132;FUNDO MUNIC DE SAUDE DE JOSE DA LAGOA TAPADA;8272;30/09/2025;PROPOSTA PAGA;Proposta Paga;21/10/2025;R$94.366,00;R$94.366,00;R$94.366,00
2025;71160001;S.PART.;BANCADA DA PARAÍBA;não se aplica;não se aplica;PB;250200;BELEM DO BREJO DO CRUZ;MUNICIPAL;BANCADA OBRIGATÓRIA;CAPITAL;301;1001;10301511985817022;08/09/2025;12461113000125005;202500033393;FAF;EQUIPAMENTO;8581;ATENÇÃO PRIMÁRIA À SAÚDE;TRANSPORTE ELETIVO EM SAÚDE;12461113000173;FUNDO MUNICIPAL DE SAUDE DE BELEM DO BREJO DO CRUZ;8519;24/10/2025;PROPOSTA PAGA;Proposta Paga;13/11/2025;R$385.723,00;R$385.723,00;R$385.723,00
2025;71160001;S.PART.;BANCADA DA PARAÍBA;não se aplica;não se aplica;PB;251280;RIACHO DOS CAVALOS;MUNICIPAL;BANCADA OBRIGATÓRIA;CAPITAL;301;1001;10301511985817022;26/12/2025;12081925000125014;202500044222;FAF;EQUIPAMENTO;8581;ATENÇÃO PRIMÁRIA À SAÚDE;TRANSPORTE ELETIVO EM SAÚDE;12081925000193;RIACHO DOS CAVALOS FUNDO MUNICIPAL DE SAUDE;10111;31/12/2025;PROPOSTA PAGA;Proposta Paga;05/02/2026;R$385.723,00;R$385.723,00;R$385.723,00
2025;71160002;S.PART.;BANCADA DA PARAÍBA;não se aplica;não se aplica;PB;250350;CACIMBA DE DENTRO;MUNICIPAL;BANCADA OBRIGATÓRIA;CORRENTE;301;1001;1030151192E890025;07/10/2025;36000711385202500;202500032087;FAF;INCREMENTO PAP;2E89;ATENÇÃO PRIMÁRIA À SAÚDE;INCREMENTO DO PISO DA ATENÇÃO PRIMÁRIA À SAÚDE - PAP;12011663000190;FUNDO MUNICIPAL DE SAUDE DE CACIMBA DE DENTRO;8451;20/10/2025;PROPOSTA PAGA;Proposta Paga;13/11/2025;R$300.000,00;R$300.000,00;R$300.000,00
2025;71160010;S.PART.;BANCADA DA PARAÍBA;não se aplica;não se aplica;PB;250940;MOGEIRO;MUNICIPAL;BANCADA OBRIGATÓRIA;CORRENTE;302;1001;1030251182E900025;08/09/2025;36000703046202500;202500033489;FAF;INCREMENTO MAC;2E90;ATENÇÃO ESPECIALIZADA À SAÚDE;Incremento Temporário do Teto da Média e Alta Complexidade - MAC;10664047000103;FUNDO MUNICIPAL DE SAUDE DE MOGEIRO;8531;24/10/2025;PROPOSTA PAGA;Proposta Paga;21/11/2025;R$200.000,00;R$200.000,00;R$200.000,00
2025;71160002;S.PART.;BANCADA DA PARAÍBA;não se aplica;não se aplica;PB;251480;SAO JOSE DOS CORDEIROS;MUNICIPAL;BANCADA OBRIGATÓRIA;CORRENTE;301;1001;1030151192E890025;19/12/2025;36000722942202500;202500043092;FAF;INCREMENTO PAP;2E89;ATENÇÃO PRIMÁRIA À SAÚDE;INCREMENTO DO PISO DA ATENÇÃO PRIMÁRIA À SAÚDE - PAP;13491027000176;FUNDO MUNICIPAL DE SAUDE DE SAO JOSE DOS CORDEIROS - PB;9632;24/12/2025;PROPOSTA PAGA;Proposta Paga;05/02/2026;R$300.000,00;R$300.000,00;R$300.000,00
2025;71160002;S.PART.;BANCADA DA PARAÍBA;não se aplica;não se aplica;PB;250790;JURIPIRANGA;MUNICIPAL;BANCADA OBRIGATÓRIA;CORRENTE;301;1001;1030151192E890025;08/09/2025;36000703320202500;202500028512;FAF;INCREMENTO PAP;2E89;ATENÇÃO PRIMÁRIA À SAÚDE;INCREMENTO DO PISO DA ATENÇÃO PRIMÁRIA À SAÚDE - PAP;11164805000197;FUNDO MUNICIPAL DE SAUDE;8274;30/09/2025;PROPOSTA PAGA;Proposta Paga;16/10/2025;R$1.059.280,00;R$1.059.280,00;R$1.059.280,00
2025;71160010;S.PART.;BANCADA DA PARAÍBA;não se aplica;não se aplica;PB;251120;PEDRAS DE FOGO;MUNICIPAL;BANCADA OBRIGATÓRIA;CORRENTE;302;1001;1030251182E900025;03/10/2025;36000710855202500;202500041323;FAF;INCREMENTO MAC;2E90;ATENÇÃO ESPECIALIZADA À SAÚDE;Incremento Temporário do Teto da Média e Alta Complexidade - MAC;10490987000123;FUNDO MUNICIPAL DE SAUDE;9390;16/12/2025;PROPOSTA PAGA;Proposta Paga;23/12/2025;R$900.000,00;R$900.000,00;R$900.000,00
2025;71160002;S.PART.;BANCADA DA PARAÍBA;não se aplica;não se aplica;PB;251060;OURO VELHO;MUNICIPAL;BANCADA OBRIGATÓRIA;CORRENTE;301;1001;1030151192E890025;09/09/2025;36000704049202500;202500025357;FAF;INCREMENTO PAP;2E89;ATENÇÃO PRIMÁRIA À SAÚDE;INCREMENTO DO PISO DA ATENÇÃO PRIMÁRIA À SAÚDE - PAP;11348410000144;FUNDO MUNICIPAL DE SAUDE DE OURO VELHO;8108;16/09/2025;PROPOSTA PAGA;Proposta Paga;01/10/2025;R$100.000,00;R$100.000,00;R$100.000,00
2025;71160010;S.PART.;BANCADA DA PARAÍBA;não se aplica;não se aplica;PB;250400;CAMPINA GRANDE;MUNICIPAL;BANCADA OBRIGATÓRIA;CORRENTE;302;1001;1030251182E900025;13/09/2025;36000705868202500;202500026927;FAF;INCREMENTO MAC;2E90;ATENÇÃO ESPECIALIZADA À SAÚDE;Incremento Temporário do Teto da Média e Alta Complexidade - MAC;24513574000121;FUNDO MUNICIPAL DE SAUDE DE CAMPINA GRANDE;8212;23/09/2025;PROPOSTA PAGA;Proposta Paga;21/10/2025;R$1.000.000,00;R$1.000.000,00;R$1.000.000,00
2025;71160010;S.PART.;BANCADA DA PARAÍBA;não se aplica;não se aplica;PB;250300;CAAPORA;MUNICIPAL;BANCADA OBRIGATÓRIA;CORRENTE;302;1001;1030251182E900025;16/09/2025;36000706777202500;202500027160;FAF;INCREMENTO MAC;2E90;ATENÇÃO ESPECIALIZADA À SAÚDE;Incremento Temporário do Teto da Média e Alta Complexidade - MAC;10975044000190;FUNDO MUNICIPAL DE SAUDE - FMS;8218;24/09/2025;PROPOSTA PAGA;Proposta Paga;21/10/2025;R$1.500.000,00;R$1.500.000,00;R$1.500.000,00
2025;71160002;S.PART.;BANCADA DA PARAÍBA;não se aplica;não se aplica;PB;250130;AROEIRAS;MUNICIPAL;BANCADA OBRIGATÓRIA;CORRENTE;301;1001;1030151192E890025;07/10/2025;36000711297202500;202500031109;FAF;INCREMENTO PAP;2E89;ATENÇÃO PRIMÁRIA À SAÚDE;INCREMENTO DO PISO DA ATENÇÃO PRIMÁRIA À SAÚDE - PAP;10819820000163;FUNDO MUNICIPAL DE SAUDE;8410;15/10/2025;PROPOSTA PAGA;Proposta Paga;27/10/2025;R$200.000,00;R$200.000,00;R$200.000,00
2025;71160002;S.PART.;BANCADA DA PARAÍBA;não se aplica;não se aplica;PB;250215;BOA VISTA;MUNICIPAL;BANCADA OBRIGATÓRIA;CORRENTE;301;1001;1030151192E890025;13/10/2025;36000712295202500;202500032076;FAF;INCREMENTO PAP;2E89;ATENÇÃO PRIMÁRIA À SAÚDE;INCREMENTO DO PISO DA ATENÇÃO PRIMÁRIA À SAÚDE - PAP;12868705000104;FUNDO MUNICIPAL DE SAUDE;8451;20/10/2025;PROPOSTA PAGA;Proposta Paga;13/11/2025;R$500.000,00;R$500.000,00;R$500.000,00
2025;71160002;S.PART.;BANCADA DA PARAÍBA;não se aplica;não se aplica;PB;250490;CRUZ DO ESPIRITO SANTO;MUNICIPAL;BANCADA OBRIGATÓRIA;CORRENTE;301;1001;1030151192E890025;08/09/2025;36000703148202500;202500029449;FAF;INCREMENTO PAP;2E89;ATENÇÃO PRIMÁRIA À SAÚDE;INCREMENTO DO PISO DA ATENÇÃO PRIMÁRIA À SAÚDE - PAP;23014200000107;FUNDO MUNICIPAL DE SAUDE DE CRUZ DO ESPIRITO SANTO;8319;06/10/2025;PROPOSTA PAGA;Proposta Paga;15/10/2025;R$500.000,00;R$500.000,00;R$500.000,00
2025;71160007;S.PART.;BANCADA DA PARAÍBA;não se aplica;não se aplica;PB;251400;SAO JOAO DO CARIRI;MUNICIPAL;BANCADA OBRIGATÓRIA;CAPITAL;302;3129;10302511885358697;16/12/2025;12447221000125005;202500043518;FAF;EQUIPAMENTO;8535;ATENÇÃO ESPECIALIZADA À SAÚDE;Rede de Atenção Psicossocial - Centro de Atenção Psicossocial (Caps);12447221000191;FUNDO MUNICIPAL DE SAUDE DE SAO JOAO DO CARIRI - PB;9748;29/12/2025;PROPOSTA PAGA;Proposta Paga;12/02/2026;R$338.848,00;R$338.848,00;R$338.848,00
2025;71160002;S.PART.;BANCADA DA PARAÍBA;não se aplica;não se aplica;PB;250310;CABACEIRAS;MUNICIPAL;BANCADA OBRIGATÓRIA;CORRENTE;301;1001;1030151192E890025;16/09/2025;36000706555202500;202500028024;FAF;INCREMENTO PAP;2E89;ATENÇÃO PRIMÁRIA À SAÚDE;INCREMENTO DO PISO DA ATENÇÃO PRIMÁRIA À SAÚDE - PAP;11309134000105;FUNDO MUNICIPAL DE SAUDE - CABACEIRAS PB;8259;29/09/2025;PROPOSTA PAGA;Proposta Paga;15/10/2025;R$200.000,00;R$200.000,00;R$200.000,00
2025;71160002;S.PART.;BANCADA DA PARAÍBA;não se aplica;não se aplica;PB;250650;GURJAO;MUNICIPAL;BANCADA OBRIGATÓRIA;CORRENTE;301;1001;1030151192E890025;08/09/2025;36000703036202500;202500031138;FAF;INCREMENTO PAP;2E89;ATENÇÃO PRIMÁRIA À SAÚDE;INCREMENTO DO PISO DA ATENÇÃO PRIMÁRIA À SAÚDE - PAP;11432444000112;FUNDO MUNICIPAL DE SAUDE DE GURJAO;8410;15/10/2025;PROPOSTA PAGA;Proposta Paga;27/10/2025;R$200.000,00;R$200.000,00;R$200.000,00
2025;71160002;S.PART.;BANCADA DA PARAÍBA;não se aplica;não se aplica;PB;251400;SAO JOAO DO CARIRI;MUNICIPAL;BANCADA OBRIGATÓRIA;CORRENTE;301;1001;1030151192E890025;09/09/2025;36000703928202500;202500025375;FAF;INCREMENTO PAP;2E89;ATENÇÃO PRIMÁRIA À SAÚDE;INCREMENTO DO PISO DA ATENÇÃO PRIMÁRIA À SAÚDE - PAP;12447221000191;FUNDO MUNICIPAL DE SAUDE DE SAO JOAO DO CARIRI - PB;8108;16/09/2025;PROPOSTA PAGA;Proposta Paga;29/12/2025;R$553.626,00;R$553.626,00;R$553.626,00
2025;71160001;S.PART.;BANCADA DA PARAÍBA;não se aplica;não se aplica;PB;251280;RIACHO DOS CAVALOS;MUNICIPAL;BANCADA OBRIGATÓRIA;CAPITAL;301;1001;10301511985817022;22/12/2025;12081925000125012;202500043696;FAF;EQUIPAMENTO;8581;ATENÇÃO PRIMÁRIA À SAÚDE;EQUIPAMENTOS - UBS;12081925000193;RIACHO DOS CAVALOS FUNDO MUNICIPAL DE SAUDE;9767;30/12/2025;PROPOSTA PAGA;Proposta Paga;05/02/2026;R$16.149,00;R$16.149,00;R$16.149,00
2025;71160010;S.PART.;BANCADA DA PARAÍBA;não se aplica;não se aplica;PB;251210;POMBAL;MUNICIPAL;BANCADA OBRIGATÓRIA;CORRENTE;302;1001;1030251182E900025;19/12/2025;36000722919202500;202500043451;FAF;INCREMENTO MAC;2E90;ATENÇÃO ESPECIALIZADA À SAÚDE;Incremento Temporário do Teto da Média e Alta Complexidade - MAC;10602526000103;FUNDO MUNICIPAL DE SAUDE;9625;23/12/2025;PROPOSTA PAGA;Proposta Paga;12/02/2026;R$368.637,00;R$368.637,00;R$368.637,00
2025;71160010;S.PART.;BANCADA DA PARAÍBA;não se aplica;não se aplica;PB;251290;RIO TINTO;MUNICIPAL;BANCADA OBRIGATÓRIA;CORRENTE;302;1001;1030251182E900025;24/09/2025;36000709297202500;202500028837;FAF;INCREMENTO MAC;2E90;ATENÇÃO ESPECIALIZADA À SAÚDE;Incremento Temporário do Teto da Média e Alta Complexidade - MAC;12457150000108;FUNDO MUNICIPAL DE SAUDE DE RIO TINTO;8272;30/09/2025;PROPOSTA PAGA;Proposta Paga;21/10/2025;R$400.000,00;R$400.000,00;R$400.000,00
2025;71160001;S.PART.;BANCADA DA PARAÍBA;não se aplica;não se aplica;PB;251550;SERRA BRANCA;MUNICIPAL;BANCADA OBRIGATÓRIA;CAPITAL;301;1001;10301511985817022;16/09/2025;05456092000125006;202500036863;FAF;EQUIPAMENTO;8581;ATENÇÃO PRIMÁRIA À SAÚDE;TRANSPORTE ELETIVO EM SAÚDE;05456092000132;FUNDO MUNICIPAL DE SAUDE;8733;11/11/2025;PROPOSTA PAGA;Proposta Paga;19/12/2025;R$385.723,00;R$385.723,00;R$385.723,00
2025;71160002;S.PART.;BANCADA DA PARAÍBA;não se aplica;não se aplica;PB;250230;BOM SUCESSO;MUNICIPAL;BANCADA OBRIGATÓRIA;CORRENTE;301;1001;1030151192E890025;18/09/2025;36000707599202500;202500031121;FAF;INCREMENTO PAP;2E89;ATENÇÃO PRIMÁRIA À SAÚDE;INCREMENTO DO PISO DA ATENÇÃO PRIMÁRIA À SAÚDE - PAP;12403050000107;FUNDO MUNICIPAL DE SAUDE - FMS;8410;15/10/2025;PROPOSTA PAGA;Proposta Paga;27/10/2025;R$381.494,00;R$381.494,00;R$381.494,00
2025;71160010;S.PART.;BANCADA DA PARAÍBA;não se aplica;não se aplica;PB;250430;CATOLE DO ROCHA;MUNICIPAL;BANCADA OBRIGATÓRIA;CORRENTE;302;1001;1030251182E900025;10/09/2025;36000704445202500;202500035142;FAF;INCREMENTO MAC;2E90;ATENÇÃO ESPECIALIZADA À SAÚDE;Incremento Temporário do Teto da Média e Alta Complexidade - MAC;12784607000199;FUNDO MUNICIPAL DE SAUDE DE CATOLE DO ROCHA;8603;31/10/2025;PROPOSTA PAGA;Proposta Paga;10/12/2025;R$1.350.000,00;R$1.350.000,00;R$1.350.000,00
2025;71160002;S.PART.;BANCADA DA PARAÍBA;não se aplica;não se aplica;PB;250470;CONGO;MUNICIPAL;BANCADA OBRIGATÓRIA;CORRENTE;301;1001;1030151192E890025;06/10/2025;36000711105202500;202500032417;FAF;INCREMENTO PAP;2E89;ATENÇÃO PRIMÁRIA À SAÚDE;INCREMENTO DO PISO DA ATENÇÃO PRIMÁRIA À SAÚDE - PAP;11436548000103;FUNDO MUNICIPAL DE SAUDE - CONGO - PARAIBA;8451;20/10/2025;PROPOSTA PAGA;Proposta Paga;13/11/2025;R$107.479,00;R$107.479,00;R$107.479,00
2025;71160010;S.PART.;BANCADA DA PARAÍBA;não se aplica;não se aplica;PB;250320;CABEDELO;MUNICIPAL;BANCADA OBRIGATÓRIA;CORRENTE;302;1001;1030251182E900025;16/09/2025;36000706614202500;202500027870;FAF;INCREMENTO MAC;2E90;ATENÇÃO ESPECIALIZADA À SAÚDE;Incremento Temporário do Teto da Média e Alta Complexidade - MAC;04849697000120;FUNDO MUNICIPAL DE SAUDE DE CABEDELO;8258;29/09/2025;PROPOSTA PAGA;Proposta Paga;21/10/2025;R$2.500.000,00;R$2.500.000,00;R$2.500.000,00
2025;71160002;S.PART.;BANCADA DA PARAÍBA;não se aplica;não se aplica;PB;250470;CONGO;MUNICIPAL;BANCADA OBRIGATÓRIA;CORRENTE;301;1001;1030151192E890025;25/09/2025;36000709476202500;202500031128;FAF;INCREMENTO PAP;2E89;ATENÇÃO PRIMÁRIA À SAÚDE;INCREMENTO DO PISO DA ATENÇÃO PRIMÁRIA À SAÚDE - PAP;11436548000103;FUNDO MUNICIPAL DE SAUDE - CONGO - PARAIBA;8410;15/10/2025;PROPOSTA PAGA;Proposta Paga;27/10/2025;R$500.000,00;R$500.000,00;R$500.000,00
2025;71160007;S.PART.;BANCADA DA PARAÍBA;não se aplica;não se aplica;PB;250350;CACIMBA DE DENTRO;MUNICIPAL;BANCADA OBRIGATÓRIA;CAPITAL;302;3129;10302511885358697;05/12/2025;12011663000125010;202500044165;FAF;EQUIPAMENTO;8535;ATENÇÃO ESPECIALIZADA À SAÚDE;Rede de Atenção Hospitalar - Hospital Geral;12011663000190;FUNDO MUNICIPAL DE SAUDE DE CACIMBA DE DENTRO;10075;31/12/2025;PROPOSTA PAGA;Proposta Paga;13/02/2026;R$345.387,00;R$345.387,00;R$345.387,00
2025;71160010;S.PART.;BANCADA DA PARAÍBA;não se aplica;não se aplica;PB;250750;JOAO PESSOA;ESTADUAL;BANCADA OBRIGATÓRIA;CORRENTE;302;1001;1030251182E900025;12/09/2025;36000705837202500;202500026928;FAF;INCREMENTO MAC;2E90;ATENÇÃO ESPECIALIZADA À SAÚDE;Incremento Temporário do Teto da Média e Alta Complexidade - MAC;03609595000175;FUNDO ESTADUAL DE SAUDE DO ESTADO DA PARAIBA - FESEP;8182;22/09/2025;PROPOSTA PAGA;Proposta Paga;21/10/2025;R$500.000,00;R$500.000,00;R$500.000,00
2025;71160002;S.PART.;BANCADA DA PARAÍBA;não se aplica;não se aplica;PB;251010;NOVA FLORESTA;MUNICIPAL;BANCADA OBRIGATÓRIA;CORRENTE;301;1001;1030151192E890025;24/09/2025;36000709350202500;202500029124;FAF;INCREMENTO PAP;2E89;ATENÇÃO PRIMÁRIA À SAÚDE;INCREMENTO DO PISO DA ATENÇÃO PRIMÁRIA À SAÚDE - PAP;18517489000139;FUNDO MUNICIPAL DE SAUDE;8312;03/10/2025;PROPOSTA PAGA;Proposta Paga;16/10/2025;R$700.000,00;R$700.000,00;R$700.000,00
2025;71160010;S.PART.;BANCADA DA PARAÍBA;não se aplica;não se aplica;PB;251370;SANTA RITA;MUNICIPAL;BANCADA OBRIGATÓRIA;CORRENTE;302;1000;1030251182E900025;04/09/2025;36000701648202500;202500039094;FAF;INCREMENTO MAC;2E90;ATENÇÃO ESPECIALIZADA À SAÚDE;Incremento Temporário do Teto da Média e Alta Complexidade - MAC;08694222000163;FUNDO MUNICIPAL DE SAUDE DE SANTA RITA;8967;27/11/2025;PROPOSTA PAGA;Proposta Paga;23/12/2025;R$300.000,00;R$300.000,00;R$300.000,00
2025;71160010;S.PART.;BANCADA DA PARAÍBA;não se aplica;não se aplica;PB;251440;SAO JOSE DE ESPINHARAS;MUNICIPAL;BANCADA OBRIGATÓRIA;CORRENTE;302;1000;1030251182E900025;05/12/2025;36000720799202500;202500043350;FAF;INCREMENTO MAC;2E90;ATENÇÃO ESPECIALIZADA À SAÚDE;Incremento Temporário do Teto da Média e Alta Complexidade - MAC;11418606000168;FUNDO MUNICIPAL DE SAUDE;9682;26/12/2025;PROPOSTA PAGA;Proposta Paga;13/02/2026;R$300.000,00;R$300.000,00;R$300.000,00
2025;71160002;S.PART.;BANCADA DA PARAÍBA;não se aplica;não se aplica;PB;250370;CAJAZEIRAS;MUNICIPAL;BANCADA OBRIGATÓRIA;CORRENTE;301;1001;1030151192E890025;03/09/2025;36000700126202500;202500028031;FAF;INCREMENTO PAP;2E89;ATENÇÃO PRIMÁRIA À SAÚDE;INCREMENTO DO PISO DA ATENÇÃO PRIMÁRIA À SAÚDE - PAP;11902878000139;MUNICIPIO DE CAJAZEIRAS FUNDO MUNICIPAL DE SAUDE - FMS;8259;29/09/2025;PROPOSTA PAGA;Proposta Paga;15/10/2025;R$800.000,00;R$800.000,00;R$800.000,00
2025;71160002;S.PART.;BANCADA DA PARAÍBA;não se aplica;não se aplica;PB;250180;BAYEUX;MUNICIPAL;BANCADA OBRIGATÓRIA;CORRENTE;301;1001;1030151192E890025;02/09/2025;36000698248202500;202500025297;FAF;INCREMENTO PAP;2E89;ATENÇÃO PRIMÁRIA À SAÚDE;INCREMENTO DO PISO DA ATENÇÃO PRIMÁRIA À SAÚDE - PAP;11685421000110;FUNDO MUNICIPAL DE SAUDE DE BAYEUX;8108;16/09/2025;PROPOSTA PAGA;Proposta Paga;01/10/2025;R$877.562,00;R$877.562,00;R$877.562,00
2025;71160001;S.PART.;BANCADA DA PARAÍBA;não se aplica;não se aplica;PB;250370;CAJAZEIRAS;MUNICIPAL;BANCADA OBRIGATÓRIA;CAPITAL;301;1001;10301511985817022;09/09/2025;11902878000125007;202500033228;FAF;EQUIPAMENTO;8581;ATENÇÃO PRIMÁRIA À SAÚDE;EQUIPAMENTOS - UBS;11902878000139;MUNICIPIO DE CAJAZEIRAS FUNDO MUNICIPAL DE SAUDE - FMS;8496;23/10/2025;PROPOSTA PAGA;Proposta Paga;29/12/2025;R$299.947,00;R$299.947,00;R$299.947,00
2025;71160010;S.PART.;BANCADA DA PARAÍBA;não se aplica;não se aplica;PB;251350;SANTANA DE MANGUEIRA;MUNICIPAL;BANCADA OBRIGATÓRIA;CORRENTE;302;1001;1030251182E900025;09/09/2025;36000704001202500;202500043348;FAF;INCREMENTO MAC;2E90;ATENÇÃO ESPECIALIZADA À SAÚDE;Incremento Temporário do Teto da Média e Alta Complexidade - MAC;11285050000189;FUNDO MUNICIPAL DE SAUDE;9682;26/12/2025;PROPOSTA PAGA;Proposta Paga;13/02/2026;R$100.000,00;R$100.000,00;R$100.000,00
2025;71160002;S.PART.;BANCADA DA PARAÍBA;não se aplica;não se aplica;PB;251050;OLIVEDOS;MUNICIPAL;BANCADA OBRIGATÓRIA;CORRENTE;301;1001;1030151192E890025;22/09/2025;36000708703202500;202500029453;FAF;INCREMENTO PAP;2E89;ATENÇÃO PRIMÁRIA À SAÚDE;INCREMENTO DO PISO DA ATENÇÃO PRIMÁRIA À SAÚDE - PAP;17739771000106;FUNDO MUNICIPAL DE SAUDE DE OLIVEDOS;8319;06/10/2025;PROPOSTA PAGA;Proposta Paga;15/10/2025;R$300.000,00;R$300.000,00;R$300.000,00
2025;71160010;S.PART.;BANCADA DA PARAÍBA;não se aplica;não se aplica;PB;250190;BELEM;MUNICIPAL;BANCADA OBRIGATÓRIA;CORRENTE;302;1001;1030251182E900025;09/09/2025;36000703593202500;202500029535;FAF;INCREMENTO MAC;2E90;ATENÇÃO ESPECIALIZADA À SAÚDE;Incremento Temporário do Teto da Média e Alta Complexidade - MAC;11429813000118;FUNDO MUNICIPAL DE SAUDE DE BELEM;8332;07/10/2025;PROPOSTA PAGA;Proposta Paga;21/10/2025;R$200.000,00;R$200.000,00;R$200.000,00
2025;71160002;S.PART.;BANCADA DA PARAÍBA;não se aplica;não se aplica;PB;251276;RIACHAO DO POCO;MUNICIPAL;BANCADA OBRIGATÓRIA;CORRENTE;301;1001;1030151192E890025;05/11/2025;36000716793202500;202500038109;FAF;INCREMENTO PAP;2E89;ATENÇÃO PRIMÁRIA À SAÚDE;INCREMENTO DO PISO DA ATENÇÃO PRIMÁRIA À SAÚDE - PAP;11975218000188;FUNDO MUNICIPAL DE SAUDE DO MUNICIPIO DE RIACHAO DO POCO;8894;21/11/2025;PROPOSTA PAGA;Proposta Paga;03/12/2025;R$300.000,00;R$300.000,00;R$300.000,00
2025;71160002;S.PART.;BANCADA DA PARAÍBA;não se aplica;não se aplica;PB;251272;PEDRO REGIS;MUNICIPAL;BANCADA OBRIGATÓRIA;CORRENTE;301;1001;1030151192E890025;08/09/2025;36000703127202500;202500025363;FAF;INCREMENTO PAP;2E89;ATENÇÃO PRIMÁRIA À SAÚDE;INCREMENTO DO PISO DA ATENÇÃO PRIMÁRIA À SAÚDE - PAP;13072341000114;PEDRO REGIS FUNDO MUNICIPAL DE SAUDE;8108;16/09/2025;PROPOSTA PAGA;Proposta Paga;01/10/2025;R$1.000.000,00;R$1.000.000,00;R$1.000.000,00
2025;71160010;S.PART.;BANCADA DA PARAÍBA;não se aplica;não se aplica;PB;250157;BARRA DE SANTANA;MUNICIPAL;BANCADA OBRIGATÓRIA;CORRENTE;302;1001;1030251182E900025;23/09/2025;36000708977202500;202500035583;FAF;INCREMENTO MAC;2E90;ATENÇÃO ESPECIALIZADA À SAÚDE;Incremento Temporário do Teto da Média e Alta Complexidade - MAC;11109361000197;FUNDO MUNICIPAL DE SAUDE BARRA DE SANTANA;8623;03/11/2025;PROPOSTA PAGA;Proposta Paga;21/11/2025;R$465.000,00;R$465.000,00;R$465.000,00
2025;71160010;S.PART.;BANCADA DA PARAÍBA;não se aplica;não se aplica;PB;250060;ALHANDRA;MUNICIPAL;BANCADA OBRIGATÓRIA;CORRENTE;302;1001;1030251182E900025;12/09/2025;36000705584202500;202500026517;FAF;INCREMENTO MAC;2E90;ATENÇÃO ESPECIALIZADA À SAÚDE;Incremento Temporário do Teto da Média e Alta Complexidade - MAC;11490408000105;FUNDO MUNICIPAL DE SAUDE;8180;22/09/2025;PROPOSTA PAGA;Proposta Paga;21/10/2025;R$500.000,00;R$500.000,00;R$500.000,00
2025;71160002;S.PART.;BANCADA DA PARAÍBA;não se aplica;não se aplica;PB;250170;BARRA DE SAO MIGUEL;MUNICIPAL;BANCADA OBRIGATÓRIA;CORRENTE;301;1001;1030151192E890025;10/09/2025;36000704532202500;202500029593;FAF;INCREMENTO PAP;2E89;ATENÇÃO PRIMÁRIA À SAÚDE;INCREMENTO DO PISO DA ATENÇÃO PRIMÁRIA À SAÚDE - PAP;11228592000110;FUNDO MUNICIPAL DE SAUDE DE BARRA DE SAO MIGUEL;8329;07/10/2025;PROPOSTA PAGA;Proposta Paga;15/10/2025;R$350.000,00;R$350.000,00;R$350.000,00
2025;71160007;S.PART.;BANCADA DA PARAÍBA;não se aplica;não se aplica;PB;251240;PUXINANA;MUNICIPAL;BANCADA OBRIGATÓRIA;CAPITAL;302;3129;10302511885358697;21/12/2025;10521892000125004;202500044076;FAF;EQUIPAMENTO;8535;ATENÇÃO ESPECIALIZADA À SAÚDE;Políticas de Atenção Ambulatorial Especializada e Serviços Hospitalares de Alta Complexidade - Ambulatório;10521892000120;FUNDO MUNICIPAL DE SAUDE - PUXINANA;10015;31/12/2025;PROPOSTA PAGA;Proposta Paga;13/02/2026;R$133.474,00;R$133.474,00;R$133.474,00
2025;71160007;S.PART.;BANCADA DA PARAÍBA;não se aplica;não se aplica;PB;251240;PUXINANA;MUNICIPAL;BANCADA OBRIGATÓRIA;CAPITAL;302;1001;10302511885358697;21/12/2025;10521892000125004;202500044076;FAF;EQUIPAMENTO;8535;ATENÇÃO ESPECIALIZADA À SAÚDE;Políticas de Atenção Ambulatorial Especializada e Serviços Hospitalares de Alta Complexidade - Ambulatório;10521892000120;FUNDO MUNICIPAL DE SAUDE - PUXINANA;10015;31/12/2025;PROPOSTA PAGA;Proposta Paga;13/02/2026;R$63.597,00;R$63.597,00;R$63.597,00
2025;71160007;S.PART.;BANCADA DA PARAÍBA;não se aplica;não se aplica;PB;251240;PUXINANA;MUNICIPAL;BANCADA OBRIGATÓRIA;CAPITAL;302;1000;10302511885358697;21/12/2025;10521892000125004;202500044076;FAF;EQUIPAMENTO;8535;ATENÇÃO ESPECIALIZADA À SAÚDE;Políticas de Atenção Ambulatorial Especializada e Serviços Hospitalares de Alta Complexidade - Ambulatório;10521892000120;FUNDO MUNICIPAL DE SAUDE - PUXINANA;10015;31/12/2025;PROPOSTA PAGA;Proposta Paga;13/02/2026;R$15.211,00;R$15.211,00;R$15.211,00
2025;71160007;S.PART.;BANCADA DA PARAÍBA;não se aplica;não se aplica;PB;251276;RIACHAO DO POCO;MUNICIPAL;BANCADA OBRIGATÓRIA;CAPITAL;302;3129;10302511885358697;29/11/2025;11975218000125006;202500043694;FAF;EQUIPAMENTO;8535;ATENÇÃO ESPECIALIZADA À SAÚDE;Rede de Atenção Hospitalar - Ambulância de Transporte Tipo A - Remoção Simples - Eletiva;11975218000188;FUNDO MUNICIPAL DE SAUDE DO MUNICIPIO DE RIACHAO DO POCO;9876;30/12/2025;PROPOSTA PAGA;Proposta Paga;13/02/2026;R$314.200,00;R$314.200,00;R$314.200,00
2025;71160010;S.PART.;BANCADA DA PARAÍBA;não se aplica;não se aplica;PB;251390;SAO BENTO;MUNICIPAL;BANCADA OBRIGATÓRIA;CORRENTE;302;1001;1030251182E900025;20/10/2025;36000713119202500;202500035153;FAF;INCREMENTO MAC;2E90;ATENÇÃO ESPECIALIZADA À SAÚDE;Incremento Temporário do Teto da Média e Alta Complexidade - MAC;02015756000130;FUNDO MINICIPAL DE SAUDE;8603;31/10/2025;PROPOSTA PAGA;Proposta Paga;21/11/2025;R$2.144.942,00;R$2.144.942,00;R$2.144.942,00
2025;71160007;S.PART.;BANCADA DA PARAÍBA;não se aplica;não se aplica;PB;251410;SAO JOAO DO TIGRE;MUNICIPAL;BANCADA OBRIGATÓRIA;CAPITAL;302;3129;10302511885358697;09/09/2025;12899907000125004;202500032719;FAF;EQUIPAMENTO;8535;ATENÇÃO ESPECIALIZADA À SAÚDE;Rede de Atenção Hospitalar - Ambulância de Transporte Tipo A - Remoção Simples - Eletiva;12899907000113;FUNDO MUNICIPAL DE SAUDE;8467;21/10/2025;PROPOSTA PAGA;Proposta Paga;29/12/2025;R$314.200,00;R$314.200,00;R$314.200,00
2025;71160002;S.PART.;BANCADA DA PARAÍBA;não se aplica;não se aplica;PB;250500;CUBATI;MUNICIPAL;BANCADA OBRIGATÓRIA;CORRENTE;301;1001;1030151192E890025;12/09/2025;36000705656202500;202500028042;FAF;INCREMENTO PAP;2E89;ATENÇÃO PRIMÁRIA À SAÚDE;INCREMENTO DO PISO DA ATENÇÃO PRIMÁRIA À SAÚDE - PAP;08580325000100;FUNDO MUNICIPAL DE SAUDE DE CUBATI;8259;29/09/2025;PROPOSTA PAGA;Proposta Paga;09/10/2025;R$500.000,00;R$500.000,00;R$500.000,00
2025;71160007;S.PART.;BANCADA DA PARAÍBA;não se aplica;não se aplica;PB;250680;INGA;MUNICIPAL;BANCADA OBRIGATÓRIA;CAPITAL;302;3129;10302511885358697;08/12/2025;08610110000125014;202500041238;FAF;EQUIPAMENTO;8535;ATENÇÃO ESPECIALIZADA À SAÚDE;Rede de Urgência e Emergência - Unidade de Pronto Atendimento (UPA 24h);08610110000187;FUNDO MUNICIPAL DE SAUDE DE INGA/PB;9283;12/12/2025;PROPOSTA PAGA;Proposta Paga;23/12/2025;R$353.328,00;R$353.328,00;R$353.328,00
2025;71160002;S.PART.;BANCADA DA PARAÍBA;não se aplica;não se aplica;PB;250523;CUITE DE MAMANGUAPE;MUNICIPAL;BANCADA OBRIGATÓRIA;CORRENTE;301;1001;1030151192E890025;07/10/2025;36000711309202500;202500031136;FAF;INCREMENTO PAP;2E89;ATENÇÃO PRIMÁRIA À SAÚDE;INCREMENTO DO PISO DA ATENÇÃO PRIMÁRIA À SAÚDE - PAP;13099820000124;CUITE DE MAMANGUAPE FUNDO MUNICIPAL DE SAUDE;8410;15/10/2025;PROPOSTA PAGA;Proposta Paga;27/10/2025;R$200.000,00;R$200.000,00;R$200.000,00
2025;71160010;S.PART.;BANCADA DA PARAÍBA;não se aplica;não se aplica;PB;251450;SAO JOSE DE PIRANHAS;MUNICIPAL;BANCADA OBRIGATÓRIA;CORRENTE;302;1000;1030251182E900025;04/12/2025;36000720626202500;202500041572;FAF;INCREMENTO MAC;2E90;ATENÇÃO ESPECIALIZADA À SAÚDE;Incremento Temporário do Teto da Média e Alta Complexidade - MAC;11602227000123;FUNDO MUNICIPAL DE SAUDE;9414;17/12/2025;PROPOSTA PAGA;Proposta Paga;29/12/2025;R$15.361,00;R$15.361,00;R$15.361,00
2025;71160010;S.PART.;BANCADA DA PARAÍBA;não se aplica;não se aplica;PB;250280;BREJO DO CRUZ;MUNICIPAL;BANCADA OBRIGATÓRIA;CORRENTE;302;1000;1030251182E900025;22/12/2025;36000723356202500;202500043344;FAF;INCREMENTO MAC;2E90;ATENÇÃO ESPECIALIZADA À SAÚDE;Incremento Temporário do Teto da Média e Alta Complexidade - MAC;12452534000138;FUNDO MUNICIPAL DE SAUDE DE BREJO DO CRUZ;9682;26/12/2025;PROPOSTA PAGA;Proposta Paga;13/02/2026;R$118.171,00;R$118.171,00;R$118.171,00
2025;71160001;S.PART.;BANCADA DA PARAÍBA;não se aplica;não se aplica;PB;250350;CACIMBA DE DENTRO;MUNICIPAL;BANCADA OBRIGATÓRIA;CAPITAL;301;1001;10301511985817022;06/10/2025;12011663000125008;202500040513;FAF;EQUIPAMENTO;8581;ATENÇÃO PRIMÁRIA À SAÚDE;EQUIPAMENTOS - UBS;12011663000190;FUNDO MUNICIPAL DE SAUDE DE CACIMBA DE DENTRO;9197;09/12/2025;PROPOSTA PAGA;Proposta Paga;05/02/2026;R$164.942,00;R$164.942,00;R$164.942,00
2025;71160001;S.PART.;BANCADA DA PARAÍBA;não se aplica;não se aplica;PB;251710;VARZEA;MUNICIPAL;BANCADA OBRIGATÓRIA;CAPITAL;301;1001;10301511985817022;02/09/2025;11228615000125003;202500033244;FAF;EQUIPAMENTO;8581;ATENÇÃO PRIMÁRIA À SAÚDE;EQUIPAMENTOS - UBS;11228615000196;FUNDO MUNICIPAL DE SAUDE;8496;23/10/2025;PROPOSTA PAGA;Proposta Paga;29/12/2025;R$230.512,00;R$230.512,00;R$230.512,00
2025;71160002;S.PART.;BANCADA DA PARAÍBA;não se aplica;não se aplica;PB;250740;JERICO;MUNICIPAL;BANCADA OBRIGATÓRIA;CORRENTE;301;1001;1030151192E890025;03/09/2025;36000699670202500;202500028504;FAF;INCREMENTO PAP;2E89;ATENÇÃO PRIMÁRIA À SAÚDE;INCREMENTO DO PISO DA ATENÇÃO PRIMÁRIA À SAÚDE - PAP;12009325000114;FUNDO MUNICIPAL DE SAUDE - FMS;8274;30/09/2025;PROPOSTA PAGA;Proposta Paga;09/10/2025;R$1.000.000,00;R$1.000.000,00;R$1.000.000,00
2025;71160010;S.PART.;BANCADA DA PARAÍBA;não se aplica;não se aplica;PB;251398;SAO FRANCISCO;MUNICIPAL;BANCADA OBRIGATÓRIA;CORRENTE;302;1001;1030251182E900025;02/10/2025;36000710810202500;202500036750;FAF;INCREMENTO MAC;2E90;ATENÇÃO ESPECIALIZADA À SAÚDE;Incremento Temporário do Teto da Média e Alta Complexidade - MAC;10398439000178;FUNDO MUNICIPAL DE SAUDE;8718;10/11/2025;PROPOSTA PAGA;Proposta Paga;09/12/2025;R$157.858,00;R$157.858,00;R$157.858,00
2025;71160010;S.PART.;BANCADA DA PARAÍBA;não se aplica;não se aplica;PB;250470;CONGO;MUNICIPAL;BANCADA OBRIGATÓRIA;CORRENTE;302;1001;1030251182E900025;25/09/2025;36000709499202500;202500029316;FAF;INCREMENTO MAC;2E90;ATENÇÃO ESPECIALIZADA À SAÚDE;Incremento Temporário do Teto da Média e Alta Complexidade - MAC;11436548000103;FUNDO MUNICIPAL DE SAUDE - CONGO - PARAIBA;8304;03/10/2025;PROPOSTA PAGA;Proposta Paga;21/10/2025;R$200.000,00;R$200.000,00;R$200.000,00
2025;71160002;S.PART.;BANCADA DA PARAÍBA;não se aplica;não se aplica;PB;251090;PAULISTA;MUNICIPAL;BANCADA OBRIGATÓRIA;CORRENTE;301;1001;1030151192E890025;02/10/2025;36000710746202500;202500031155;FAF;INCREMENTO PAP;2E89;ATENÇÃO PRIMÁRIA À SAÚDE;INCREMENTO DO PISO DA ATENÇÃO PRIMÁRIA À SAÚDE - PAP;11247833000178;FUNDO MUNICIPAL DE SAUDE;8410;15/10/2025;PROPOSTA PAGA;Proposta Paga;27/10/2025;R$300.000,00;R$300.000,00;R$300.000,00
2025;71160002;S.PART.;BANCADA DA PARAÍBA;não se aplica;não se aplica;PB;251410;SAO JOAO DO TIGRE;MUNICIPAL;BANCADA OBRIGATÓRIA;CORRENTE;301;1001;1030151192E890025;13/09/2025;36000705893202500;202500027462;FAF;INCREMENTO PAP;2E89;ATENÇÃO PRIMÁRIA À SAÚDE;INCREMENTO DO PISO DA ATENÇÃO PRIMÁRIA À SAÚDE - PAP;12899907000113;FUNDO MUNICIPAL DE SAUDE;8232;25/09/2025;PROPOSTA PAGA;Proposta Paga;15/10/2025;R$300.000,00;R$300.000,00;R$300.000,00
2025;71160002;S.PART.;BANCADA DA PARAÍBA;não se aplica;não se aplica;PB;250070;SAO JOAO DO RIO DO PEIXE;MUNICIPAL;BANCADA OBRIGATÓRIA;CORRENTE;301;1001;1030151192E890025;08/09/2025;36000703212202500;202500025381;FAF;INCREMENTO PAP;2E89;ATENÇÃO PRIMÁRIA À SAÚDE;INCREMENTO DO PISO DA ATENÇÃO PRIMÁRIA À SAÚDE - PAP;17648806000193;FUNDO MUNICIPAL DE SAUDE DE SAO JOAO DO RIO DO PEIXE;8108;16/09/2025;PROPOSTA PAGA;Proposta Paga;01/10/2025;R$1.000.000,00;R$1.000.000,00;R$1.000.000,00
2025;71160002;S.PART.;BANCADA DA PARAÍBA;não se aplica;não se aplica;PB;251394;SAO DOMINGOS DO CARIRI;MUNICIPAL;BANCADA OBRIGATÓRIA;CORRENTE;301;1001;1030151192E890025;13/09/2025;36000705886202500;202500027343;FAF;INCREMENTO PAP;2E89;ATENÇÃO PRIMÁRIA À SAÚDE;INCREMENTO DO PISO DA ATENÇÃO PRIMÁRIA À SAÚDE - PAP;11836179000138;FUNDO MUNICIPAL DE SAUDE DE SAO DOMINGOS DO CARIRI;8232;25/09/2025;PROPOSTA PAGA;Proposta Paga;09/10/2025;R$350.000,00;R$350.000,00;R$350.000,00
2025;71160007;S.PART.;BANCADA DA PARAÍBA;não se aplica;não se aplica;PB;250750;JOAO PESSOA;ESTADUAL;BANCADA OBRIGATÓRIA;CAPITAL;302;3129;10302511885358697;22/09/2025;03609595000125004;202500044074;FAF;EQUIPAMENTO;8535;ATENÇÃO ESPECIALIZADA À SAÚDE;Políticas de Atenção Ambulatorial Especializada e Serviços Hospitalares de Alta Complexidade - Hospital de Alta Complexidade;03609595000175;FUNDO ESTADUAL DE SAUDE DO ESTADO DA PARAIBA - FESEP;10003;31/12/2025;PROPOSTA PAGA;Proposta Paga;13/02/2026;R$999.769,00;R$999.769,00;R$999.769,00
2025;71160002;S.PART.;BANCADA DA PARAÍBA;não se aplica;não se aplica;PB;250403;CAPIM;MUNICIPAL;BANCADA OBRIGATÓRIA;CORRENTE;301;1001;1030151192E890025;20/10/2025;36000713072202500;202500033824;FAF;INCREMENTO PAP;2E89;ATENÇÃO PRIMÁRIA À SAÚDE;INCREMENTO DO PISO DA ATENÇÃO PRIMÁRIA À SAÚDE - PAP;08730943000181;FUNDO MUNICIPAL DE SAUDE;8544;28/10/2025;PROPOSTA PAGA;Proposta Paga;13/11/2025;R$100.000,00;R$100.000,00;R$100.000,00
2025;71160002;S.PART.;BANCADA DA PARAÍBA;não se aplica;não se aplica;PB;251740;ZABELE;MUNICIPAL;BANCADA OBRIGATÓRIA;CORRENTE;301;1001;1030151192E890025;04/09/2025;36000701528202500;202500029138;FAF;INCREMENTO PAP;2E89;ATENÇÃO PRIMÁRIA À SAÚDE;INCREMENTO DO PISO DA ATENÇÃO PRIMÁRIA À SAÚDE - PAP;11348419000155;FUNDO MUNICIPAL DE SAUDE DE ZABELE;8312;03/10/2025;PROPOSTA PAGA;Proposta Paga;16/10/2025;R$350.000,00;R$350.000,00;R$350.000,00
2025;71160010;S.PART.;BANCADA DA PARAÍBA;não se aplica;não se aplica;PB;250790;JURIPIRANGA;MUNICIPAL;BANCADA OBRIGATÓRIA;CORRENTE;302;1001;1030251182E900025;08/09/2025;36000703198202500;202500033487;FAF;INCREMENTO MAC;2E90;ATENÇÃO ESPECIALIZADA À SAÚDE;Incremento Temporário do Teto da Média e Alta Complexidade - MAC;11164805000197;FUNDO MUNICIPAL DE SAUDE;8531;24/10/2025;PROPOSTA PAGA;Proposta Paga;21/11/2025;R$1.000.000,00;R$1.000.000,00;R$1.000.000,00
2025;71160002;S.PART.;BANCADA DA PARAÍBA;não se aplica;não se aplica;PB;250230;BOM SUCESSO;MUNICIPAL;BANCADA OBRIGATÓRIA;CORRENTE;301;1001;1030151192E890025;15/09/2025;36000706275202500;202500031117;FAF;INCREMENTO PAP;2E89;ATENÇÃO PRIMÁRIA À SAÚDE;INCREMENTO DO PISO DA ATENÇÃO PRIMÁRIA À SAÚDE - PAP;12403050000107;FUNDO MUNICIPAL DE SAUDE - FMS;8410;15/10/2025;PROPOSTA PAGA;Proposta Paga;27/10/2025;R$200.000,00;R$200.000,00;R$200.000,00
2025;71160002;S.PART.;BANCADA DA PARAÍBA;não se aplica;não se aplica;PB;250860;LUCENA;MUNICIPAL;BANCADA OBRIGATÓRIA;CORRENTE;301;1001;1030151192E890025;17/09/2025;36000707559202500;202500028522;FAF;INCREMENTO PAP;2E89;ATENÇÃO PRIMÁRIA À SAÚDE;INCREMENTO DO PISO DA ATENÇÃO PRIMÁRIA À SAÚDE - PAP;11516231000179;FUNDO MUNICIPAL DE SAUDE DE LUCENA;8274;30/09/2025;PROPOSTA PAGA;Proposta Paga;16/10/2025;R$500.000,00;R$500.000,00;R$500.000,00
2025;71160010;S.PART.;BANCADA DA PARAÍBA;não se aplica;não se aplica;PB;250750;JOAO PESSOA;ESTADUAL;BANCADA OBRIGATÓRIA;CORRENTE;302;1001;1030251182E900025;22/09/2025;36000708721202500;202500028276;FAF;INCREMENTO MAC;2E90;ATENÇÃO ESPECIALIZADA À SAÚDE;Incremento Temporário do Teto da Média e Alta Complexidade - MAC;03609595000175;FUNDO ESTADUAL DE SAUDE DO ESTADO DA PARAIBA - FESEP;8220;24/09/2025;PROPOSTA PAGA;Proposta Paga;21/10/2025;R$200.000,00;R$200.000,00;R$200.000,00
2025;71160010;S.PART.;BANCADA DA PARAÍBA;não se aplica;não se aplica;PB;251610;SOLEDADE;MUNICIPAL;BANCADA OBRIGATÓRIA;CORRENTE;302;1000;1030251182E900025;10/09/2025;36000704774202500;202500029322;FAF;INCREMENTO MAC;2E90;ATENÇÃO ESPECIALIZADA À SAÚDE;Incremento Temporário do Teto da Média e Alta Complexidade - MAC;02182502000106;FUNDO MUNICIPAL DE SAUDE DE SOLEDADE;8316;03/10/2025;PROPOSTA PAGA;Proposta Paga;21/10/2025;R$250.000,00;R$250.000,00;R$250.000,00
2025;71160001;S.PART.;BANCADA DA PARAÍBA;não se aplica;não se aplica;PB;250485;COXIXOLA;MUNICIPAL;BANCADA OBRIGATÓRIA;CAPITAL;301;1001;10301511985817022;23/09/2025;11525246000125003;202500033394;FAF;EQUIPAMENTO;8581;ATENÇÃO PRIMÁRIA À SAÚDE;EQUIPAMENTOS - UBS;11525246000101;FUNDO MUNICIPAL DE SAUDE;8518;24/10/2025;PROPOSTA PAGA;Proposta Paga;13/11/2025;R$299.999,00;R$299.999,00;R$299.999,00
2025;71160002;S.PART.;BANCADA DA PARAÍBA;não se aplica;não se aplica;PB;250135;ASSUNCAO;MUNICIPAL;BANCADA OBRIGATÓRIA;CORRENTE;301;1001;1030151192E890025;01/10/2025;36000710490202500;202500031108;FAF;INCREMENTO PAP;2E89;ATENÇÃO PRIMÁRIA À SAÚDE;INCREMENTO DO PISO DA ATENÇÃO PRIMÁRIA À SAÚDE - PAP;11383748000137;FUNDO MUNICIPAL DE SAUDE;8410;15/10/2025;PROPOSTA PAGA;Proposta Paga;27/10/2025;R$300.000,00;R$300.000,00;R$300.000,00
2025;71160002;S.PART.;BANCADA DA PARAÍBA;não se aplica;não se aplica;PB;251450;SAO JOSE DE PIRANHAS;MUNICIPAL;BANCADA OBRIGATÓRIA;CORRENTE;301;1001;1030151192E890025;04/09/2025;36000701174202500;202500025290;FAF;INCREMENTO PAP;2E89;ATENÇÃO PRIMÁRIA À SAÚDE;INCREMENTO DO PISO DA ATENÇÃO PRIMÁRIA À SAÚDE - PAP;11602227000123;FUNDO MUNICIPAL DE SAUDE;8108;16/09/2025;PROPOSTA PAGA;Proposta Paga;01/10/2025;R$1.000.000,00;R$1.000.000,00;R$1.000.000,00
2025;71160002;S.PART.;BANCADA DA PARAÍBA;não se aplica;não se aplica;PB;251597;SOBRADO;MUNICIPAL;BANCADA OBRIGATÓRIA;CORRENTE;301;1001;1030151192E890025;03/09/2025;36000699870202500;202500025305;FAF;INCREMENTO PAP;2E89;ATENÇÃO PRIMÁRIA À SAÚDE;INCREMENTO DO PISO DA ATENÇÃO PRIMÁRIA À SAÚDE - PAP;12012235000182;FUNDO MUNICIPAL DE SAUDE;8108;16/09/2025;PROPOSTA PAGA;Proposta Paga;01/10/2025;R$1.000.000,00;R$1.000.000,00;R$1.000.000,00
2025;71160010;S.PART.;BANCADA DA PARAÍBA;não se aplica;não se aplica;PB;250040;ALAGOA NOVA;MUNICIPAL;BANCADA OBRIGATÓRIA;CORRENTE;302;1001;1030251182E900025;01/10/2025;36000710454202500;202500039084;FAF;INCREMENTO MAC;2E90;ATENÇÃO ESPECIALIZADA À SAÚDE;Incremento Temporário do Teto da Média e Alta Complexidade - MAC;11838096000188;FUNDO MUNICIPAL DE SAUDE DE ALAGOA NOVA;8967;27/11/2025;PROPOSTA PAGA;Proposta Paga;29/12/2025;R$500.000,00;R$500.000,00;R$500.000,00
2025;71160002;S.PART.;BANCADA DA PARAÍBA;não se aplica;não se aplica;PB;251660;TAVARES;MUNICIPAL;BANCADA OBRIGATÓRIA;CORRENTE;301;1001;1030151192E890025;10/09/2025;36000704850202500;202500032924;FAF;INCREMENTO PAP;2E89;ATENÇÃO PRIMÁRIA À SAÚDE;INCREMENTO DO PISO DA ATENÇÃO PRIMÁRIA À SAÚDE - PAP;10598364000179;FUNDO MUNICIPAL DE SAUDE DE TAVARES;8494;23/10/2025;PROPOSTA PAGA;Proposta Paga;13/11/2025;R$300.000,00;R$300.000,00;R$300.000,00
2025;71160002;S.PART.;BANCADA DA PARAÍBA;não se aplica;não se aplica;PB;251170;PILOEZINHOS;MUNICIPAL;BANCADA OBRIGATÓRIA;CORRENTE;301;1001;1030151192E890025;04/09/2025;36000701227202500;202500028076;FAF;INCREMENTO PAP;2E89;ATENÇÃO PRIMÁRIA À SAÚDE;INCREMENTO DO PISO DA ATENÇÃO PRIMÁRIA À SAÚDE - PAP;12002118000138;FUNDO MUNICIPAL DE SAUDE - PILOEZINHOS-PB;8259;29/09/2025;PROPOSTA PAGA;Proposta Paga;09/10/2025;R$338.297,00;R$338.297,00;R$338.297,00
2025;71160007;S.PART.;BANCADA DA PARAÍBA;não se aplica;não se aplica;PB;251620;SOUSA;MUNICIPAL;BANCADA OBRIGATÓRIA;CAPITAL;302;3129;10302511885358697;14/10/2025;05626697000125004;202500040994;FAF;EQUIPAMENTO;8535;ATENÇÃO ESPECIALIZADA À SAÚDE;Rede de Urgência e Emergência - Unidade de Pronto Atendimento (UPA 24h);05626697000124;FUNDO MUNICIPAL DE SAUDE DE SOUSA;9128;05/12/2025;PROPOSTA PAGA;Proposta Paga;18/12/2025;R$65.947,00;R$65.947,00;R$65.947,00
2025;71160002;S.PART.;BANCADA DA PARAÍBA;não se aplica;não se aplica;PB;250980;MULUNGU;MUNICIPAL;BANCADA OBRIGATÓRIA;CORRENTE;301;1001;1030151192E890025;08/09/2025;36000702923202500;202500039595;FAF;INCREMENTO PAP;2E89;ATENÇÃO PRIMÁRIA À SAÚDE;INCREMENTO DO PISO DA ATENÇÃO PRIMÁRIA À SAÚDE - PAP;18767963000180;FUNDO MUNICIPAL DE SAUDE MULUNGU;9012;01/12/2025;PROPOSTA PAGA;Proposta Paga;22/12/2025;R$400.000,00;R$400.000,00;R$400.000,00
2025;71160002;S.PART.;BANCADA DA PARAÍBA;não se aplica;não se aplica;PB;251720;VIEIROPOLIS;MUNICIPAL;BANCADA OBRIGATÓRIA;CORRENTE;301;1001;1030151192E890025;08/09/2025;36000703162202500;202500029140;FAF;INCREMENTO PAP;2E89;ATENÇÃO PRIMÁRIA À SAÚDE;INCREMENTO DO PISO DA ATENÇÃO PRIMÁRIA À SAÚDE - PAP;14688620000170;FUNDO MUNICIPAL DE SAUDE DE VIEIROPOLIS;8312;03/10/2025;PROPOSTA PAGA;Proposta Paga;16/10/2025;R$441.043,00;R$441.043,00;R$441.043,00
2025;71160002;S.PART.;BANCADA DA PARAÍBA;não se aplica;não se aplica;PB;250190;BELEM;MUNICIPAL;BANCADA OBRIGATÓRIA;CORRENTE;301;1001;1030151192E890025;09/09/2025;36000703589202500;202500029595;FAF;INCREMENTO PAP;2E89;ATENÇÃO PRIMÁRIA À SAÚDE;INCREMENTO DO PISO DA ATENÇÃO PRIMÁRIA À SAÚDE - PAP;11429813000118;FUNDO MUNICIPAL DE SAUDE DE BELEM;8329;07/10/2025;PROPOSTA PAGA;Proposta Paga;15/10/2025;R$200.000,00;R$200.000,00;R$200.000,00
2025;71160002;S.PART.;BANCADA DA PARAÍBA;não se aplica;não se aplica;PB;250440;CONCEICAO;MUNICIPAL;BANCADA OBRIGATÓRIA;CORRENTE;301;1001;1030151192E890025;10/10/2025;36000711919202500;202500036912;FAF;INCREMENTO PAP;2E89;ATENÇÃO PRIMÁRIA À SAÚDE;INCREMENTO DO PISO DA ATENÇÃO PRIMÁRIA À SAÚDE - PAP;05497410000103;FUNDO MUNICIPAL DE SAUDE DE CONCEICAO;8730;11/11/2025;PROPOSTA PAGA;Proposta Paga;25/11/2025;R$500.000,00;R$500.000,00;R$500.000,00
2025;71160007;S.PART.;BANCADA DA PARAÍBA;não se aplica;não se aplica;PB;250070;SAO JOAO DO RIO DO PEIXE;MUNICIPAL;BANCADA OBRIGATÓRIA;CAPITAL;302;3129;10302511885358697;19/11/2025;17648806000125007;202500040525;FAF;EQUIPAMENTO;8535;ATENÇÃO ESPECIALIZADA À SAÚDE;Rede de Atenção Hospitalar - Ambulância de Transporte Tipo A - Remoção Simples - Eletiva;17648806000193;FUNDO MUNICIPAL DE SAUDE DE SAO JOAO DO RIO DO PEIXE;9181;09/12/2025;PROPOSTA PAGA;Proposta Paga;12/02/2026;R$314.200,00;R$314.200,00;R$314.200,00
2025;71160007;S.PART.;BANCADA DA PARAÍBA;não se aplica;não se aplica;PB;250680;INGA;MUNICIPAL;BANCADA OBRIGATÓRIA;CAPITAL;302;3129;10302511885358697;08/12/2025;08610110000125013;202500041237;FAF;EQUIPAMENTO;8535;ATENÇÃO ESPECIALIZADA À SAÚDE;Rede de Urgência e Emergência - Unidade de Pronto Atendimento (UPA 24h);08610110000187;FUNDO MUNICIPAL DE SAUDE DE INGA/PB;9283;12/12/2025;PROPOSTA PAGA;Proposta Paga;23/12/2025;R$599.933,00;R$599.933,00;R$599.933,00
2025;71160002;S.PART.;BANCADA DA PARAÍBA;não se aplica;não se aplica;PB;250450;CONDADO;MUNICIPAL;BANCADA OBRIGATÓRIA;CORRENTE;301;1001;1030151192E890025;24/09/2025;36000709300202500;202500028044;FAF;INCREMENTO PAP;2E89;ATENÇÃO PRIMÁRIA À SAÚDE;INCREMENTO DO PISO DA ATENÇÃO PRIMÁRIA À SAÚDE - PAP;04275034000140;FUNDO MUNICIPAL DE SAUDE;8259;29/09/2025;PROPOSTA PAGA;Proposta Paga;15/10/2025;R$200.000,00;R$200.000,00;R$200.000,00
2025;71160010;S.PART.;BANCADA DA PARAÍBA;não se aplica;não se aplica;PB;250680;INGA;MUNICIPAL;BANCADA OBRIGATÓRIA;CORRENTE;302;1001;1030251182E900025;08/09/2025;36000703176202500;202500039440;FAF;INCREMENTO MAC;2E90;ATENÇÃO ESPECIALIZADA À SAÚDE;Incremento Temporário do Teto da Média e Alta Complexidade - MAC;08610110000187;FUNDO MUNICIPAL DE SAUDE DE INGA/PB;9027;01/12/2025;PROPOSTA PAGA;Proposta Paga;18/12/2025;R$500.000,00;R$500.000,00;R$500.000,00
2025;71160010;S.PART.;BANCADA DA PARAÍBA;não se aplica;não se aplica;PB;250750;JOAO PESSOA;ESTADUAL;BANCADA OBRIGATÓRIA;CORRENTE;302;1001;1030251182E900025;15/12/2025;36000722142202500;202500041570;FAF;INCREMENTO MAC;2E90;ATENÇÃO ESPECIALIZADA À SAÚDE;Incremento Temporário do Teto da Média e Alta Complexidade - MAC;03609595000175;FUNDO ESTADUAL DE SAUDE DO ESTADO DA PARAIBA - FESEP;9425;17/12/2025;PROPOSTA PAGA;Proposta Paga;29/12/2025;R$1.344.490,00;R$1.344.490,00;R$1.344.490,00
2025;71160002;S.PART.;BANCADA DA PARAÍBA;não se aplica;não se aplica;PB;251290;RIO TINTO;MUNICIPAL;BANCADA OBRIGATÓRIA;CORRENTE;301;1001;1030151192E890025;17/09/2025;36000707379202500;202500029459;FAF;INCREMENTO PAP;2E89;ATENÇÃO PRIMÁRIA À SAÚDE;INCREMENTO DO PISO DA ATENÇÃO PRIMÁRIA À SAÚDE - PAP;12457150000108;FUNDO MUNICIPAL DE SAUDE DE RIO TINTO;8319;06/10/2025;PROPOSTA PAGA;Proposta Paga;15/10/2025;R$200.000,00;R$200.000,00;R$200.000,00
2025;71160010;S.PART.;BANCADA DA PARAÍBA;não se aplica;não se aplica;PB;251610;SOLEDADE;MUNICIPAL;BANCADA OBRIGATÓRIA;CORRENTE;302;1000;1030251182E900025;10/09/2025;36000704768202500;202500029537;FAF;INCREMENTO MAC;2E90;ATENÇÃO ESPECIALIZADA À SAÚDE;Incremento Temporário do Teto da Média e Alta Complexidade - MAC;02182502000106;FUNDO MUNICIPAL DE SAUDE DE SOLEDADE;8332;07/10/2025;PROPOSTA PAGA;Proposta Paga;21/10/2025;R$400.000,00;R$400.000,00;R$400.000,00
2025;71160002;S.PART.;BANCADA DA PARAÍBA;não se aplica;não se aplica;PB;251640;TACIMA;MUNICIPAL;BANCADA OBRIGATÓRIA;CORRENTE;301;1001;1030151192E890025;26/09/2025;36000709820202500;202500029135;FAF;INCREMENTO PAP;2E89;ATENÇÃO PRIMÁRIA À SAÚDE;INCREMENTO DO PISO DA ATENÇÃO PRIMÁRIA À SAÚDE - PAP;11907806000184;FUNDO MUNICIPAL DE SAUDE DE TACIMA;8312;03/10/2025;PROPOSTA PAGA;Proposta Paga;16/10/2025;R$200.000,00;R$200.000,00;R$200.000,00
2025;71160010;S.PART.;BANCADA DA PARAÍBA;não se aplica;não se aplica;PB;251370;SANTA RITA;MUNICIPAL;BANCADA OBRIGATÓRIA;CORRENTE;302;1000;1030251182E900025;04/09/2025;36000701643202500;202500035148;FAF;INCREMENTO MAC;2E90;ATENÇÃO ESPECIALIZADA À SAÚDE;Incremento Temporário do Teto da Média e Alta Complexidade - MAC;08694222000163;FUNDO MUNICIPAL DE SAUDE DE SANTA RITA;8609;31/10/2025;PROPOSTA PAGA;Proposta Paga;19/12/2025;R$4.000.000,00;R$4.000.000,00;R$4.000.000,00
2025;71160001;S.PART.;BANCADA DA PARAÍBA;não se aplica;não se aplica;PB;250050;ALAGOINHA;MUNICIPAL;BANCADA OBRIGATÓRIA;CAPITAL;301;1001;10301511985817022;04/09/2025;11757032000125003;202500041173;FAF;EQUIPAMENTO;8581;ATENÇÃO PRIMÁRIA À SAÚDE;EQUIPAMENTOS - UBS;11757032000152;FUNDO MUNICIPAL DE SAUDE DE ALAGOINHA;9321;12/12/2025;PROPOSTA PAGA;Proposta Paga;23/12/2025;R$368.693,00;R$368.693,00;R$368.693,00
2025;71160010;S.PART.;BANCADA DA PARAÍBA;não se aplica;não se aplica;PB;251365;JOCA CLAUDINO;MUNICIPAL;BANCADA OBRIGATÓRIA;CORRENTE;302;1001;1030251182E900025;05/09/2025;36000701942202500;202500028974;FAF;INCREMENTO MAC;2E90;ATENÇÃO ESPECIALIZADA À SAÚDE;Incremento Temporário do Teto da Média e Alta Complexidade - MAC;11332661000130;FUNDO MUNICIPAL DE SAUDE;8287;01/10/2025;PROPOSTA PAGA;Proposta Paga;21/10/2025;R$73.000,00;R$73.000,00;R$73.000,00
2025;71160002;S.PART.;BANCADA DA PARAÍBA;não se aplica;não se aplica;PB;250435;CATURITE;MUNICIPAL;BANCADA OBRIGATÓRIA;CORRENTE;301;1001;1030151192E890025;23/09/2025;36000709099202500;202500028041;FAF;INCREMENTO PAP;2E89;ATENÇÃO PRIMÁRIA À SAÚDE;INCREMENTO DO PISO DA ATENÇÃO PRIMÁRIA À SAÚDE - PAP;11457024000190;FUNDO MUNICIPAL DE SAUDE CATURITE;8259;29/09/2025;PROPOSTA PAGA;Proposta Paga;09/10/2025;R$300.000,00;R$300.000,00;R$300.000,00
2025;71160001;S.PART.;BANCADA DA PARAÍBA;não se aplica;não se aplica;PB;251365;JOCA CLAUDINO;MUNICIPAL;BANCADA OBRIGATÓRIA;CAPITAL;301;1001;10301511985817022;28/09/2025;11332661000125003;202500034225;FAF;EQUIPAMENTO;8581;ATENÇÃO PRIMÁRIA À SAÚDE;EQUIPAMENTOS - UBS;11332661000130;FUNDO MUNICIPAL DE SAUDE;8578;29/10/2025;PROPOSTA PAGA;Proposta Paga;13/11/2025;R$499.988,00;R$499.988,00;R$499.988,00
2025;71160001;S.PART.;BANCADA DA PARAÍBA;não se aplica;não se aplica;PB;250520;CUITEGI;MUNICIPAL;BANCADA OBRIGATÓRIA;CAPITAL;301;3129;10301511985817022;27/11/2025;11780026000125007;202500044167;FAF;EQUIPAMENTO;8581;ATENÇÃO PRIMÁRIA À SAÚDE;EQUIPAMENTOS - UBS;11780026000116;FUNDO MUNICIPAL DE SAUDE - CUITEGI-PB;10054;31/12/2025;PROPOSTA PAGA;Proposta Paga;05/02/2026;R$314.163,00;R$314.163,00;R$314.163,00
2025;71160002;S.PART.;BANCADA DA PARAÍBA;não se aplica;não se aplica;PB;250485;COXIXOLA;MUNICIPAL;BANCADA OBRIGATÓRIA;CORRENTE;301;1001;1030151192E890025;16/09/2025;36000706998202500;202500028196;FAF;INCREMENTO PAP;2E89;ATENÇÃO PRIMÁRIA À SAÚDE;INCREMENTO DO PISO DA ATENÇÃO PRIMÁRIA À SAÚDE - PAP;11525246000101;FUNDO MUNICIPAL DE SAUDE;8259;29/09/2025;PROPOSTA PAGA;Proposta Paga;09/10/2025;R$100.000,00;R$100.000,00;R$100.000,00
2025;71160002;S.PART.;BANCADA DA PARAÍBA;não se aplica;não se aplica;PB;251740;ZABELE;MUNICIPAL;BANCADA OBRIGATÓRIA;CORRENTE;301;1001;1030151192E890025;12/09/2025;36000705655202500;202500029133;FAF;INCREMENTO PAP;2E89;ATENÇÃO PRIMÁRIA À SAÚDE;INCREMENTO DO PISO DA ATENÇÃO PRIMÁRIA À SAÚDE - PAP;11348419000155;FUNDO MUNICIPAL DE SAUDE DE ZABELE;8312;03/10/2025;PROPOSTA PAGA;Proposta Paga;16/10/2025;R$400.000,00;R$400.000,00;R$400.000,00
2025;71160007;S.PART.;BANCADA DA PARAÍBA;não se aplica;não se aplica;PB;251110;PEDRA LAVRADA;MUNICIPAL;BANCADA OBRIGATÓRIA;CAPITAL;302;3129;10302511885358697;09/09/2025;08932293000125007;202500033395;FAF;EQUIPAMENTO;8535;ATENÇÃO ESPECIALIZADA À SAÚDE;Rede de Atenção Hospitalar - Hospital Geral;08932293000157;FUNDO MUNICIPAL DE SAUDE DE PEDRA LAVRADA;8504;24/10/2025;PROPOSTA PAGA;Proposta Paga;10/11/2025;R$274.629,00;R$274.629,00;R$274.629,00
2025;71160002;S.PART.;BANCADA DA PARAÍBA;não se aplica;não se aplica;PB;251400;SAO JOAO DO CARIRI;MUNICIPAL;BANCADA OBRIGATÓRIA;CORRENTE;301;1001;1030151192E890025;09/09/2025;36000704118202500;202500025378;FAF;INCREMENTO PAP;2E89;ATENÇÃO PRIMÁRIA À SAÚDE;INCREMENTO DO PISO DA ATENÇÃO PRIMÁRIA À SAÚDE - PAP;12447221000191;FUNDO MUNICIPAL DE SAUDE DE SAO JOAO DO CARIRI - PB;8108;16/09/2025;PROPOSTA PAGA;Proposta Paga;01/10/2025;R$142.521,00;R$142.521,00;R$142.521,00
2025;71160002;S.PART.;BANCADA DA PARAÍBA;não se aplica;não se aplica;PB;250215;BOA VISTA;MUNICIPAL;BANCADA OBRIGATÓRIA;CORRENTE;301;1001;1030151192E890025;13/10/2025;36000712299202500;202500036911;FAF;INCREMENTO PAP;2E89;ATENÇÃO PRIMÁRIA À SAÚDE;INCREMENTO DO PISO DA ATENÇÃO PRIMÁRIA À SAÚDE - PAP;12868705000104;FUNDO MUNICIPAL DE SAUDE;8730;11/11/2025;PROPOSTA PAGA;Proposta Paga;25/11/2025;R$150.000,00;R$150.000,00;R$150.000,00
2025;71160002;S.PART.;BANCADA DA PARAÍBA;não se aplica;não se aplica;PB;250077;APARECIDA;MUNICIPAL;BANCADA OBRIGATÓRIA;CORRENTE;301;1001;1030151192E890025;01/10/2025;36000710516202500;202500031106;FAF;INCREMENTO PAP;2E89;ATENÇÃO PRIMÁRIA À SAÚDE;INCREMENTO DO PISO DA ATENÇÃO PRIMÁRIA À SAÚDE - PAP;11956816000100;FUNDO MUNICIPAL DE SAUDE DE APARECIDA;8410;15/10/2025;PROPOSTA PAGA;Proposta Paga;27/10/2025;R$500.000,00;R$500.000,00;R$500.000,00
2025;71160002;S.PART.;BANCADA DA PARAÍBA;não se aplica;não se aplica;PB;250420;CATINGUEIRA;MUNICIPAL;BANCADA OBRIGATÓRIA;CORRENTE;301;1001;1030151192E890025;17/09/2025;36000707381202500;202500029446;FAF;INCREMENTO PAP;2E89;ATENÇÃO PRIMÁRIA À SAÚDE;INCREMENTO DO PISO DA ATENÇÃO PRIMÁRIA À SAÚDE - PAP;12401524000173;FUNDO MUNICIPAL DE SAUDE;8319;06/10/2025;PROPOSTA PAGA;Proposta Paga;15/10/2025;R$500.000,00;R$500.000,00;R$500.000,00
2025;71160002;S.PART.;BANCADA DA PARAÍBA;não se aplica;não se aplica;PB;250570;DONA INES;MUNICIPAL;BANCADA OBRIGATÓRIA;CORRENTE;301;1001;1030151192E890025;10/09/2025;36000704577202500;202500028048;FAF;INCREMENTO PAP;2E89;ATENÇÃO PRIMÁRIA À SAÚDE;INCREMENTO DO PISO DA ATENÇÃO PRIMÁRIA À SAÚDE - PAP;11420456000127;DONA INES - FUNDO MUNICIPAL DE SAUDE;8261;29/09/2025;PROPOSTA PAGA;Proposta Paga;09/10/2025;R$200.000,00;R$200.000,00;R$200.000,00
2025;71160002;S.PART.;BANCADA DA PARAÍBA;não se aplica;não se aplica;PB;250625;GADO BRAVO;MUNICIPAL;BANCADA OBRIGATÓRIA;CORRENTE;301;1001;1030151192E890025;19/09/2025;36000708009202500;202500028065;FAF;INCREMENTO PAP;2E89;ATENÇÃO PRIMÁRIA À SAÚDE;INCREMENTO DO PISO DA ATENÇÃO PRIMÁRIA À SAÚDE - PAP;11136097000180;FUNDO MUNICIPAL DE SAUDE GADO BRAVO;8261;29/09/2025;PROPOSTA PAGA;Proposta Paga;09/10/2025;R$200.000,00;R$200.000,00;R$200.000,00
2025;71160010;S.PART.;BANCADA DA PARAÍBA;não se aplica;não se aplica;PB;250980;MULUNGU;MUNICIPAL;BANCADA OBRIGATÓRIA;CORRENTE;302;1001;1030251182E900025;08/09/2025;36000703104202500;202500026087;FAF;INCREMENTO MAC;2E90;ATENÇÃO ESPECIALIZADA À SAÚDE;Incremento Temporário do Teto da Média e Alta Complexidade - MAC;18767963000180;FUNDO MUNICIPAL DE SAUDE MULUNGU;8120;18/09/2025;PROPOSTA PAGA;Proposta Paga;21/10/2025;R$250.000,00;R$250.000,00;R$250.000,00
2025;71160002;S.PART.;BANCADA DA PARAÍBA;não se aplica;não se aplica;PB;250990;NATUBA;MUNICIPAL;BANCADA OBRIGATÓRIA;CORRENTE;301;1001;1030151192E890025;11/09/2025;36000705352202500;202500027610;FAF;INCREMENTO PAP;2E89;ATENÇÃO PRIMÁRIA À SAÚDE;INCREMENTO DO PISO DA ATENÇÃO PRIMÁRIA À SAÚDE - PAP;17975221000188;FUNDO MUNICIPAL DE SAUDE DE NATUBA;8246;26/09/2025;PROPOSTA PAGA;Proposta Paga;02/12/2025;R$200.000,00;R$200.000,00;R$200.000,00
2025;71160010;S.PART.;BANCADA DA PARAÍBA;não se aplica;não se aplica;PB;250790;JURIPIRANGA;MUNICIPAL;BANCADA OBRIGATÓRIA;CORRENTE;302;1001;1030251182E900025;08/09/2025;36000703195202500;202500032557;FAF;INCREMENTO MAC;2E90;ATENÇÃO ESPECIALIZADA À SAÚDE;Incremento Temporário do Teto da Média e Alta Complexidade - MAC;11164805000197;FUNDO MUNICIPAL DE SAUDE;8481;21/10/2025;PROPOSTA PAGA;Proposta Paga;21/11/2025;R$300.000,00;R$300.000,00;R$300.000,00
2025;71160002;S.PART.;BANCADA DA PARAÍBA;não se aplica;não se aplica;PB;250610;FAGUNDES;MUNICIPAL;BANCADA OBRIGATÓRIA;CORRENTE;301;1001;1030151192E890025;24/09/2025;36000709241202500;202500028058;FAF;INCREMENTO PAP;2E89;ATENÇÃO PRIMÁRIA À SAÚDE;INCREMENTO DO PISO DA ATENÇÃO PRIMÁRIA À SAÚDE - PAP;11307940000144;FUNDO MUNICIPAL DE SAUDE FAGUNDES PB;8261;29/09/2025;PROPOSTA PAGA;Proposta Paga;09/10/2025;R$1.000.000,00;R$1.000.000,00;R$1.000.000,00
2025;71160001;S.PART.;BANCADA DA PARAÍBA;não se aplica;não se aplica;PB;250950;MONTADAS;MUNICIPAL;BANCADA OBRIGATÓRIA;CAPITAL;301;1001;10301511985817022;02/09/2025;13884126000125004;202500027293;FAF;EQUIPAMENTO;8581;ATENÇÃO PRIMÁRIA À SAÚDE;SAÚDE BUCAL - BRASIL SORRIDENTE;13884126000118;FUNDO MUNICIPAL DE SAUDE DE MONTADAS;8234;25/09/2025;PROPOSTA PAGA;Proposta Paga;22/10/2025;R$379.890,00;R$379.890,00;R$379.890,00
2025;71160002;S.PART.;BANCADA DA PARAÍBA;não se aplica;não se aplica;PB;251210;POMBAL;MUNICIPAL;BANCADA OBRIGATÓRIA;CORRENTE;301;1001;1030151192E890025;08/09/2025;36000702664202500;202500028538;FAF;INCREMENTO PAP;2E89;ATENÇÃO PRIMÁRIA À SAÚDE;INCREMENTO DO PISO DA ATENÇÃO PRIMÁRIA À SAÚDE - PAP;10602526000103;FUNDO MUNICIPAL DE SAUDE;8274;30/09/2025;PROPOSTA PAGA;Proposta Paga;16/10/2025;R$250.000,00;R$250.000,00;R$250.000,00
2025;71160002;S.PART.;BANCADA DA PARAÍBA;não se aplica;não se aplica;PB;250590;EMAS;MUNICIPAL;BANCADA OBRIGATÓRIA;CORRENTE;301;1001;1030151192E890025;24/09/2025;36000709323202500;202500028062;FAF;INCREMENTO PAP;2E89;ATENÇÃO PRIMÁRIA À SAÚDE;INCREMENTO DO PISO DA ATENÇÃO PRIMÁRIA À SAÚDE - PAP;11655026000194;FUNDO MUNICIPAL DE SAUDE;8261;29/09/2025;PROPOSTA PAGA;Proposta Paga;09/10/2025;R$300.000,00;R$300.000,00;R$300.000,00
2025;71160001;S.PART.;BANCADA DA PARAÍBA;não se aplica;não se aplica;PB;250560;DIAMANTE;MUNICIPAL;BANCADA OBRIGATÓRIA;CAPITAL;301;1001;10301511985817022;16/09/2025;10382118000125003;202500036422;FAF;EQUIPAMENTO;8581;ATENÇÃO PRIMÁRIA À SAÚDE;TRANSPORTE ELETIVO EM SAÚDE;10382118000185;FUNDO MUNICIPAL DE SAUDE DE DIAMANTE;8711;10/11/2025;PROPOSTA PAGA;Proposta Paga;05/02/2026;R$385.723,00;R$385.723,00;R$385.723,00
2025;71160002;S.PART.;BANCADA DA PARAÍBA;não se aplica;não se aplica;PB;251465;SAO JOSE DO BREJO DO CRUZ;MUNICIPAL;BANCADA OBRIGATÓRIA;CORRENTE;301;1001;1030151192E890025;12/09/2025;36000705460202500;202500031175;FAF;INCREMENTO PAP;2E89;ATENÇÃO PRIMÁRIA À SAÚDE;INCREMENTO DO PISO DA ATENÇÃO PRIMÁRIA À SAÚDE - PAP;11879377000189;FUNDO MUNICIPAL DE SAUDE;8410;15/10/2025;PROPOSTA PAGA;Proposta Paga;27/10/2025;R$300.000,00;R$300.000,00;R$300.000,00
2025;71160010;S.PART.;BANCADA DA PARAÍBA;não se aplica;não se aplica;PB;250420;CATINGUEIRA;MUNICIPAL;BANCADA OBRIGATÓRIA;CORRENTE;302;1001;1030251182E900025;17/09/2025;36000707425202500;202500035139;FAF;INCREMENTO MAC;2E90;ATENÇÃO ESPECIALIZADA À SAÚDE;Incremento Temporário do Teto da Média e Alta Complexidade - MAC;12401524000173;FUNDO MUNICIPAL DE SAUDE;8603;31/10/2025;PROPOSTA PAGA;Proposta Paga;19/12/2025;R$477.551,00;R$477.551,00;R$477.551,00
2025;71160002;S.PART.;BANCADA DA PARAÍBA;não se aplica;não se aplica;PB;250570;DONA INES;MUNICIPAL;BANCADA OBRIGATÓRIA;CORRENTE;301;1000;1030151192E890025;28/11/2025;36000719765202500;202500039916;FAF;INCREMENTO PAP;2E89;ATENÇÃO PRIMÁRIA À SAÚDE;INCREMENTO DO PISO DA ATENÇÃO PRIMÁRIA À SAÚDE - PAP;11420456000127;DONA INES - FUNDO MUNICIPAL DE SAUDE;9057;03/12/2025;PROPOSTA PAGA;Proposta Paga;19/12/2025;R$50.000,00;R$50.000,00;R$50.000,00
2025;71160002;S.PART.;BANCADA DA PARAÍBA;não se aplica;não se aplica;PB;250215;BOA VISTA;MUNICIPAL;BANCADA OBRIGATÓRIA;CORRENTE;301;1001;1030151192E890025;13/10/2025;36000712303202500;202500032079;FAF;INCREMENTO PAP;2E89;ATENÇÃO PRIMÁRIA À SAÚDE;INCREMENTO DO PISO DA ATENÇÃO PRIMÁRIA À SAÚDE - PAP;12868705000104;FUNDO MUNICIPAL DE SAUDE;8451;20/10/2025;PROPOSTA PAGA;Proposta Paga;13/11/2025;R$70.000,00;R$70.000,00;R$70.000,00
2025;71160010;S.PART.;BANCADA DA PARAÍBA;não se aplica;não se aplica;PB;250700;ITAPORANGA;MUNICIPAL;BANCADA OBRIGATÓRIA;CORRENTE;302;1001;1030251182E900025;08/09/2025;36000702802202500;202500037302;FAF;INCREMENTO MAC;2E90;ATENÇÃO ESPECIALIZADA À SAÚDE;Incremento Temporário do Teto da Média e Alta Complexidade - MAC;11174552000132;FUNDO MUNICIPAL DE SAUDE DE ITAPORANGA;8807;13/11/2025;PROPOSTA PAGA;Proposta Paga;27/11/2025;R$600.000,00;R$600.000,00;R$600.000,00
2025;71160010;S.PART.;BANCADA DA PARAÍBA;não se aplica;não se aplica;PB;250030;ALAGOA GRANDE;MUNICIPAL;BANCADA OBRIGATÓRIA;CORRENTE;302;1001;1030251182E900025;05/09/2025;36000701973202500;202500032290;FAF;INCREMENTO MAC;2E90;ATENÇÃO ESPECIALIZADA À SAÚDE;Incremento Temporário do Teto da Média e Alta Complexidade - MAC;17698753000115;FUNDO MUNICIPAL DE SAUDE DE ALAGOA GRANDE;8455;20/10/2025;PROPOSTA PAGA;Proposta Paga;29/12/2025;R$1.000.000,00;R$1.000.000,00;R$1.000.000,00
2025;71160002;S.PART.;BANCADA DA PARAÍBA;não se aplica;não se aplica;PB;250800;JURU;MUNICIPAL;BANCADA OBRIGATÓRIA;CORRENTE;301;1001;1030151192E890025;16/09/2025;36000706591202500;202500031763;FAF;INCREMENTO PAP;2E89;ATENÇÃO PRIMÁRIA À SAÚDE;INCREMENTO DO PISO DA ATENÇÃO PRIMÁRIA À SAÚDE - PAP;10538747000151;FUNDO MUNICIPAL DE SAUDE;8410;15/10/2025;PROPOSTA PAGA;Proposta Paga;27/10/2025;R$100.000,00;R$100.000,00;R$100.000,00
2025;71160002;S.PART.;BANCADA DA PARAÍBA;não se aplica;não se aplica;PB;251130;PIANCO;MUNICIPAL;BANCADA OBRIGATÓRIA;CORRENTE;301;1001;1030151192E890025;04/09/2025;36000700705202500;202500025366;FAF;INCREMENTO PAP;2E89;ATENÇÃO PRIMÁRIA À SAÚDE;INCREMENTO DO PISO DA ATENÇÃO PRIMÁRIA À SAÚDE - PAP;04827493000199;FUNDO MUNICIPAL DE SAUDE;8108;16/09/2025;PROPOSTA PAGA;Proposta Paga;01/10/2025;R$100.000,00;R$100.000,00;R$100.000,00
2025;71160007;S.PART.;BANCADA DA PARAÍBA;não se aplica;não se aplica;PB;251120;PEDRAS DE FOGO;MUNICIPAL;BANCADA OBRIGATÓRIA;CAPITAL;302;3129;10302511885358697;03/10/2025;10490987000125004;202500042514;FAF;EQUIPAMENTO;8535;ATENÇÃO ESPECIALIZADA À SAÚDE;Rede de Atenção Hospitalar - Hospital Geral;10490987000123;FUNDO MUNICIPAL DE SAUDE;9562;22/12/2025;PROPOSTA PAGA;Proposta Paga;29/12/2025;R$294.766,00;R$294.766,00;R$294.766,00
2025;71160002;S.PART.;BANCADA DA PARAÍBA;não se aplica;não se aplica;PB;251065;PARARI;MUNICIPAL;BANCADA OBRIGATÓRIA;CORRENTE;301;1001;1030151192E890025;19/12/2025;36000722979202500;202500043854;FAF;INCREMENTO PAP;2E89;ATENÇÃO PRIMÁRIA À SAÚDE;INCREMENTO DO PISO DA ATENÇÃO PRIMÁRIA À SAÚDE - PAP;13845567000100;FUNDO MUNICIPAL DE SAUDE DE PARARI;9761;30/12/2025;EM ANALISE PELA ÁREA FINALÍSTICA;Proposta Empenhada aguardando Formalização;-;R$155.826,00;R$155.826,00;R$0,00
2025;71160007;S.PART.;BANCADA DA PARAÍBA;não se aplica;não se aplica;PB;251390;SAO BENTO;MUNICIPAL;BANCADA OBRIGATÓRIA;CAPITAL;302;3129;10302511885358697;08/09/2025;02015756000125004;202500040524;FAF;EQUIPAMENTO;8535;ATENÇÃO ESPECIALIZADA À SAÚDE;Rede de Atenção Hospitalar - Hospital Geral;02015756000130;FUNDO MINICIPAL DE SAUDE;9182;09/12/2025;EM ANALISE PELA ÁREA FINALÍSTICA;Proposta Empenhada aguardando Formalização;-;R$300.000,00;R$300.000,00;R$0,00
2025;71160002;S.PART.;BANCADA DA PARAÍBA;não se aplica;não se aplica;PB;250170;BARRA DE SAO MIGUEL;MUNICIPAL;BANCADA OBRIGATÓRIA;CORRENTE;301;1001;1030151192E890025;10/09/2025;36000704515202500;202500029123;FAF;INCREMENTO PAP;2E89;ATENÇÃO PRIMÁRIA À SAÚDE;INCREMENTO DO PISO DA ATENÇÃO PRIMÁRIA À SAÚDE - PAP;11228592000110;FUNDO MUNICIPAL DE SAUDE DE BARRA DE SAO MIGUEL;8312;03/10/2025;PROPOSTA PAGA;Proposta Paga;16/10/2025;R$200.000,00;R$200.000,00;R$200.000,00
2025;71160002;S.PART.;BANCADA DA PARAÍBA;não se aplica;não se aplica;PB;250215;BOA VISTA;MUNICIPAL;BANCADA OBRIGATÓRIA;CORRENTE;301;1001;1030151192E890025;13/10/2025;36000712312202500;202500037020;FAF;INCREMENTO PAP;2E89;ATENÇÃO PRIMÁRIA À SAÚDE;INCREMENTO DO PISO DA ATENÇÃO PRIMÁRIA À SAÚDE - PAP;12868705000104;FUNDO MUNICIPAL DE SAUDE;8799;13/11/2025;PROPOSTA PAGA;Proposta Paga;25/11/2025;R$200.000,00;R$200.000,00;R$200.000,00
2025;71160002;S.PART.;BANCADA DA PARAÍBA;não se aplica;não se aplica;PB;250270;BORBOREMA;MUNICIPAL;BANCADA OBRIGATÓRIA;CORRENTE;301;1001;1030151192E890025;26/09/2025;36000709806202500;202500031120;FAF;INCREMENTO PAP;2E89;ATENÇÃO PRIMÁRIA À SAÚDE;INCREMENTO DO PISO DA ATENÇÃO PRIMÁRIA À SAÚDE - PAP;11594451000110;FUNDO MUNICIPAL DE SAUDE DE BORBOREMA;8410;15/10/2025;PROPOSTA PAGA;Proposta Paga;27/10/2025;R$200.000,00;R$200.000,00;R$200.000,00
2025;71160002;S.PART.;BANCADA DA PARAÍBA;não se aplica;não se aplica;PB;251510;SAO SEBASTIAO DE LAGOA DE ROCA;MUNICIPAL;BANCADA OBRIGATÓRIA;CORRENTE;301;1001;1030151192E890025;13/09/2025;36000705898202500;202500039605;FAF;INCREMENTO PAP;2E89;ATENÇÃO PRIMÁRIA À SAÚDE;INCREMENTO DO PISO DA ATENÇÃO PRIMÁRIA À SAÚDE - PAP;11143891000151;FUNDO MUNICIPAL DE SAUDE SAO SEBASTIAO DE LAGOA DE ROCA;9012;01/12/2025;PROPOSTA PAGA;Proposta Paga;22/12/2025;R$600.000,00;R$600.000,00;R$600.000,00
2025;71160010;S.PART.;BANCADA DA PARAÍBA;não se aplica;não se aplica;PB;251340;SANTA LUZIA;MUNICIPAL;BANCADA OBRIGATÓRIA;CORRENTE;302;1001;1030251182E900025;10/09/2025;36000704740202500;202500028838;FAF;INCREMENTO MAC;2E90;ATENÇÃO ESPECIALIZADA À SAÚDE;Incremento Temporário do Teto da Média e Alta Complexidade - MAC;10425754000147;FUNDO MUNICIPAL DE SAUDE DE SANTA LUZIA;8272;30/09/2025;PROPOSTA PAGA;Proposta Paga;21/10/2025;R$350.000,00;R$350.000,00;R$350.000,00
2025;71160002;S.PART.;BANCADA DA PARAÍBA;não se aplica;não se aplica;PB;251450;SAO JOSE DE PIRANHAS;MUNICIPAL;BANCADA OBRIGATÓRIA;CORRENTE;301;1001;1030151192E890025;04/09/2025;36000701186202500;202500025293;FAF;INCREMENTO PAP;2E89;ATENÇÃO PRIMÁRIA À SAÚDE;INCREMENTO DO PISO DA ATENÇÃO PRIMÁRIA À SAÚDE - PAP;11602227000123;FUNDO MUNICIPAL DE SAUDE;8108;16/09/2025;PROPOSTA PAGA;Proposta Paga;01/10/2025;R$200.000,00;R$200.000,00;R$200.000,00
2025;71160002;S.PART.;BANCADA DA PARAÍBA;não se aplica;não se aplica;PB;251600;SOLANEA;MUNICIPAL;BANCADA OBRIGATÓRIA;CORRENTE;301;1001;1030151192E890025;13/09/2025;36000705889202500;202500029137;FAF;INCREMENTO PAP;2E89;ATENÇÃO PRIMÁRIA À SAÚDE;INCREMENTO DO PISO DA ATENÇÃO PRIMÁRIA À SAÚDE - PAP;13857317000190;FUNDO MUNICIPAL DE SAUDE DE SOLANEA;8312;03/10/2025;PROPOSTA PAGA;Proposta Paga;16/10/2025;R$200.000,00;R$200.000,00;R$200.000,00
2025;71160002;S.PART.;BANCADA DA PARAÍBA;não se aplica;não se aplica;PB;251550;SERRA BRANCA;MUNICIPAL;BANCADA OBRIGATÓRIA;CORRENTE;301;1001;1030151192E890025;10/09/2025;36000704510202500;202500025299;FAF;INCREMENTO PAP;2E89;ATENÇÃO PRIMÁRIA À SAÚDE;INCREMENTO DO PISO DA ATENÇÃO PRIMÁRIA À SAÚDE - PAP;05456092000132;FUNDO MUNICIPAL DE SAUDE;8108;16/09/2025;PROPOSTA PAGA;Proposta Paga;01/10/2025;R$1.000.000,00;R$1.000.000,00;R$1.000.000,00
2025;71160010;S.PART.;BANCADA DA PARAÍBA;não se aplica;não se aplica;PB;250400;CAMPINA GRANDE;MUNICIPAL;BANCADA OBRIGATÓRIA;CORRENTE;302;1001;1030251182E900025;23/09/2025;36000708758202500;202500036231;FAF;INCREMENTO MAC;2E90;ATENÇÃO ESPECIALIZADA À SAÚDE;Incremento Temporário do Teto da Média e Alta Complexidade - MAC;24513574000121;FUNDO MUNICIPAL DE SAUDE DE CAMPINA GRANDE;8670;06/11/2025;PROPOSTA PAGA;Proposta Paga;09/12/2025;R$500.000,00;R$500.000,00;R$500.000,00
2025;71160002;S.PART.;BANCADA DA PARAÍBA;não se aplica;não se aplica;PB;251065;PARARI;MUNICIPAL;BANCADA OBRIGATÓRIA;CORRENTE;301;1001;1030151192E890025;20/10/2025;36000713120202500;202500033787;FAF;INCREMENTO PAP;2E89;ATENÇÃO PRIMÁRIA À SAÚDE;INCREMENTO DO PISO DA ATENÇÃO PRIMÁRIA À SAÚDE - PAP;13845567000100;FUNDO MUNICIPAL DE SAUDE DE PARARI;8544;28/10/2025;PROPOSTA PAGA;Proposta Paga;13/11/2025;R$44.173,00;R$44.173,00;R$44.173,00
2025;71160007;S.PART.;BANCADA DA PARAÍBA;não se aplica;não se aplica;PB;250830;LAGOA SECA;MUNICIPAL;BANCADA OBRIGATÓRIA;CAPITAL;302;1001;10302511885358697;26/12/2025;11264183000125003;202500044045;FAF;EQUIPAMENTO;8535;ATENÇÃO ESPECIALIZADA À SAÚDE;Políticas de Atenção Ambulatorial Especializada e Serviços Hospitalares de Alta Complexidade - Ambulatório;11264183000179;FUNDO MUNICIPAL DE SAUDE;9906;30/12/2025;PROPOSTA PAGA;Proposta Paga;12/02/2026;R$31.158,00;R$31.158,00;R$31.158,00
2025;71160010;S.PART.;BANCADA DA PARAÍBA;não se aplica;não se aplica;PB;250400;CAMPINA GRANDE;MUNICIPAL;BANCADA OBRIGATÓRIA;CORRENTE;302;1001;1030251182E900025;25/09/2025;36000709464202500;202500036742;FAF;INCREMENTO MAC;2E90;ATENÇÃO ESPECIALIZADA À SAÚDE;Incremento Temporário do Teto da Média e Alta Complexidade - MAC;24513574000121;FUNDO MUNICIPAL DE SAUDE DE CAMPINA GRANDE;8717;10/11/2025;PROPOSTA PAGA;Proposta Paga;09/12/2025;R$800.000,00;R$800.000,00;R$800.000,00
2025;71160010;S.PART.;BANCADA DA PARAÍBA;não se aplica;não se aplica;PB;250300;CAAPORA;MUNICIPAL;BANCADA OBRIGATÓRIA;CORRENTE;302;1001;1030251182E900025;16/09/2025;36000706773202500;202500027159;FAF;INCREMENTO MAC;2E90;ATENÇÃO ESPECIALIZADA À SAÚDE;Incremento Temporário do Teto da Média e Alta Complexidade - MAC;10975044000190;FUNDO MUNICIPAL DE SAUDE - FMS;8218;24/09/2025;PROPOSTA PAGA;Proposta Paga;21/10/2025;R$1.000.000,00;R$1.000.000,00;R$1.000.000,00
2025;71160010;S.PART.;BANCADA DA PARAÍBA;não se aplica;não se aplica;PB;250680;INGA;MUNICIPAL;BANCADA OBRIGATÓRIA;CORRENTE;302;1001;1030251182E900025;08/09/2025;36000703186202500;202500039087;FAF;INCREMENTO MAC;2E90;ATENÇÃO ESPECIALIZADA À SAÚDE;Incremento Temporário do Teto da Média e Alta Complexidade - MAC;08610110000187;FUNDO MUNICIPAL DE SAUDE DE INGA/PB;8967;27/11/2025;PROPOSTA PAGA;Proposta Paga;29/12/2025;R$1.500.000,00;R$1.500.000,00;R$1.500.000,00
2025;71160002;S.PART.;BANCADA DA PARAÍBA;não se aplica;não se aplica;PB;250670;IMACULADA;MUNICIPAL;BANCADA OBRIGATÓRIA;CORRENTE;301;1001;1030151192E890025;10/09/2025;36000704275202500;202500028499;FAF;INCREMENTO PAP;2E89;ATENÇÃO PRIMÁRIA À SAÚDE;INCREMENTO DO PISO DA ATENÇÃO PRIMÁRIA À SAÚDE - PAP;11838404000175;FUNDO MUNICIPAL DE SAUDE DO MUNICIPIO DE IMACULADA;8274;30/09/2025;PROPOSTA PAGA;Proposta Paga;09/10/2025;R$500.000,00;R$500.000,00;R$500.000,00
2025;71160010;S.PART.;BANCADA DA PARAÍBA;não se aplica;não se aplica;PB;250560;DIAMANTE;MUNICIPAL;BANCADA OBRIGATÓRIA;CORRENTE;302;1001;1030251182E900025;30/09/2025;36000710129202500;202500036743;FAF;INCREMENTO MAC;2E90;ATENÇÃO ESPECIALIZADA À SAÚDE;Incremento Temporário do Teto da Média e Alta Complexidade - MAC;10382118000185;FUNDO MUNICIPAL DE SAUDE DE DIAMANTE;8712;10/11/2025;PROPOSTA PAGA;Proposta Paga;09/12/2025;R$500.000,00;R$500.000,00;R$500.000,00
2025;71160002;S.PART.;BANCADA DA PARAÍBA;não se aplica;não se aplica;PB;251060;OURO VELHO;MUNICIPAL;BANCADA OBRIGATÓRIA;CORRENTE;301;1001;1030151192E890025;09/09/2025;36000704057202500;202500028536;FAF;INCREMENTO PAP;2E89;ATENÇÃO PRIMÁRIA À SAÚDE;INCREMENTO DO PISO DA ATENÇÃO PRIMÁRIA À SAÚDE - PAP;11348410000144;FUNDO MUNICIPAL DE SAUDE DE OURO VELHO;8274;30/09/2025;PROPOSTA PAGA;Proposta Paga;09/10/2025;R$200.000,00;R$200.000,00;R$200.000,00
2025;71160010;S.PART.;BANCADA DA PARAÍBA;não se aplica;não se aplica;PB;251660;TAVARES;MUNICIPAL;BANCADA OBRIGATÓRIA;CORRENTE;302;1000;1030251182E900025;16/09/2025;36000706908202500;202500030491;FAF;INCREMENTO MAC;2E90;ATENÇÃO ESPECIALIZADA À SAÚDE;Incremento Temporário do Teto da Média e Alta Complexidade - MAC;10598364000179;FUNDO MUNICIPAL DE SAUDE DE TAVARES;8413;15/10/2025;PROPOSTA PAGA;Proposta Paga;27/10/2025;R$109.310,00;R$109.310,00;R$109.310,00
2025;71160002;S.PART.;BANCADA DA PARAÍBA;não se aplica;não se aplica;PB;251140;PICUI;MUNICIPAL;BANCADA OBRIGATÓRIA;CORRENTE;301;1001;1030151192E890025;01/10/2025;36000710554202500;202500029456;FAF;INCREMENTO PAP;2E89;ATENÇÃO PRIMÁRIA À SAÚDE;INCREMENTO DO PISO DA ATENÇÃO PRIMÁRIA À SAÚDE - PAP;08619650000121;FUNDO MUNICIPAL DE SAUDE;8319;06/10/2025;EM ANALISE PELA ÁREA FINALÍSTICA;Proposta Empenhada aguardando Formalização;-;R$200.000,00;R$200.000,00;R$0,00
2025;71160001;S.PART.;BANCADA DA PARAÍBA;não se aplica;não se aplica;PB;250600;ESPERANCA;MUNICIPAL;BANCADA OBRIGATÓRIA;CAPITAL;301;1001;10301511985817022;13/09/2025;12011984000125004;202500033231;FAF;EQUIPAMENTO;8581;ATENÇÃO PRIMÁRIA À SAÚDE;EQUIPAMENTOS - UBS;12011984000195;FUNDO MUNICIPAL DE SAUDE;8496;23/10/2025;PROPOSTA PAGA;Proposta Paga;29/12/2025;R$299.973,00;R$299.973,00;R$299.973,00
2025;71160002;S.PART.;BANCADA DA PARAÍBA;não se aplica;não se aplica;PB;251670;TEIXEIRA;MUNICIPAL;BANCADA OBRIGATÓRIA;CORRENTE;301;1001;1030151192E890025;05/09/2025;36000701858202500;202500025317;FAF;INCREMENTO PAP;2E89;ATENÇÃO PRIMÁRIA À SAÚDE;INCREMENTO DO PISO DA ATENÇÃO PRIMÁRIA À SAÚDE - PAP;11229326000101;FUNDO MUNICIPAL DE SAUDE;8108;16/09/2025;PROPOSTA PAGA;Proposta Paga;01/10/2025;R$200.000,00;R$200.000,00;R$200.000,00
2025;71160002;S.PART.;BANCADA DA PARAÍBA;não se aplica;não se aplica;PB;250800;JURU;MUNICIPAL;BANCADA OBRIGATÓRIA;CORRENTE;301;1001;1030151192E890025;16/09/2025;36000706575202500;202500028513;FAF;INCREMENTO PAP;2E89;ATENÇÃO PRIMÁRIA À SAÚDE;INCREMENTO DO PISO DA ATENÇÃO PRIMÁRIA À SAÚDE - PAP;10538747000151;FUNDO MUNICIPAL DE SAUDE;8274;30/09/2025;PROPOSTA PAGA;Proposta Paga;09/10/2025;R$1.000.000,00;R$1.000.000,00;R$1.000.000,00
2025;71160002;S.PART.;BANCADA DA PARAÍBA;não se aplica;não se aplica;PB;251250;QUEIMADAS;MUNICIPAL;BANCADA OBRIGATÓRIA;CORRENTE;301;1001;1030151192E890025;03/10/2025;36000710990202500;202500032920;FAF;INCREMENTO PAP;2E89;ATENÇÃO PRIMÁRIA À SAÚDE;INCREMENTO DO PISO DA ATENÇÃO PRIMÁRIA À SAÚDE - PAP;11162629000154;FUNDO MUNICIPAL DE SAUDE;8494;23/10/2025;PROPOSTA PAGA;Proposta Paga;13/11/2025;R$250.000,00;R$250.000,00;R$250.000,00
2025;71160010;S.PART.;BANCADA DA PARAÍBA;não se aplica;não se aplica;PB;250930;MATARACA;MUNICIPAL;BANCADA OBRIGATÓRIA;CORRENTE;302;1001;1030251182E900025;03/10/2025;36000710849202500;202500036746;FAF;INCREMENTO MAC;2E90;ATENÇÃO ESPECIALIZADA À SAÚDE;Incremento Temporário do Teto da Média e Alta Complexidade - MAC;13070749000157;FUNDO MUNICIPAL DE SAUDE DO MUNICIPIO DE MATARACA-PB;8718;10/11/2025;PROPOSTA PAGA;Proposta Paga;09/12/2025;R$100.000,00;R$100.000,00;R$100.000,00
2025;71160002;S.PART.;BANCADA DA PARAÍBA;não se aplica;não se aplica;PB;250940;MOGEIRO;MUNICIPAL;BANCADA OBRIGATÓRIA;CORRENTE;301;1001;1030151192E890025;08/09/2025;36000703018202500;202500034127;FAF;INCREMENTO PAP;2E89;ATENÇÃO PRIMÁRIA À SAÚDE;INCREMENTO DO PISO DA ATENÇÃO PRIMÁRIA À SAÚDE - PAP;10664047000103;FUNDO MUNICIPAL DE SAUDE DE MOGEIRO;8575;29/10/2025;PROPOSTA PAGA;Proposta Paga;13/11/2025;R$1.500.000,00;R$1.500.000,00;R$1.500.000,00
2025;71160002;S.PART.;BANCADA DA PARAÍBA;não se aplica;não se aplica;PB;250660;IBIARA;MUNICIPAL;BANCADA OBRIGATÓRIA;CORRENTE;301;1000;1030151192E890025;28/11/2025;36000719848202500;202500040033;FAF;INCREMENTO PAP;2E89;ATENÇÃO PRIMÁRIA À SAÚDE;INCREMENTO DO PISO DA ATENÇÃO PRIMÁRIA À SAÚDE - PAP;08892967000137;FUNDO MUNICIPAL DE SAUDE DE IBIARA;9084;04/12/2025;PROPOSTA PAGA;Proposta Paga;19/12/2025;R$500.000,00;R$500.000,00;R$500.000,00
2025;71160002;S.PART.;BANCADA DA PARAÍBA;não se aplica;não se aplica;PB;250535;DAMIAO;MUNICIPAL;BANCADA OBRIGATÓRIA;CORRENTE;301;1001;1030151192E890025;12/09/2025;36000705653202500;202500028049;FAF;INCREMENTO PAP;2E89;ATENÇÃO PRIMÁRIA À SAÚDE;INCREMENTO DO PISO DA ATENÇÃO PRIMÁRIA À SAÚDE - PAP;11767841000145;FUNDO MUNICIPAL DE SAUDE DAMIAO PARAIBA;8261;29/09/2025;PROPOSTA PAGA;Proposta Paga;15/10/2025;R$200.000,00;R$200.000,00;R$200.000,00
2025;71160010;S.PART.;BANCADA DA PARAÍBA;não se aplica;não se aplica;PB;250750;JOAO PESSOA;ESTADUAL;BANCADA OBRIGATÓRIA;CORRENTE;302;1001;1030251182E900025;22/09/2025;36000708726202500;202500028726;FAF;INCREMENTO MAC;2E90;ATENÇÃO ESPECIALIZADA À SAÚDE;Incremento Temporário do Teto da Média e Alta Complexidade - MAC;03609595000175;FUNDO ESTADUAL DE SAUDE DO ESTADO DA PARAIBA - FESEP;8267;30/09/2025;PROPOSTA PAGA;Proposta Paga;21/10/2025;R$2.350.000,00;R$2.350.000,00;R$2.350.000,00
2025;71160002;S.PART.;BANCADA DA PARAÍBA;não se aplica;não se aplica;PB;250940;MOGEIRO;MUNICIPAL;BANCADA OBRIGATÓRIA;CORRENTE;301;1001;1030151192E890025;08/09/2025;36000703026202500;202500032083;FAF;INCREMENTO PAP;2E89;ATENÇÃO PRIMÁRIA À SAÚDE;INCREMENTO DO PISO DA ATENÇÃO PRIMÁRIA À SAÚDE - PAP;10664047000103;FUNDO MUNICIPAL DE SAUDE DE MOGEIRO;8443;20/10/2025;PROPOSTA PAGA;Proposta Paga;13/11/2025;R$200.000,00;R$200.000,00;R$200.000,00
2025;71160010;S.PART.;BANCADA DA PARAÍBA;não se aplica;não se aplica;PB;250350;CACIMBA DE DENTRO;MUNICIPAL;BANCADA OBRIGATÓRIA;CORRENTE;302;1001;1030251182E900025;07/10/2025;36000711381202500;202500032552;FAF;INCREMENTO MAC;2E90;ATENÇÃO ESPECIALIZADA À SAÚDE;Incremento Temporário do Teto da Média e Alta Complexidade - MAC;12011663000190;FUNDO MUNICIPAL DE SAUDE DE CACIMBA DE DENTRO;8481;21/10/2025;PROPOSTA PAGA;Proposta Paga;21/11/2025;R$300.000,00;R$300.000,00;R$300.000,00
2025;71160010;S.PART.;BANCADA DA PARAÍBA;não se aplica;não se aplica;PB;250157;BARRA DE SANTANA;MUNICIPAL;BANCADA OBRIGATÓRIA;CORRENTE;302;1001;1030251182E900025;23/09/2025;36000708987202500;202500033959;FAF;INCREMENTO MAC;2E90;ATENÇÃO ESPECIALIZADA À SAÚDE;Incremento Temporário do Teto da Média e Alta Complexidade - MAC;11109361000197;FUNDO MUNICIPAL DE SAUDE BARRA DE SANTANA;8541;28/10/2025;PROPOSTA PAGA;Proposta Paga;10/11/2025;R$301.715,00;R$301.715,00;R$301.715,00
2025;71160010;S.PART.;BANCADA DA PARAÍBA;não se aplica;não se aplica;PB;250510;CUITE;MUNICIPAL;BANCADA OBRIGATÓRIA;CORRENTE;302;1001;1030251182E900025;03/09/2025;36000700664202500;202500024242;FAF;INCREMENTO MAC;2E90;ATENÇÃO ESPECIALIZADA À SAÚDE;Incremento Temporário do Teto da Média e Alta Complexidade - MAC;11404674000178;FUNDO MUNICIPAL DE SAUDE;8111;16/09/2025;PROPOSTA PAGA;Proposta Paga;21/10/2025;R$400.000,00;R$400.000,00;R$400.000,00
2025;71160010;S.PART.;BANCADA DA PARAÍBA;não se aplica;não se aplica;PB;251370;SANTA RITA;MUNICIPAL;BANCADA OBRIGATÓRIA;CORRENTE;302;1000;1030251182E900025;04/09/2025;36000701646202500;202500035150;FAF;INCREMENTO MAC;2E90;ATENÇÃO ESPECIALIZADA À SAÚDE;Incremento Temporário do Teto da Média e Alta Complexidade - MAC;08694222000163;FUNDO MUNICIPAL DE SAUDE DE SANTA RITA;8609;31/10/2025;PROPOSTA PAGA;Proposta Paga;19/12/2025;R$1.500.000,00;R$1.500.000,00;R$1.500.000,00
2025;71160001;S.PART.;BANCADA DA PARAÍBA;não se aplica;não se aplica;PB;251740;ZABELE;MUNICIPAL;BANCADA OBRIGATÓRIA;CAPITAL;301;1001;10301511985817022;10/09/2025;11348419000125003;202500033722;FAF;EQUIPAMENTO;8581;ATENÇÃO PRIMÁRIA À SAÚDE;EQUIPAMENTOS - UBS;11348419000155;FUNDO MUNICIPAL DE SAUDE DE ZABELE;8547;28/10/2025;PROPOSTA PAGA;Proposta Paga;05/02/2026;R$349.840,00;R$349.840,00;R$349.840,00
2025;71160002;S.PART.;BANCADA DA PARAÍBA;não se aplica;não se aplica;PB;250830;LAGOA SECA;MUNICIPAL;BANCADA OBRIGATÓRIA;CORRENTE;301;1001;1030151192E890025;18/09/2025;36000707833202500;202500028514;FAF;INCREMENTO PAP;2E89;ATENÇÃO PRIMÁRIA À SAÚDE;INCREMENTO DO PISO DA ATENÇÃO PRIMÁRIA À SAÚDE - PAP;11264183000179;FUNDO MUNICIPAL DE SAUDE;8274;30/09/2025;PROPOSTA PAGA;Proposta Paga;09/10/2025;R$250.000,00;R$250.000,00;R$250.000,00
2025;71160002;S.PART.;BANCADA DA PARAÍBA;não se aplica;não se aplica;PB;250840;LASTRO;MUNICIPAL;BANCADA OBRIGATÓRIA;CORRENTE;301;1001;1030151192E890025;19/12/2025;36000723091202500;202500043089;FAF;INCREMENTO PAP;2E89;ATENÇÃO PRIMÁRIA À SAÚDE;INCREMENTO DO PISO DA ATENÇÃO PRIMÁRIA À SAÚDE - PAP;11304889000117;FUNDO MUNICIPAL DE SAUDE DE LASTRO;9674;24/12/2025;PROPOSTA PAGA;Proposta Paga;05/02/2026;R$300.000,00;R$300.000,00;R$300.000,00
2025;71160001;S.PART.;BANCADA DA PARAÍBA;não se aplica;não se aplica;PB;251100;PEDRA BRANCA;MUNICIPAL;BANCADA OBRIGATÓRIA;CAPITAL;301;1001;10301511985817022;04/09/2025;12051399000125003;202500036423;FAF;EQUIPAMENTO;8581;ATENÇÃO PRIMÁRIA À SAÚDE;TRANSPORTE ELETIVO EM SAÚDE;12051399000119;FUNDO MUNICIPAL DE SAUDE DE PEDRA BRANCA;8711;10/11/2025;PROPOSTA PAGA;Proposta Paga;05/02/2026;R$385.723,00;R$385.723,00;R$385.723,00
2025;71160002;S.PART.;BANCADA DA PARAÍBA;não se aplica;não se aplica;PB;250020;AGUIAR;MUNICIPAL;BANCADA OBRIGATÓRIA;CORRENTE;301;1001;1030151192E890025;03/12/2025;36000720562202500;202500040420;FAF;INCREMENTO PAP;2E89;ATENÇÃO PRIMÁRIA À SAÚDE;INCREMENTO DO PISO DA ATENÇÃO PRIMÁRIA À SAÚDE - PAP;11267041000165;FUNDO MUNICIPAL DE SAUDE;9156;08/12/2025;PROPOSTA PAGA;Proposta Paga;19/12/2025;R$299.684,00;R$299.684,00;R$299.684,00
2025;71160002;S.PART.;BANCADA DA PARAÍBA;não se aplica;não se aplica;PB;251020;NOVA OLINDA;MUNICIPAL;BANCADA OBRIGATÓRIA;CORRENTE;301;1001;1030151192E890025;16/09/2025;36000706670202500;202500033827;FAF;INCREMENTO PAP;2E89;ATENÇÃO PRIMÁRIA À SAÚDE;INCREMENTO DO PISO DA ATENÇÃO PRIMÁRIA À SAÚDE - PAP;11268720000159;FUNDO MUNICIPAL DE SAUDE_NOVA OLINDA;8544;28/10/2025;PROPOSTA PAGA;Proposta Paga;13/11/2025;R$300.000,00;R$300.000,00;R$300.000,00
2025;71160001;S.PART.;BANCADA DA PARAÍBA;não se aplica;não se aplica;PB;250730;JACARAU;MUNICIPAL;BANCADA OBRIGATÓRIA;CAPITAL;301;1001;10301511985817022;23/09/2025;10486210000125008;202500032238;FAF;EQUIPAMENTO;8581;ATENÇÃO PRIMÁRIA À SAÚDE;SAÚDE BUCAL - BRASIL SORRIDENTE;10486210000195;FUNDO MUNICIPAL DE SAUDE DE JACARAU;8444;20/10/2025;PROPOSTA PAGA;Proposta Paga;05/02/2026;R$749.080,00;R$749.080,00;R$749.080,00
2025;71160002;S.PART.;BANCADA DA PARAÍBA;não se aplica;não se aplica;PB;251550;SERRA BRANCA;MUNICIPAL;BANCADA OBRIGATÓRIA;CORRENTE;301;1001;1030151192E890025;10/09/2025;36000704561202500;202500025302;FAF;INCREMENTO PAP;2E89;ATENÇÃO PRIMÁRIA À SAÚDE;INCREMENTO DO PISO DA ATENÇÃO PRIMÁRIA À SAÚDE - PAP;05456092000132;FUNDO MUNICIPAL DE SAUDE;8108;16/09/2025;PROPOSTA PAGA;Proposta Paga;01/10/2025;R$1.000.000,00;R$1.000.000,00;R$1.000.000,00
2025;71160002;S.PART.;BANCADA DA PARAÍBA;não se aplica;não se aplica;PB;250933;MATINHAS;MUNICIPAL;BANCADA OBRIGATÓRIA;CORRENTE;301;1001;1030151192E890025;23/09/2025;36000709130202500;202500031765;FAF;INCREMENTO PAP;2E89;ATENÇÃO PRIMÁRIA À SAÚDE;INCREMENTO DO PISO DA ATENÇÃO PRIMÁRIA À SAÚDE - PAP;12012166000107;FUNDO MUNICIPAL DE SAUDE;8410;15/10/2025;PROPOSTA PAGA;Proposta Paga;27/10/2025;R$350.000,00;R$350.000,00;R$350.000,00
2025;71160002;S.PART.;BANCADA DA PARAÍBA;não se aplica;não se aplica;PB;250310;CABACEIRAS;MUNICIPAL;BANCADA OBRIGATÓRIA;CORRENTE;301;1001;1030151192E890025;17/09/2025;36000707161202500;202500028025;FAF;INCREMENTO PAP;2E89;ATENÇÃO PRIMÁRIA À SAÚDE;INCREMENTO DO PISO DA ATENÇÃO PRIMÁRIA À SAÚDE - PAP;11309134000105;FUNDO MUNICIPAL DE SAUDE - CABACEIRAS PB;8259;29/09/2025;PROPOSTA PAGA;Proposta Paga;15/10/2025;R$450.000,00;R$450.000,00;R$450.000,00
2025;71160002;S.PART.;BANCADA DA PARAÍBA;não se aplica;não se aplica;PB;250130;AROEIRAS;MUNICIPAL;BANCADA OBRIGATÓRIA;CORRENTE;301;1001;1030151192E890025;03/09/2025;36000699376202500;202500031107;FAF;INCREMENTO PAP;2E89;ATENÇÃO PRIMÁRIA À SAÚDE;INCREMENTO DO PISO DA ATENÇÃO PRIMÁRIA À SAÚDE - PAP;10819820000163;FUNDO MUNICIPAL DE SAUDE;8410;15/10/2025;PROPOSTA PAGA;Proposta Paga;27/10/2025;R$500.000,00;R$500.000,00;R$500.000,00
2025;71160002;S.PART.;BANCADA DA PARAÍBA;não se aplica;não se aplica;PB;250135;ASSUNCAO;MUNICIPAL;BANCADA OBRIGATÓRIA;CORRENTE;301;1001;1030151192E890025;01/10/2025;36000710508202500;202500031110;FAF;INCREMENTO PAP;2E89;ATENÇÃO PRIMÁRIA À SAÚDE;INCREMENTO DO PISO DA ATENÇÃO PRIMÁRIA À SAÚDE - PAP;11383748000137;FUNDO MUNICIPAL DE SAUDE;8410;15/10/2025;PROPOSTA PAGA;Proposta Paga;27/10/2025;R$500.000,00;R$500.000,00;R$500.000,00
2025;71160010;S.PART.;BANCADA DA PARAÍBA;não se aplica;não se aplica;PB;250400;CAMPINA GRANDE;MUNICIPAL;BANCADA OBRIGATÓRIA;CORRENTE;302;1001;1030251182E900025;22/12/2025;36000723313202500;202500043346;FAF;INCREMENTO MAC;2E90;ATENÇÃO ESPECIALIZADA À SAÚDE;Incremento Temporário do Teto da Média e Alta Complexidade - MAC;24513574000121;FUNDO MUNICIPAL DE SAUDE DE CAMPINA GRANDE;9682;26/12/2025;PROPOSTA PAGA;Proposta Paga;13/02/2026;R$2.000.000,00;R$2.000.000,00;R$2.000.000,00
2025;71160007;S.PART.;BANCADA DA PARAÍBA;não se aplica;não se aplica;PB;250680;INGA;MUNICIPAL;BANCADA OBRIGATÓRIA;CAPITAL;302;3129;10302511885358697;18/11/2025;08610110000125011;202500040898;FAF;EQUIPAMENTO;8535;ATENÇÃO ESPECIALIZADA À SAÚDE;Políticas de Atenção Ambulatorial Especializada e Serviços Hospitalares de Alta Complexidade - Transporte Sanitário Eletivo;08610110000187;FUNDO MUNICIPAL DE SAUDE DE INGA/PB;9192;10/12/2025;PROPOSTA PAGA;Proposta Paga;12/02/2026;R$646.625,00;R$646.625,00;R$646.625,00
2025;71160002;S.PART.;BANCADA DA PARAÍBA;não se aplica;não se aplica;PB;251275;RIACHAO DO BACAMARTE;MUNICIPAL;BANCADA OBRIGATÓRIA;CORRENTE;301;1001;1030151192E890025;24/09/2025;36000709283202500;202500031160;FAF;INCREMENTO PAP;2E89;ATENÇÃO PRIMÁRIA À SAÚDE;INCREMENTO DO PISO DA ATENÇÃO PRIMÁRIA À SAÚDE - PAP;11565067000190;FUNDO MUNICIPAL DE SAUDE - RIACHAO DO BACAMARTE - PB;8410;15/10/2025;PROPOSTA PAGA;Proposta Paga;27/10/2025;R$500.000,00;R$500.000,00;R$500.000,00
2025;71160002;S.PART.;BANCADA DA PARAÍBA;não se aplica;não se aplica;PB;250860;LUCENA;MUNICIPAL;BANCADA OBRIGATÓRIA;CORRENTE;301;1001;1030151192E890025;17/09/2025;36000707558202500;202500028521;FAF;INCREMENTO PAP;2E89;ATENÇÃO PRIMÁRIA À SAÚDE;INCREMENTO DO PISO DA ATENÇÃO PRIMÁRIA À SAÚDE - PAP;11516231000179;FUNDO MUNICIPAL DE SAUDE DE LUCENA;8274;30/09/2025;PROPOSTA PAGA;Proposta Paga;16/10/2025;R$200.000,00;R$200.000,00;R$200.000,00
2025;71160002;S.PART.;BANCADA DA PARAÍBA;não se aplica;não se aplica;PB;251050;OLIVEDOS;MUNICIPAL;BANCADA OBRIGATÓRIA;CORRENTE;301;1001;1030151192E890025;22/09/2025;36000708561202500;202500028535;FAF;INCREMENTO PAP;2E89;ATENÇÃO PRIMÁRIA À SAÚDE;INCREMENTO DO PISO DA ATENÇÃO PRIMÁRIA À SAÚDE - PAP;17739771000106;FUNDO MUNICIPAL DE SAUDE DE OLIVEDOS;8274;30/09/2025;PROPOSTA PAGA;Proposta Paga;09/10/2025;R$200.000,00;R$200.000,00;R$200.000,00
2025;71160002;S.PART.;BANCADA DA PARAÍBA;não se aplica;não se aplica;PB;251050;OLIVEDOS;MUNICIPAL;BANCADA OBRIGATÓRIA;CORRENTE;301;1001;1030151192E890025;22/09/2025;36000708699202500;202500031766;FAF;INCREMENTO PAP;2E89;ATENÇÃO PRIMÁRIA À SAÚDE;INCREMENTO DO PISO DA ATENÇÃO PRIMÁRIA À SAÚDE - PAP;17739771000106;FUNDO MUNICIPAL DE SAUDE DE OLIVEDOS;8410;15/10/2025;PROPOSTA PAGA;Proposta Paga;27/10/2025;R$200.000,00;R$200.000,00;R$200.000,00
2025;71160010;S.PART.;BANCADA DA PARAÍBA;não se aplica;não se aplica;PB;251580;SERRA REDONDA;MUNICIPAL;BANCADA OBRIGATÓRIA;CORRENTE;302;1000;1030251182E900025;25/09/2025;36000709560202500;202500041049;FAF;INCREMENTO MAC;2E90;ATENÇÃO ESPECIALIZADA À SAÚDE;Incremento Temporário do Teto da Média e Alta Complexidade - MAC;97519352000190;FUNDO MUNICIPAL DE SAUDE;9225;11/12/2025;PROPOSTA PAGA;Proposta Paga;23/12/2025;R$110.000,00;R$110.000,00;R$110.000,00
2025;71160001;S.PART.;BANCADA DA PARAÍBA;não se aplica;não se aplica;PB;251090;PAULISTA;MUNICIPAL;BANCADA OBRIGATÓRIA;CAPITAL;301;1001;10301511985817022;25/09/2025;11247833000125008;202500032241;FAF;EQUIPAMENTO;8581;ATENÇÃO PRIMÁRIA À SAÚDE;EQUIPAMENTOS - UBS;11247833000178;FUNDO MUNICIPAL DE SAUDE;8452;20/10/2025;PROPOSTA PAGA;Proposta Paga;29/12/2025;R$92.577,00;R$92.577,00;R$92.577,00
2025;71160001;S.PART.;BANCADA DA PARAÍBA;não se aplica;não se aplica;PB;251640;TACIMA;MUNICIPAL;BANCADA OBRIGATÓRIA;CAPITAL;301;1001;10301511985817022;26/09/2025;11907806000125005;202500032243;FAF;EQUIPAMENTO;8581;ATENÇÃO PRIMÁRIA À SAÚDE;EQUIPAMENTOS - UBS;11907806000184;FUNDO MUNICIPAL DE SAUDE DE TACIMA;8452;20/10/2025;PROPOSTA PAGA;Proposta Paga;05/02/2026;R$199.982,00;R$199.982,00;R$199.982,00
2025;71160010;S.PART.;BANCADA DA PARAÍBA;não se aplica;não se aplica;PB;251720;VIEIROPOLIS;MUNICIPAL;BANCADA OBRIGATÓRIA;CORRENTE;302;1000;1030251182E900025;08/09/2025;36000703177202500;202500026088;FAF;INCREMENTO MAC;2E90;ATENÇÃO ESPECIALIZADA À SAÚDE;Incremento Temporário do Teto da Média e Alta Complexidade - MAC;14688620000170;FUNDO MUNICIPAL DE SAUDE DE VIEIROPOLIS;8120;18/09/2025;PROPOSTA PAGA;Proposta Paga;21/10/2025;R$373.164,00;R$373.164,00;R$373.164,00
2025;71160010;S.PART.;BANCADA DA PARAÍBA;não se aplica;não se aplica;PB;250980;MULUNGU;MUNICIPAL;BANCADA OBRIGATÓRIA;CORRENTE;302;1001;1030251182E900025;08/09/2025;36000703113202500;202500028279;FAF;INCREMENTO MAC;2E90;ATENÇÃO ESPECIALIZADA À SAÚDE;Incremento Temporário do Teto da Média e Alta Complexidade - MAC;18767963000180;FUNDO MUNICIPAL DE SAUDE MULUNGU;8180;22/09/2025;PROPOSTA PAGA;Proposta Paga;21/10/2025;R$400.000,00;R$400.000,00;R$400.000,00
2025;71160010;S.PART.;BANCADA DA PARAÍBA;não se aplica;não se aplica;PB;250990;NATUBA;MUNICIPAL;BANCADA OBRIGATÓRIA;CORRENTE;302;1001;1030251182E900025;11/09/2025;36000705351202500;202500041039;FAF;INCREMENTO MAC;2E90;ATENÇÃO ESPECIALIZADA À SAÚDE;Incremento Temporário do Teto da Média e Alta Complexidade - MAC;17975221000188;FUNDO MUNICIPAL DE SAUDE DE NATUBA;9225;11/12/2025;PROPOSTA PAGA;Proposta Paga;19/03/2026;R$400.000,00;R$400.000,00;R$400.000,00
2025;71160002;S.PART.;BANCADA DA PARAÍBA;não se aplica;não se aplica;PB;251420;SAO JOSE DA LAGOA TAPADA;MUNICIPAL;BANCADA OBRIGATÓRIA;CORRENTE;301;1001;1030151192E890025;08/09/2025;36000703357202500;202500027344;FAF;INCREMENTO PAP;2E89;ATENÇÃO PRIMÁRIA À SAÚDE;INCREMENTO DO PISO DA ATENÇÃO PRIMÁRIA À SAÚDE - PAP;11420422000132;FUNDO MUNIC DE SAUDE DE JOSE DA LAGOA TAPADA;8232;25/09/2025;PROPOSTA PAGA;Proposta Paga;15/10/2025;R$250.000,00;R$250.000,00;R$250.000,00
2025;71160002;S.PART.;BANCADA DA PARAÍBA;não se aplica;não se aplica;PB;250260;IGARACY;MUNICIPAL;BANCADA OBRIGATÓRIA;CORRENTE;301;1001;1030151192E890025;18/09/2025;36000707783202500;202500028057;FAF;INCREMENTO PAP;2E89;ATENÇÃO PRIMÁRIA À SAÚDE;INCREMENTO DO PISO DA ATENÇÃO PRIMÁRIA À SAÚDE - PAP;11463951000113;FUNDO MUNICIPAL DE SAUDE DE IGARACY;8261;29/09/2025;PROPOSTA PAGA;Proposta Paga;09/10/2025;R$300.000,00;R$300.000,00;R$300.000,00
2025;71160002;S.PART.;BANCADA DA PARAÍBA;não se aplica;não se aplica;PB;250240;BONITO DE SANTA FE;MUNICIPAL;BANCADA OBRIGATÓRIA;CORRENTE;301;1001;1030151192E890025;15/10/2025;36000712761202500;202500033819;FAF;INCREMENTO PAP;2E89;ATENÇÃO PRIMÁRIA À SAÚDE;INCREMENTO DO PISO DA ATENÇÃO PRIMÁRIA À SAÚDE - PAP;11494230000170;FUNDO MUNICIPAL DE SAUDE BONITO DE SANTA FE;8544;28/10/2025;PROPOSTA PAGA;Proposta Paga;13/11/2025;R$100.000,00;R$100.000,00;R$100.000,00
2025;71160002;S.PART.;BANCADA DA PARAÍBA;não se aplica;não se aplica;PB;251440;SAO JOSE DE ESPINHARAS;MUNICIPAL;BANCADA OBRIGATÓRIA;CORRENTE;301;1001;1030151192E890025;05/09/2025;36000702182202500;202500025287;FAF;INCREMENTO PAP;2E89;ATENÇÃO PRIMÁRIA À SAÚDE;INCREMENTO DO PISO DA ATENÇÃO PRIMÁRIA À SAÚDE - PAP;11418606000168;FUNDO MUNICIPAL DE SAUDE;8108;16/09/2025;PROPOSTA PAGA;Proposta Paga;01/10/2025;R$150.000,00;R$150.000,00;R$150.000,00
2025;71160002;S.PART.;BANCADA DA PARAÍBA;não se aplica;não se aplica;PB;250780;JUNCO DO SERIDO;MUNICIPAL;BANCADA OBRIGATÓRIA;CORRENTE;301;1001;1030151192E890025;17/09/2025;36000707429202500;202500028511;FAF;INCREMENTO PAP;2E89;ATENÇÃO PRIMÁRIA À SAÚDE;INCREMENTO DO PISO DA ATENÇÃO PRIMÁRIA À SAÚDE - PAP;13069201000197;FUNDO MUNICIPAL DE SAUDE DE JUNCO DO SERIDO-PB;8274;30/09/2025;PROPOSTA PAGA;Proposta Paga;09/10/2025;R$450.000,00;R$450.000,00;R$450.000,00
2025;71160010;S.PART.;BANCADA DA PARAÍBA;não se aplica;não se aplica;PB;250370;CAJAZEIRAS;MUNICIPAL;BANCADA OBRIGATÓRIA;CORRENTE;302;1001;1030251182E900025;03/09/2025;36000700148202500;202500027161;FAF;INCREMENTO MAC;2E90;ATENÇÃO ESPECIALIZADA À SAÚDE;Incremento Temporário do Teto da Média e Alta Complexidade - MAC;11902878000139;MUNICIPIO DE CAJAZEIRAS FUNDO MUNICIPAL DE SAUDE - FMS;8218;24/09/2025;EM ANALISE PELA ÁREA FINALÍSTICA;Proposta Empenhada aguardando Formalização;-;R$3.400.000,00;R$3.400.000,00;R$0,00
2025;71160002;S.PART.;BANCADA DA PARAÍBA;não se aplica;não se aplica;PB;250360;CAICARA;MUNICIPAL;BANCADA OBRIGATÓRIA;CORRENTE;301;1001;1030151192E890025;10/09/2025;36000704261202500;202500028032;FAF;INCREMENTO PAP;2E89;ATENÇÃO PRIMÁRIA À SAÚDE;INCREMENTO DO PISO DA ATENÇÃO PRIMÁRIA À SAÚDE - PAP;17577160000109;FUNDO MUNICIPAL DE SAUDE DE CAICARA;8259;29/09/2025;PROPOSTA PAGA;Proposta Paga;09/10/2025;R$200.000,00;R$200.000,00;R$200.000,00
2025;71160002;S.PART.;BANCADA DA PARAÍBA;não se aplica;não se aplica;PB;250440;CONCEICAO;MUNICIPAL;BANCADA OBRIGATÓRIA;CORRENTE;301;1001;1030151192E890025;10/10/2025;36000711927202500;202500039914;FAF;INCREMENTO PAP;2E89;ATENÇÃO PRIMÁRIA À SAÚDE;INCREMENTO DO PISO DA ATENÇÃO PRIMÁRIA À SAÚDE - PAP;05497410000103;FUNDO MUNICIPAL DE SAUDE DE CONCEICAO;9057;03/12/2025;PROPOSTA PAGA;Proposta Paga;19/12/2025;R$200.000,00;R$200.000,00;R$200.000,00
2025;71160002;S.PART.;BANCADA DA PARAÍBA;não se aplica;não se aplica;PB;250520;CUITEGI;MUNICIPAL;BANCADA OBRIGATÓRIA;CORRENTE;301;1001;1030151192E890025;06/09/2025;36000702527202500;202500028050;FAF;INCREMENTO PAP;2E89;ATENÇÃO PRIMÁRIA À SAÚDE;INCREMENTO DO PISO DA ATENÇÃO PRIMÁRIA À SAÚDE - PAP;11780026000116;FUNDO MUNICIPAL DE SAUDE - CUITEGI-PB;8259;29/09/2025;PROPOSTA PAGA;Proposta Paga;09/10/2025;R$500.000,00;R$500.000,00;R$500.000,00
2025;71160002;S.PART.;BANCADA DA PARAÍBA;não se aplica;não se aplica;PB;250890;MAMANGUAPE;MUNICIPAL;BANCADA OBRIGATÓRIA;CORRENTE;301;1001;1030151192E890025;11/09/2025;36000705173202500;202500028524;FAF;INCREMENTO PAP;2E89;ATENÇÃO PRIMÁRIA À SAÚDE;INCREMENTO DO PISO DA ATENÇÃO PRIMÁRIA À SAÚDE - PAP;08674396000164;FUNDO MUNICIPAL DE SAUDE DE MAMANGUAPE;8274;30/09/2025;PROPOSTA PAGA;Proposta Paga;16/10/2025;R$500.000,00;R$500.000,00;R$500.000,00
2025;71160002;S.PART.;BANCADA DA PARAÍBA;não se aplica;não se aplica;PB;251040;OLHO D'AGUA;MUNICIPAL;BANCADA OBRIGATÓRIA;CORRENTE;301;1001;1030151192E890025;22/09/2025;36000708579202500;202500028074;FAF;INCREMENTO PAP;2E89;ATENÇÃO PRIMÁRIA À SAÚDE;INCREMENTO DO PISO DA ATENÇÃO PRIMÁRIA À SAÚDE - PAP;11471451000123;FUNDO MUNICIPAL DE SAUDE;8259;29/09/2025;PROPOSTA PAGA;Proposta Paga;09/10/2025;R$200.000,00;R$200.000,00;R$200.000,00
2025;71160010;S.PART.;BANCADA DA PARAÍBA;não se aplica;não se aplica;PB;251430;SAO JOSE DE CAIANA;MUNICIPAL;BANCADA OBRIGATÓRIA;CORRENTE;302;1000;1030251182E900025;06/09/2025;36000702483202500;202500027874;FAF;INCREMENTO MAC;2E90;ATENÇÃO ESPECIALIZADA À SAÚDE;Incremento Temporário do Teto da Média e Alta Complexidade - MAC;10785644000196;FUNDO MUNICIPAL DE SAUDE DE SAO JOSE DE CAIANA;8258;29/09/2025;PROPOSTA PAGA;Proposta Paga;21/10/2025;R$21.000,00;R$21.000,00;R$21.000,00
2025;71160010;S.PART.;BANCADA DA PARAÍBA;não se aplica;não se aplica;PB;250060;ALHANDRA;MUNICIPAL;BANCADA OBRIGATÓRIA;CORRENTE;302;1001;1030251182E900025;12/09/2025;36000705581202500;202500037141;FAF;INCREMENTO MAC;2E90;ATENÇÃO ESPECIALIZADA À SAÚDE;Incremento Temporário do Teto da Média e Alta Complexidade - MAC;11490408000105;FUNDO MUNICIPAL DE SAUDE;8804;13/11/2025;PROPOSTA PAGA;Proposta Paga;27/11/2025;R$300.000,00;R$300.000,00;R$300.000,00
2025;71160002;S.PART.;BANCADA DA PARAÍBA;não se aplica;não se aplica;PB;251670;TEIXEIRA;MUNICIPAL;BANCADA OBRIGATÓRIA;CORRENTE;301;1001;1030151192E890025;05/09/2025;36000701914202500;202500031773;FAF;INCREMENTO PAP;2E89;ATENÇÃO PRIMÁRIA À SAÚDE;INCREMENTO DO PISO DA ATENÇÃO PRIMÁRIA À SAÚDE - PAP;11229326000101;FUNDO MUNICIPAL DE SAUDE;8410;15/10/2025;PROPOSTA PAGA;Proposta Paga;27/10/2025;R$700.000,00;R$700.000,00;R$700.000,00
2025;71160002;S.PART.;BANCADA DA PARAÍBA;não se aplica;não se aplica;PB;250740;JERICO;MUNICIPAL;BANCADA OBRIGATÓRIA;CORRENTE;301;1001;1030151192E890025;15/09/2025;36000706079202500;202500028505;FAF;INCREMENTO PAP;2E89;ATENÇÃO PRIMÁRIA À SAÚDE;INCREMENTO DO PISO DA ATENÇÃO PRIMÁRIA À SAÚDE - PAP;12009325000114;FUNDO MUNICIPAL DE SAUDE - FMS;8274;30/09/2025;PROPOSTA PAGA;Proposta Paga;09/10/2025;R$300.000,00;R$300.000,00;R$300.000,00
2025;71160002;S.PART.;BANCADA DA PARAÍBA;não se aplica;não se aplica;PB;250780;JUNCO DO SERIDO;MUNICIPAL;BANCADA OBRIGATÓRIA;CORRENTE;301;1001;1030151192E890025;17/09/2025;36000707344202500;202500028509;FAF;INCREMENTO PAP;2E89;ATENÇÃO PRIMÁRIA À SAÚDE;INCREMENTO DO PISO DA ATENÇÃO PRIMÁRIA À SAÚDE - PAP;13069201000197;FUNDO MUNICIPAL DE SAUDE DE JUNCO DO SERIDO-PB;8274;30/09/2025;PROPOSTA PAGA;Proposta Paga;09/10/2025;R$300.000,00;R$300.000,00;R$300.000,00
2025;71160010;S.PART.;BANCADA DA PARAÍBA;não se aplica;não se aplica;PB;251392;SAO BENTINHO;MUNICIPAL;BANCADA OBRIGATÓRIA;CORRENTE;302;1001;1030251182E900025;24/09/2025;36000709310202500;202500036749;FAF;INCREMENTO MAC;2E90;ATENÇÃO ESPECIALIZADA À SAÚDE;Incremento Temporário do Teto da Média e Alta Complexidade - MAC;10770716000121;FUNDO MUNICIPAL DE SAUDE DE SAO BENTINHO;8718;10/11/2025;PROPOSTA PAGA;Proposta Paga;09/12/2025;R$90.000,00;R$90.000,00;R$90.000,00
2025;71160002;S.PART.;BANCADA DA PARAÍBA;não se aplica;não se aplica;PB;250855;LOGRADOURO;MUNICIPAL;BANCADA OBRIGATÓRIA;CORRENTE;301;1001;1030151192E890025;16/09/2025;36000706994202500;202500028518;FAF;INCREMENTO PAP;2E89;ATENÇÃO PRIMÁRIA À SAÚDE;INCREMENTO DO PISO DA ATENÇÃO PRIMÁRIA À SAÚDE - PAP;11268139000137;FUNDO MUNICIPAL DE SAUDE DE LOGRADOURO;8274;30/09/2025;PROPOSTA PAGA;Proposta Paga;16/10/2025;R$300.000,00;R$300.000,00;R$300.000,00
2025;71160010;S.PART.;BANCADA DA PARAÍBA;não se aplica;não se aplica;PB;250570;DONA INES;MUNICIPAL;BANCADA OBRIGATÓRIA;CORRENTE;302;1001;1030251182E900025;25/11/2025;36000719242202500;202500041321;FAF;INCREMENTO MAC;2E90;ATENÇÃO ESPECIALIZADA À SAÚDE;Incremento Temporário do Teto da Média e Alta Complexidade - MAC;11420456000127;DONA INES - FUNDO MUNICIPAL DE SAUDE;9390;16/12/2025;PROPOSTA PAGA;Proposta Paga;23/12/2025;R$200.000,00;R$200.000,00;R$200.000,00
2025;71160002;S.PART.;BANCADA DA PARAÍBA;não se aplica;não se aplica;PB;251250;QUEIMADAS;MUNICIPAL;BANCADA OBRIGATÓRIA;CORRENTE;301;1001;1030151192E890025;03/10/2025;36000710986202500;202500032088;FAF;INCREMENTO PAP;2E89;ATENÇÃO PRIMÁRIA À SAÚDE;INCREMENTO DO PISO DA ATENÇÃO PRIMÁRIA À SAÚDE - PAP;11162629000154;FUNDO MUNICIPAL DE SAUDE;8443;20/10/2025;PROPOSTA PAGA;Proposta Paga;22/12/2025;R$300.000,00;R$300.000,00;R$300.000,00
2025;71160010;S.PART.;BANCADA DA PARAÍBA;não se aplica;não se aplica;PB;250320;CABEDELO;MUNICIPAL;BANCADA OBRIGATÓRIA;CORRENTE;302;1001;1030251182E900025;16/09/2025;36000706633202500;202500027871;FAF;INCREMENTO MAC;2E90;ATENÇÃO ESPECIALIZADA À SAÚDE;Incremento Temporário do Teto da Média e Alta Complexidade - MAC;04849697000120;FUNDO MUNICIPAL DE SAUDE DE CABEDELO;8258;29/09/2025;PROPOSTA PAGA;Proposta Paga;21/10/2025;R$1.000.000,00;R$1.000.000,00;R$1.000.000,00
2025;71160002;S.PART.;BANCADA DA PARAÍBA;não se aplica;não se aplica;PB;251630;SUME;MUNICIPAL;BANCADA OBRIGATÓRIA;CORRENTE;301;1001;1030151192E890025;08/09/2025;36000703349202500;202500027465;FAF;INCREMENTO PAP;2E89;ATENÇÃO PRIMÁRIA À SAÚDE;INCREMENTO DO PISO DA ATENÇÃO PRIMÁRIA À SAÚDE - PAP;11285069000125;FUNDO MUNICIPAL DE SAUDE;8232;25/09/2025;PROPOSTA PAGA;Proposta Paga;09/10/2025;R$500.000,00;R$500.000,00;R$500.000,00
2025;71160002;S.PART.;BANCADA DA PARAÍBA;não se aplica;não se aplica;PB;251700;UMBUZEIRO;MUNICIPAL;BANCADA OBRIGATÓRIA;CORRENTE;301;1001;1030151192E890025;03/09/2025;36000699225202500;202500031180;FAF;INCREMENTO PAP;2E89;ATENÇÃO PRIMÁRIA À SAÚDE;INCREMENTO DO PISO DA ATENÇÃO PRIMÁRIA À SAÚDE - PAP;09494245000197;FUNDO MUNICIPAL DE SAUDE;8410;15/10/2025;PROPOSTA PAGA;Proposta Paga;27/10/2025;R$500.000,00;R$500.000,00;R$500.000,00
2025;71160010;S.PART.;BANCADA DA PARAÍBA;não se aplica;não se aplica;PB;251510;SAO SEBASTIAO DE LAGOA DE ROCA;MUNICIPAL;BANCADA OBRIGATÓRIA;CORRENTE;302;1000;1030251182E900025;13/09/2025;36000705896202500;202500029319;FAF;INCREMENTO MAC;2E90;ATENÇÃO ESPECIALIZADA À SAÚDE;Incremento Temporário do Teto da Média e Alta Complexidade - MAC;11143891000151;FUNDO MUNICIPAL DE SAUDE SAO SEBASTIAO DE LAGOA DE ROCA;8306;03/10/2025;PROPOSTA PAGA;Proposta Paga;21/11/2025;R$250.000,00;R$250.000,00;R$250.000,00
2025;71160002;S.PART.;BANCADA DA PARAÍBA;não se aplica;não se aplica;PB;251465;SAO JOSE DO BREJO DO CRUZ;MUNICIPAL;BANCADA OBRIGATÓRIA;CORRENTE;301;1001;1030151192E890025;12/09/2025;36000705500202500;202500038145;FAF;INCREMENTO PAP;2E89;ATENÇÃO PRIMÁRIA À SAÚDE;INCREMENTO DO PISO DA ATENÇÃO PRIMÁRIA À SAÚDE - PAP;11879377000189;FUNDO MUNICIPAL DE SAUDE;8894;21/11/2025;PROPOSTA PAGA;Proposta Paga;03/12/2025;R$200.000,00;R$200.000,00;R$200.000,00
2025;71160001;S.PART.;BANCADA DA PARAÍBA;não se aplica;não se aplica;PB;251510;SAO SEBASTIAO DE LAGOA DE ROCA;MUNICIPAL;BANCADA OBRIGATÓRIA;CAPITAL;301;1001;10301511985817022;13/09/2025;11143891000125003;202500033240;FAF;EQUIPAMENTO;8581;ATENÇÃO PRIMÁRIA À SAÚDE;EQUIPAMENTOS - UBS;11143891000151;FUNDO MUNICIPAL DE SAUDE SAO SEBASTIAO DE LAGOA DE ROCA;8496;23/10/2025;PROPOSTA PAGA;Proposta Paga;29/12/2025;R$199.986,00;R$199.986,00;R$199.986,00
2025;71160010;S.PART.;BANCADA DA PARAÍBA;não se aplica;não se aplica;PB;251170;PILOEZINHOS;MUNICIPAL;BANCADA OBRIGATÓRIA;CORRENTE;302;1001;1030251182E900025;04/09/2025;36000701195202500;202500029818;FAF;INCREMENTO MAC;2E90;ATENÇÃO ESPECIALIZADA À SAÚDE;Incremento Temporário do Teto da Média e Alta Complexidade - MAC;12002118000138;FUNDO MUNICIPAL DE SAUDE - PILOEZINHOS-PB;8362;09/10/2025;PROPOSTA PAGA;Proposta Paga;21/10/2025;R$67.503,00;R$67.503,00;R$67.503,00
2025;71160002;S.PART.;BANCADA DA PARAÍBA;não se aplica;não se aplica;PB;251640;TACIMA;MUNICIPAL;BANCADA OBRIGATÓRIA;CORRENTE;301;1001;1030151192E890025;26/09/2025;36000709842202500;202500036358;FAF;INCREMENTO PAP;2E89;ATENÇÃO PRIMÁRIA À SAÚDE;INCREMENTO DO PISO DA ATENÇÃO PRIMÁRIA À SAÚDE - PAP;11907806000184;FUNDO MUNICIPAL DE SAUDE DE TACIMA;8643;05/11/2025;PROPOSTA PAGA;Proposta Paga;28/11/2025;R$250.000,00;R$250.000,00;R$250.000,00
2025;71160010;S.PART.;BANCADA DA PARAÍBA;não se aplica;não se aplica;PB;250400;CAMPINA GRANDE;MUNICIPAL;BANCADA OBRIGATÓRIA;CORRENTE;302;1001;1030251182E900025;10/09/2025;36000704651202500;202500028721;FAF;INCREMENTO MAC;2E90;ATENÇÃO ESPECIALIZADA À SAÚDE;Incremento Temporário do Teto da Média e Alta Complexidade - MAC;24513574000121;FUNDO MUNICIPAL DE SAUDE DE CAMPINA GRANDE;8272;30/09/2025;PROPOSTA PAGA;Proposta Paga;21/10/2025;R$200.000,00;R$200.000,00;R$200.000,00
2025;71160010;S.PART.;BANCADA DA PARAÍBA;não se aplica;não se aplica;PB;250320;CABEDELO;MUNICIPAL;BANCADA OBRIGATÓRIA;CORRENTE;302;1001;1030251182E900025;16/09/2025;36000706644202500;202500028720;FAF;INCREMENTO MAC;2E90;ATENÇÃO ESPECIALIZADA À SAÚDE;Incremento Temporário do Teto da Média e Alta Complexidade - MAC;04849697000120;FUNDO MUNICIPAL DE SAUDE DE CABEDELO;8267;30/09/2025;PROPOSTA PAGA;Proposta Paga;21/10/2025;R$500.000,00;R$500.000,00;R$500.000,00
2025;71160002;S.PART.;BANCADA DA PARAÍBA;não se aplica;não se aplica;PB;251470;SAO JOSE DO SABUGI;MUNICIPAL;BANCADA OBRIGATÓRIA;CORRENTE;301;1001;1030151192E890025;04/09/2025;36000700928202500;202500036915;FAF;INCREMENTO PAP;2E89;ATENÇÃO PRIMÁRIA À SAÚDE;INCREMENTO DO PISO DA ATENÇÃO PRIMÁRIA À SAÚDE - PAP;11850135000162;FUNDO MUNICIPAL DE SAUDE DO MUNICIPIO DE SAO JOSE DO SABUGI;8730;11/11/2025;PROPOSTA PAGA;Proposta Paga;25/11/2025;R$300.000,00;R$300.000,00;R$300.000,00
2025;71160002;S.PART.;BANCADA DA PARAÍBA;não se aplica;não se aplica;PB;251080;PATOS;MUNICIPAL;BANCADA OBRIGATÓRIA;CORRENTE;301;1001;1030151192E890025;24/11/2025;36000719168202500;202500040887;FAF;INCREMENTO PAP;2E89;ATENÇÃO PRIMÁRIA À SAÚDE;INCREMENTO DO PISO DA ATENÇÃO PRIMÁRIA À SAÚDE - PAP;11242822000103;FUNDO MUNICIPAL DE SAUDE;9084;04/12/2025;PROPOSTA PAGA;Proposta Paga;19/12/2025;R$1.644.943,00;R$1.644.943,00;R$1.644.943,00
2025;71160002;S.PART.;BANCADA DA PARAÍBA;não se aplica;não se aplica;PB;251650;TAPEROA;MUNICIPAL;BANCADA OBRIGATÓRIA;CORRENTE;301;1001;1030151192E890025;16/09/2025;36000706798202500;202500028085;FAF;INCREMENTO PAP;2E89;ATENÇÃO PRIMÁRIA À SAÚDE;INCREMENTO DO PISO DA ATENÇÃO PRIMÁRIA À SAÚDE - PAP;11850452000189;FUNDO MUNICIPAL DE SAUDE DE TAPEROA;8259;29/09/2025;PROPOSTA PAGA;Proposta Paga;09/10/2025;R$100.000,00;R$100.000,00;R$100.000,00
2025;71160002;S.PART.;BANCADA DA PARAÍBA;não se aplica;não se aplica;PB;251275;RIACHAO DO BACAMARTE;MUNICIPAL;BANCADA OBRIGATÓRIA;CORRENTE;301;1001;1030151192E890025;24/09/2025;36000709286202500;202500031161;FAF;INCREMENTO PAP;2E89;ATENÇÃO PRIMÁRIA À SAÚDE;INCREMENTO DO PISO DA ATENÇÃO PRIMÁRIA À SAÚDE - PAP;11565067000190;FUNDO MUNICIPAL DE SAUDE - RIACHAO DO BACAMARTE - PB;8410;15/10/2025;PROPOSTA PAGA;Proposta Paga;27/10/2025;R$400.000,00;R$400.000,00;R$400.000,00
2025;71160002;S.PART.;BANCADA DA PARAÍBA;não se aplica;não se aplica;PB;250010;AGUA BRANCA;MUNICIPAL;BANCADA OBRIGATÓRIA;CORRENTE;301;1001;1030151192E890025;08/09/2025;36000702870202500;202500027340;FAF;INCREMENTO PAP;2E89;ATENÇÃO PRIMÁRIA À SAÚDE;INCREMENTO DO PISO DA ATENÇÃO PRIMÁRIA À SAÚDE - PAP;10502869000198;FUNDO MUNICIPAL DE SAUDE DE AGUA BRANCA;8232;25/09/2025;PROPOSTA PAGA;Proposta Paga;09/10/2025;R$200.000,00;R$200.000,00;R$200.000,00
2025;71160002;S.PART.;BANCADA DA PARAÍBA;não se aplica;não se aplica;PB;250110;AREIA;MUNICIPAL;BANCADA OBRIGATÓRIA;CORRENTE;301;1001;1030151192E890025;09/09/2025;36000703561202500;202500025289;FAF;INCREMENTO PAP;2E89;ATENÇÃO PRIMÁRIA À SAÚDE;INCREMENTO DO PISO DA ATENÇÃO PRIMÁRIA À SAÚDE - PAP;11268285000162;FUNDO MUNICIPAL DE SAUDE;8108;16/09/2025;PROPOSTA PAGA;Proposta Paga;01/10/2025;R$500.000,00;R$500.000,00;R$500.000,00
2025;71160007;S.PART.;BANCADA DA PARAÍBA;não se aplica;não se aplica;PB;250930;MATARACA;MUNICIPAL;BANCADA OBRIGATÓRIA;CAPITAL;302;3129;10302511885358697;23/09/2025;13070749000125008;202500036337;FAF;EQUIPAMENTO;8535;ATENÇÃO ESPECIALIZADA À SAÚDE;Rede de Atenção Hospitalar - Ambulância de Transporte Tipo A - Remoção Simples - Eletiva;13070749000157;FUNDO MUNICIPAL DE SAUDE DO MUNICIPIO DE MATARACA-PB;8659;07/11/2025;PROPOSTA PAGA;Proposta Paga;15/12/2025;R$314.200,00;R$314.200,00;R$314.200,00
2025;71160002;S.PART.;BANCADA DA PARAÍBA;não se aplica;não se aplica;PB;251030;NOVA PALMEIRA;MUNICIPAL;BANCADA OBRIGATÓRIA;CORRENTE;301;1001;1030151192E890025;16/09/2025;36000706837202500;202500029452;FAF;INCREMENTO PAP;2E89;ATENÇÃO PRIMÁRIA À SAÚDE;INCREMENTO DO PISO DA ATENÇÃO PRIMÁRIA À SAÚDE - PAP;08579944000177;FUNDO MUNICIPAL DE SAUDE DE NOVA PALMEIRA;8319;06/10/2025;PROPOSTA PAGA;Proposta Paga;15/10/2025;R$500.000,00;R$500.000,00;R$500.000,00
2025;71160002;S.PART.;BANCADA DA PARAÍBA;não se aplica;não se aplica;PB;251210;POMBAL;MUNICIPAL;BANCADA OBRIGATÓRIA;CORRENTE;301;1001;1030151192E890025;08/09/2025;36000702675202500;202500028539;FAF;INCREMENTO PAP;2E89;ATENÇÃO PRIMÁRIA À SAÚDE;INCREMENTO DO PISO DA ATENÇÃO PRIMÁRIA À SAÚDE - PAP;10602526000103;FUNDO MUNICIPAL DE SAUDE;8274;30/09/2025;PROPOSTA PAGA;Proposta Paga;16/10/2025;R$500.000,00;R$500.000,00;R$500.000,00
2025;71160010;S.PART.;BANCADA DA PARAÍBA;não se aplica;não se aplica;PB;251320;SANTA CRUZ;MUNICIPAL;BANCADA OBRIGATÓRIA;CORRENTE;302;1001;1030251182E900025;06/10/2025;36000711061202500;202500039800;FAF;INCREMENTO MAC;2E90;ATENÇÃO ESPECIALIZADA À SAÚDE;Incremento Temporário do Teto da Média e Alta Complexidade - MAC;11181651000141;FUNDO MUNICIPAL DE SAUDE DE SANTA CRUZ - PB;9048;03/12/2025;PROPOSTA PAGA;Proposta Paga;18/12/2025;R$500.000,00;R$500.000,00;R$500.000,00
2025;71160002;S.PART.;BANCADA DA PARAÍBA;não se aplica;não se aplica;PB;250900;MANAIRA;MUNICIPAL;BANCADA OBRIGATÓRIA;CORRENTE;301;1001;1030151192E890025;03/09/2025;36000699780202500;202500028525;FAF;INCREMENTO PAP;2E89;ATENÇÃO PRIMÁRIA À SAÚDE;INCREMENTO DO PISO DA ATENÇÃO PRIMÁRIA À SAÚDE - PAP;10522238000130;FUNDO MUNICIPAL DE SAUDE DE MANAIRA;8274;30/09/2025;PROPOSTA PAGA;Proposta Paga;22/10/2025;R$200.000,00;R$200.000,00;R$200.000,00
2025;71160010;S.PART.;BANCADA DA PARAÍBA;não se aplica;não se aplica;PB;250180;BAYEUX;MUNICIPAL;BANCADA OBRIGATÓRIA;CORRENTE;302;1001;1030251182E900025;02/10/2025;36000710797202500;202500039795;FAF;INCREMENTO MAC;2E90;ATENÇÃO ESPECIALIZADA À SAÚDE;Incremento Temporário do Teto da Média e Alta Complexidade - MAC;11685421000110;FUNDO MUNICIPAL DE SAUDE DE BAYEUX;9048;03/12/2025;PROPOSTA PAGA;Proposta Paga;18/12/2025;R$250.000,00;R$250.000,00;R$250.000,00
2025;71160010;S.PART.;BANCADA DA PARAÍBA;não se aplica;não se aplica;PB;250090;ARARA;MUNICIPAL;BANCADA OBRIGATÓRIA;CORRENTE;302;1001;1030251182E900025;10/09/2025;36000704658202500;202500032293;FAF;INCREMENTO MAC;2E90;ATENÇÃO ESPECIALIZADA À SAÚDE;Incremento Temporário do Teto da Média e Alta Complexidade - MAC;11898585000125;FUNDO MUNICIPAL DE SAUDE DO MUNICIPIO DE ARARA - PB;8445;20/10/2025;PROPOSTA PAGA;Proposta Paga;21/11/2025;R$300.000,00;R$300.000,00;R$300.000,00
2025;71160001;S.PART.;BANCADA DA PARAÍBA;não se aplica;não se aplica;PB;251100;PEDRA BRANCA;MUNICIPAL;BANCADA OBRIGATÓRIA;CAPITAL;301;1001;10301511985817022;08/09/2025;12051399000125004;202500033236;FAF;EQUIPAMENTO;8581;ATENÇÃO PRIMÁRIA À SAÚDE;EQUIPAMENTOS - UBS;12051399000119;FUNDO MUNICIPAL DE SAUDE DE PEDRA BRANCA;8496;23/10/2025;PROPOSTA PAGA;Proposta Paga;29/12/2025;R$14.258,00;R$14.258,00;R$14.258,00
2025;71160002;S.PART.;BANCADA DA PARAÍBA;não se aplica;não se aplica;PB;250720;ITATUBA;MUNICIPAL;BANCADA OBRIGATÓRIA;CORRENTE;301;1001;1030151192E890025;05/09/2025;36000701955202500;202500028502;FAF;INCREMENTO PAP;2E89;ATENÇÃO PRIMÁRIA À SAÚDE;INCREMENTO DO PISO DA ATENÇÃO PRIMÁRIA À SAÚDE - PAP;12306005000126;FUNDO MUNICIPAL DE SAUDE;8274;30/09/2025;PROPOSTA PAGA;Proposta Paga;16/10/2025;R$667.352,00;R$667.352,00;R$667.352,00
2025;71160002;S.PART.;BANCADA DA PARAÍBA;não se aplica;não se aplica;PB;251385;SANTO ANDRE;MUNICIPAL;BANCADA OBRIGATÓRIA;CORRENTE;301;1001;1030151192E890025;08/09/2025;36000702891202500;202500031159;FAF;INCREMENTO PAP;2E89;ATENÇÃO PRIMÁRIA À SAÚDE;INCREMENTO DO PISO DA ATENÇÃO PRIMÁRIA À SAÚDE - PAP;11411482000199;FUNDO MUNICIPAL DE SAUDE DE SANTO ANDRE;8410;15/10/2025;PROPOSTA PAGA;Proposta Paga;27/10/2025;R$750.000,00;R$750.000,00;R$750.000,00
2025;71160001;S.PART.;BANCADA DA PARAÍBA;não se aplica;não se aplica;PB;250740;JERICO;MUNICIPAL;BANCADA OBRIGATÓRIA;CAPITAL;301;1001;10301511985817022;15/09/2025;12009325000125005;202500033234;FAF;EQUIPAMENTO;8581;ATENÇÃO PRIMÁRIA À SAÚDE;EQUIPAMENTOS - UBS;12009325000114;FUNDO MUNICIPAL DE SAUDE - FMS;8496;23/10/2025;PROPOSTA PAGA;Proposta Paga;29/12/2025;R$92.581,00;R$92.581,00;R$92.581,00
2025;71160001;S.PART.;BANCADA DA PARAÍBA;não se aplica;não se aplica;PB;251550;SERRA BRANCA;MUNICIPAL;BANCADA OBRIGATÓRIA;CAPITAL;301;1001;10301511985817022;16/09/2025;05456092000125007;202500033241;FAF;EQUIPAMENTO;8581;ATENÇÃO PRIMÁRIA À SAÚDE;EQUIPAMENTOS - UBS;05456092000132;FUNDO MUNICIPAL DE SAUDE;8496;23/10/2025;PROPOSTA PAGA;Proposta Paga;29/12/2025;R$114.273,00;R$114.273,00;R$114.273,00
2025;71160002;S.PART.;BANCADA DA PARAÍBA;não se aplica;não se aplica;PB;251350;SANTANA DE MANGUEIRA;MUNICIPAL;BANCADA OBRIGATÓRIA;CORRENTE;301;1001;1030151192E890025;09/09/2025;36000704034202500;202500027618;FAF;INCREMENTO PAP;2E89;ATENÇÃO PRIMÁRIA À SAÚDE;INCREMENTO DO PISO DA ATENÇÃO PRIMÁRIA À SAÚDE - PAP;11285050000189;FUNDO MUNICIPAL DE SAUDE;8246;26/09/2025;PROPOSTA PAGA;Proposta Paga;09/10/2025;R$800.000,00;R$800.000,00;R$800.000,00
2025;71160002;S.PART.;BANCADA DA PARAÍBA;não se aplica;não se aplica;PB;250500;CUBATI;MUNICIPAL;BANCADA OBRIGATÓRIA;CORRENTE;301;1001;1030151192E890025;12/09/2025;36000705637202500;202500028047;FAF;INCREMENTO PAP;2E89;ATENÇÃO PRIMÁRIA À SAÚDE;INCREMENTO DO PISO DA ATENÇÃO PRIMÁRIA À SAÚDE - PAP;08580325000100;FUNDO MUNICIPAL DE SAUDE DE CUBATI;8259;29/09/2025;PROPOSTA PAGA;Proposta Paga;17/04/2026;R$300.000,00;R$300.000,00;R$300.000,00
2025;71160001;S.PART.;BANCADA DA PARAÍBA;não se aplica;não se aplica;PB;251450;SAO JOSE DE PIRANHAS;MUNICIPAL;BANCADA OBRIGATÓRIA;CAPITAL;301;1001;10301511985817022;04/09/2025;11602227000125005;202500033238;FAF;EQUIPAMENTO;8581;ATENÇÃO PRIMÁRIA À SAÚDE;EQUIPAMENTOS - UBS;11602227000123;FUNDO MUNICIPAL DE SAUDE;8496;23/10/2025;PROPOSTA PAGA;Proposta Paga;29/12/2025;R$384.166,00;R$384.166,00;R$384.166,00
2025;71160002;S.PART.;BANCADA DA PARAÍBA;não se aplica;não se aplica;PB;251280;RIACHO DOS CAVALOS;MUNICIPAL;BANCADA OBRIGATÓRIA;CORRENTE;301;1001;1030151192E890025;02/10/2025;36000710668202500;202500036389;FAF;INCREMENTO PAP;2E89;ATENÇÃO PRIMÁRIA À SAÚDE;INCREMENTO DO PISO DA ATENÇÃO PRIMÁRIA À SAÚDE - PAP;12081925000193;RIACHO DOS CAVALOS FUNDO MUNICIPAL DE SAUDE;8643;05/11/2025;PROPOSTA PAGA;Proposta Paga;28/11/2025;R$300.000,00;R$300.000,00;R$300.000,00
2025;71160002;S.PART.;BANCADA DA PARAÍBA;não se aplica;não se aplica;PB;250135;ASSUNCAO;MUNICIPAL;BANCADA OBRIGATÓRIA;CORRENTE;301;1000;1030151192E890025;06/11/2025;36000716960202500;202500037018;FAF;INCREMENTO PAP;2E89;ATENÇÃO PRIMÁRIA À SAÚDE;INCREMENTO DO PISO DA ATENÇÃO PRIMÁRIA À SAÚDE - PAP;11383748000137;FUNDO MUNICIPAL DE SAUDE;8799;13/11/2025;PROPOSTA PAGA;Proposta Paga;25/11/2025;R$350.000,00;R$350.000,00;R$350.000,00
2025;71160010;S.PART.;BANCADA DA PARAÍBA;não se aplica;não se aplica;PB;250970;MONTEIRO;MUNICIPAL;BANCADA OBRIGATÓRIA;CORRENTE;302;1001;1030251182E900025;08/09/2025;36000703254202500;202500028727;FAF;INCREMENTO MAC;2E90;ATENÇÃO ESPECIALIZADA À SAÚDE;Incremento Temporário do Teto da Média e Alta Complexidade - MAC;11214763000151;FUNDO MUNICIPAL DE SAUDE DE MONTEIRO;8272;30/09/2025;PROPOSTA PAGA;Proposta Paga;21/10/2025;R$600.000,00;R$600.000,00;R$600.000,00
2025;71160002;S.PART.;BANCADA DA PARAÍBA;não se aplica;não se aplica;PB;251090;PAULISTA;MUNICIPAL;BANCADA OBRIGATÓRIA;CORRENTE;301;1001;1030151192E890025;15/12/2025;36000722150202500;202500042155;FAF;INCREMENTO PAP;2E89;ATENÇÃO PRIMÁRIA À SAÚDE;INCREMENTO DO PISO DA ATENÇÃO PRIMÁRIA À SAÚDE - PAP;11247833000178;FUNDO MUNICIPAL DE SAUDE;9476;18/12/2025;PROPOSTA PAGA;Proposta Paga;29/12/2025;R$368.367,00;R$368.367,00;R$368.367,00
2025;71160007;S.PART.;BANCADA DA PARAÍBA;não se aplica;não se aplica;PB;250400;CAMPINA GRANDE;MUNICIPAL;BANCADA OBRIGATÓRIA;CAPITAL;302;3129;10302511885358697;09/12/2025;24513574000125021;202500041236;FAF;EQUIPAMENTO;8535;ATENÇÃO ESPECIALIZADA À SAÚDE;Rede de Urgência e Emergência - Unidade de Pronto Atendimento (UPA 24h);24513574000121;FUNDO MUNICIPAL DE SAUDE DE CAMPINA GRANDE;9283;12/12/2025;PROPOSTA PAGA;Proposta Paga;31/12/2025;R$46.789,00;R$46.789,00;R$46.789,00
2025;71160002;S.PART.;BANCADA DA PARAÍBA;não se aplica;não se aplica;PB;251100;PEDRA BRANCA;MUNICIPAL;BANCADA OBRIGATÓRIA;CORRENTE;301;1001;1030151192E890025;03/09/2025;36000700262202500;202500025360;FAF;INCREMENTO PAP;2E89;ATENÇÃO PRIMÁRIA À SAÚDE;INCREMENTO DO PISO DA ATENÇÃO PRIMÁRIA À SAÚDE - PAP;12051399000119;FUNDO MUNICIPAL DE SAUDE DE PEDRA BRANCA;8108;16/09/2025;PROPOSTA PAGA;Proposta Paga;01/10/2025;R$100.000,00;R$100.000,00;R$100.000,00
2025;71160010;S.PART.;BANCADA DA PARAÍBA;não se aplica;não se aplica;PB;250830;LAGOA SECA;MUNICIPAL;BANCADA OBRIGATÓRIA;CORRENTE;302;1001;1030251182E900025;18/09/2025;36000707825202500;202500026930;FAF;INCREMENTO MAC;2E90;ATENÇÃO ESPECIALIZADA À SAÚDE;Incremento Temporário do Teto da Média e Alta Complexidade - MAC;11264183000179;FUNDO MUNICIPAL DE SAUDE;8212;23/09/2025;PROPOSTA PAGA;Proposta Paga;21/10/2025;R$2.000.000,00;R$2.000.000,00;R$2.000.000,00
2025;71160010;S.PART.;BANCADA DA PARAÍBA;não se aplica;não se aplica;PB;250180;BAYEUX;MUNICIPAL;BANCADA OBRIGATÓRIA;CORRENTE;302;1001;1030251182E900025;19/09/2025;36000707985202500;202500028829;FAF;INCREMENTO MAC;2E90;ATENÇÃO ESPECIALIZADA À SAÚDE;Incremento Temporário do Teto da Média e Alta Complexidade - MAC;11685421000110;FUNDO MUNICIPAL DE SAUDE DE BAYEUX;8267;30/09/2025;PROPOSTA PAGA;Proposta Paga;21/10/2025;R$3.300.000,00;R$3.300.000,00;R$3.300.000,00
2025;71160002;S.PART.;BANCADA DA PARAÍBA;não se aplica;não se aplica;PB;250403;CAPIM;MUNICIPAL;BANCADA OBRIGATÓRIA;CORRENTE;301;1001;1030151192E890025;09/09/2025;36000703874202500;202500028034;FAF;INCREMENTO PAP;2E89;ATENÇÃO PRIMÁRIA À SAÚDE;INCREMENTO DO PISO DA ATENÇÃO PRIMÁRIA À SAÚDE - PAP;08730943000181;FUNDO MUNICIPAL DE SAUDE;8259;29/09/2025;PROPOSTA PAGA;Proposta Paga;09/10/2025;R$200.000,00;R$200.000,00;R$200.000,00
2025;71160007;S.PART.;BANCADA DA PARAÍBA;não se aplica;não se aplica;PB;250750;JOAO PESSOA;MUNICIPAL;BANCADA OBRIGATÓRIA;CAPITAL;302;3129;10302511885358697;04/10/2025;08715618000125007;202500043693;FAF;EQUIPAMENTO;8535;ATENÇÃO ESPECIALIZADA À SAÚDE;Rede de Atenção Especializada - Ofertas de Cuidados Integrado (OCI) - PMAE;08715618000140;FUNDO MUNICIPAL DE SAUDE;9877;30/12/2025;PROPOSTA PAGA;Proposta Paga;12/02/2026;R$1.298.409,00;R$1.298.409,00;R$1.298.409,00
2025;71160002;S.PART.;BANCADA DA PARAÍBA;não se aplica;não se aplica;PB;250640;GURINHEM;MUNICIPAL;BANCADA OBRIGATÓRIA;CORRENTE;301;1001;1030151192E890025;23/09/2025;36000708797202500;202500029600;FAF;INCREMENTO PAP;2E89;ATENÇÃO PRIMÁRIA À SAÚDE;INCREMENTO DO PISO DA ATENÇÃO PRIMÁRIA À SAÚDE - PAP;11739873000137;FMS DE GURINHEM;8329;07/10/2025;PROPOSTA PAGA;Proposta Paga;15/10/2025;R$200.000,00;R$200.000,00;R$200.000,00
2025;71160002;S.PART.;BANCADA DA PARAÍBA;não se aplica;não se aplica;PB;250730;JACARAU;MUNICIPAL;BANCADA OBRIGATÓRIA;CORRENTE;301;1001;1030151192E890025;08/10/2025;36000711643202500;202500031142;FAF;INCREMENTO PAP;2E89;ATENÇÃO PRIMÁRIA À SAÚDE;INCREMENTO DO PISO DA ATENÇÃO PRIMÁRIA À SAÚDE - PAP;10486210000195;FUNDO MUNICIPAL DE SAUDE DE JACARAU;8410;15/10/2025;PROPOSTA PAGA;Proposta Paga;27/10/2025;R$600.010,00;R$600.010,00;R$600.010,00
2025;71160010;S.PART.;BANCADA DA PARAÍBA;não se aplica;não se aplica;PB;251610;SOLEDADE;MUNICIPAL;BANCADA OBRIGATÓRIA;CORRENTE;302;1000;1030251182E900025;10/09/2025;36000704761202500;202500029821;FAF;INCREMENTO MAC;2E90;ATENÇÃO ESPECIALIZADA À SAÚDE;Incremento Temporário do Teto da Média e Alta Complexidade - MAC;02182502000106;FUNDO MUNICIPAL DE SAUDE DE SOLEDADE;8360;09/10/2025;PROPOSTA PAGA;Proposta Paga;21/10/2025;R$600.000,00;R$600.000,00;R$600.000,00
2025;71160001;S.PART.;BANCADA DA PARAÍBA;não se aplica;não se aplica;PB;250153;BARAUNA;MUNICIPAL;BANCADA OBRIGATÓRIA;CAPITAL;301;1001;10301511985817022;08/10/2025;01691513000125009;202500043689;FAF;EQUIPAMENTO;8581;ATENÇÃO PRIMÁRIA À SAÚDE;TRANSPORTE ELETIVO EM SAÚDE;01691513000159;FUNDO MUNICIPAL DE SAUDE - BARAUNA;9768;30/12/2025;PROPOSTA PAGA;Proposta Paga;05/02/2026;R$385.723,00;R$385.723,00;R$385.723,00
2025;71160002;S.PART.;BANCADA DA PARAÍBA;não se aplica;não se aplica;PB;250270;BORBOREMA;MUNICIPAL;BANCADA OBRIGATÓRIA;CORRENTE;301;1000;1030151192E890025;07/11/2025;36000717166202500;202500037021;FAF;INCREMENTO PAP;2E89;ATENÇÃO PRIMÁRIA À SAÚDE;INCREMENTO DO PISO DA ATENÇÃO PRIMÁRIA À SAÚDE - PAP;11594451000110;FUNDO MUNICIPAL DE SAUDE DE BORBOREMA;8799;13/11/2025;PROPOSTA PAGA;Proposta Paga;25/11/2025;R$400.000,00;R$400.000,00;R$400.000,00
2025;71160002;S.PART.;BANCADA DA PARAÍBA;não se aplica;não se aplica;PB;251445;SAO JOSE DOS RAMOS;MUNICIPAL;BANCADA OBRIGATÓRIA;CORRENTE;301;1001;1030151192E890025;06/10/2025;36000711191202500;202500039918;FAF;INCREMENTO PAP;2E89;ATENÇÃO PRIMÁRIA À SAÚDE;INCREMENTO DO PISO DA ATENÇÃO PRIMÁRIA À SAÚDE - PAP;11227813000135;FUNDO MUNICIPAL DE SAUDE DE SAO JOSE DOS RAMOS;9057;03/12/2025;PROPOSTA PAGA;Proposta Paga;19/12/2025;R$300.000,00;R$300.000,00;R$300.000,00
2025;71160002;S.PART.;BANCADA DA PARAÍBA;não se aplica;não se aplica;PB;250020;AGUIAR;MUNICIPAL;BANCADA OBRIGATÓRIA;CORRENTE;301;1001;1030151192E890025;22/12/2025;36000723170202500;202500043085;FAF;INCREMENTO PAP;2E89;ATENÇÃO PRIMÁRIA À SAÚDE;INCREMENTO DO PISO DA ATENÇÃO PRIMÁRIA À SAÚDE - PAP;11267041000165;FUNDO MUNICIPAL DE SAUDE;9674;24/12/2025;PROPOSTA PAGA;Proposta Paga;05/02/2026;R$368.367,00;R$368.367,00;R$368.367,00
2025;71160002;S.PART.;BANCADA DA PARAÍBA;não se aplica;não se aplica;PB;250205;BERNARDINO BATISTA;MUNICIPAL;BANCADA OBRIGATÓRIA;CORRENTE;301;1001;1030151192E890025;25/09/2025;36000709637202500;202500031115;FAF;INCREMENTO PAP;2E89;ATENÇÃO PRIMÁRIA À SAÚDE;INCREMENTO DO PISO DA ATENÇÃO PRIMÁRIA À SAÚDE - PAP;10484826000127;FUNDO MUNICIPAL DE SAUDE;8410;15/10/2025;PROPOSTA PAGA;Proposta Paga;27/10/2025;R$400.000,00;R$400.000,00;R$400.000,00
2025;71160002;S.PART.;BANCADA DA PARAÍBA;não se aplica;não se aplica;PB;250600;ESPERANCA;MUNICIPAL;BANCADA OBRIGATÓRIA;CORRENTE;301;1001;1030151192E890025;13/09/2025;36000705875202500;202500039917;FAF;INCREMENTO PAP;2E89;ATENÇÃO PRIMÁRIA À SAÚDE;INCREMENTO DO PISO DA ATENÇÃO PRIMÁRIA À SAÚDE - PAP;12011984000195;FUNDO MUNICIPAL DE SAUDE;9057;03/12/2025;PROPOSTA PAGA;Proposta Paga;19/12/2025;R$100.000,00;R$100.000,00;R$100.000,00
2025;71160002;S.PART.;BANCADA DA PARAÍBA;não se aplica;não se aplica;PB;250910;MARI;MUNICIPAL;BANCADA OBRIGATÓRIA;CORRENTE;301;1001;1030151192E890025;09/09/2025;36000703846202500;202500042154;FAF;INCREMENTO PAP;2E89;ATENÇÃO PRIMÁRIA À SAÚDE;INCREMENTO DO PISO DA ATENÇÃO PRIMÁRIA À SAÚDE - PAP;11400094000102;FUNDO MUNICIPAL DE SAUDE;9476;18/12/2025;PROPOSTA PAGA;Proposta Paga;29/12/2025;R$500.000,00;R$500.000,00;R$500.000,00
2025;71160007;S.PART.;BANCADA DA PARAÍBA;não se aplica;não se aplica;PB;251620;SOUSA;MUNICIPAL;BANCADA OBRIGATÓRIA;CAPITAL;302;3129;10302511885358697;15/09/2025;05626697000125003;202500043697;FAF;EQUIPAMENTO;8535;ATENÇÃO ESPECIALIZADA À SAÚDE;Políticas de Atenção Ambulatorial Especializada e Serviços Hospitalares de Alta Complexidade - Ambulatório;05626697000124;FUNDO MUNICIPAL DE SAUDE DE SOUSA;9649;30/12/2025;PROPOSTA PAGA;Proposta Paga;13/02/2026;R$931.205,00;R$931.205,00;R$931.205,00
2025;71160002;S.PART.;BANCADA DA PARAÍBA;não se aplica;não se aplica;PB;250730;JACARAU;MUNICIPAL;BANCADA OBRIGATÓRIA;CORRENTE;301;1001;1030151192E890025;03/10/2025;36000710936202500;202500039591;FAF;INCREMENTO PAP;2E89;ATENÇÃO PRIMÁRIA À SAÚDE;INCREMENTO DO PISO DA ATENÇÃO PRIMÁRIA À SAÚDE - PAP;10486210000195;FUNDO MUNICIPAL DE SAUDE DE JACARAU;9012;01/12/2025;PROPOSTA PAGA;Proposta Paga;22/12/2025;R$750.000,00;R$750.000,00;R$750.000,00
2025;71160010;S.PART.;BANCADA DA PARAÍBA;não se aplica;não se aplica;PB;250540;DESTERRO;MUNICIPAL;BANCADA OBRIGATÓRIA;CORRENTE;302;1001;1030251182E900025;09/09/2025;36000704095202500;202500030188;FAF;INCREMENTO MAC;2E90;ATENÇÃO ESPECIALIZADA À SAÚDE;Incremento Temporário do Teto da Média e Alta Complexidade - MAC;10493355000113;FUNDO MUNICIPAL DE SAUDE DE DESTERRO;8396;14/10/2025;PROPOSTA PAGA;Proposta Paga;21/10/2025;R$350.000,00;R$350.000,00;R$350.000,00
2025;71160002;S.PART.;BANCADA DA PARAÍBA;não se aplica;não se aplica;PB;251500;SAO MIGUEL DE TAIPU;MUNICIPAL;BANCADA OBRIGATÓRIA;CORRENTE;301;1001;1030151192E890025;04/09/2025;36000700891202500;202500027345;FAF;INCREMENTO PAP;2E89;ATENÇÃO PRIMÁRIA À SAÚDE;INCREMENTO DO PISO DA ATENÇÃO PRIMÁRIA À SAÚDE - PAP;11601645000104;FUNDO MUNICIPAL DE SAUDE;8232;25/09/2025;PROPOSTA PAGA;Proposta Paga;09/10/2025;R$200.000,00;R$200.000,00;R$200.000,00
2025;71160002;S.PART.;BANCADA DA PARAÍBA;não se aplica;não se aplica;PB;251610;SOLEDADE;MUNICIPAL;BANCADA OBRIGATÓRIA;CORRENTE;301;1001;1030151192E890025;10/09/2025;36000704656202500;202500029462;FAF;INCREMENTO PAP;2E89;ATENÇÃO PRIMÁRIA À SAÚDE;INCREMENTO DO PISO DA ATENÇÃO PRIMÁRIA À SAÚDE - PAP;02182502000106;FUNDO MUNICIPAL DE SAUDE DE SOLEDADE;8319;06/10/2025;PROPOSTA PAGA;Proposta Paga;15/10/2025;R$200.000,00;R$200.000,00;R$200.000,00
2025;71160010;S.PART.;BANCADA DA PARAÍBA;não se aplica;não se aplica;PB;250915;MARIZOPOLIS;MUNICIPAL;BANCADA OBRIGATÓRIA;CORRENTE;302;1001;1030251182E900025;04/09/2025;36000701298202500;202500026932;FAF;INCREMENTO MAC;2E90;ATENÇÃO ESPECIALIZADA À SAÚDE;Incremento Temporário do Teto da Média e Alta Complexidade - MAC;11404727000150;FUNDO MUNICIPAL DE SAUDE;8212;23/09/2025;PROPOSTA PAGA;Proposta Paga;21/10/2025;R$37.728,00;R$37.728,00;R$37.728,00
2025;71160002;S.PART.;BANCADA DA PARAÍBA;não se aplica;não se aplica;PB;250937;MATO GROSSO;MUNICIPAL;BANCADA OBRIGATÓRIA;CORRENTE;301;1001;1030151192E890025;15/09/2025;36000706060202500;202500028531;FAF;INCREMENTO PAP;2E89;ATENÇÃO PRIMÁRIA À SAÚDE;INCREMENTO DO PISO DA ATENÇÃO PRIMÁRIA À SAÚDE - PAP;11951131000170;FUNDO MUNICIPAL DE SAUDE DE MATO GROSSO PB;8274;30/09/2025;PROPOSTA PAGA;Proposta Paga;16/10/2025;R$300.000,00;R$300.000,00;R$300.000,00
2025;71160002;S.PART.;BANCADA DA PARAÍBA;não se aplica;não se aplica;PB;251220;PRATA;MUNICIPAL;BANCADA OBRIGATÓRIA;CORRENTE;301;1001;1030151192E890025;19/09/2025;36000708172202500;202500036913;FAF;INCREMENTO PAP;2E89;ATENÇÃO PRIMÁRIA À SAÚDE;INCREMENTO DO PISO DA ATENÇÃO PRIMÁRIA À SAÚDE - PAP;11356674000140;FUNDO MUNICIPAL DE SAUDE DO MUNICIPIO DE PRATA;8730;11/11/2025;PROPOSTA PAGA;Proposta Paga;25/11/2025;R$300.000,00;R$300.000,00;R$300.000,00
2025;71160002;S.PART.;BANCADA DA PARAÍBA;não se aplica;não se aplica;PB;250750;JOAO PESSOA;MUNICIPAL;BANCADA OBRIGATÓRIA;CORRENTE;301;1001;1030151192E890025;02/09/2025;36000698850202500;202500031143;FAF;INCREMENTO PAP;2E89;ATENÇÃO PRIMÁRIA À SAÚDE;INCREMENTO DO PISO DA ATENÇÃO PRIMÁRIA À SAÚDE - PAP;08715618000140;FUNDO MUNICIPAL DE SAUDE;8410;15/10/2025;PROPOSTA PAGA;Proposta Paga;27/10/2025;R$1.989.397,00;R$1.989.397,00;R$1.989.397,00
2025;71160002;S.PART.;BANCADA DA PARAÍBA;não se aplica;não se aplica;PB;250053;ALCANTIL;MUNICIPAL;BANCADA OBRIGATÓRIA;CORRENTE;301;1001;1030151192E890025;10/09/2025;36000704235202500;202500025283;FAF;INCREMENTO PAP;2E89;ATENÇÃO PRIMÁRIA À SAÚDE;INCREMENTO DO PISO DA ATENÇÃO PRIMÁRIA À SAÚDE - PAP;08448753000176;FUNDO MUNICIPAL DE SAUDE - ALCANTIL PB;8108;16/09/2025;PROPOSTA PAGA;Proposta Paga;01/10/2025;R$100.000,00;R$100.000,00;R$100.000,00
2025;71160002;S.PART.;BANCADA DA PARAÍBA;não se aplica;não se aplica;PB;250215;BOA VISTA;MUNICIPAL;BANCADA OBRIGATÓRIA;CORRENTE;301;1001;1030151192E890025;13/10/2025;36000712302202500;202500032077;FAF;INCREMENTO PAP;2E89;ATENÇÃO PRIMÁRIA À SAÚDE;INCREMENTO DO PISO DA ATENÇÃO PRIMÁRIA À SAÚDE - PAP;12868705000104;FUNDO MUNICIPAL DE SAUDE;8451;20/10/2025;PROPOSTA PAGA;Proposta Paga;13/11/2025;R$100.000,00;R$100.000,00;R$100.000,00
2025;71160002;S.PART.;BANCADA DA PARAÍBA;não se aplica;não se aplica;PB;250730;JACARAU;MUNICIPAL;BANCADA OBRIGATÓRIA;CORRENTE;301;1001;1030151192E890025;22/12/2025;36000723274202500;202500043087;FAF;INCREMENTO PAP;2E89;ATENÇÃO PRIMÁRIA À SAÚDE;INCREMENTO DO PISO DA ATENÇÃO PRIMÁRIA À SAÚDE - PAP;10486210000195;FUNDO MUNICIPAL DE SAUDE DE JACARAU;9674;24/12/2025;PROPOSTA PAGA;Proposta Paga;05/02/2026;R$368.637,00;R$368.637,00;R$368.637,00
2025;71160002;S.PART.;BANCADA DA PARAÍBA;não se aplica;não se aplica;PB;250020;AGUIAR;MUNICIPAL;BANCADA OBRIGATÓRIA;CORRENTE;301;1001;1030151192E890025;05/09/2025;36000701983202500;202500028934;FAF;INCREMENTO PAP;2E89;ATENÇÃO PRIMÁRIA À SAÚDE;INCREMENTO DO PISO DA ATENÇÃO PRIMÁRIA À SAÚDE - PAP;11267041000165;FUNDO MUNICIPAL DE SAUDE;8289;01/10/2025;PROPOSTA PAGA;Proposta Paga;09/10/2025;R$400.000,00;R$400.000,00;R$400.000,00
2025;71160007;S.PART.;BANCADA DA PARAÍBA;não se aplica;não se aplica;PB;250660;IBIARA;MUNICIPAL;BANCADA OBRIGATÓRIA;CAPITAL;302;1001;10302511885358697;18/12/2025;08892967000125004;202500044044;FAF;EQUIPAMENTO;8535;ATENÇÃO ESPECIALIZADA À SAÚDE;Políticas de Atenção Ambulatorial Especializada e Serviços Hospitalares de Alta Complexidade - Ambulatório;08892967000137;FUNDO MUNICIPAL DE SAUDE DE IBIARA;9906;30/12/2025;PROPOSTA PAGA;Proposta Paga;12/02/2026;R$149.990,00;R$149.990,00;R$149.990,00
2025;71160002;S.PART.;BANCADA DA PARAÍBA;não se aplica;não se aplica;PB;250215;BOA VISTA;MUNICIPAL;BANCADA OBRIGATÓRIA;CORRENTE;301;1001;1030151192E890025;13/10/2025;36000712297202500;202500032081;FAF;INCREMENTO PAP;2E89;ATENÇÃO PRIMÁRIA À SAÚDE;INCREMENTO DO PISO DA ATENÇÃO PRIMÁRIA À SAÚDE - PAP;12868705000104;FUNDO MUNICIPAL DE SAUDE;8451;20/10/2025;PROPOSTA PAGA;Proposta Paga;13/11/2025;R$400.000,00;R$400.000,00;R$400.000,00
2025;71160002;S.PART.;BANCADA DA PARAÍBA;não se aplica;não se aplica;PB;250625;GADO BRAVO;MUNICIPAL;BANCADA OBRIGATÓRIA;CORRENTE;301;1001;1030151192E890025;19/09/2025;36000708014202500;202500028061;FAF;INCREMENTO PAP;2E89;ATENÇÃO PRIMÁRIA À SAÚDE;INCREMENTO DO PISO DA ATENÇÃO PRIMÁRIA À SAÚDE - PAP;11136097000180;FUNDO MUNICIPAL DE SAUDE GADO BRAVO;8261;29/09/2025;PROPOSTA PAGA;Proposta Paga;09/10/2025;R$400.000,00;R$400.000,00;R$400.000,00
2025;71160002;S.PART.;BANCADA DA PARAÍBA;não se aplica;não se aplica;PB;250490;CRUZ DO ESPIRITO SANTO;MUNICIPAL;BANCADA OBRIGATÓRIA;CORRENTE;301;1001;1030151192E890025;10/09/2025;36000704493202500;202500029450;FAF;INCREMENTO PAP;2E89;ATENÇÃO PRIMÁRIA À SAÚDE;INCREMENTO DO PISO DA ATENÇÃO PRIMÁRIA À SAÚDE - PAP;23014200000107;FUNDO MUNICIPAL DE SAUDE DE CRUZ DO ESPIRITO SANTO;8319;06/10/2025;PROPOSTA PAGA;Proposta Paga;15/10/2025;R$500.000,00;R$500.000,00;R$500.000,00
2025;71160002;S.PART.;BANCADA DA PARAÍBA;não se aplica;não se aplica;PB;251276;RIACHAO DO POCO;MUNICIPAL;BANCADA OBRIGATÓRIA;CORRENTE;301;1001;1030151192E890025;05/11/2025;36000716792202500;202500036914;FAF;INCREMENTO PAP;2E89;ATENÇÃO PRIMÁRIA À SAÚDE;INCREMENTO DO PISO DA ATENÇÃO PRIMÁRIA À SAÚDE - PAP;11975218000188;FUNDO MUNICIPAL DE SAUDE DO MUNICIPIO DE RIACHAO DO POCO;8730;11/11/2025;PROPOSTA PAGA;Proposta Paga;25/11/2025;R$500.000,00;R$500.000,00;R$500.000,00
2025;71160010;S.PART.;BANCADA DA PARAÍBA;não se aplica;não se aplica;PB;250750;JOAO PESSOA;ESTADUAL;BANCADA OBRIGATÓRIA;CORRENTE;302;1001;1030251182E900025;19/09/2025;36000708392202500;202500028274;FAF;INCREMENTO MAC;2E90;ATENÇÃO ESPECIALIZADA À SAÚDE;Incremento Temporário do Teto da Média e Alta Complexidade - MAC;03609595000175;FUNDO ESTADUAL DE SAUDE DO ESTADO DA PARAIBA - FESEP;8220;24/09/2025;PROPOSTA PAGA;Proposta Paga;21/10/2025;R$500.000,00;R$500.000,00;R$500.000,00
2025;71160010;S.PART.;BANCADA DA PARAÍBA;não se aplica;não se aplica;PB;251390;SAO BENTO;MUNICIPAL;BANCADA OBRIGATÓRIA;CORRENTE;302;1001;1030251182E900025;11/09/2025;36000705121202500;202500035152;FAF;INCREMENTO MAC;2E90;ATENÇÃO ESPECIALIZADA À SAÚDE;Incremento Temporário do Teto da Média e Alta Complexidade - MAC;02015756000130;FUNDO MINICIPAL DE SAUDE;8591;31/10/2025;PROPOSTA PAGA;Proposta Paga;17/12/2025;R$500.000,00;R$500.000,00;R$500.000,00
2025;71160002;S.PART.;BANCADA DA PARAÍBA;não se aplica;não se aplica;PB;250260;IGARACY;MUNICIPAL;BANCADA OBRIGATÓRIA;CORRENTE;301;1001;1030151192E890025;18/09/2025;36000707770202500;202500028064;FAF;INCREMENTO PAP;2E89;ATENÇÃO PRIMÁRIA À SAÚDE;INCREMENTO DO PISO DA ATENÇÃO PRIMÁRIA À SAÚDE - PAP;11463951000113;FUNDO MUNICIPAL DE SAUDE DE IGARACY;8261;29/09/2025;PROPOSTA PAGA;Proposta Paga;09/10/2025;R$200.000,00;R$200.000,00;R$200.000,00
2025;71160002;S.PART.;BANCADA DA PARAÍBA;não se aplica;não se aplica;PB;251580;SERRA REDONDA;MUNICIPAL;BANCADA OBRIGATÓRIA;CORRENTE;301;1001;1030151192E890025;13/10/2025;36000712142202500;202500032420;FAF;INCREMENTO PAP;2E89;ATENÇÃO PRIMÁRIA À SAÚDE;INCREMENTO DO PISO DA ATENÇÃO PRIMÁRIA À SAÚDE - PAP;97519352000190;FUNDO MUNICIPAL DE SAUDE;8443;20/10/2025;PROPOSTA PAGA;Proposta Paga;22/12/2025;R$500.000,00;R$500.000,00;R$500.000,00
2025;71160010;S.PART.;BANCADA DA PARAÍBA;não se aplica;não se aplica;PB;251670;TEIXEIRA;MUNICIPAL;BANCADA OBRIGATÓRIA;CORRENTE;302;1000;1030251182E900025;05/09/2025;36000701792202500;202500028843;FAF;INCREMENTO MAC;2E90;ATENÇÃO ESPECIALIZADA À SAÚDE;Incremento Temporário do Teto da Média e Alta Complexidade - MAC;11229326000101;FUNDO MUNICIPAL DE SAUDE;8267;30/09/2025;PROPOSTA PAGA;Proposta Paga;21/10/2025;R$600.000,00;R$600.000,00;R$600.000,00
2025;71160001;S.PART.;BANCADA DA PARAÍBA;não se aplica;não se aplica;PB;251275;RIACHAO DO BACAMARTE;MUNICIPAL;BANCADA OBRIGATÓRIA;CAPITAL;301;1001;10301511985817022;18/09/2025;11565067000125005;202500033397;FAF;EQUIPAMENTO;8581;ATENÇÃO PRIMÁRIA À SAÚDE;EQUIPAMENTOS - UBS;11565067000190;FUNDO MUNICIPAL DE SAUDE - RIACHAO DO BACAMARTE - PB;8518;24/10/2025;PROPOSTA PAGA;Proposta Paga;13/11/2025;R$299.902,00;R$299.902,00;R$299.902,00
2025;71160002;S.PART.;BANCADA DA PARAÍBA;não se aplica;não se aplica;PB;251290;RIO TINTO;MUNICIPAL;BANCADA OBRIGATÓRIA;CORRENTE;301;1001;1030151192E890025;17/09/2025;36000707384202500;202500029460;FAF;INCREMENTO PAP;2E89;ATENÇÃO PRIMÁRIA À SAÚDE;INCREMENTO DO PISO DA ATENÇÃO PRIMÁRIA À SAÚDE - PAP;12457150000108;FUNDO MUNICIPAL DE SAUDE DE RIO TINTO;8319;06/10/2025;PROPOSTA PAGA;Proposta Paga;15/10/2025;R$250.000,00;R$250.000,00;R$250.000,00
2025;71160002;S.PART.;BANCADA DA PARAÍBA;não se aplica;não se aplica;PB;250010;AGUA BRANCA;MUNICIPAL;BANCADA OBRIGATÓRIA;CORRENTE;301;1001;1030151192E890025;05/09/2025;36000701917202500;202500028195;FAF;INCREMENTO PAP;2E89;ATENÇÃO PRIMÁRIA À SAÚDE;INCREMENTO DO PISO DA ATENÇÃO PRIMÁRIA À SAÚDE - PAP;10502869000198;FUNDO MUNICIPAL DE SAUDE DE AGUA BRANCA;8259;29/09/2025;PROPOSTA PAGA;Proposta Paga;09/10/2025;R$300.000,00;R$300.000,00;R$300.000,00
2025;71160002;S.PART.;BANCADA DA PARAÍBA;não se aplica;não se aplica;PB;250933;MATINHAS;MUNICIPAL;BANCADA OBRIGATÓRIA;CORRENTE;301;1001;1030151192E890025;23/09/2025;36000709006202500;202500028529;FAF;INCREMENTO PAP;2E89;ATENÇÃO PRIMÁRIA À SAÚDE;INCREMENTO DO PISO DA ATENÇÃO PRIMÁRIA À SAÚDE - PAP;12012166000107;FUNDO MUNICIPAL DE SAUDE;8274;30/09/2025;PROPOSTA PAGA;Proposta Paga;09/10/2025;R$300.000,00;R$300.000,00;R$300.000,00
2025;71160010;S.PART.;BANCADA DA PARAÍBA;não se aplica;não se aplica;PB;250700;ITAPORANGA;MUNICIPAL;BANCADA OBRIGATÓRIA;CORRENTE;302;1001;1030251182E900025;17/11/2025;36000717980202500;202500041035;FAF;INCREMENTO MAC;2E90;ATENÇÃO ESPECIALIZADA À SAÚDE;Incremento Temporário do Teto da Média e Alta Complexidade - MAC;11174552000132;FUNDO MUNICIPAL DE SAUDE DE ITAPORANGA;9225;11/12/2025;PROPOSTA PAGA;Proposta Paga;23/12/2025;R$181.659,00;R$181.659,00;R$181.659,00
2025;71160002;S.PART.;BANCADA DA PARAÍBA;não se aplica;não se aplica;PB;251060;OURO VELHO;MUNICIPAL;BANCADA OBRIGATÓRIA;CORRENTE;301;1000;1030151192E890025;07/11/2025;36000717145202500;202500037574;FAF;INCREMENTO PAP;2E89;ATENÇÃO PRIMÁRIA À SAÚDE;INCREMENTO DO PISO DA ATENÇÃO PRIMÁRIA À SAÚDE - PAP;11348410000144;FUNDO MUNICIPAL DE SAUDE DE OURO VELHO;8864;18/11/2025;PROPOSTA PAGA;Proposta Paga;05/12/2025;R$200.000,00;R$200.000,00;R$200.000,00
2025;71160002;S.PART.;BANCADA DA PARAÍBA;não se aplica;não se aplica;PB;250780;JUNCO DO SERIDO;MUNICIPAL;BANCADA OBRIGATÓRIA;CORRENTE;301;1000;1030151192E890025;06/11/2025;36000716846202500;202500037025;FAF;INCREMENTO PAP;2E89;ATENÇÃO PRIMÁRIA À SAÚDE;INCREMENTO DO PISO DA ATENÇÃO PRIMÁRIA À SAÚDE - PAP;13069201000197;FUNDO MUNICIPAL DE SAUDE DE JUNCO DO SERIDO-PB;8799;13/11/2025;PROPOSTA PAGA;Proposta Paga;25/11/2025;R$400.000,00;R$400.000,00;R$400.000,00
2025;71160002;S.PART.;BANCADA DA PARAÍBA;não se aplica;não se aplica;PB;251675;TENORIO;MUNICIPAL;BANCADA OBRIGATÓRIA;CORRENTE;301;1001;1030151192E890025;18/09/2025;36000707824202500;202500031190;FAF;INCREMENTO PAP;2E89;ATENÇÃO PRIMÁRIA À SAÚDE;INCREMENTO DO PISO DA ATENÇÃO PRIMÁRIA À SAÚDE - PAP;11793042000143;FUNDO MUNICIPAL DE SAUDE DE TENORIO;8410;15/10/2025;PROPOSTA PAGA;Proposta Paga;27/10/2025;R$300.000,00;R$300.000,00;R$300.000,00
2025;71160002;S.PART.;BANCADA DA PARAÍBA;não se aplica;não se aplica;PB;250160;BARRA DE SANTA ROSA;MUNICIPAL;BANCADA OBRIGATÓRIA;CORRENTE;301;1001;1030151192E890025;11/09/2025;36000705216202500;202500038141;FAF;INCREMENTO PAP;2E89;ATENÇÃO PRIMÁRIA À SAÚDE;INCREMENTO DO PISO DA ATENÇÃO PRIMÁRIA À SAÚDE - PAP;11404690000160;FUNDO MUNICIPAL DE SAUDE;8894;21/11/2025;PROPOSTA PAGA;Proposta Paga;03/12/2025;R$1.500.000,00;R$1.500.000,00;R$1.500.000,00
2025;71160002;S.PART.;BANCADA DA PARAÍBA;não se aplica;não se aplica;PB;250535;DAMIAO;MUNICIPAL;BANCADA OBRIGATÓRIA;CORRENTE;301;1001;1030151192E890025;11/09/2025;36000705016202500;202500028053;FAF;INCREMENTO PAP;2E89;ATENÇÃO PRIMÁRIA À SAÚDE;INCREMENTO DO PISO DA ATENÇÃO PRIMÁRIA À SAÚDE - PAP;11767841000145;FUNDO MUNICIPAL DE SAUDE DAMIAO PARAIBA;8261;29/09/2025;PROPOSTA PAGA;Proposta Paga;15/10/2025;R$350.000,00;R$350.000,00;R$350.000,00
2025;71160007;S.PART.;BANCADA DA PARAÍBA;não se aplica;não se aplica;PB;250750;JOAO PESSOA;ESTADUAL;BANCADA OBRIGATÓRIA;CAPITAL;302;3129;10302511885358697;23/09/2025;03609595000125005;202500042513;FAF;EQUIPAMENTO;8535;ATENÇÃO ESPECIALIZADA À SAÚDE;Políticas de Atenção Ambulatorial Especializada e Serviços Hospitalares de Alta Complexidade - Hospital de Alta Complexidade;03609595000175;FUNDO ESTADUAL DE SAUDE DO ESTADO DA PARAIBA - FESEP;9563;22/12/2025;PROPOSTA PAGA;Proposta Paga;29/12/2025;R$999.897,00;R$999.897,00;R$999.897,00
2025;71160002;S.PART.;BANCADA DA PARAÍBA;não se aplica;não se aplica;PB;250485;COXIXOLA;MUNICIPAL;BANCADA OBRIGATÓRIA;CORRENTE;301;1001;1030151192E890025;02/09/2025;36000698490202500;202500025309;FAF;INCREMENTO PAP;2E89;ATENÇÃO PRIMÁRIA À SAÚDE;INCREMENTO DO PISO DA ATENÇÃO PRIMÁRIA À SAÚDE - PAP;11525246000101;FUNDO MUNICIPAL DE SAUDE;8108;16/09/2025;PROPOSTA PAGA;Proposta Paga;01/10/2025;R$100.000,00;R$100.000,00;R$100.000,00
2025;71160007;S.PART.;BANCADA DA PARAÍBA;não se aplica;não se aplica;PB;251030;NOVA PALMEIRA;MUNICIPAL;BANCADA OBRIGATÓRIA;CAPITAL;302;3129;10302511885358697;16/09/2025;08579944000125003;202500040281;FAF;EQUIPAMENTO;8535;ATENÇÃO ESPECIALIZADA À SAÚDE;Rede de Atenção Hospitalar - Ambulância de Transporte Tipo A - Remoção Simples - Eletiva;08579944000177;FUNDO MUNICIPAL DE SAUDE DE NOVA PALMEIRA;9102;05/12/2025;PROPOSTA PAGA;Proposta Paga;18/12/2025;R$272.600,00;R$272.600,00;R$272.600,00
2025;71160007;S.PART.;BANCADA DA PARAÍBA;não se aplica;não se aplica;PB;250840;LASTRO;MUNICIPAL;BANCADA OBRIGATÓRIA;CAPITAL;302;3129;10302511885358697;17/10/2025;11304889000125005;202500040520;FAF;EQUIPAMENTO;8535;ATENÇÃO ESPECIALIZADA À SAÚDE;Rede de Atenção Hospitalar - Ambulância de Transporte Tipo A - Remoção Simples - Eletiva;11304889000117;FUNDO MUNICIPAL DE SAUDE DE LASTRO;9181;09/12/2025;PROPOSTA PAGA;Proposta Paga;12/02/2026;R$314.200,00;R$314.200,00;R$314.200,00
2025;71160002;S.PART.;BANCADA DA PARAÍBA;não se aplica;não se aplica;PB;251150;PILAR;MUNICIPAL;BANCADA OBRIGATÓRIA;CORRENTE;301;1001;1030151192E890025;09/09/2025;36000703699202500;202500028201;FAF;INCREMENTO PAP;2E89;ATENÇÃO PRIMÁRIA À SAÚDE;INCREMENTO DO PISO DA ATENÇÃO PRIMÁRIA À SAÚDE - PAP;11171199000137;FUNDO MUNICIPAL DE SAUDE DO MUNICIPIO DE PILAR;8259;29/09/2025;PROPOSTA PAGA;Proposta Paga;09/10/2025;R$500.000,00;R$500.000,00;R$500.000,00
2025;71160002;S.PART.;BANCADA DA PARAÍBA;não se aplica;não se aplica;PB;251090;PAULISTA;MUNICIPAL;BANCADA OBRIGATÓRIA;CORRENTE;301;1001;1030151192E890025;02/10/2025;36000710744202500;202500031153;FAF;INCREMENTO PAP;2E89;ATENÇÃO PRIMÁRIA À SAÚDE;INCREMENTO DO PISO DA ATENÇÃO PRIMÁRIA À SAÚDE - PAP;11247833000178;FUNDO MUNICIPAL DE SAUDE;8410;15/10/2025;PROPOSTA PAGA;Proposta Paga;27/10/2025;R$526.329,00;R$526.329,00;R$526.329,00
2025;71160010;S.PART.;BANCADA DA PARAÍBA;não se aplica;não se aplica;PB;250550;VISTA SERRANA;MUNICIPAL;BANCADA OBRIGATÓRIA;CORRENTE;302;1000;1030251182E900025;15/09/2025;36000706001202500;202500026520;FAF;INCREMENTO MAC;2E90;ATENÇÃO ESPECIALIZADA À SAÚDE;Incremento Temporário do Teto da Média e Alta Complexidade - MAC;11428853000145;FUNDO MUNICIPAL DE SAUDE;8180;22/09/2025;PROPOSTA PAGA;Proposta Paga;21/10/2025;R$80.000,00;R$80.000,00;R$80.000,00
2025;71160010;S.PART.;BANCADA DA PARAÍBA;não se aplica;não se aplica;PB;250610;FAGUNDES;MUNICIPAL;BANCADA OBRIGATÓRIA;CORRENTE;302;1001;1030251182E900025;24/09/2025;36000709246202500;202500039439;FAF;INCREMENTO MAC;2E90;ATENÇÃO ESPECIALIZADA À SAÚDE;Incremento Temporário do Teto da Média e Alta Complexidade - MAC;11307940000144;FUNDO MUNICIPAL DE SAUDE FAGUNDES PB;9015;01/12/2025;PROPOSTA PAGA;Proposta Paga;18/12/2025;R$300.000,00;R$300.000,00;R$300.000,00
2025;71160010;S.PART.;BANCADA DA PARAÍBA;não se aplica;não se aplica;PB;251610;SOLEDADE;MUNICIPAL;BANCADA OBRIGATÓRIA;CORRENTE;302;1000;1030251182E900025;10/09/2025;36000704779202500;202500029323;FAF;INCREMENTO MAC;2E90;ATENÇÃO ESPECIALIZADA À SAÚDE;Incremento Temporário do Teto da Média e Alta Complexidade - MAC;02182502000106;FUNDO MUNICIPAL DE SAUDE DE SOLEDADE;8316;03/10/2025;PROPOSTA PAGA;Proposta Paga;21/10/2025;R$250.000,00;R$250.000,00;R$250.000,00
2025;71160010;S.PART.;BANCADA DA PARAÍBA;não se aplica;não se aplica;PB;251220;PRATA;MUNICIPAL;BANCADA OBRIGATÓRIA;CORRENTE;302;1001;1030251182E900025;25/09/2025;36000709432202500;202500039089;FAF;INCREMENTO MAC;2E90;ATENÇÃO ESPECIALIZADA À SAÚDE;Incremento Temporário do Teto da Média e Alta Complexidade - MAC;11356674000140;FUNDO MUNICIPAL DE SAUDE DO MUNICIPIO DE PRATA;8967;27/11/2025;PROPOSTA PAGA;Proposta Paga;29/12/2025;R$390.000,00;R$390.000,00;R$390.000,00
2025;71160010;S.PART.;BANCADA DA PARAÍBA;não se aplica;não se aplica;PB;251370;SANTA RITA;MUNICIPAL;BANCADA OBRIGATÓRIA;CORRENTE;302;1000;1030251182E900025;04/09/2025;36000701639202500;202500039093;FAF;INCREMENTO MAC;2E90;ATENÇÃO ESPECIALIZADA À SAÚDE;Incremento Temporário do Teto da Média e Alta Complexidade - MAC;08694222000163;FUNDO MUNICIPAL DE SAUDE DE SANTA RITA;8967;27/11/2025;PROPOSTA PAGA;Proposta Paga;23/12/2025;R$1.000.000,00;R$1.000.000,00;R$1.000.000,00
2025;71160010;S.PART.;BANCADA DA PARAÍBA;não se aplica;não se aplica;PB;250130;AROEIRAS;MUNICIPAL;BANCADA OBRIGATÓRIA;CORRENTE;302;1001;1030251182E900025;08/09/2025;36000703164202500;202500039436;FAF;INCREMENTO MAC;2E90;ATENÇÃO ESPECIALIZADA À SAÚDE;Incremento Temporário do Teto da Média e Alta Complexidade - MAC;10819820000163;FUNDO MUNICIPAL DE SAUDE;9015;01/12/2025;PROPOSTA PAGA;Proposta Paga;19/12/2025;R$400.000,00;R$400.000,00;R$400.000,00
2025;71160010;S.PART.;BANCADA DA PARAÍBA;não se aplica;não se aplica;PB;250970;MONTEIRO;MUNICIPAL;BANCADA OBRIGATÓRIA;CORRENTE;302;1001;1030251182E900025;08/09/2025;36000703264202500;202500024247;FAF;INCREMENTO MAC;2E90;ATENÇÃO ESPECIALIZADA À SAÚDE;Incremento Temporário do Teto da Média e Alta Complexidade - MAC;11214763000151;FUNDO MUNICIPAL DE SAUDE DE MONTEIRO;8111;16/09/2025;PROPOSTA PAGA;Proposta Paga;21/10/2025;R$400.000,00;R$400.000,00;R$400.000,00
2025;71160002;S.PART.;BANCADA DA PARAÍBA;não se aplica;não se aplica;PB;251150;PILAR;MUNICIPAL;BANCADA OBRIGATÓRIA;CORRENTE;301;1001;1030151192E890025;09/09/2025;36000703706202500;202500027615;FAF;INCREMENTO PAP;2E89;ATENÇÃO PRIMÁRIA À SAÚDE;INCREMENTO DO PISO DA ATENÇÃO PRIMÁRIA À SAÚDE - PAP;11171199000137;FUNDO MUNICIPAL DE SAUDE DO MUNICIPIO DE PILAR;8246;26/09/2025;PROPOSTA PAGA;Proposta Paga;09/10/2025;R$250.000,00;R$250.000,00;R$250.000,00
2025;71160002;S.PART.;BANCADA DA PARAÍBA;não se aplica;não se aplica;PB;250540;DESTERRO;MUNICIPAL;BANCADA OBRIGATÓRIA;CORRENTE;301;1001;1030151192E890025;04/09/2025;36000701104202500;202500028198;FAF;INCREMENTO PAP;2E89;ATENÇÃO PRIMÁRIA À SAÚDE;INCREMENTO DO PISO DA ATENÇÃO PRIMÁRIA À SAÚDE - PAP;10493355000113;FUNDO MUNICIPAL DE SAUDE DE DESTERRO;8261;29/09/2025;PROPOSTA PAGA;Proposta Paga;09/10/2025;R$300.000,00;R$300.000,00;R$300.000,00
2025;71160001;S.PART.;BANCADA DA PARAÍBA;não se aplica;não se aplica;PB;251455;SAO JOSE DE PRINCESA;MUNICIPAL;BANCADA OBRIGATÓRIA;CAPITAL;301;1001;10301511985817022;02/09/2025;10460712000125003;202500033239;FAF;EQUIPAMENTO;8581;ATENÇÃO PRIMÁRIA À SAÚDE;EQUIPAMENTOS - UBS;10460712000147;FUNDO MUNICIPAL DE SAUDE DE SAO JOSE DE PRINCESA;8496;23/10/2025;PROPOSTA PAGA;Proposta Paga;29/12/2025;R$499.798,00;R$499.798,00;R$499.798,00
2025;71160001;S.PART.;BANCADA DA PARAÍBA;não se aplica;não se aplica;PB;250110;AREIA;MUNICIPAL;BANCADA OBRIGATÓRIA;CAPITAL;301;1001;10301511985817022;09/09/2025;11268285000125003;202500032230;FAF;EQUIPAMENTO;8581;ATENÇÃO PRIMÁRIA À SAÚDE;EQUIPAMENTOS - UBS;11268285000162;FUNDO MUNICIPAL DE SAUDE;8452;20/10/2025;PROPOSTA PAGA;Proposta Paga;05/02/2026;R$499.978,00;R$499.978,00;R$499.978,00
2025;71160002;S.PART.;BANCADA DA PARAÍBA;não se aplica;não se aplica;PB;251335;SANTA INES;MUNICIPAL;BANCADA OBRIGATÓRIA;CORRENTE;301;1001;1030151192E890025;15/09/2025;36000706233202500;202500031169;FAF;INCREMENTO PAP;2E89;ATENÇÃO PRIMÁRIA À SAÚDE;INCREMENTO DO PISO DA ATENÇÃO PRIMÁRIA À SAÚDE - PAP;14418667000113;FUNDO MUNICIPAL DE SAUDE;8410;15/10/2025;PROPOSTA PAGA;Proposta Paga;27/10/2025;R$61.939,00;R$61.939,00;R$61.939,00
2025;71160010;S.PART.;BANCADA DA PARAÍBA;não se aplica;não se aplica;PB;250750;JOAO PESSOA;MUNICIPAL;BANCADA OBRIGATÓRIA;CORRENTE;302;1001;1030251182E900025;04/09/2025;36000701287202500;202500036744;FAF;INCREMENTO MAC;2E90;ATENÇÃO ESPECIALIZADA À SAÚDE;Incremento Temporário do Teto da Média e Alta Complexidade - MAC;08715618000140;FUNDO MUNICIPAL DE SAUDE;8712;10/11/2025;PROPOSTA PAGA;Proposta Paga;09/12/2025;R$3.000.000,00;R$3.000.000,00;R$3.000.000,00
2025;71160002;S.PART.;BANCADA DA PARAÍBA;não se aplica;não se aplica;PB;250300;CAAPORA;MUNICIPAL;BANCADA OBRIGATÓRIA;CORRENTE;301;1001;1030151192E890025;16/09/2025;36000706760202500;202500028021;FAF;INCREMENTO PAP;2E89;ATENÇÃO PRIMÁRIA À SAÚDE;INCREMENTO DO PISO DA ATENÇÃO PRIMÁRIA À SAÚDE - PAP;10975044000190;FUNDO MUNICIPAL DE SAUDE - FMS;8259;29/09/2025;PROPOSTA PAGA;Proposta Paga;09/10/2025;R$500.000,00;R$500.000,00;R$500.000,00
2025;71160010;S.PART.;BANCADA DA PARAÍBA;não se aplica;não se aplica;PB;251450;SAO JOSE DE PIRANHAS;MUNICIPAL;BANCADA OBRIGATÓRIA;CORRENTE;302;1001;1030251182E900025;27/11/2025;36000719682202500;202500041571;FAF;INCREMENTO MAC;2E90;ATENÇÃO ESPECIALIZADA À SAÚDE;Incremento Temporário do Teto da Média e Alta Complexidade - MAC;11602227000123;FUNDO MUNICIPAL DE SAUDE;9414;17/12/2025;PROPOSTA PAGA;Proposta Paga;29/12/2025;R$506.581,00;R$506.581,00;R$506.581,00
2025;71160002;S.PART.;BANCADA DA PARAÍBA;não se aplica;não se aplica;PB;251690;UIRAUNA;MUNICIPAL;BANCADA OBRIGATÓRIA;CORRENTE;301;1001;1030151192E890025;08/09/2025;36000703368202500;202500027349;FAF;INCREMENTO PAP;2E89;ATENÇÃO PRIMÁRIA À SAÚDE;INCREMENTO DO PISO DA ATENÇÃO PRIMÁRIA À SAÚDE - PAP;10435066000168;FUNDO MUNICIPAL DE SAUDE;8232;25/09/2025;PROPOSTA PAGA;Proposta Paga;09/10/2025;R$500.000,00;R$500.000,00;R$500.000,00
2025;71160002;S.PART.;BANCADA DA PARAÍBA;não se aplica;não se aplica;PB;251360;SANTANA DOS GARROTES;MUNICIPAL;BANCADA OBRIGATÓRIA;CORRENTE;301;1001;1030151192E890025;15/09/2025;36000706392202500;202500032099;FAF;INCREMENTO PAP;2E89;ATENÇÃO PRIMÁRIA À SAÚDE;INCREMENTO DO PISO DA ATENÇÃO PRIMÁRIA À SAÚDE - PAP;12290612000145;FUNDO MUNICIPAL DE SAUDE DE SANTANA DOS GARROTES;8443;20/10/2025;PROPOSTA PAGA;Proposta Paga;13/11/2025;R$200.000,00;R$200.000,00;R$200.000,00
2025;71160002;S.PART.;BANCADA DA PARAÍBA;não se aplica;não se aplica;PB;251398;SAO FRANCISCO;MUNICIPAL;BANCADA OBRIGATÓRIA;CORRENTE;301;1001;1030151192E890025;19/09/2025;36000708277202500;202500031172;FAF;INCREMENTO PAP;2E89;ATENÇÃO PRIMÁRIA À SAÚDE;INCREMENTO DO PISO DA ATENÇÃO PRIMÁRIA À SAÚDE - PAP;10398439000178;FUNDO MUNICIPAL DE SAUDE;8410;15/10/2025;PROPOSTA PAGA;Proposta Paga;27/10/2025;R$200.000,00;R$200.000,00;R$200.000,00
2025;71160002;S.PART.;BANCADA DA PARAÍBA;não se aplica;não se aplica;PB;251430;SAO JOSE DE CAIANA;MUNICIPAL;BANCADA OBRIGATÓRIA;CORRENTE;301;1001;1030151192E890025;04/09/2025;36000701311202500;202500025387;FAF;INCREMENTO PAP;2E89;ATENÇÃO PRIMÁRIA À SAÚDE;INCREMENTO DO PISO DA ATENÇÃO PRIMÁRIA À SAÚDE - PAP;10785644000196;FUNDO MUNICIPAL DE SAUDE DE SAO JOSE DE CAIANA;8108;16/09/2025;PROPOSTA PAGA;Proposta Paga;01/10/2025;R$200.000,00;R$200.000,00;R$200.000,00
2025;71160002;S.PART.;BANCADA DA PARAÍBA;não se aplica;não se aplica;PB;250523;CUITE DE MAMANGUAPE;MUNICIPAL;BANCADA OBRIGATÓRIA;CORRENTE;301;1001;1030151192E890025;18/12/2025;36000722855202500;202500043088;FAF;INCREMENTO PAP;2E89;ATENÇÃO PRIMÁRIA À SAÚDE;INCREMENTO DO PISO DA ATENÇÃO PRIMÁRIA À SAÚDE - PAP;13099820000124;CUITE DE MAMANGUAPE FUNDO MUNICIPAL DE SAUDE;9674;24/12/2025;PROPOSTA PAGA;Proposta Paga;05/02/2026;R$617.418,00;R$617.418,00;R$617.418,00
2025;71160010;S.PART.;BANCADA DA PARAÍBA;não se aplica;não se aplica;PB;251510;SAO SEBASTIAO DE LAGOA DE ROCA;MUNICIPAL;BANCADA OBRIGATÓRIA;CORRENTE;302;1000;1030251182E900025;13/09/2025;36000705900202500;202500029321;FAF;INCREMENTO MAC;2E90;ATENÇÃO ESPECIALIZADA À SAÚDE;Incremento Temporário do Teto da Média e Alta Complexidade - MAC;11143891000151;FUNDO MUNICIPAL DE SAUDE SAO SEBASTIAO DE LAGOA DE ROCA;8306;03/10/2025;PROPOSTA PAGA;Proposta Paga;21/11/2025;R$351.782,00;R$351.782,00;R$351.782,00
2025;71160002;S.PART.;BANCADA DA PARAÍBA;não se aplica;não se aplica;PB;251590;SERRARIA;MUNICIPAL;BANCADA OBRIGATÓRIA;CORRENTE;301;1001;1030151192E890025;22/09/2025;36000708662202500;202500031184;FAF;INCREMENTO PAP;2E89;ATENÇÃO PRIMÁRIA À SAÚDE;INCREMENTO DO PISO DA ATENÇÃO PRIMÁRIA À SAÚDE - PAP;12011652000100;SSFUNDO MUNICIPAL DE SAUDE DE SERRARIA - PB;8410;15/10/2025;PROPOSTA PAGA;Proposta Paga;27/10/2025;R$200.000,00;R$200.000,00;R$200.000,00
2025;71160002;S.PART.;BANCADA DA PARAÍBA;não se aplica;não se aplica;PB;250415;CASSERENGUE;MUNICIPAL;BANCADA OBRIGATÓRIA;CORRENTE;301;1001;1030151192E890025;26/09/2025;36000709788202500;202500029445;FAF;INCREMENTO PAP;2E89;ATENÇÃO PRIMÁRIA À SAÚDE;INCREMENTO DO PISO DA ATENÇÃO PRIMÁRIA À SAÚDE - PAP;12431437000169;FUNDO MUNICIPAL DE SAUDE;8319;06/10/2025;PROPOSTA PAGA;Proposta Paga;15/10/2025;R$900.000,00;R$900.000,00;R$900.000,00
2025;71160002;S.PART.;BANCADA DA PARAÍBA;não se aplica;não se aplica;PB;250939;MATUREIA;MUNICIPAL;BANCADA OBRIGATÓRIA;CORRENTE;301;1001;1030151192E890025;10/09/2025;36000704264202500;202500025348;FAF;INCREMENTO PAP;2E89;ATENÇÃO PRIMÁRIA À SAÚDE;INCREMENTO DO PISO DA ATENÇÃO PRIMÁRIA À SAÚDE - PAP;11209770000165;FUNDO MUNICIPAL DE SAUDE;8108;16/09/2025;PROPOSTA PAGA;Proposta Paga;01/10/2025;R$1.000.000,00;R$1.000.000,00;R$1.000.000,00
2025;71160010;S.PART.;BANCADA DA PARAÍBA;não se aplica;não se aplica;PB;251370;SANTA RITA;MUNICIPAL;BANCADA OBRIGATÓRIA;CORRENTE;302;1000;1030251182E900025;04/09/2025;36000701644202500;202500035149;FAF;INCREMENTO MAC;2E90;ATENÇÃO ESPECIALIZADA À SAÚDE;Incremento Temporário do Teto da Média e Alta Complexidade - MAC;08694222000163;FUNDO MUNICIPAL DE SAUDE DE SANTA RITA;8609;31/10/2025;PROPOSTA PAGA;Proposta Paga;19/12/2025;R$6.141.000,00;R$6.141.000,00;R$6.141.000,00
2025;71160010;S.PART.;BANCADA DA PARAÍBA;não se aplica;não se aplica;PB;250850;LIVRAMENTO;MUNICIPAL;BANCADA OBRIGATÓRIA;CORRENTE;302;1001;1030251182E900025;18/09/2025;36000707918202500;202500032558;FAF;INCREMENTO MAC;2E90;ATENÇÃO ESPECIALIZADA À SAÚDE;Incremento Temporário do Teto da Média e Alta Complexidade - MAC;11188530000121;FUNDO MUNICIPAL DE SAUDE;8473;21/10/2025;PROPOSTA PAGA;Proposta Paga;21/11/2025;R$100.000,00;R$100.000,00;R$100.000,00
2025;71160002;S.PART.;BANCADA DA PARAÍBA;não se aplica;não se aplica;PB;251160;PILOES;MUNICIPAL;BANCADA OBRIGATÓRIA;CORRENTE;301;1001;1030151192E890025;23/09/2025;36000708947202500;202500028080;FAF;INCREMENTO PAP;2E89;ATENÇÃO PRIMÁRIA À SAÚDE;INCREMENTO DO PISO DA ATENÇÃO PRIMÁRIA À SAÚDE - PAP;12044868000172;FUNDO MUNICIPAL DE SAUDE - PILOES-PB;8259;29/09/2025;PROPOSTA PAGA;Proposta Paga;09/10/2025;R$350.000,00;R$350.000,00;R$350.000,00
2025;71160010;S.PART.;BANCADA DA PARAÍBA;não se aplica;não se aplica;PB;250010;AGUA BRANCA;MUNICIPAL;BANCADA OBRIGATÓRIA;CORRENTE;302;1001;1030251182E900025;04/09/2025;36000701637202500;202500027868;FAF;INCREMENTO MAC;2E90;ATENÇÃO ESPECIALIZADA À SAÚDE;Incremento Temporário do Teto da Média e Alta Complexidade - MAC;10502869000198;FUNDO MUNICIPAL DE SAUDE DE AGUA BRANCA;8258;29/09/2025;PROPOSTA PAGA;Proposta Paga;21/10/2025;R$550.000,00;R$550.000,00;R$550.000,00
2025;71160002;S.PART.;BANCADA DA PARAÍBA;não se aplica;não se aplica;PB;251615;SOSSEGO;MUNICIPAL;BANCADA OBRIGATÓRIA;CORRENTE;301;1001;1030151192E890025;05/09/2025;36000702317202500;202500031769;FAF;INCREMENTO PAP;2E89;ATENÇÃO PRIMÁRIA À SAÚDE;INCREMENTO DO PISO DA ATENÇÃO PRIMÁRIA À SAÚDE - PAP;11404679000109;FUNDO MUNICIPAL DE SAUDE;8410;15/10/2025;PROPOSTA PAGA;Proposta Paga;27/10/2025;R$350.000,00;R$350.000,00;R$350.000,00
2025;71160007;S.PART.;BANCADA DA PARAÍBA;não se aplica;não se aplica;PB;251010;NOVA FLORESTA;MUNICIPAL;BANCADA OBRIGATÓRIA;CAPITAL;302;3129;10302511885358697;29/09/2025;18517489000125008;202500040280;FAF;EQUIPAMENTO;8535;ATENÇÃO ESPECIALIZADA À SAÚDE;Rede de Atenção Hospitalar - Ambulância de Transporte Tipo A - Remoção Simples - Eletiva;18517489000139;FUNDO MUNICIPAL DE SAUDE;9102;05/12/2025;PROPOSTA PAGA;Proposta Paga;18/12/2025;R$272.600,00;R$272.600,00;R$272.600,00
2025;71160007;S.PART.;BANCADA DA PARAÍBA;não se aplica;não se aplica;PB;251480;SAO JOSE DOS CORDEIROS;MUNICIPAL;BANCADA OBRIGATÓRIA;CAPITAL;302;3129;10302511885358697;21/09/2025;13491027000125003;202500033398;FAF;EQUIPAMENTO;8535;ATENÇÃO ESPECIALIZADA À SAÚDE;Rede de Atenção Hospitalar - Ambulância de Transporte Tipo A - Remoção Simples - Eletiva;13491027000176;FUNDO MUNICIPAL DE SAUDE DE SAO JOSE DOS CORDEIROS - PB;8507;24/10/2025;PROPOSTA PAGA;Proposta Paga;10/11/2025;R$314.200,00;R$314.200,00;R$314.200,00
2025;71160007;S.PART.;BANCADA DA PARAÍBA;não se aplica;não se aplica;PB;251600;SOLANEA;MUNICIPAL;BANCADA OBRIGATÓRIA;CAPITAL;302;3129;10302511885358697;11/09/2025;13857317000125003;202500033399;FAF;EQUIPAMENTO;8535;ATENÇÃO ESPECIALIZADA À SAÚDE;Rede de Atenção Hospitalar - Ambulância de Transporte Tipo A - Remoção Simples - Eletiva;13857317000190;FUNDO MUNICIPAL DE SAUDE DE SOLANEA;8507;24/10/2025;PROPOSTA PAGA;Proposta Paga;10/11/2025;R$314.200,00;R$314.200,00;R$314.200,00
2025;71160002;S.PART.;BANCADA DA PARAÍBA;não se aplica;não se aplica;PB;251400;SAO JOAO DO CARIRI;MUNICIPAL;BANCADA OBRIGATÓRIA;CORRENTE;301;1001;1030151192E890025;09/09/2025;36000703957202500;202500032419;FAF;INCREMENTO PAP;2E89;ATENÇÃO PRIMÁRIA À SAÚDE;INCREMENTO DO PISO DA ATENÇÃO PRIMÁRIA À SAÚDE - PAP;12447221000191;FUNDO MUNICIPAL DE SAUDE DE SAO JOAO DO CARIRI - PB;8443;20/10/2025;PROPOSTA PAGA;Proposta Paga;13/11/2025;R$500.000,00;R$500.000,00;R$500.000,00
2025;71160010;S.PART.;BANCADA DA PARAÍBA;não se aplica;não se aplica;PB;250430;CATOLE DO ROCHA;MUNICIPAL;BANCADA OBRIGATÓRIA;CORRENTE;302;1001;1030251182E900025;10/09/2025;36000704413202500;202500035140;FAF;INCREMENTO MAC;2E90;ATENÇÃO ESPECIALIZADA À SAÚDE;Incremento Temporário do Teto da Média e Alta Complexidade - MAC;12784607000199;FUNDO MUNICIPAL DE SAUDE DE CATOLE DO ROCHA;8603;31/10/2025;PROPOSTA PAGA;Proposta Paga;10/12/2025;R$500.000,00;R$500.000,00;R$500.000,00
2025;71160002;S.PART.;BANCADA DA PARAÍBA;não se aplica;não se aplica;PB;250300;CAAPORA;MUNICIPAL;BANCADA OBRIGATÓRIA;CORRENTE;301;1001;1030151192E890025;16/09/2025;36000706753202500;202500029444;FAF;INCREMENTO PAP;2E89;ATENÇÃO PRIMÁRIA À SAÚDE;INCREMENTO DO PISO DA ATENÇÃO PRIMÁRIA À SAÚDE - PAP;10975044000190;FUNDO MUNICIPAL DE SAUDE - FMS;8319;06/10/2025;PROPOSTA PAGA;Proposta Paga;15/10/2025;R$600.010,00;R$600.010,00;R$600.010,00
2025;71160010;S.PART.;BANCADA DA PARAÍBA;não se aplica;não se aplica;PB;251480;SAO JOSE DOS CORDEIROS;MUNICIPAL;BANCADA OBRIGATÓRIA;CORRENTE;302;1000;1030251182E900025;21/09/2025;36000708433202500;202500039803;FAF;INCREMENTO MAC;2E90;ATENÇÃO ESPECIALIZADA À SAÚDE;Incremento Temporário do Teto da Média e Alta Complexidade - MAC;13491027000176;FUNDO MUNICIPAL DE SAUDE DE SAO JOSE DOS CORDEIROS - PB;9077;03/12/2025;PROPOSTA PAGA;Proposta Paga;18/12/2025;R$84.571,00;R$84.571,00;R$84.571,00
2025;71160010;S.PART.;BANCADA DA PARAÍBA;não se aplica;não se aplica;PB;250080;ARACAGI;MUNICIPAL;BANCADA OBRIGATÓRIA;CORRENTE;302;1001;1030251182E900025;10/09/2025;36000704715202500;202500030186;FAF;INCREMENTO MAC;2E90;ATENÇÃO ESPECIALIZADA À SAÚDE;Incremento Temporário do Teto da Média e Alta Complexidade - MAC;12431299000118;ARACAGI - FUNDO MUNICIPAL DE SAUDE;8396;14/10/2025;PROPOSTA PAGA;Proposta Paga;21/10/2025;R$400.000,00;R$400.000,00;R$400.000,00
2025;71160002;S.PART.;BANCADA DA PARAÍBA;não se aplica;não se aplica;PB;251615;SOSSEGO;MUNICIPAL;BANCADA OBRIGATÓRIA;CORRENTE;301;1001;1030151192E890025;05/09/2025;36000702327202500;202500025308;FAF;INCREMENTO PAP;2E89;ATENÇÃO PRIMÁRIA À SAÚDE;INCREMENTO DO PISO DA ATENÇÃO PRIMÁRIA À SAÚDE - PAP;11404679000109;FUNDO MUNICIPAL DE SAUDE;8108;16/09/2025;PROPOSTA PAGA;Proposta Paga;01/10/2025;R$200.000,00;R$200.000,00;R$200.000,00
2025;71160002;S.PART.;BANCADA DA PARAÍBA;não se aplica;não se aplica;PB;251597;SOBRADO;MUNICIPAL;BANCADA OBRIGATÓRIA;CORRENTE;301;1001;1030151192E890025;03/09/2025;36000700532202500;202500027466;FAF;INCREMENTO PAP;2E89;ATENÇÃO PRIMÁRIA À SAÚDE;INCREMENTO DO PISO DA ATENÇÃO PRIMÁRIA À SAÚDE - PAP;12012235000182;FUNDO MUNICIPAL DE SAUDE;8232;25/09/2025;PROPOSTA PAGA;Proposta Paga;09/10/2025;R$300.000,00;R$300.000,00;R$300.000,00
2025;71160002;S.PART.;BANCADA DA PARAÍBA;não se aplica;não se aplica;PB;250073;AMPARO;MUNICIPAL;BANCADA OBRIGATÓRIA;CORRENTE;301;1000;1030151192E890025;06/11/2025;36000717056202500;202500037017;FAF;INCREMENTO PAP;2E89;ATENÇÃO PRIMÁRIA À SAÚDE;INCREMENTO DO PISO DA ATENÇÃO PRIMÁRIA À SAÚDE - PAP;08612869000107;FUNDO MUNICIPAL DE SAUDE DE AMPARO-PB;8799;13/11/2025;PROPOSTA PAGA;Proposta Paga;25/11/2025;R$500.000,00;R$500.000,00;R$500.000,00
2025;71160010;S.PART.;BANCADA DA PARAÍBA;não se aplica;não se aplica;PB;251250;QUEIMADAS;MUNICIPAL;BANCADA OBRIGATÓRIA;CORRENTE;302;1001;1030251182E900025;16/09/2025;36000706662202500;202500026933;FAF;INCREMENTO MAC;2E90;ATENÇÃO ESPECIALIZADA À SAÚDE;Incremento Temporário do Teto da Média e Alta Complexidade - MAC;11162629000154;FUNDO MUNICIPAL DE SAUDE;8212;23/09/2025;PROPOSTA PAGA;Proposta Paga;21/10/2025;R$600.000,00;R$600.000,00;R$600.000,00
2025;71160002;S.PART.;BANCADA DA PARAÍBA;não se aplica;não se aplica;PB;250060;ALHANDRA;MUNICIPAL;BANCADA OBRIGATÓRIA;CORRENTE;301;1001;1030151192E890025;12/09/2025;36000705589202500;202500025286;FAF;INCREMENTO PAP;2E89;ATENÇÃO PRIMÁRIA À SAÚDE;INCREMENTO DO PISO DA ATENÇÃO PRIMÁRIA À SAÚDE - PAP;11490408000105;FUNDO MUNICIPAL DE SAUDE;8108;16/09/2025;PROPOSTA PAGA;Proposta Paga;01/10/2025;R$100.000,00;R$100.000,00;R$100.000,00
2025;71160002;S.PART.;BANCADA DA PARAÍBA;não se aplica;não se aplica;PB;250380;CALDAS BRANDAO;MUNICIPAL;BANCADA OBRIGATÓRIA;CORRENTE;301;1001;1030151192E890025;25/09/2025;36000709532202500;202500036542;FAF;INCREMENTO PAP;2E89;ATENÇÃO PRIMÁRIA À SAÚDE;INCREMENTO DO PISO DA ATENÇÃO PRIMÁRIA À SAÚDE - PAP;11238753000156;FUNDO MUNICIPAL DE SAUDE CALDAS BRANDAO;8702;10/11/2025;PROPOSTA PAGA;Proposta Paga;28/11/2025;R$100.000,00;R$100.000,00;R$100.000,00
2025;71160010;S.PART.;BANCADA DA PARAÍBA;não se aplica;não se aplica;PB;250460;CONDE;MUNICIPAL;BANCADA OBRIGATÓRIA;CORRENTE;302;1001;1030251182E900025;06/10/2025;36000711066202500;202500035584;FAF;INCREMENTO MAC;2E90;ATENÇÃO ESPECIALIZADA À SAÚDE;Incremento Temporário do Teto da Média e Alta Complexidade - MAC;11570107000191;FUNDO MUNICIPAL DE SAUDE;8620;03/11/2025;PROPOSTA PAGA;Proposta Paga;21/11/2025;R$1.233.000,00;R$1.233.000,00;R$1.233.000,00
2025;71160002;S.PART.;BANCADA DA PARAÍBA;não se aplica;não se aplica;PB;251550;SERRA BRANCA;MUNICIPAL;BANCADA OBRIGATÓRIA;CORRENTE;301;1001;1030151192E890025;10/09/2025;36000704598202500;202500027804;FAF;INCREMENTO PAP;2E89;ATENÇÃO PRIMÁRIA À SAÚDE;INCREMENTO DO PISO DA ATENÇÃO PRIMÁRIA À SAÚDE - PAP;05456092000132;FUNDO MUNICIPAL DE SAUDE;8203;23/09/2025;PROPOSTA PAGA;Proposta Paga;22/10/2025;R$500.000,00;R$500.000,00;R$500.000,00
2025;71160002;S.PART.;BANCADA DA PARAÍBA;não se aplica;não se aplica;PB;250850;LIVRAMENTO;MUNICIPAL;BANCADA OBRIGATÓRIA;CORRENTE;301;1001;1030151192E890025;18/09/2025;36000707905202500;202500028517;FAF;INCREMENTO PAP;2E89;ATENÇÃO PRIMÁRIA À SAÚDE;INCREMENTO DO PISO DA ATENÇÃO PRIMÁRIA À SAÚDE - PAP;11188530000121;FUNDO MUNICIPAL DE SAUDE;8274;30/09/2025;PROPOSTA PAGA;Proposta Paga;09/10/2025;R$200.000,00;R$200.000,00;R$200.000,00
2025;71160002;S.PART.;BANCADA DA PARAÍBA;não se aplica;não se aplica;PB;251630;SUME;MUNICIPAL;BANCADA OBRIGATÓRIA;CORRENTE;301;1001;1030151192E890025;08/09/2025;36000703348202500;202500027464;FAF;INCREMENTO PAP;2E89;ATENÇÃO PRIMÁRIA À SAÚDE;INCREMENTO DO PISO DA ATENÇÃO PRIMÁRIA À SAÚDE - PAP;11285069000125;FUNDO MUNICIPAL DE SAUDE;8232;25/09/2025;PROPOSTA PAGA;Proposta Paga;09/10/2025;R$500.000,00;R$500.000,00;R$500.000,00
2025;71160010;S.PART.;BANCADA DA PARAÍBA;não se aplica;não se aplica;PB;250750;JOAO PESSOA;ESTADUAL;BANCADA OBRIGATÓRIA;CORRENTE;302;1001;1030251182E900025;19/09/2025;36000708282202500;202500028273;FAF;INCREMENTO MAC;2E90;ATENÇÃO ESPECIALIZADA À SAÚDE;Incremento Temporário do Teto da Média e Alta Complexidade - MAC;03609595000175;FUNDO ESTADUAL DE SAUDE DO ESTADO DA PARAIBA - FESEP;8220;24/09/2025;PROPOSTA PAGA;Proposta Paga;21/10/2025;R$4.000.000,00;R$4.000.000,00;R$4.000.000,00
2025;71160002;S.PART.;BANCADA DA PARAÍBA;não se aplica;não se aplica;PB;251400;SAO JOAO DO CARIRI;MUNICIPAL;BANCADA OBRIGATÓRIA;CORRENTE;301;1001;1030151192E890025;09/09/2025;36000704002202500;202500029201;FAF;INCREMENTO PAP;2E89;ATENÇÃO PRIMÁRIA À SAÚDE;INCREMENTO DO PISO DA ATENÇÃO PRIMÁRIA À SAÚDE - PAP;12447221000191;FUNDO MUNICIPAL DE SAUDE DE SAO JOAO DO CARIRI - PB;8312;03/10/2025;PROPOSTA PAGA;Proposta Paga;16/10/2025;R$200.000,00;R$200.000,00;R$200.000,00
2025;71160010;S.PART.;BANCADA DA PARAÍBA;não se aplica;não se aplica;PB;250150;BANANEIRAS;MUNICIPAL;BANCADA OBRIGATÓRIA;CORRENTE;302;1001;1030251182E900025;08/09/2025;36000703341202500;202500027155;FAF;INCREMENTO MAC;2E90;ATENÇÃO ESPECIALIZADA À SAÚDE;Incremento Temporário do Teto da Média e Alta Complexidade - MAC;18730452000194;BANANEIRAS - FUNDO MUNICIPAL DE SAUDE;8220;24/09/2025;PROPOSTA PAGA;Proposta Paga;21/10/2025;R$350.000,00;R$350.000,00;R$350.000,00
2025;71160001;S.PART.;BANCADA DA PARAÍBA;não se aplica;não se aplica;PB;250410;CARRAPATEIRA;MUNICIPAL;BANCADA OBRIGATÓRIA;CAPITAL;301;1001;10301511985817022;17/09/2025;11579536000125006;202500033229;FAF;EQUIPAMENTO;8581;ATENÇÃO PRIMÁRIA À SAÚDE;EQUIPAMENTOS - UBS;11579536000120;FUNDO MUNICIPAL DE SAUDE;8496;23/10/2025;PROPOSTA PAGA;Proposta Paga;29/12/2025;R$299.994,00;R$299.994,00;R$299.994,00
2025;71160002;S.PART.;BANCADA DA PARAÍBA;não se aplica;não se aplica;PB;250500;CUBATI;MUNICIPAL;BANCADA OBRIGATÓRIA;CORRENTE;301;1001;1030151192E890025;12/09/2025;36000705645202500;202500028043;FAF;INCREMENTO PAP;2E89;ATENÇÃO PRIMÁRIA À SAÚDE;INCREMENTO DO PISO DA ATENÇÃO PRIMÁRIA À SAÚDE - PAP;08580325000100;FUNDO MUNICIPAL DE SAUDE DE CUBATI;8259;29/09/2025;PROPOSTA PAGA;Proposta Paga;17/04/2026;R$300.000,00;R$300.000,00;R$300.000,00
2025;71160002;S.PART.;BANCADA DA PARAÍBA;não se aplica;não se aplica;PB;250620;FREI MARTINHO;MUNICIPAL;BANCADA OBRIGATÓRIA;CORRENTE;301;1001;1030151192E890025;25/09/2025;36000709632202500;202500028497;FAF;INCREMENTO PAP;2E89;ATENÇÃO PRIMÁRIA À SAÚDE;INCREMENTO DO PISO DA ATENÇÃO PRIMÁRIA À SAÚDE - PAP;11252030000101;FUNDO MUNICIPAL DE SAUDE DE FREI MARTINHO;8274;30/09/2025;PROPOSTA PAGA;Proposta Paga;16/10/2025;R$300.000,00;R$300.000,00;R$300.000,00
2025;71160010;S.PART.;BANCADA DA PARAÍBA;não se aplica;não se aplica;PB;251060;OURO VELHO;MUNICIPAL;BANCADA OBRIGATÓRIA;CORRENTE;302;1001;1030251182E900025;09/09/2025;36000704035202500;202500026519;FAF;INCREMENTO MAC;2E90;ATENÇÃO ESPECIALIZADA À SAÚDE;Incremento Temporário do Teto da Média e Alta Complexidade - MAC;11348410000144;FUNDO MUNICIPAL DE SAUDE DE OURO VELHO;8180;22/09/2025;PROPOSTA PAGA;Proposta Paga;21/10/2025;R$92.000,00;R$92.000,00;R$92.000,00
2025;71160002;S.PART.;BANCADA DA PARAÍBA;não se aplica;não se aplica;PB;250355;CACIMBAS;MUNICIPAL;BANCADA OBRIGATÓRIA;CORRENTE;301;1001;1030151192E890025;10/09/2025;36000704358202500;202500028029;FAF;INCREMENTO PAP;2E89;ATENÇÃO PRIMÁRIA À SAÚDE;INCREMENTO DO PISO DA ATENÇÃO PRIMÁRIA À SAÚDE - PAP;10541009000163;FUNDO MUNICIPAL DE SAUDE DE CACIMBAS;8259;29/09/2025;PROPOSTA PAGA;Proposta Paga;15/10/2025;R$300.000,00;R$300.000,00;R$300.000,00
2025;71160002;S.PART.;BANCADA DA PARAÍBA;não se aplica;não se aplica;PB;250020;AGUIAR;MUNICIPAL;BANCADA OBRIGATÓRIA;CORRENTE;301;1000;1030151192E890025;28/11/2025;36000719723202500;202500040421;FAF;INCREMENTO PAP;2E89;ATENÇÃO PRIMÁRIA À SAÚDE;INCREMENTO DO PISO DA ATENÇÃO PRIMÁRIA À SAÚDE - PAP;11267041000165;FUNDO MUNICIPAL DE SAUDE;9156;08/12/2025;PROPOSTA PAGA;Proposta Paga;19/12/2025;R$350.000,00;R$350.000,00;R$350.000,00
2025;71160002;S.PART.;BANCADA DA PARAÍBA;não se aplica;não se aplica;PB;251370;SANTA RITA;MUNICIPAL;BANCADA OBRIGATÓRIA;CORRENTE;301;1001;1030151192E890025;04/09/2025;36000701653202500;202500032091;FAF;INCREMENTO PAP;2E89;ATENÇÃO PRIMÁRIA À SAÚDE;INCREMENTO DO PISO DA ATENÇÃO PRIMÁRIA À SAÚDE - PAP;08694222000163;FUNDO MUNICIPAL DE SAUDE DE SANTA RITA;8443;20/10/2025;PROPOSTA PAGA;Proposta Paga;22/12/2025;R$2.000.000,00;R$2.000.000,00;R$2.000.000,00
2025;71160002;S.PART.;BANCADA DA PARAÍBA;não se aplica;não se aplica;PB;250040;ALAGOA NOVA;MUNICIPAL;BANCADA OBRIGATÓRIA;CORRENTE;301;1001;1030151192E890025;09/09/2025;36000703728202500;202500025277;FAF;INCREMENTO PAP;2E89;ATENÇÃO PRIMÁRIA À SAÚDE;INCREMENTO DO PISO DA ATENÇÃO PRIMÁRIA À SAÚDE - PAP;11838096000188;FUNDO MUNICIPAL DE SAUDE DE ALAGOA NOVA;8108;16/09/2025;PROPOSTA PAGA;Proposta Paga;01/10/2025;R$2.500.000,00;R$2.500.000,00;R$2.500.000,00
2025;71160002;S.PART.;BANCADA DA PARAÍBA;não se aplica;não se aplica;PB;251410;SAO JOAO DO TIGRE;MUNICIPAL;BANCADA OBRIGATÓRIA;CORRENTE;301;1001;1030151192E890025;09/09/2025;36000703810202500;202500025384;FAF;INCREMENTO PAP;2E89;ATENÇÃO PRIMÁRIA À SAÚDE;INCREMENTO DO PISO DA ATENÇÃO PRIMÁRIA À SAÚDE - PAP;12899907000113;FUNDO MUNICIPAL DE SAUDE;8108;16/09/2025;PROPOSTA PAGA;Proposta Paga;01/10/2025;R$100.000,00;R$100.000,00;R$100.000,00
2025;71160002;S.PART.;BANCADA DA PARAÍBA;não se aplica;não se aplica;PB;250053;ALCANTIL;MUNICIPAL;BANCADA OBRIGATÓRIA;CORRENTE;301;1001;1030151192E890025;10/09/2025;36000704232202500;202500032416;FAF;INCREMENTO PAP;2E89;ATENÇÃO PRIMÁRIA À SAÚDE;INCREMENTO DO PISO DA ATENÇÃO PRIMÁRIA À SAÚDE - PAP;08448753000176;FUNDO MUNICIPAL DE SAUDE - ALCANTIL PB;8451;20/10/2025;PROPOSTA PAGA;Proposta Paga;13/11/2025;R$500.000,00;R$500.000,00;R$500.000,00
2025;71160010;S.PART.;BANCADA DA PARAÍBA;não se aplica;não se aplica;PB;250970;MONTEIRO;MUNICIPAL;BANCADA OBRIGATÓRIA;CORRENTE;302;1001;1030251182E900025;08/09/2025;36000703258202500;202500029536;FAF;INCREMENTO MAC;2E90;ATENÇÃO ESPECIALIZADA À SAÚDE;Incremento Temporário do Teto da Média e Alta Complexidade - MAC;11214763000151;FUNDO MUNICIPAL DE SAUDE DE MONTEIRO;8332;07/10/2025;PROPOSTA PAGA;Proposta Paga;21/10/2025;R$1.516.707,00;R$1.516.707,00;R$1.516.707,00
2025;71160007;S.PART.;BANCADA DA PARAÍBA;não se aplica;não se aplica;PB;251690;UIRAUNA;MUNICIPAL;BANCADA OBRIGATÓRIA;CAPITAL;302;3129;10302511885358697;26/09/2025;10435066000125007;202500037248;FAF;EQUIPAMENTO;8535;ATENÇÃO ESPECIALIZADA À SAÚDE;Rede de Urgência e Emergência - Pronto Atendimento;10435066000168;FUNDO MUNICIPAL DE SAUDE;8794;13/11/2025;PROPOSTA PAGA;Proposta Paga;27/11/2025;R$349.983,00;R$349.983,00;R$349.983,00
2025;71160002;S.PART.;BANCADA DA PARAÍBA;não se aplica;não se aplica;PB;250527;CURRAL DE CIMA;MUNICIPAL;BANCADA OBRIGATÓRIA;CORRENTE;301;1001;1030151192E890025;09/09/2025;36000704168202500;202500028045;FAF;INCREMENTO PAP;2E89;ATENÇÃO PRIMÁRIA À SAÚDE;INCREMENTO DO PISO DA ATENÇÃO PRIMÁRIA À SAÚDE - PAP;17945598000194;FUNDO MUNICIPAL DE SAUDE DE CURRAL DE CIMA;8259;29/09/2025;PROPOSTA PAGA;Proposta Paga;09/10/2025;R$200.000,00;R$200.000,00;R$200.000,00
2025;71160002;S.PART.;BANCADA DA PARAÍBA;não se aplica;não se aplica;PB;251110;PEDRA LAVRADA;MUNICIPAL;BANCADA OBRIGATÓRIA;CORRENTE;301;1001;1030151192E890025;12/09/2025;36000705638202500;202500027613;FAF;INCREMENTO PAP;2E89;ATENÇÃO PRIMÁRIA À SAÚDE;INCREMENTO DO PISO DA ATENÇÃO PRIMÁRIA À SAÚDE - PAP;08932293000157;FUNDO MUNICIPAL DE SAUDE DE PEDRA LAVRADA;8246;26/09/2025;PROPOSTA PAGA;Proposta Paga;09/10/2025;R$200.000,00;R$200.000,00;R$200.000,00
2025;71160010;S.PART.;BANCADA DA PARAÍBA;não se aplica;não se aplica;PB;251590;SERRARIA;MUNICIPAL;BANCADA OBRIGATÓRIA;CORRENTE;302;1000;1030251182E900025;22/09/2025;36000708531202500;202500029820;FAF;INCREMENTO MAC;2E90;ATENÇÃO ESPECIALIZADA À SAÚDE;Incremento Temporário do Teto da Média e Alta Complexidade - MAC;12011652000100;SSFUNDO MUNICIPAL DE SAUDE DE SERRARIA - PB;8360;09/10/2025;PROPOSTA PAGA;Proposta Paga;21/10/2025;R$200.000,00;R$200.000,00;R$200.000,00
2025;71160010;S.PART.;BANCADA DA PARAÍBA;não se aplica;não se aplica;PB;250300;CAAPORA;MUNICIPAL;BANCADA OBRIGATÓRIA;CORRENTE;302;1000;1030251182E900025;22/12/2025;36000723275202500;202500043213;FAF;INCREMENTO MAC;2E90;ATENÇÃO ESPECIALIZADA À SAÚDE;Incremento Temporário do Teto da Média e Alta Complexidade - MAC;10975044000190;FUNDO MUNICIPAL DE SAUDE - FMS;9670;24/12/2025;PROPOSTA PAGA;Proposta Paga;12/02/2026;R$227.000,00;R$227.000,00;R$227.000,00
2025;71160010;S.PART.;BANCADA DA PARAÍBA;não se aplica;não se aplica;PB;251650;TAPEROA;MUNICIPAL;BANCADA OBRIGATÓRIA;CORRENTE;302;1000;1030251182E900025;16/09/2025;36000706801202500;202500028842;FAF;INCREMENTO MAC;2E90;ATENÇÃO ESPECIALIZADA À SAÚDE;Incremento Temporário do Teto da Média e Alta Complexidade - MAC;11850452000189;FUNDO MUNICIPAL DE SAUDE DE TAPEROA;8267;30/09/2025;PROPOSTA PAGA;Proposta Paga;21/10/2025;R$750.000,00;R$750.000,00;R$750.000,00
2025;71160002;S.PART.;BANCADA DA PARAÍBA;não se aplica;não se aplica;PB;250290;BREJO DOS SANTOS;MUNICIPAL;BANCADA OBRIGATÓRIA;CORRENTE;301;1001;1030151192E890025;08/09/2025;36000703301202500;202500031122;FAF;INCREMENTO PAP;2E89;ATENÇÃO PRIMÁRIA À SAÚDE;INCREMENTO DO PISO DA ATENÇÃO PRIMÁRIA À SAÚDE - PAP;18000776000177;FUNDO MUNICIPAL DE SAUDE DE BREJO DOS SANTOS;8410;15/10/2025;PROPOSTA PAGA;Proposta Paga;27/10/2025;R$1.000.000,00;R$1.000.000,00;R$1.000.000,00
2025;71160010;S.PART.;BANCADA DA PARAÍBA;não se aplica;não se aplica;PB;250215;BOA VISTA;MUNICIPAL;BANCADA OBRIGATÓRIA;CORRENTE;302;1001;1030251182E900025;12/12/2025;36000721874202500;202500041566;FAF;INCREMENTO MAC;2E90;ATENÇÃO ESPECIALIZADA À SAÚDE;Incremento Temporário do Teto da Média e Alta Complexidade - MAC;12868705000104;FUNDO MUNICIPAL DE SAUDE;9414;17/12/2025;EM ANALISE PELA ÁREA FINALÍSTICA;Proposta Empenhada aguardando Formalização;-;R$30.000,00;R$30.000,00;R$0,00
2025;71160002;S.PART.;BANCADA DA PARAÍBA;não se aplica;não se aplica;PB;251630;SUME;MUNICIPAL;BANCADA OBRIGATÓRIA;CORRENTE;301;1001;1030151192E890025;08/09/2025;36000703352202500;202500025314;FAF;INCREMENTO PAP;2E89;ATENÇÃO PRIMÁRIA À SAÚDE;INCREMENTO DO PISO DA ATENÇÃO PRIMÁRIA À SAÚDE - PAP;11285069000125;FUNDO MUNICIPAL DE SAUDE;8108;16/09/2025;PROPOSTA PAGA;Proposta Paga;01/10/2025;R$1.000.000,00;R$1.000.000,00;R$1.000.000,00
2025;71160002;S.PART.;BANCADA DA PARAÍBA;não se aplica;não se aplica;PB;251680;TRIUNFO;MUNICIPAL;BANCADA OBRIGATÓRIA;CORRENTE;301;1001;1030151192E890025;16/09/2025;36000707061202500;202500027348;FAF;INCREMENTO PAP;2E89;ATENÇÃO PRIMÁRIA À SAÚDE;INCREMENTO DO PISO DA ATENÇÃO PRIMÁRIA À SAÚDE - PAP;12794460000118;FUNDO MUNICIPAL DE SAUDE DE TRIUNFO;8232;25/09/2025;PROPOSTA PAGA;Proposta Paga;09/10/2025;R$1.000.000,00;R$1.000.000,00;R$1.000.000,00
2025;71160002;S.PART.;BANCADA DA PARAÍBA;não se aplica;não se aplica;PB;250215;BOA VISTA;MUNICIPAL;BANCADA OBRIGATÓRIA;CORRENTE;301;1001;1030151192E890025;13/10/2025;36000712309202500;202500032080;FAF;INCREMENTO PAP;2E89;ATENÇÃO PRIMÁRIA À SAÚDE;INCREMENTO DO PISO DA ATENÇÃO PRIMÁRIA À SAÚDE - PAP;12868705000104;FUNDO MUNICIPAL DE SAUDE;8451;20/10/2025;PROPOSTA PAGA;Proposta Paga;13/11/2025;R$30.000,00;R$30.000,00;R$30.000,00
2025;71160002;S.PART.;BANCADA DA PARAÍBA;não se aplica;não se aplica;PB;250523;CUITE DE MAMANGUAPE;MUNICIPAL;BANCADA OBRIGATÓRIA;CORRENTE;301;1001;1030151192E890025;22/12/2025;36000723232202500;202500043852;FAF;INCREMENTO PAP;2E89;ATENÇÃO PRIMÁRIA À SAÚDE;INCREMENTO DO PISO DA ATENÇÃO PRIMÁRIA À SAÚDE - PAP;13099820000124;CUITE DE MAMANGUAPE FUNDO MUNICIPAL DE SAUDE;9761;30/12/2025;PROPOSTA PAGA;Proposta Paga;05/02/2026;R$60.000,00;R$60.000,00;R$60.000,00
2025;71160002;S.PART.;BANCADA DA PARAÍBA;não se aplica;não se aplica;PB;250115;AREIA DE BARAUNAS;MUNICIPAL;BANCADA OBRIGATÓRIA;CORRENTE;301;1001;1030151192E890025;07/10/2025;36000711452202500;202500044203;FAF;INCREMENTO PAP;2E89;ATENÇÃO PRIMÁRIA À SAÚDE;INCREMENTO DO PISO DA ATENÇÃO PRIMÁRIA À SAÚDE - PAP;11832051000104;FUNDO MUNICIPAL DE SAUDE DO MUNICIPIO DE AREIA DE BARAUNAS;10029;31/12/2025;PROPOSTA PAGA;Proposta Paga;05/02/2026;R$350.000,00;R$350.000,00;R$350.000,00
2025;71160002;S.PART.;BANCADA DA PARAÍBA;não se aplica;não se aplica;PB;250630;GUARABIRA;MUNICIPAL;BANCADA OBRIGATÓRIA;CORRENTE;301;1001;1030151192E890025;03/09/2025;36000699931202500;202500025324;FAF;INCREMENTO PAP;2E89;ATENÇÃO PRIMÁRIA À SAÚDE;INCREMENTO DO PISO DA ATENÇÃO PRIMÁRIA À SAÚDE - PAP;13844779000173;GUARABIRA FUNDO MUNICIPAL DE SAUDE;8108;16/09/2025;PROPOSTA PAGA;Proposta Paga;01/10/2025;R$2.000.000,00;R$2.000.000,00;R$2.000.000,00
2025;71160002;S.PART.;BANCADA DA PARAÍBA;não se aplica;não se aplica;PB;250590;EMAS;MUNICIPAL;BANCADA OBRIGATÓRIA;CORRENTE;301;1001;1030151192E890025;24/09/2025;36000709316202500;202500028051;FAF;INCREMENTO PAP;2E89;ATENÇÃO PRIMÁRIA À SAÚDE;INCREMENTO DO PISO DA ATENÇÃO PRIMÁRIA À SAÚDE - PAP;11655026000194;FUNDO MUNICIPAL DE SAUDE;8261;29/09/2025;PROPOSTA PAGA;Proposta Paga;09/10/2025;R$100.000,00;R$100.000,00;R$100.000,00
2025;71160002;S.PART.;BANCADA DA PARAÍBA;não se aplica;não se aplica;PB;250380;CALDAS BRANDAO;MUNICIPAL;BANCADA OBRIGATÓRIA;CORRENTE;301;1001;1030151192E890025;25/09/2025;36000709549202500;202500036543;FAF;INCREMENTO PAP;2E89;ATENÇÃO PRIMÁRIA À SAÚDE;INCREMENTO DO PISO DA ATENÇÃO PRIMÁRIA À SAÚDE - PAP;11238753000156;FUNDO MUNICIPAL DE SAUDE CALDAS BRANDAO;8702;10/11/2025;PROPOSTA PAGA;Proposta Paga;28/11/2025;R$400.000,00;R$400.000,00;R$400.000,00
2025;71160010;S.PART.;BANCADA DA PARAÍBA;não se aplica;não se aplica;PB;250070;SAO JOAO DO RIO DO PEIXE;MUNICIPAL;BANCADA OBRIGATÓRIA;CORRENTE;302;1001;1030251182E900025;07/10/2025;36000711434202500;202500030189;FAF;INCREMENTO MAC;2E90;ATENÇÃO ESPECIALIZADA À SAÚDE;Incremento Temporário do Teto da Média e Alta Complexidade - MAC;17648806000193;FUNDO MUNICIPAL DE SAUDE DE SAO JOAO DO RIO DO PEIXE;8396;14/10/2025;PROPOSTA PAGA;Proposta Paga;21/10/2025;R$1.000.000,00;R$1.000.000,00;R$1.000.000,00
2025;71160002;S.PART.;BANCADA DA PARAÍBA;não se aplica;não se aplica;PB;250205;BERNARDINO BATISTA;MUNICIPAL;BANCADA OBRIGATÓRIA;CORRENTE;301;1001;1030151192E890025;25/09/2025;36000709639202500;202500031116;FAF;INCREMENTO PAP;2E89;ATENÇÃO PRIMÁRIA À SAÚDE;INCREMENTO DO PISO DA ATENÇÃO PRIMÁRIA À SAÚDE - PAP;10484826000127;FUNDO MUNICIPAL DE SAUDE;8410;15/10/2025;PROPOSTA PAGA;Proposta Paga;27/10/2025;R$200.000,00;R$200.000,00;R$200.000,00
2025;71160002;S.PART.;BANCADA DA PARAÍBA;não se aplica;não se aplica;PB;250410;CARRAPATEIRA;MUNICIPAL;BANCADA OBRIGATÓRIA;CORRENTE;301;1001;1030151192E890025;17/09/2025;36000707399202500;202500028037;FAF;INCREMENTO PAP;2E89;ATENÇÃO PRIMÁRIA À SAÚDE;INCREMENTO DO PISO DA ATENÇÃO PRIMÁRIA À SAÚDE - PAP;11579536000120;FUNDO MUNICIPAL DE SAUDE;8259;29/09/2025;PROPOSTA PAGA;Proposta Paga;15/10/2025;R$200.000,00;R$200.000,00;R$200.000,00
2025;71160007;S.PART.;BANCADA DA PARAÍBA;não se aplica;não se aplica;PB;250400;CAMPINA GRANDE;MUNICIPAL;BANCADA OBRIGATÓRIA;CAPITAL;302;3129;10302511885358697;31/10/2025;24513574000125012;202500044166;FAF;EQUIPAMENTO;8535;ATENÇÃO ESPECIALIZADA À SAÚDE;Rede de Cuidados à Pessoa com Deficiência - Transporte Sanitário Adaptado;24513574000121;FUNDO MUNICIPAL DE SAUDE DE CAMPINA GRANDE;10086;31/12/2025;PROPOSTA PAGA;Proposta Paga;13/02/2026;R$385.723,00;R$385.723,00;R$385.723,00
2025;71160007;S.PART.;BANCADA DA PARAÍBA;não se aplica;não se aplica;PB;250870;MAE D'AGUA;MUNICIPAL;BANCADA OBRIGATÓRIA;CAPITAL;302;3129;10302511885358697;10/09/2025;03627760000125005;202500040899;FAF;EQUIPAMENTO;8535;ATENÇÃO ESPECIALIZADA À SAÚDE;Políticas de Atenção Ambulatorial Especializada e Serviços Hospitalares de Alta Complexidade - Transporte Sanitário Eletivo;03627760000111;FUNDO MUNICIPAL DE SAUDE DE MAE D AGUA;9192;10/12/2025;PROPOSTA PAGA;Proposta Paga;12/02/2026;R$385.723,00;R$385.723,00;R$385.723,00
2025;71160010;S.PART.;BANCADA DA PARAÍBA;não se aplica;não se aplica;PB;250750;JOAO PESSOA;ESTADUAL;BANCADA OBRIGATÓRIA;CORRENTE;302;1001;1030251182E900025;18/09/2025;36000707951202500;202500028724;FAF;INCREMENTO MAC;2E90;ATENÇÃO ESPECIALIZADA À SAÚDE;Incremento Temporário do Teto da Média e Alta Complexidade - MAC;03609595000175;FUNDO ESTADUAL DE SAUDE DO ESTADO DA PARAIBA - FESEP;8267;30/09/2025;PROPOSTA PAGA;Proposta Paga;21/10/2025;R$2.000.010,00;R$2.000.010,00;R$2.000.010,00
2025;71160010;S.PART.;BANCADA DA PARAÍBA;não se aplica;não se aplica;PB;250750;JOAO PESSOA;ESTADUAL;BANCADA OBRIGATÓRIA;CORRENTE;302;1001;1030251182E900025;22/09/2025;36000708718202500;202500028275;FAF;INCREMENTO MAC;2E90;ATENÇÃO ESPECIALIZADA À SAÚDE;Incremento Temporário do Teto da Média e Alta Complexidade - MAC;03609595000175;FUNDO ESTADUAL DE SAUDE DO ESTADO DA PARAIBA - FESEP;8220;24/09/2025;PROPOSTA PAGA;Proposta Paga;21/10/2025;R$4.183.349,00;R$4.183.349,00;R$4.183.349,00
2025;71160002;S.PART.;BANCADA DA PARAÍBA;não se aplica;não se aplica;PB;250910;MARI;MUNICIPAL;BANCADA OBRIGATÓRIA;CORRENTE;301;1001;1030151192E890025;09/09/2025;36000703838202500;202500031149;FAF;INCREMENTO PAP;2E89;ATENÇÃO PRIMÁRIA À SAÚDE;INCREMENTO DO PISO DA ATENÇÃO PRIMÁRIA À SAÚDE - PAP;11400094000102;FUNDO MUNICIPAL DE SAUDE;8410;15/10/2025;PROPOSTA PAGA;Proposta Paga;27/10/2025;R$200.000,00;R$200.000,00;R$200.000,00
2025;71160010;S.PART.;BANCADA DA PARAÍBA;não se aplica;não se aplica;PB;250050;ALAGOINHA;MUNICIPAL;BANCADA OBRIGATÓRIA;CORRENTE;302;1001;1030251182E900025;26/09/2025;36000709741202500;202500036739;FAF;INCREMENTO MAC;2E90;ATENÇÃO ESPECIALIZADA À SAÚDE;Incremento Temporário do Teto da Média e Alta Complexidade - MAC;11757032000152;FUNDO MUNICIPAL DE SAUDE DE ALAGOINHA;8717;10/11/2025;PROPOSTA PAGA;Proposta Paga;09/12/2025;R$400.000,00;R$400.000,00;R$400.000,00
2025;71160002;S.PART.;BANCADA DA PARAÍBA;não se aplica;não se aplica;PB;251530;SAPE;MUNICIPAL;BANCADA OBRIGATÓRIA;CORRENTE;301;1001;1030151192E890025;03/09/2025;36000700583202500;202500025296;FAF;INCREMENTO PAP;2E89;ATENÇÃO PRIMÁRIA À SAÚDE;INCREMENTO DO PISO DA ATENÇÃO PRIMÁRIA À SAÚDE - PAP;08036438000131;FUNDO MUNICIPAL DE SAUDE DE SAPE;8108;16/09/2025;PROPOSTA PAGA;Proposta Paga;01/10/2025;R$200.000,00;R$200.000,00;R$200.000,00
2025;71160002;S.PART.;BANCADA DA PARAÍBA;não se aplica;não se aplica;PB;250540;DESTERRO;MUNICIPAL;BANCADA OBRIGATÓRIA;CORRENTE;301;1001;1030151192E890025;04/09/2025;36000701083202500;202500025318;FAF;INCREMENTO PAP;2E89;ATENÇÃO PRIMÁRIA À SAÚDE;INCREMENTO DO PISO DA ATENÇÃO PRIMÁRIA À SAÚDE - PAP;10493355000113;FUNDO MUNICIPAL DE SAUDE DE DESTERRO;8108;16/09/2025;PROPOSTA PAGA;Proposta Paga;15/10/2025;R$900.000,00;R$900.000,00;R$900.000,00
2025;71160010;S.PART.;BANCADA DA PARAÍBA;não se aplica;não se aplica;PB;251370;SANTA RITA;MUNICIPAL;BANCADA OBRIGATÓRIA;CORRENTE;302;1000;1030251182E900025;04/09/2025;36000701642202500;202500032560;FAF;INCREMENTO MAC;2E90;ATENÇÃO ESPECIALIZADA À SAÚDE;Incremento Temporário do Teto da Média e Alta Complexidade - MAC;08694222000163;FUNDO MUNICIPAL DE SAUDE DE SANTA RITA;8481;21/10/2025;PROPOSTA PAGA;Proposta Paga;21/11/2025;R$751.000,00;R$751.000,00;R$751.000,00
2025;71160001;S.PART.;BANCADA DA PARAÍBA;não se aplica;não se aplica;PB;250690;ITABAIANA;MUNICIPAL;BANCADA OBRIGATÓRIA;CAPITAL;301;1001;10301511985817022;11/09/2025;07615929000125016;202500033232;FAF;EQUIPAMENTO;8581;ATENÇÃO PRIMÁRIA À SAÚDE;EQUIPAMENTOS - UBS;07615929000174;FUNDO MUNICIPAL DE SAUDE;8496;23/10/2025;PROPOSTA PAGA;Proposta Paga;29/12/2025;R$329.309,00;R$329.309,00;R$329.309,00
2025;71160002;S.PART.;BANCADA DA PARAÍBA;não se aplica;não se aplica;PB;250030;ALAGOA GRANDE;MUNICIPAL;BANCADA OBRIGATÓRIA;CORRENTE;301;1001;1030151192E890025;05/09/2025;36000701987202500;202500031761;FAF;INCREMENTO PAP;2E89;ATENÇÃO PRIMÁRIA À SAÚDE;INCREMENTO DO PISO DA ATENÇÃO PRIMÁRIA À SAÚDE - PAP;17698753000115;FUNDO MUNICIPAL DE SAUDE DE ALAGOA GRANDE;8410;15/10/2025;PROPOSTA PAGA;Proposta Paga;27/10/2025;R$300.000,00;R$300.000,00;R$300.000,00
2025;71160002;S.PART.;BANCADA DA PARAÍBA;não se aplica;não se aplica;PB;250930;MATARACA;MUNICIPAL;BANCADA OBRIGATÓRIA;CORRENTE;301;1001;1030151192E890025;18/09/2025;36000707805202500;202500028527;FAF;INCREMENTO PAP;2E89;ATENÇÃO PRIMÁRIA À SAÚDE;INCREMENTO DO PISO DA ATENÇÃO PRIMÁRIA À SAÚDE - PAP;13070749000157;FUNDO MUNICIPAL DE SAUDE DO MUNICIPIO DE MATARACA-PB;8274;30/09/2025;PROPOSTA PAGA;Proposta Paga;09/10/2025;R$300.000,00;R$300.000,00;R$300.000,00
2025;71160002;S.PART.;BANCADA DA PARAÍBA;não se aplica;não se aplica;PB;251540;SAO VICENTE DO SERIDO;MUNICIPAL;BANCADA OBRIGATÓRIA;CORRENTE;301;1001;1030151192E890025;23/09/2025;36000708827202500;202500031181;FAF;INCREMENTO PAP;2E89;ATENÇÃO PRIMÁRIA À SAÚDE;INCREMENTO DO PISO DA ATENÇÃO PRIMÁRIA À SAÚDE - PAP;08573654000116;FUNDO MUNICIPAL DE SAUDE;8410;15/10/2025;PROPOSTA PAGA;Proposta Paga;27/10/2025;R$300.000,00;R$300.000,00;R$300.000,00
2025;71160002;S.PART.;BANCADA DA PARAÍBA;não se aplica;não se aplica;PB;251207;POCO DE JOSE DE MOURA;MUNICIPAL;BANCADA OBRIGATÓRIA;CORRENTE;301;1001;1030151192E890025;16/09/2025;36000707056202500;202500027617;FAF;INCREMENTO PAP;2E89;ATENÇÃO PRIMÁRIA À SAÚDE;INCREMENTO DO PISO DA ATENÇÃO PRIMÁRIA À SAÚDE - PAP;11472830000138;FUNDO MUNICIPAL DE SAUDE DE POCO DE JOSE DE MOURA;8246;26/09/2025;PROPOSTA PAGA;Proposta Paga;09/10/2025;R$100.000,00;R$100.000,00;R$100.000,00
2025;71160002;S.PART.;BANCADA DA PARAÍBA;não se aplica;não se aplica;PB;250490;CRUZ DO ESPIRITO SANTO;MUNICIPAL;BANCADA OBRIGATÓRIA;CORRENTE;301;1001;1030151192E890025;10/09/2025;36000704520202500;202500028197;FAF;INCREMENTO PAP;2E89;ATENÇÃO PRIMÁRIA À SAÚDE;INCREMENTO DO PISO DA ATENÇÃO PRIMÁRIA À SAÚDE - PAP;23014200000107;FUNDO MUNICIPAL DE SAUDE DE CRUZ DO ESPIRITO SANTO;8259;29/09/2025;PROPOSTA PAGA;Proposta Paga;09/10/2025;R$200.000,00;R$200.000,00;R$200.000,00
2025;71160002;S.PART.;BANCADA DA PARAÍBA;não se aplica;não se aplica;PB;251660;TAVARES;MUNICIPAL;BANCADA OBRIGATÓRIA;CORRENTE;301;1001;1030151192E890025;16/09/2025;36000706899202500;202500032922;FAF;INCREMENTO PAP;2E89;ATENÇÃO PRIMÁRIA À SAÚDE;INCREMENTO DO PISO DA ATENÇÃO PRIMÁRIA À SAÚDE - PAP;10598364000179;FUNDO MUNICIPAL DE SAUDE DE TAVARES;8494;23/10/2025;PROPOSTA PAGA;Proposta Paga;13/11/2025;R$500.000,00;R$500.000,00;R$500.000,00
2025;71160010;S.PART.;BANCADA DA PARAÍBA;não se aplica;não se aplica;PB;250750;JOAO PESSOA;ESTADUAL;BANCADA OBRIGATÓRIA;CORRENTE;302;1001;1030251182E900025;17/09/2025;36000707512202500;202500026929;FAF;INCREMENTO MAC;2E90;ATENÇÃO ESPECIALIZADA À SAÚDE;Incremento Temporário do Teto da Média e Alta Complexidade - MAC;03609595000175;FUNDO ESTADUAL DE SAUDE DO ESTADO DA PARAIBA - FESEP;8182;22/09/2025;PROPOSTA PAGA;Proposta Paga;21/10/2025;R$5.000.000,00;R$5.000.000,00;R$5.000.000,00
2025;71160010;S.PART.;BANCADA DA PARAÍBA;não se aplica;não se aplica;PB;250690;ITABAIANA;MUNICIPAL;BANCADA OBRIGATÓRIA;CORRENTE;302;1001;1030251182E900025;05/09/2025;36000702122202500;202500024244;FAF;INCREMENTO MAC;2E90;ATENÇÃO ESPECIALIZADA À SAÚDE;Incremento Temporário do Teto da Média e Alta Complexidade - MAC;07615929000174;FUNDO MUNICIPAL DE SAUDE;8111;16/09/2025;PROPOSTA PAGA;Proposta Paga;21/10/2025;R$250.000,00;R$250.000,00;R$250.000,00
2025;71160010;S.PART.;BANCADA DA PARAÍBA;não se aplica;não se aplica;PB;251010;NOVA FLORESTA;MUNICIPAL;BANCADA OBRIGATÓRIA;CORRENTE;302;1001;1030251182E900025;23/09/2025;36000708937202500;202500030494;FAF;INCREMENTO MAC;2E90;ATENÇÃO ESPECIALIZADA À SAÚDE;Incremento Temporário do Teto da Média e Alta Complexidade - MAC;18517489000139;FUNDO MUNICIPAL DE SAUDE;8408;15/10/2025;PROPOSTA PAGA;Proposta Paga;27/10/2025;R$250.000,00;R$250.000,00;R$250.000,00
2025;71160010;S.PART.;BANCADA DA PARAÍBA;não se aplica;não se aplica;PB;250430;CATOLE DO ROCHA;MUNICIPAL;BANCADA OBRIGATÓRIA;CORRENTE;302;1001;1030251182E900025;09/12/2025;36000721151202500;202500041320;FAF;INCREMENTO MAC;2E90;ATENÇÃO ESPECIALIZADA À SAÚDE;Incremento Temporário do Teto da Média e Alta Complexidade - MAC;12784607000199;FUNDO MUNICIPAL DE SAUDE DE CATOLE DO ROCHA;9390;16/12/2025;PROPOSTA PAGA;Proposta Paga;23/12/2025;R$300.000,00;R$300.000,00;R$300.000,00
2025;71160002;S.PART.;BANCADA DA PARAÍBA;não se aplica;não se aplica;PB;251270;REMIGIO;MUNICIPAL;BANCADA OBRIGATÓRIA;CORRENTE;301;1001;1030151192E890025;26/09/2025;36000709684202500;202500029131;FAF;INCREMENTO PAP;2E89;ATENÇÃO PRIMÁRIA À SAÚDE;INCREMENTO DO PISO DA ATENÇÃO PRIMÁRIA À SAÚDE - PAP;11376311000176;FUNDO MUNICIPAL DE SAUDE - REMIGIO - PB;8312;03/10/2025;PROPOSTA PAGA;Proposta Paga;16/10/2025;R$200.000,00;R$200.000,00;R$200.000,00
2025;71160010;S.PART.;BANCADA DA PARAÍBA;não se aplica;não se aplica;PB;250100;ARARUNA;MUNICIPAL;BANCADA OBRIGATÓRIA;CORRENTE;302;1001;1030251182E900025;03/10/2025;36000710959202500;202500039086;FAF;INCREMENTO MAC;2E90;ATENÇÃO ESPECIALIZADA À SAÚDE;Incremento Temporário do Teto da Média e Alta Complexidade - MAC;11667845000151;FUNDO MUNICIPAL DE SAUDE DE ARARUNA PARAIBA;8967;27/11/2025;PROPOSTA PAGA;Proposta Paga;29/12/2025;R$400.000,00;R$400.000,00;R$400.000,00
2025;71160002;S.PART.;BANCADA DA PARAÍBA;não se aplica;não se aplica;PB;250523;CUITE DE MAMANGUAPE;MUNICIPAL;BANCADA OBRIGATÓRIA;CORRENTE;301;1001;1030151192E890025;07/10/2025;36000711305202500;202500031134;FAF;INCREMENTO PAP;2E89;ATENÇÃO PRIMÁRIA À SAÚDE;INCREMENTO DO PISO DA ATENÇÃO PRIMÁRIA À SAÚDE - PAP;13099820000124;CUITE DE MAMANGUAPE FUNDO MUNICIPAL DE SAUDE;8410;15/10/2025;PROPOSTA PAGA;Proposta Paga;27/10/2025;R$217.019,00;R$217.019,00;R$217.019,00
2025;71160002;S.PART.;BANCADA DA PARAÍBA;não se aplica;não se aplica;PB;250053;ALCANTIL;MUNICIPAL;BANCADA OBRIGATÓRIA;CORRENTE;301;1001;1030151192E890025;10/09/2025;36000704229202500;202500025280;FAF;INCREMENTO PAP;2E89;ATENÇÃO PRIMÁRIA À SAÚDE;INCREMENTO DO PISO DA ATENÇÃO PRIMÁRIA À SAÚDE - PAP;08448753000176;FUNDO MUNICIPAL DE SAUDE - ALCANTIL PB;8108;16/09/2025;PROPOSTA PAGA;Proposta Paga;01/10/2025;R$1.000.000,00;R$1.000.000,00;R$1.000.000,00
2025;71160010;S.PART.;BANCADA DA PARAÍBA;não se aplica;não se aplica;PB;250970;MONTEIRO;MUNICIPAL;BANCADA OBRIGATÓRIA;CORRENTE;302;1001;1030251182E900025;02/10/2025;36000710807202500;202500030488;FAF;INCREMENTO MAC;2E90;ATENÇÃO ESPECIALIZADA À SAÚDE;Incremento Temporário do Teto da Média e Alta Complexidade - MAC;11214763000151;FUNDO MUNICIPAL DE SAUDE DE MONTEIRO;8408;15/10/2025;PROPOSTA PAGA;Proposta Paga;27/10/2025;R$32.767,00;R$32.767,00;R$32.767,00
2025;71160002;S.PART.;BANCADA DA PARAÍBA;não se aplica;não se aplica;PB;250650;GURJAO;MUNICIPAL;BANCADA OBRIGATÓRIA;CORRENTE;301;1001;1030151192E890025;08/09/2025;36000703074202500;202500037023;FAF;INCREMENTO PAP;2E89;ATENÇÃO PRIMÁRIA À SAÚDE;INCREMENTO DO PISO DA ATENÇÃO PRIMÁRIA À SAÚDE - PAP;11432444000112;FUNDO MUNICIPAL DE SAUDE DE GURJAO;8799;13/11/2025;PROPOSTA PAGA;Proposta Paga;25/11/2025;R$300.000,00;R$300.000,00;R$300.000,00
2025;71160002;S.PART.;BANCADA DA PARAÍBA;não se aplica;não se aplica;PB;251150;PILAR;MUNICIPAL;BANCADA OBRIGATÓRIA;CORRENTE;301;1001;1030151192E890025;08/09/2025;36000703334202500;202500032919;FAF;INCREMENTO PAP;2E89;ATENÇÃO PRIMÁRIA À SAÚDE;INCREMENTO DO PISO DA ATENÇÃO PRIMÁRIA À SAÚDE - PAP;11171199000137;FUNDO MUNICIPAL DE SAUDE DO MUNICIPIO DE PILAR;8494;23/10/2025;PROPOSTA PAGA;Proposta Paga;13/11/2025;R$1.150.000,00;R$1.150.000,00;R$1.150.000,00
2025;71160002;S.PART.;BANCADA DA PARAÍBA;não se aplica;não se aplica;PB;250215;BOA VISTA;MUNICIPAL;BANCADA OBRIGATÓRIA;CORRENTE;301;1001;1030151192E890025;13/10/2025;36000712308202500;202500032084;FAF;INCREMENTO PAP;2E89;ATENÇÃO PRIMÁRIA À SAÚDE;INCREMENTO DO PISO DA ATENÇÃO PRIMÁRIA À SAÚDE - PAP;12868705000104;FUNDO MUNICIPAL DE SAUDE;8451;20/10/2025;PROPOSTA PAGA;Proposta Paga;13/11/2025;R$50.000,00;R$50.000,00;R$50.000,00
2025;71160002;S.PART.;BANCADA DA PARAÍBA;não se aplica;não se aplica;PB;250860;LUCENA;MUNICIPAL;BANCADA OBRIGATÓRIA;CORRENTE;301;1001;1030151192E890025;18/09/2025;36000707560202500;202500028523;FAF;INCREMENTO PAP;2E89;ATENÇÃO PRIMÁRIA À SAÚDE;INCREMENTO DO PISO DA ATENÇÃO PRIMÁRIA À SAÚDE - PAP;11516231000179;FUNDO MUNICIPAL DE SAUDE DE LUCENA;8274;30/09/2025;PROPOSTA PAGA;Proposta Paga;16/10/2025;R$99.713,00;R$99.713,00;R$99.713,00
2025;71160002;S.PART.;BANCADA DA PARAÍBA;não se aplica;não se aplica;PB;250090;ARARA;MUNICIPAL;BANCADA OBRIGATÓRIA;CORRENTE;301;1001;1030151192E890025;10/09/2025;36000704646202500;202500036388;FAF;INCREMENTO PAP;2E89;ATENÇÃO PRIMÁRIA À SAÚDE;INCREMENTO DO PISO DA ATENÇÃO PRIMÁRIA À SAÚDE - PAP;11898585000125;FUNDO MUNICIPAL DE SAUDE DO MUNICIPIO DE ARARA - PB;8643;05/11/2025;PROPOSTA PAGA;Proposta Paga;28/11/2025;R$2.700.000,00;R$2.700.000,00;R$2.700.000,00
2025;71160010;S.PART.;BANCADA DA PARAÍBA;não se aplica;não se aplica;PB;250430;CATOLE DO ROCHA;MUNICIPAL;BANCADA OBRIGATÓRIA;CORRENTE;302;1001;1030251182E900025;10/09/2025;36000704430202500;202500035141;FAF;INCREMENTO MAC;2E90;ATENÇÃO ESPECIALIZADA À SAÚDE;Incremento Temporário do Teto da Média e Alta Complexidade - MAC;12784607000199;FUNDO MUNICIPAL DE SAUDE DE CATOLE DO ROCHA;8603;31/10/2025;PROPOSTA PAGA;Proposta Paga;10/12/2025;R$600.000,00;R$600.000,00;R$600.000,00
2025;71160010;S.PART.;BANCADA DA PARAÍBA;não se aplica;não se aplica;PB;250600;ESPERANCA;MUNICIPAL;BANCADA OBRIGATÓRIA;CORRENTE;302;1001;1030251182E900025;24/09/2025;36000709243202500;202500039796;FAF;INCREMENTO MAC;2E90;ATENÇÃO ESPECIALIZADA À SAÚDE;Incremento Temporário do Teto da Média e Alta Complexidade - MAC;12011984000195;FUNDO MUNICIPAL DE SAUDE;9048;03/12/2025;PROPOSTA PAGA;Proposta Paga;18/12/2025;R$600.000,00;R$600.000,00;R$600.000,00
2025;71160010;S.PART.;BANCADA DA PARAÍBA;não se aplica;não se aplica;PB;250700;ITAPORANGA;MUNICIPAL;BANCADA OBRIGATÓRIA;CORRENTE;302;1001;1030251182E900025;08/09/2025;36000702950202500;202500028922;FAF;INCREMENTO MAC;2E90;ATENÇÃO ESPECIALIZADA À SAÚDE;Incremento Temporário do Teto da Média e Alta Complexidade - MAC;11174552000132;FUNDO MUNICIPAL DE SAUDE DE ITAPORANGA;8267;30/09/2025;PROPOSTA PAGA;Proposta Paga;21/10/2025;R$900.000,00;R$900.000,00;R$900.000,00
2025;71160010;S.PART.;BANCADA DA PARAÍBA;não se aplica;não se aplica;PB;251390;SAO BENTO;MUNICIPAL;BANCADA OBRIGATÓRIA;CORRENTE;302;1001;1030251182E900025;11/09/2025;36000705118202500;202500035151;FAF;INCREMENTO MAC;2E90;ATENÇÃO ESPECIALIZADA À SAÚDE;Incremento Temporário do Teto da Média e Alta Complexidade - MAC;02015756000130;FUNDO MINICIPAL DE SAUDE;8591;31/10/2025;PROPOSTA PAGA;Proposta Paga;10/11/2025;R$1.000.000,00;R$1.000.000,00;R$1.000.000,00
2025;71160002;S.PART.;BANCADA DA PARAÍBA;não se aplica;não se aplica;PB;250157;BARRA DE SANTANA;MUNICIPAL;BANCADA OBRIGATÓRIA;CORRENTE;301;1001;1030151192E890025;23/09/2025;36000708961202500;202500028023;FAF;INCREMENTO PAP;2E89;ATENÇÃO PRIMÁRIA À SAÚDE;INCREMENTO DO PISO DA ATENÇÃO PRIMÁRIA À SAÚDE - PAP;11109361000197;FUNDO MUNICIPAL DE SAUDE BARRA DE SANTANA;8259;29/09/2025;PROPOSTA PAGA;Proposta Paga;09/10/2025;R$500.000,00;R$500.000,00;R$500.000,00
2025;71160002;S.PART.;BANCADA DA PARAÍBA;não se aplica;não se aplica;PB;250270;BORBOREMA;MUNICIPAL;BANCADA OBRIGATÓRIA;CORRENTE;301;1001;1030151192E890025;26/09/2025;36000709803202500;202500032915;FAF;INCREMENTO PAP;2E89;ATENÇÃO PRIMÁRIA À SAÚDE;INCREMENTO DO PISO DA ATENÇÃO PRIMÁRIA À SAÚDE - PAP;11594451000110;FUNDO MUNICIPAL DE SAUDE DE BORBOREMA;8494;23/10/2025;PROPOSTA PAGA;Proposta Paga;13/11/2025;R$500.000,00;R$500.000,00;R$500.000,00
2025;71160002;S.PART.;BANCADA DA PARAÍBA;não se aplica;não se aplica;PB;250527;CURRAL DE CIMA;MUNICIPAL;BANCADA OBRIGATÓRIA;CORRENTE;301;1001;1030151192E890025;09/09/2025;36000704152202500;202500028046;FAF;INCREMENTO PAP;2E89;ATENÇÃO PRIMÁRIA À SAÚDE;INCREMENTO DO PISO DA ATENÇÃO PRIMÁRIA À SAÚDE - PAP;17945598000194;FUNDO MUNICIPAL DE SAUDE DE CURRAL DE CIMA;8259;29/09/2025;PROPOSTA PAGA;Proposta Paga;09/10/2025;R$200.000,00;R$200.000,00;R$200.000,00
2025;71160002;S.PART.;BANCADA DA PARAÍBA;não se aplica;não se aplica;PB;251150;PILAR;MUNICIPAL;BANCADA OBRIGATÓRIA;CORRENTE;301;1001;1030151192E890025;09/09/2025;36000703697202500;202500028200;FAF;INCREMENTO PAP;2E89;ATENÇÃO PRIMÁRIA À SAÚDE;INCREMENTO DO PISO DA ATENÇÃO PRIMÁRIA À SAÚDE - PAP;11171199000137;FUNDO MUNICIPAL DE SAUDE DO MUNICIPIO DE PILAR;8259;29/09/2025;PROPOSTA PAGA;Proposta Paga;09/10/2025;R$500.000,00;R$500.000,00;R$500.000,00
2025;71160007;S.PART.;BANCADA DA PARAÍBA;não se aplica;não se aplica;PB;250320;CABEDELO;MUNICIPAL;BANCADA OBRIGATÓRIA;CAPITAL;302;3129;10302511885358697;12/09/2025;04849697000125012;202500043690;FAF;EQUIPAMENTO;8535;ATENÇÃO ESPECIALIZADA À SAÚDE;Rede de Atenção Especializada - Ofertas de Cuidados Integrado (OCI) - PMAE;04849697000120;FUNDO MUNICIPAL DE SAUDE DE CABEDELO;9877;30/12/2025;PROPOSTA PAGA;Proposta Paga;12/02/2026;R$999.844,00;R$999.844,00;R$999.844,00
2025;71160007;S.PART.;BANCADA DA PARAÍBA;não se aplica;não se aplica;PB;251690;UIRAUNA;PRIVADA;BANCADA OBRIGATÓRIA;CAPITAL;302;3129;10302511885358697;03/09/2025;90068425001;-;CONVENIO;CONVÊNIO EQUIPAMENTO;8535;ATENÇÃO ESPECIALIZADA À SAÚDE;Rede de Atenção Hospitalar - Hospital Geral;00684095000100;ASSOC DE PROTECAO ASSIST SAUDE E EDUCACAO DE UIRAUNA PB;984122;28/11/2025;EM ANALISE PELA ÁREA FINALÍSTICA;Proposta Empenhada aguardando Formalização;01/06/2026;R$500.000,00;R$500.000,00;R$334.156,00
2025;71160002;S.PART.;BANCADA DA PARAÍBA;não se aplica;não se aplica;PB;250640;GURINHEM;MUNICIPAL;BANCADA OBRIGATÓRIA;CORRENTE;301;1001;1030151192E890025;23/09/2025;36000708798202500;202500031762;FAF;INCREMENTO PAP;2E89;ATENÇÃO PRIMÁRIA À SAÚDE;INCREMENTO DO PISO DA ATENÇÃO PRIMÁRIA À SAÚDE - PAP;11739873000137;FMS DE GURINHEM;8410;15/10/2025;PROPOSTA PAGA;Proposta Paga;27/10/2025;R$200.000,00;R$200.000,00;R$200.000,00
2025;71160002;S.PART.;BANCADA DA PARAÍBA;não se aplica;não se aplica;PB;250820;LAGOA DE DENTRO;MUNICIPAL;BANCADA OBRIGATÓRIA;CORRENTE;301;1001;1030151192E890025;02/10/2025;36000710758202500;202500038153;FAF;INCREMENTO PAP;2E89;ATENÇÃO PRIMÁRIA À SAÚDE;INCREMENTO DO PISO DA ATENÇÃO PRIMÁRIA À SAÚDE - PAP;12375571000190;LAGOA DE DENTRO - FUNDO MUNICIPAL DE SAUDE;8894;21/11/2025;PROPOSTA PAGA;Proposta Paga;03/12/2025;R$200.000,00;R$200.000,00;R$200.000,00
2025;71160002;S.PART.;BANCADA DA PARAÍBA;não se aplica;não se aplica;PB;250220;BOM JESUS;MUNICIPAL;BANCADA OBRIGATÓRIA;CORRENTE;301;1001;1030151192E890025;03/09/2025;36000700567202500;202500025300;FAF;INCREMENTO PAP;2E89;ATENÇÃO PRIMÁRIA À SAÚDE;INCREMENTO DO PISO DA ATENÇÃO PRIMÁRIA À SAÚDE - PAP;11856862000137;FUNDO MUNICIPAL DE SAUDE DO MUNICIPIO DE BOM JESUS;8108;16/09/2025;PROPOSTA PAGA;Proposta Paga;01/10/2025;R$600.000,00;R$600.000,00;R$600.000,00
2025;71160002;S.PART.;BANCADA DA PARAÍBA;não se aplica;não se aplica;PB;250250;BOQUEIRAO;MUNICIPAL;BANCADA OBRIGATÓRIA;CORRENTE;301;1001;1030151192E890025;22/09/2025;36000708616202500;202500033781;FAF;INCREMENTO PAP;2E89;ATENÇÃO PRIMÁRIA À SAÚDE;INCREMENTO DO PISO DA ATENÇÃO PRIMÁRIA À SAÚDE - PAP;11153600000106;FUNDO MUNICIPAL DE SAUDE;8544;28/10/2025;PROPOSTA PAGA;Proposta Paga;13/11/2025;R$600.000,00;R$600.000,00;R$600.000,00
2025;71160010;S.PART.;BANCADA DA PARAÍBA;não se aplica;não se aplica;PB;251690;UIRAUNA;MUNICIPAL;BANCADA OBRIGATÓRIA;CORRENTE;302;1000;1030251182E900025;10/10/2025;36000712042202500;202500030484;FAF;INCREMENTO MAC;2E90;ATENÇÃO ESPECIALIZADA À SAÚDE;Incremento Temporário do Teto da Média e Alta Complexidade - MAC;10435066000168;FUNDO MUNICIPAL DE SAUDE;8408;15/10/2025;PROPOSTA PAGA;Proposta Paga;27/10/2025;R$22.582,00;R$22.582,00;R$22.582,00
2025;71160010;S.PART.;BANCADA DA PARAÍBA;não se aplica;não se aplica;PB;250860;LUCENA;MUNICIPAL;BANCADA OBRIGATÓRIA;CORRENTE;302;1001;1030251182E900025;17/09/2025;36000707550202500;202500033961;FAF;INCREMENTO MAC;2E90;ATENÇÃO ESPECIALIZADA À SAÚDE;Incremento Temporário do Teto da Média e Alta Complexidade - MAC;11516231000179;FUNDO MUNICIPAL DE SAUDE DE LUCENA;8541;28/10/2025;PROPOSTA PAGA;Proposta Paga;10/11/2025;R$300.000,00;R$300.000,00;R$300.000,00
2025;71160010;S.PART.;BANCADA DA PARAÍBA;não se aplica;não se aplica;PB;250830;LAGOA SECA;MUNICIPAL;BANCADA OBRIGATÓRIA;CORRENTE;302;1000;1030251182E900025;22/12/2025;36000723272202500;202500043214;FAF;INCREMENTO MAC;2E90;ATENÇÃO ESPECIALIZADA À SAÚDE;Incremento Temporário do Teto da Média e Alta Complexidade - MAC;11264183000179;FUNDO MUNICIPAL DE SAUDE;9670;24/12/2025;PROPOSTA PAGA;Proposta Paga;12/02/2026;R$143.255,00;R$143.255,00;R$143.255,00
2025;71160002;S.PART.;BANCADA DA PARAÍBA;não se aplica;não se aplica;PB;251440;SAO JOSE DE ESPINHARAS;MUNICIPAL;BANCADA OBRIGATÓRIA;CORRENTE;301;1001;1030151192E890025;05/09/2025;36000702180202500;202500025284;FAF;INCREMENTO PAP;2E89;ATENÇÃO PRIMÁRIA À SAÚDE;INCREMENTO DO PISO DA ATENÇÃO PRIMÁRIA À SAÚDE - PAP;11418606000168;FUNDO MUNICIPAL DE SAUDE;8108;16/09/2025;PROPOSTA PAGA;Proposta Paga;01/10/2025;R$200.000,00;R$200.000,00;R$200.000,00
2025;71160002;S.PART.;BANCADA DA PARAÍBA;não se aplica;não se aplica;PB;250690;ITABAIANA;MUNICIPAL;BANCADA OBRIGATÓRIA;CORRENTE;301;1001;1030151192E890025;05/09/2025;36000702052202500;202500025333;FAF;INCREMENTO PAP;2E89;ATENÇÃO PRIMÁRIA À SAÚDE;INCREMENTO DO PISO DA ATENÇÃO PRIMÁRIA À SAÚDE - PAP;07615929000174;FUNDO MUNICIPAL DE SAUDE;8108;16/09/2025;PROPOSTA PAGA;Proposta Paga;01/10/2025;R$889.000,00;R$889.000,00;R$889.000,00
2025;71160010;S.PART.;BANCADA DA PARAÍBA;não se aplica;não se aplica;PB;251420;SAO JOSE DA LAGOA TAPADA;MUNICIPAL;BANCADA OBRIGATÓRIA;CORRENTE;302;1000;1030251182E900025;16/09/2025;36000707069202500;202500029243;FAF;INCREMENTO MAC;2E90;ATENÇÃO ESPECIALIZADA À SAÚDE;Incremento Temporário do Teto da Média e Alta Complexidade - MAC;11420422000132;FUNDO MUNIC DE SAUDE DE JOSE DA LAGOA TAPADA;8316;03/10/2025;PROPOSTA PAGA;Proposta Paga;21/10/2025;R$600.000,00;R$600.000,00;R$600.000,00
2025;71160002;S.PART.;BANCADA DA PARAÍBA;não se aplica;não se aplica;PB;250690;ITABAIANA;MUNICIPAL;BANCADA OBRIGATÓRIA;CORRENTE;301;1001;1030151192E890025;05/09/2025;36000702093202500;202500032418;FAF;INCREMENTO PAP;2E89;ATENÇÃO PRIMÁRIA À SAÚDE;INCREMENTO DO PISO DA ATENÇÃO PRIMÁRIA À SAÚDE - PAP;07615929000174;FUNDO MUNICIPAL DE SAUDE;8443;20/10/2025;PROPOSTA PAGA;Proposta Paga;13/11/2025;R$250.000,00;R$250.000,00;R$250.000,00
2025;71160002;S.PART.;BANCADA DA PARAÍBA;não se aplica;não se aplica;PB;250915;MARIZOPOLIS;MUNICIPAL;BANCADA OBRIGATÓRIA;CORRENTE;301;1001;1030151192E890025;01/09/2025;36000697225202500;202500025342;FAF;INCREMENTO PAP;2E89;ATENÇÃO PRIMÁRIA À SAÚDE;INCREMENTO DO PISO DA ATENÇÃO PRIMÁRIA À SAÚDE - PAP;11404727000150;FUNDO MUNICIPAL DE SAUDE;8108;16/09/2025;PROPOSTA PAGA;Proposta Paga;01/10/2025;R$905.448,00;R$905.448,00;R$905.448,00
2025;71160001;S.PART.;BANCADA DA PARAÍBA;não se aplica;não se aplica;PB;250960;MONTE HOREBE;MUNICIPAL;BANCADA OBRIGATÓRIA;CAPITAL;301;1001;10301511985817022;12/10/2025;12445872000125004;202500033998;FAF;EQUIPAMENTO;8581;ATENÇÃO PRIMÁRIA À SAÚDE;EQUIPAMENTOS - UBS;12445872000142;FUNDO MUNICIPAL DE SAUDE DO MUNICIPIO DE MONTE HOREBE - PB;8547;28/10/2025;PROPOSTA PAGA;Proposta Paga;05/02/2026;R$349.769,00;R$349.769,00;R$349.769,00
2025;71160001;S.PART.;BANCADA DA PARAÍBA;não se aplica;não se aplica;PB;251740;ZABELE;MUNICIPAL;BANCADA OBRIGATÓRIA;CAPITAL;301;1001;10301511985817022;10/09/2025;11348419000125004;202500033401;FAF;EQUIPAMENTO;8581;ATENÇÃO PRIMÁRIA À SAÚDE;EQUIPAMENTOS - UBS;11348419000155;FUNDO MUNICIPAL DE SAUDE DE ZABELE;8518;24/10/2025;PROPOSTA PAGA;Proposta Paga;13/11/2025;R$349.968,00;R$349.968,00;R$349.968,00
2025;71160002;S.PART.;BANCADA DA PARAÍBA;não se aplica;não se aplica;PB;251203;POCO DANTAS;MUNICIPAL;BANCADA OBRIGATÓRIA;CORRENTE;301;1001;1030151192E890025;08/09/2025;36000702840202500;202500031770;FAF;INCREMENTO PAP;2E89;ATENÇÃO PRIMÁRIA À SAÚDE;INCREMENTO DO PISO DA ATENÇÃO PRIMÁRIA À SAÚDE - PAP;08743272000193;FUNDO MUNICIPAL DE SAUDE;8410;15/10/2025;PROPOSTA PAGA;Proposta Paga;27/10/2025;R$250.000,00;R$250.000,00;R$250.000,00
2025;71160001;S.PART.;BANCADA DA PARAÍBA;não se aplica;não se aplica;PB;250970;MONTEIRO;MUNICIPAL;BANCADA OBRIGATÓRIA;CAPITAL;301;1001;10301511985817022;10/10/2025;11214763000125007;202500038798;FAF;UBSAMPLIACAO;8581;ATENÇÃO PRIMÁRIA À SAÚDE;REQUALIFICA - UBS;11214763000151;FUNDO MUNICIPAL DE SAUDE DE MONTEIRO;8505;23/10/2025;EM ANALISE PELA ÁREA FINALÍSTICA;Proposta Empenhada aguardando Formalização;-;R$468.500,00;R$468.500,00;R$0,00
2025;71160010;S.PART.;BANCADA DA PARAÍBA;não se aplica;não se aplica;PB;250630;GUARABIRA;MUNICIPAL;BANCADA OBRIGATÓRIA;CORRENTE;302;1001;1030251182E900025;03/09/2025;36000700250202500;202500024243;FAF;INCREMENTO MAC;2E90;ATENÇÃO ESPECIALIZADA À SAÚDE;Incremento Temporário do Teto da Média e Alta Complexidade - MAC;13844779000173;GUARABIRA FUNDO MUNICIPAL DE SAUDE;8111;16/09/2025;PROPOSTA PAGA;Proposta Paga;21/10/2025;R$725.000,00;R$725.000,00;R$725.000,00
2025;71160002;S.PART.;BANCADA DA PARAÍBA;não se aplica;não se aplica;PB;250050;ALAGOINHA;MUNICIPAL;BANCADA OBRIGATÓRIA;CORRENTE;301;1001;1030151192E890025;03/09/2025;36000699362202500;202500031104;FAF;INCREMENTO PAP;2E89;ATENÇÃO PRIMÁRIA À SAÚDE;INCREMENTO DO PISO DA ATENÇÃO PRIMÁRIA À SAÚDE - PAP;11757032000152;FUNDO MUNICIPAL DE SAUDE DE ALAGOINHA;8410;15/10/2025;PROPOSTA PAGA;Proposta Paga;27/10/2025;R$100.000,00;R$100.000,00;R$100.000,00
2025;71160002;S.PART.;BANCADA DA PARAÍBA;não se aplica;não se aplica;PB;250460;CONDE;MUNICIPAL;BANCADA OBRIGATÓRIA;CORRENTE;301;1001;1030151192E890025;02/10/2025;36000710686202500;202500034125;FAF;INCREMENTO PAP;2E89;ATENÇÃO PRIMÁRIA À SAÚDE;INCREMENTO DO PISO DA ATENÇÃO PRIMÁRIA À SAÚDE - PAP;11570107000191;FUNDO MUNICIPAL DE SAUDE;8575;29/10/2025;PROPOSTA PAGA;Proposta Paga;13/11/2025;R$100.000,00;R$100.000,00;R$100.000,00
2025;71160002;S.PART.;BANCADA DA PARAÍBA;não se aplica;não se aplica;PB;251203;POCO DANTAS;MUNICIPAL;BANCADA OBRIGATÓRIA;CORRENTE;301;1001;1030151192E890025;08/09/2025;36000702852202500;202500031768;FAF;INCREMENTO PAP;2E89;ATENÇÃO PRIMÁRIA À SAÚDE;INCREMENTO DO PISO DA ATENÇÃO PRIMÁRIA À SAÚDE - PAP;08743272000193;FUNDO MUNICIPAL DE SAUDE;8410;15/10/2025;PROPOSTA PAGA;Proposta Paga;27/10/2025;R$400.000,00;R$400.000,00;R$400.000,00
2025;71160010;S.PART.;BANCADA DA PARAÍBA;não se aplica;não se aplica;PB;251130;PIANCO;MUNICIPAL;BANCADA OBRIGATÓRIA;CORRENTE;302;1001;1030251182E900025;03/09/2025;36000700353202500;202500027873;FAF;INCREMENTO MAC;2E90;ATENÇÃO ESPECIALIZADA À SAÚDE;Incremento Temporário do Teto da Média e Alta Complexidade - MAC;04827493000199;FUNDO MUNICIPAL DE SAUDE;8258;29/09/2025;PROPOSTA PAGA;Proposta Paga;21/10/2025;R$1.083.233,00;R$1.083.233,00;R$1.083.233,00
2025;71160002;S.PART.;BANCADA DA PARAÍBA;não se aplica;não se aplica;PB;250040;ALAGOA NOVA;MUNICIPAL;BANCADA OBRIGATÓRIA;CORRENTE;301;1001;1030151192E890025;15/10/2025;36000712611202500;202500032912;FAF;INCREMENTO PAP;2E89;ATENÇÃO PRIMÁRIA À SAÚDE;INCREMENTO DO PISO DA ATENÇÃO PRIMÁRIA À SAÚDE - PAP;11838096000188;FUNDO MUNICIPAL DE SAUDE DE ALAGOA NOVA;8494;23/10/2025;PROPOSTA PAGA;Proposta Paga;13/11/2025;R$200.000,00;R$200.000,00;R$200.000,00
2025;71160002;S.PART.;BANCADA DA PARAÍBA;não se aplica;não se aplica;PB;250080;ARACAGI;MUNICIPAL;BANCADA OBRIGATÓRIA;CORRENTE;301;1001;1030151192E890025;16/09/2025;36000706740202500;202500027342;FAF;INCREMENTO PAP;2E89;ATENÇÃO PRIMÁRIA À SAÚDE;INCREMENTO DO PISO DA ATENÇÃO PRIMÁRIA À SAÚDE - PAP;12431299000118;ARACAGI - FUNDO MUNICIPAL DE SAUDE;8232;25/09/2025;PROPOSTA PAGA;Proposta Paga;09/10/2025;R$500.000,00;R$500.000,00;R$500.000,00
2025;71160007;S.PART.;BANCADA DA PARAÍBA;não se aplica;não se aplica;PB;251370;SANTA RITA;MUNICIPAL;BANCADA OBRIGATÓRIA;CAPITAL;302;3129;10302511885358697;01/12/2025;08694222000125010;202500043698;FAF;EQUIPAMENTO;8535;ATENÇÃO ESPECIALIZADA À SAÚDE;Rede de Atenção Hospitalar - Hospital Geral;08694222000163;FUNDO MUNICIPAL DE SAUDE DE SANTA RITA;9791;30/12/2025;PROPOSTA PAGA;Proposta Paga;13/02/2026;R$470.560,00;R$470.560,00;R$470.560,00
2025;71160002;S.PART.;BANCADA DA PARAÍBA;não se aplica;não se aplica;PB;251560;SERRA DA RAIZ;MUNICIPAL;BANCADA OBRIGATÓRIA;CORRENTE;301;1001;1030151192E890025;12/09/2025;36000705663202500;202500036916;FAF;INCREMENTO PAP;2E89;ATENÇÃO PRIMÁRIA À SAÚDE;INCREMENTO DO PISO DA ATENÇÃO PRIMÁRIA À SAÚDE - PAP;11594437000117;FUNDO MUNICIPAL DE SAUDE;8730;11/11/2025;PROPOSTA PAGA;Proposta Paga;25/11/2025;R$600.000,00;R$600.000,00;R$600.000,00
2025;71160010;S.PART.;BANCADA DA PARAÍBA;não se aplica;não se aplica;PB;250600;ESPERANCA;MUNICIPAL;BANCADA OBRIGATÓRIA;CORRENTE;302;1001;1030251182E900025;13/09/2025;36000705874202500;202500028836;FAF;INCREMENTO MAC;2E90;ATENÇÃO ESPECIALIZADA À SAÚDE;Incremento Temporário do Teto da Média e Alta Complexidade - MAC;12011984000195;FUNDO MUNICIPAL DE SAUDE;8272;30/09/2025;PROPOSTA PAGA;Proposta Paga;21/10/2025;R$400.000,00;R$400.000,00;R$400.000,00
2024;71160001;S.PART.;BANCADA DA PARAÍBA;não se aplica;não se aplica;PB;250470;CONGO;MUNICIPAL;BANCADA OBRIGATÓRIA;CORRENTE;302;1001;1030251182E900025;11/04/2024;36000602529202400;-;FAF;INCREMENTO MAC;2E90;ATENÇÃO ESPECIALIZADA À SAÚDE;INCREMENTO TEMPORÁRIO DO TETO DA MÉDIA E ALTA COMPLEXIDADE - MAC;11436548000103;FUNDO MUNICIPAL DE SAUDE - CONGO - PARAIBA;3666;30/04/2024;PROPOSTA PAGA;Proposta Paga;13/12/2024;R$100.000,00;R$100.000,00;R$100.000,00
2024;71160001;S.PART.;BANCADA DA PARAÍBA;não se aplica;não se aplica;PB;251060;OURO VELHO;MUNICIPAL;BANCADA OBRIGATÓRIA;CORRENTE;302;1001;1030251182E900025;20/05/2024;36000613395202400;-;FAF;INCREMENTO MAC;2E90;ATENÇÃO ESPECIALIZADA À SAÚDE;INCREMENTO TEMPORÁRIO DO TETO DA MÉDIA E ALTA COMPLEXIDADE - MAC;11348410000144;FUNDO MUNICIPAL DE SAUDE DE OURO VELHO;3996;22/05/2024;PROPOSTA PAGA;Proposta Paga;13/12/2024;R$43.719,00;R$43.719,00;R$43.719,00
2024;71160002;S.PART.;BANCADA DA PARAÍBA;não se aplica;não se aplica;PB;250870;MAE D'AGUA;MUNICIPAL;BANCADA OBRIGATÓRIA;CORRENTE;301;1001;1030151192E890025;04/04/2024;36000596240202400;-;FAF;INCREMENTO PAP;2E89;INCREMENTO TEMPORÁRIO AO CUSTEIO DOS SERVIÇOS DE ATENÇÃO PRIMÁRIA À SAÚDE - PAP;INCREMENTO DO PISO DA ATENÇÃO PRIMÁRIA À SAÚDE - PAP;03627760000111;FUNDO MUNICIPAL DE SAUDE DE MAE D AGUA;3624;30/04/2024;PROPOSTA PAGA;Proposta Paga;13/12/2024;R$200.000,00;R$200.000,00;R$200.000,00
2024;71160002;S.PART.;BANCADA DA PARAÍBA;não se aplica;não se aplica;PB;251660;TAVARES;MUNICIPAL;BANCADA OBRIGATÓRIA;CORRENTE;301;1001;1030151192E890025;10/04/2024;36000602009202400;-;FAF;INCREMENTO PAP;2E89;INCREMENTO TEMPORÁRIO AO CUSTEIO DOS SERVIÇOS DE ATENÇÃO PRIMÁRIA À SAÚDE - PAP;INCREMENTO DO PISO DA ATENÇÃO PRIMÁRIA À SAÚDE - PAP;10598364000179;FUNDO MUNICIPAL DE SAUDE DE TAVARES;3676;30/04/2024;PROPOSTA PAGA;Proposta Paga;13/12/2024;R$1.500.000,00;R$1.500.000,00;R$1.500.000,00
2024;71160002;S.PART.;BANCADA DA PARAÍBA;não se aplica;não se aplica;PB;250580;DUAS ESTRADAS;MUNICIPAL;BANCADA OBRIGATÓRIA;CORRENTE;301;1001;1030151192E890025;11/04/2024;36000602835202400;-;FAF;INCREMENTO PAP;2E89;INCREMENTO TEMPORÁRIO AO CUSTEIO DOS SERVIÇOS DE ATENÇÃO PRIMÁRIA À SAÚDE - PAP;INCREMENTO DO PISO DA ATENÇÃO PRIMÁRIA À SAÚDE - PAP;11814527000176;FUNDO MUNICIPAL DE SAUDE DE DUAS ESTRADAS;3624;30/04/2024;PROPOSTA PAGA;Proposta Paga;13/12/2024;R$243.304,00;R$243.304,00;R$243.304,00
2024;71160003;S.PART.;BANCADA DA PARAÍBA;não se aplica;não se aplica;PB;250740;JERICO;MUNICIPAL;BANCADA OBRIGATÓRIA;CAPITAL;302;1001;10302511885358697;12/04/2024;12009325000124004;-;FAF;EQUIPAMENTO;8535;ATENÇÃO ESPECIALIZADA À SAÚDE;REDE DE ATENÇÃO ESPECIALIZADA À SAÚDE - AMBULATÓRIO;12009325000114;FUNDO MUNICIPAL DE SAUDE - FMS;4212;07/06/2024;PROPOSTA PAGA;Proposta Paga;13/12/2024;R$54.585,00;R$54.585,00;R$54.585,00
2024;71160002;S.PART.;BANCADA DA PARAÍBA;não se aplica;não se aplica;PB;250480;COREMAS;MUNICIPAL;BANCADA OBRIGATÓRIA;CORRENTE;301;1001;1030151192E890025;15/04/2024;36000605138202400;-;FAF;INCREMENTO PAP;2E89;INCREMENTO TEMPORÁRIO AO CUSTEIO DOS SERVIÇOS DE ATENÇÃO PRIMÁRIA À SAÚDE - PAP;INCREMENTO DO PISO DA ATENÇÃO PRIMÁRIA À SAÚDE - PAP;11161210000188;FUNDO MUNICIPAL DE SAUDE;3624;30/04/2024;PROPOSTA PAGA;Proposta Paga;13/12/2024;R$250.000,00;R$250.000,00;R$250.000,00
2024;71160002;S.PART.;BANCADA DA PARAÍBA;não se aplica;não se aplica;PB;251120;PEDRAS DE FOGO;MUNICIPAL;BANCADA OBRIGATÓRIA;CORRENTE;301;1001;1030151192E890025;01/04/2024;36000593250202400;-;FAF;INCREMENTO PAP;2E89;INCREMENTO TEMPORÁRIO AO CUSTEIO DOS SERVIÇOS DE ATENÇÃO PRIMÁRIA À SAÚDE - PAP;INCREMENTO DO PISO DA ATENÇÃO PRIMÁRIA À SAÚDE - PAP;10490987000123;FUNDO MUNICIPAL DE SAUDE;3624;30/04/2024;PROPOSTA PAGA;Proposta Paga;13/12/2024;R$259.120,00;R$259.120,00;R$259.120,00
2024;71160002;S.PART.;BANCADA DA PARAÍBA;não se aplica;não se aplica;PB;250115;AREIA DE BARAUNAS;MUNICIPAL;BANCADA OBRIGATÓRIA;CORRENTE;301;1001;1030151192E890025;01/04/2024;36000592382202400;-;FAF;INCREMENTO PAP;2E89;INCREMENTO TEMPORÁRIO AO CUSTEIO DOS SERVIÇOS DE ATENÇÃO PRIMÁRIA À SAÚDE - PAP;INCREMENTO DO PISO DA ATENÇÃO PRIMÁRIA À SAÚDE - PAP;11832051000104;FUNDO MUNICIPAL DE SAUDE DO MUNICIPIO DE AREIA DE BARAUNAS;3624;30/04/2024;PROPOSTA PAGA;Proposta Paga;13/12/2024;R$100.000,00;R$100.000,00;R$100.000,00
2024;71160002;S.PART.;BANCADA DA PARAÍBA;não se aplica;não se aplica;PB;250060;ALHANDRA;MUNICIPAL;BANCADA OBRIGATÓRIA;CORRENTE;301;1001;1030151192E890025;27/03/2024;36000590529202400;-;FAF;INCREMENTO PAP;2E89;INCREMENTO TEMPORÁRIO AO CUSTEIO DOS SERVIÇOS DE ATENÇÃO PRIMÁRIA À SAÚDE - PAP;INCREMENTO DO PISO DA ATENÇÃO PRIMÁRIA À SAÚDE - PAP;11490408000105;FUNDO MUNICIPAL DE SAUDE;3676;30/04/2024;PROPOSTA PAGA;Proposta Paga;13/12/2024;R$300.000,00;R$300.000,00;R$300.000,00
2024;71160002;S.PART.;BANCADA DA PARAÍBA;não se aplica;não se aplica;PB;250540;DESTERRO;MUNICIPAL;BANCADA OBRIGATÓRIA;CORRENTE;301;1001;1030151192E890025;04/04/2024;36000597259202400;-;FAF;INCREMENTO PAP;2E89;INCREMENTO TEMPORÁRIO AO CUSTEIO DOS SERVIÇOS DE ATENÇÃO PRIMÁRIA À SAÚDE - PAP;INCREMENTO DO PISO DA ATENÇÃO PRIMÁRIA À SAÚDE - PAP;10493355000113;FUNDO MUNICIPAL DE SAUDE DE DESTERRO;3624;30/04/2024;PROPOSTA PAGA;Proposta Paga;13/12/2024;R$300.000,00;R$300.000,00;R$300.000,00
2024;71160002;S.PART.;BANCADA DA PARAÍBA;não se aplica;não se aplica;PB;250077;APARECIDA;MUNICIPAL;BANCADA OBRIGATÓRIA;CORRENTE;301;1001;1030151192E890025;03/04/2024;36000595646202400;-;FAF;INCREMENTO PAP;2E89;INCREMENTO TEMPORÁRIO AO CUSTEIO DOS SERVIÇOS DE ATENÇÃO PRIMÁRIA À SAÚDE - PAP;INCREMENTO DO PISO DA ATENÇÃO PRIMÁRIA À SAÚDE - PAP;11956816000100;FUNDO MUNICIPAL DE SAUDE DE APARECIDA;3624;30/04/2024;PROPOSTA PAGA;Proposta Paga;13/12/2024;R$150.000,00;R$150.000,00;R$150.000,00
2024;71160002;S.PART.;BANCADA DA PARAÍBA;não se aplica;não se aplica;PB;251060;OURO VELHO;MUNICIPAL;BANCADA OBRIGATÓRIA;CORRENTE;301;1001;1030151192E890025;27/03/2024;36000589929202400;-;FAF;INCREMENTO PAP;2E89;INCREMENTO TEMPORÁRIO AO CUSTEIO DOS SERVIÇOS DE ATENÇÃO PRIMÁRIA À SAÚDE - PAP;INCREMENTO DO PISO DA ATENÇÃO PRIMÁRIA À SAÚDE - PAP;11348410000144;FUNDO MUNICIPAL DE SAUDE DE OURO VELHO;3624;30/04/2024;PROPOSTA PAGA;Proposta Paga;13/12/2024;R$150.000,00;R$150.000,00;R$150.000,00
2024;71160002;S.PART.;BANCADA DA PARAÍBA;não se aplica;não se aplica;PB;250670;IMACULADA;MUNICIPAL;BANCADA OBRIGATÓRIA;CORRENTE;301;1001;1030151192E890025;01/04/2024;36000592587202400;-;FAF;INCREMENTO PAP;2E89;INCREMENTO TEMPORÁRIO AO CUSTEIO DOS SERVIÇOS DE ATENÇÃO PRIMÁRIA À SAÚDE - PAP;INCREMENTO DO PISO DA ATENÇÃO PRIMÁRIA À SAÚDE - PAP;11838404000175;FUNDO MUNICIPAL DE SAUDE DO MUNICIPIO DE IMACULADA;3676;30/04/2024;PROPOSTA PAGA;Proposta Paga;13/12/2024;R$450.000,00;R$450.000,00;R$450.000,00
2024;71160001;S.PART.;BANCADA DA PARAÍBA;não se aplica;não se aplica;PB;250290;BREJO DOS SANTOS;MUNICIPAL;BANCADA OBRIGATÓRIA;CORRENTE;302;1001;1030251182E900025;05/04/2024;36000598379202400;-;FAF;INCREMENTO MAC;2E90;ATENÇÃO ESPECIALIZADA À SAÚDE;INCREMENTO TEMPORÁRIO DO TETO DA MÉDIA E ALTA COMPLEXIDADE - MAC;18000776000177;FUNDO MUNICIPAL DE SAUDE DE BREJO DOS SANTOS;3666;30/04/2024;PROPOSTA PAGA;Proposta Paga;13/12/2024;R$120.000,00;R$120.000,00;R$120.000,00
2024;71160002;S.PART.;BANCADA DA PARAÍBA;não se aplica;não se aplica;PB;251690;UIRAUNA;MUNICIPAL;BANCADA OBRIGATÓRIA;CORRENTE;301;1001;1030151192E890025;27/03/2024;36000589363202400;-;FAF;INCREMENTO PAP;2E89;INCREMENTO TEMPORÁRIO AO CUSTEIO DOS SERVIÇOS DE ATENÇÃO PRIMÁRIA À SAÚDE - PAP;INCREMENTO DO PISO DA ATENÇÃO PRIMÁRIA À SAÚDE - PAP;10435066000168;FUNDO MUNICIPAL DE SAUDE;3676;30/04/2024;PROPOSTA PAGA;Proposta Paga;13/12/2024;R$1.000.000,00;R$1.000.000,00;R$1.000.000,00
2024;71160002;S.PART.;BANCADA DA PARAÍBA;não se aplica;não se aplica;PB;250030;ALAGOA GRANDE;MUNICIPAL;BANCADA OBRIGATÓRIA;CORRENTE;301;1001;1030151192E890025;27/03/2024;36000590255202400;-;FAF;INCREMENTO PAP;2E89;INCREMENTO TEMPORÁRIO AO CUSTEIO DOS SERVIÇOS DE ATENÇÃO PRIMÁRIA À SAÚDE - PAP;INCREMENTO DO PISO DA ATENÇÃO PRIMÁRIA À SAÚDE - PAP;17698753000115;FUNDO MUNICIPAL DE SAUDE DE ALAGOA GRANDE;3624;30/04/2024;PROPOSTA PAGA;Proposta Paga;13/12/2024;R$50.000,00;R$50.000,00;R$50.000,00
2024;71160002;S.PART.;BANCADA DA PARAÍBA;não se aplica;não se aplica;PB;250720;ITATUBA;MUNICIPAL;BANCADA OBRIGATÓRIA;CORRENTE;301;1001;1030151192E890025;04/04/2024;36000597066202400;-;FAF;INCREMENTO PAP;2E89;INCREMENTO TEMPORÁRIO AO CUSTEIO DOS SERVIÇOS DE ATENÇÃO PRIMÁRIA À SAÚDE - PAP;INCREMENTO DO PISO DA ATENÇÃO PRIMÁRIA À SAÚDE - PAP;12306005000126;FUNDO MUNICIPAL DE SAUDE;3624;30/04/2024;PROPOSTA PAGA;Proposta Paga;13/12/2024;R$300.000,00;R$300.000,00;R$300.000,00
2024;71160002;S.PART.;BANCADA DA PARAÍBA;não se aplica;não se aplica;PB;250640;GURINHEM;MUNICIPAL;BANCADA OBRIGATÓRIA;CORRENTE;301;1001;1030151192E890025;27/03/2024;36000590114202400;-;FAF;INCREMENTO PAP;2E89;INCREMENTO TEMPORÁRIO AO CUSTEIO DOS SERVIÇOS DE ATENÇÃO PRIMÁRIA À SAÚDE - PAP;INCREMENTO DO PISO DA ATENÇÃO PRIMÁRIA À SAÚDE - PAP;11739873000137;FMS DE GURINHEM;3676;30/04/2024;PROPOSTA PAGA;Proposta Paga;13/12/2024;R$150.000,00;R$150.000,00;R$150.000,00
2024;71160002;S.PART.;BANCADA DA PARAÍBA;não se aplica;não se aplica;PB;250260;IGARACY;MUNICIPAL;BANCADA OBRIGATÓRIA;CORRENTE;301;1001;1030151192E890025;27/03/2024;36000590587202400;-;FAF;INCREMENTO PAP;2E89;INCREMENTO TEMPORÁRIO AO CUSTEIO DOS SERVIÇOS DE ATENÇÃO PRIMÁRIA À SAÚDE - PAP;INCREMENTO DO PISO DA ATENÇÃO PRIMÁRIA À SAÚDE - PAP;11463951000113;FUNDO MUNICIPAL DE SAUDE DE IGARACY;3676;30/04/2024;PROPOSTA PAGA;Proposta Paga;13/12/2024;R$400.000,00;R$400.000,00;R$400.000,00
2024;71160002;S.PART.;BANCADA DA PARAÍBA;não se aplica;não se aplica;PB;250415;CASSERENGUE;MUNICIPAL;BANCADA OBRIGATÓRIA;CORRENTE;301;1001;1030151192E890025;02/04/2024;36000593755202400;-;FAF;INCREMENTO PAP;2E89;INCREMENTO TEMPORÁRIO AO CUSTEIO DOS SERVIÇOS DE ATENÇÃO PRIMÁRIA À SAÚDE - PAP;INCREMENTO DO PISO DA ATENÇÃO PRIMÁRIA À SAÚDE - PAP;12431437000169;FUNDO MUNICIPAL DE SAUDE;4099;28/05/2024;PROPOSTA PAGA;Proposta Paga;13/12/2024;R$500.000,00;R$500.000,00;R$500.000,00
2024;71160002;S.PART.;BANCADA DA PARAÍBA;não se aplica;não se aplica;PB;250460;CONDE;MUNICIPAL;BANCADA OBRIGATÓRIA;CORRENTE;301;1001;1030151192E890025;04/04/2024;36000597418202400;-;FAF;INCREMENTO PAP;2E89;INCREMENTO TEMPORÁRIO AO CUSTEIO DOS SERVIÇOS DE ATENÇÃO PRIMÁRIA À SAÚDE - PAP;INCREMENTO DO PISO DA ATENÇÃO PRIMÁRIA À SAÚDE - PAP;11570107000191;FUNDO MUNICIPAL DE SAUDE;3676;30/04/2024;PROPOSTA PAGA;Proposta Paga;13/12/2024;R$500.000,00;R$500.000,00;R$500.000,00
2024;71160002;S.PART.;BANCADA DA PARAÍBA;não se aplica;não se aplica;PB;250790;JURIPIRANGA;MUNICIPAL;BANCADA OBRIGATÓRIA;CORRENTE;301;1001;1030151192E890025;27/03/2024;36000590605202400;-;FAF;INCREMENTO PAP;2E89;INCREMENTO TEMPORÁRIO AO CUSTEIO DOS SERVIÇOS DE ATENÇÃO PRIMÁRIA À SAÚDE - PAP;INCREMENTO DO PISO DA ATENÇÃO PRIMÁRIA À SAÚDE - PAP;11164805000197;FUNDO MUNICIPAL DE SAUDE;3624;30/04/2024;PROPOSTA PAGA;Proposta Paga;13/12/2024;R$200.000,00;R$200.000,00;R$200.000,00
2024;71160001;S.PART.;BANCADA DA PARAÍBA;não se aplica;não se aplica;PB;251490;SAO MAMEDE;MUNICIPAL;BANCADA OBRIGATÓRIA;CORRENTE;302;1001;1030251182E900025;08/04/2024;36000599067202400;-;FAF;INCREMENTO MAC;2E90;ATENÇÃO ESPECIALIZADA À SAÚDE;INCREMENTO TEMPORÁRIO DO TETO DA MÉDIA E ALTA COMPLEXIDADE - MAC;04223191000101;FUNDO MUN.DE SAUDE DE SAO MAMEDE-PB;3673;30/04/2024;PROPOSTA PAGA;Proposta Paga;13/12/2024;R$26.301,00;R$26.301,00;R$26.301,00
2024;71160002;S.PART.;BANCADA DA PARAÍBA;não se aplica;não se aplica;PB;250820;LAGOA DE DENTRO;MUNICIPAL;BANCADA OBRIGATÓRIA;CORRENTE;301;1001;1030151192E890025;01/04/2024;36000593236202400;-;FAF;INCREMENTO PAP;2E89;INCREMENTO TEMPORÁRIO AO CUSTEIO DOS SERVIÇOS DE ATENÇÃO PRIMÁRIA À SAÚDE - PAP;INCREMENTO DO PISO DA ATENÇÃO PRIMÁRIA À SAÚDE - PAP;12375571000190;LAGOA DE DENTRO - FUNDO MUNICIPAL DE SAUDE;3676;30/04/2024;PROPOSTA PAGA;Proposta Paga;13/12/2024;R$600.000,00;R$600.000,00;R$600.000,00
2024;71160002;S.PART.;BANCADA DA PARAÍBA;não se aplica;não se aplica;PB;251120;PEDRAS DE FOGO;MUNICIPAL;BANCADA OBRIGATÓRIA;CORRENTE;301;1001;1030151192E890025;25/11/2024;36000634775202400;-;FAF;INCREMENTO PAP;2E89;INCREMENTO TEMPORÁRIO AO CUSTEIO DOS SERVIÇOS DE ATENÇÃO PRIMÁRIA À SAÚDE - PAP;INCREMENTO DO PISO DA ATENÇÃO PRIMÁRIA À SAÚDE - PAP;10490987000123;FUNDO MUNICIPAL DE SAUDE;6155;18/12/2024;PROPOSTA PAGA;Proposta Paga;10/03/2025;R$1.000.000,00;R$1.000.000,00;R$1.000.000,00
2024;71160002;S.PART.;BANCADA DA PARAÍBA;não se aplica;não se aplica;PB;251330;SANTA HELENA;MUNICIPAL;BANCADA OBRIGATÓRIA;CORRENTE;301;1001;1030151192E890025;17/12/2024;36000637428202400;-;FAF;INCREMENTO PAP;2E89;INCREMENTO TEMPORÁRIO AO CUSTEIO DOS SERVIÇOS DE ATENÇÃO PRIMÁRIA À SAÚDE - PAP;INCREMENTO DO PISO DA ATENÇÃO PRIMÁRIA À SAÚDE - PAP;11245287000136;FUNDO MUNICIPAL DE SAUDE DE SANTA HELENA-PB;6155;18/12/2024;PROPOSTA PAGA;Proposta Paga;10/03/2025;R$240.000,00;R$240.000,00;R$240.000,00
2024;71160002;S.PART.;BANCADA DA PARAÍBA;não se aplica;não se aplica;PB;250100;ARARUNA;MUNICIPAL;BANCADA OBRIGATÓRIA;CORRENTE;301;1001;1030151192E890025;01/04/2024;36000592915202400;-;FAF;INCREMENTO PAP;2E89;INCREMENTO TEMPORÁRIO AO CUSTEIO DOS SERVIÇOS DE ATENÇÃO PRIMÁRIA À SAÚDE - PAP;INCREMENTO DO PISO DA ATENÇÃO PRIMÁRIA À SAÚDE - PAP;11667845000151;FUNDO MUNICIPAL DE SAUDE DE ARARUNA PARAIBA;3624;30/04/2024;PROPOSTA PAGA;Proposta Paga;13/12/2024;R$250.000,00;R$250.000,00;R$250.000,00
2024;71160001;S.PART.;BANCADA DA PARAÍBA;não se aplica;não se aplica;PB;251530;SAPE;MUNICIPAL;BANCADA OBRIGATÓRIA;CORRENTE;302;1001;1030251182E900025;08/04/2024;36000599761202400;-;FAF;INCREMENTO MAC;2E90;ATENÇÃO ESPECIALIZADA À SAÚDE;INCREMENTO TEMPORÁRIO DO TETO DA MÉDIA E ALTA COMPLEXIDADE - MAC;08036438000131;FUNDO MUNICIPAL DE SAUDE DE SAPE;3673;30/04/2024;PROPOSTA PAGA;Proposta Paga;13/12/2024;R$500.000,00;R$500.000,00;R$500.000,00
2024;71160002;S.PART.;BANCADA DA PARAÍBA;não se aplica;não se aplica;PB;250190;BELEM;MUNICIPAL;BANCADA OBRIGATÓRIA;CORRENTE;301;1001;1030151192E890025;12/04/2024;36000604144202400;-;FAF;INCREMENTO PAP;2E89;INCREMENTO TEMPORÁRIO AO CUSTEIO DOS SERVIÇOS DE ATENÇÃO PRIMÁRIA À SAÚDE - PAP;INCREMENTO DO PISO DA ATENÇÃO PRIMÁRIA À SAÚDE - PAP;11429813000118;FUNDO MUNICIPAL DE SAUDE DE BELEM;3624;30/04/2024;PROPOSTA PAGA;Proposta Paga;13/12/2024;R$100.000,00;R$100.000,00;R$100.000,00
2024;71160002;S.PART.;BANCADA DA PARAÍBA;não se aplica;não se aplica;PB;250340;CACIMBA DE AREIA;MUNICIPAL;BANCADA OBRIGATÓRIA;CORRENTE;301;1001;1030151192E890025;14/04/2024;36000604847202400;-;FAF;INCREMENTO PAP;2E89;INCREMENTO TEMPORÁRIO AO CUSTEIO DOS SERVIÇOS DE ATENÇÃO PRIMÁRIA À SAÚDE - PAP;INCREMENTO DO PISO DA ATENÇÃO PRIMÁRIA À SAÚDE - PAP;10460927000168;FUNDO MUNICIPAL DE SAUDE DE CACIMBA DE AREIA;3624;30/04/2024;PROPOSTA PAGA;Proposta Paga;13/12/2024;R$300.000,00;R$300.000,00;R$300.000,00
2024;71160002;S.PART.;BANCADA DA PARAÍBA;não se aplica;não se aplica;PB;251630;SUME;MUNICIPAL;BANCADA OBRIGATÓRIA;CORRENTE;301;1001;1030151192E890025;01/04/2024;36000592665202400;-;FAF;INCREMENTO PAP;2E89;INCREMENTO TEMPORÁRIO AO CUSTEIO DOS SERVIÇOS DE ATENÇÃO PRIMÁRIA À SAÚDE - PAP;INCREMENTO DO PISO DA ATENÇÃO PRIMÁRIA À SAÚDE - PAP;11285069000125;FUNDO MUNICIPAL DE SAUDE;3624;30/04/2024;PROPOSTA PAGA;Proposta Paga;13/12/2024;R$150.000,00;R$150.000,00;R$150.000,00
2024;71160002;S.PART.;BANCADA DA PARAÍBA;não se aplica;não se aplica;PB;250510;CUITE;MUNICIPAL;BANCADA OBRIGATÓRIA;CORRENTE;301;1001;1030151192E890025;27/03/2024;36000590575202400;-;FAF;INCREMENTO PAP;2E89;INCREMENTO TEMPORÁRIO AO CUSTEIO DOS SERVIÇOS DE ATENÇÃO PRIMÁRIA À SAÚDE - PAP;INCREMENTO DO PISO DA ATENÇÃO PRIMÁRIA À SAÚDE - PAP;11404674000178;FUNDO MUNICIPAL DE SAUDE;3624;30/04/2024;PROPOSTA PAGA;Proposta Paga;13/12/2024;R$200.000,00;R$200.000,00;R$200.000,00
2024;71160002;S.PART.;BANCADA DA PARAÍBA;não se aplica;não se aplica;PB;250527;CURRAL DE CIMA;MUNICIPAL;BANCADA OBRIGATÓRIA;CORRENTE;301;1001;1030151192E890025;11/04/2024;36000602611202400;-;FAF;INCREMENTO PAP;2E89;INCREMENTO TEMPORÁRIO AO CUSTEIO DOS SERVIÇOS DE ATENÇÃO PRIMÁRIA À SAÚDE - PAP;INCREMENTO DO PISO DA ATENÇÃO PRIMÁRIA À SAÚDE - PAP;17945598000194;FUNDO MUNICIPAL DE SAUDE DE CURRAL DE CIMA;3624;30/04/2024;PROPOSTA PAGA;Proposta Paga;13/12/2024;R$200.000,00;R$200.000,00;R$200.000,00
2024;71160001;S.PART.;BANCADA DA PARAÍBA;não se aplica;não se aplica;PB;250460;CONDE;MUNICIPAL;BANCADA OBRIGATÓRIA;CORRENTE;302;1001;1030251182E900025;04/04/2024;36000597422202400;-;FAF;INCREMENTO MAC;2E90;ATENÇÃO ESPECIALIZADA À SAÚDE;INCREMENTO TEMPORÁRIO DO TETO DA MÉDIA E ALTA COMPLEXIDADE - MAC;11570107000191;FUNDO MUNICIPAL DE SAUDE;3673;30/04/2024;PROPOSTA PAGA;Proposta Paga;13/12/2024;R$200.000,00;R$200.000,00;R$200.000,00
2024;71160001;S.PART.;BANCADA DA PARAÍBA;não se aplica;não se aplica;PB;250710;ITAPOROROCA;MUNICIPAL;BANCADA OBRIGATÓRIA;CORRENTE;302;1001;1030251182E900025;16/04/2024;36000605721202400;-;FAF;INCREMENTO MAC;2E90;ATENÇÃO ESPECIALIZADA À SAÚDE;INCREMENTO TEMPORÁRIO DO TETO DA MÉDIA E ALTA COMPLEXIDADE - MAC;12099621000153;FUNDO MUNICIPAL DE SAUDE;3666;30/04/2024;PROPOSTA PAGA;Proposta Paga;13/12/2024;R$200.000,00;R$200.000,00;R$200.000,00
2024;71160001;S.PART.;BANCADA DA PARAÍBA;não se aplica;não se aplica;PB;251150;PILAR;MUNICIPAL;BANCADA OBRIGATÓRIA;CORRENTE;302;1001;1030251182E900025;05/04/2024;36000597458202400;-;FAF;INCREMENTO MAC;2E90;ATENÇÃO ESPECIALIZADA À SAÚDE;INCREMENTO TEMPORÁRIO DO TETO DA MÉDIA E ALTA COMPLEXIDADE - MAC;11171199000137;FUNDO MUNICIPAL DE SAUDE DO MUNICIPIO DE PILAR;3666;30/04/2024;PROPOSTA PAGA;Proposta Paga;13/12/2024;R$200.000,00;R$200.000,00;R$200.000,00
2024;71160002;S.PART.;BANCADA DA PARAÍBA;não se aplica;não se aplica;PB;251510;SAO SEBASTIAO DE LAGOA DE ROCA;MUNICIPAL;BANCADA OBRIGATÓRIA;CORRENTE;301;1001;1030151192E890025;27/03/2024;36000590651202400;-;FAF;INCREMENTO PAP;2E89;INCREMENTO TEMPORÁRIO AO CUSTEIO DOS SERVIÇOS DE ATENÇÃO PRIMÁRIA À SAÚDE - PAP;INCREMENTO DO PISO DA ATENÇÃO PRIMÁRIA À SAÚDE - PAP;11143891000151;FUNDO MUNICIPAL DE SAUDE SAO SEBASTIAO DE LAGOA DE ROCA;3624;30/04/2024;PROPOSTA PAGA;Proposta Paga;13/12/2024;R$200.000,00;R$200.000,00;R$200.000,00
2024;71160002;S.PART.;BANCADA DA PARAÍBA;não se aplica;não se aplica;PB;251560;SERRA DA RAIZ;MUNICIPAL;BANCADA OBRIGATÓRIA;CORRENTE;301;1001;1030151192E890025;04/04/2024;36000596274202400;-;FAF;INCREMENTO PAP;2E89;INCREMENTO TEMPORÁRIO AO CUSTEIO DOS SERVIÇOS DE ATENÇÃO PRIMÁRIA À SAÚDE - PAP;INCREMENTO DO PISO DA ATENÇÃO PRIMÁRIA À SAÚDE - PAP;11594437000117;FUNDO MUNICIPAL DE SAUDE;3676;30/04/2024;PROPOSTA PAGA;Proposta Paga;13/12/2024;R$200.000,00;R$200.000,00;R$200.000,00
2024;71160002;S.PART.;BANCADA DA PARAÍBA;não se aplica;não se aplica;PB;250270;BORBOREMA;MUNICIPAL;BANCADA OBRIGATÓRIA;CORRENTE;301;1001;1030151192E890025;01/04/2024;36000593511202400;-;FAF;INCREMENTO PAP;2E89;INCREMENTO TEMPORÁRIO AO CUSTEIO DOS SERVIÇOS DE ATENÇÃO PRIMÁRIA À SAÚDE - PAP;INCREMENTO DO PISO DA ATENÇÃO PRIMÁRIA À SAÚDE - PAP;11594451000110;FUNDO MUNICIPAL DE SAUDE DE BORBOREMA;3624;30/04/2024;PROPOSTA PAGA;Proposta Paga;13/12/2024;R$250.000,00;R$250.000,00;R$250.000,00
2024;71160002;S.PART.;BANCADA DA PARAÍBA;não se aplica;não se aplica;PB;250640;GURINHEM;MUNICIPAL;BANCADA OBRIGATÓRIA;CORRENTE;301;1001;1030151192E890025;03/04/2024;36000595666202400;-;FAF;INCREMENTO PAP;2E89;INCREMENTO TEMPORÁRIO AO CUSTEIO DOS SERVIÇOS DE ATENÇÃO PRIMÁRIA À SAÚDE - PAP;INCREMENTO DO PISO DA ATENÇÃO PRIMÁRIA À SAÚDE - PAP;11739873000137;FMS DE GURINHEM;3676;30/04/2024;PROPOSTA PAGA;Proposta Paga;13/12/2024;R$250.000,00;R$250.000,00;R$250.000,00
2024;71160002;S.PART.;BANCADA DA PARAÍBA;não se aplica;não se aplica;PB;251060;OURO VELHO;MUNICIPAL;BANCADA OBRIGATÓRIA;CORRENTE;301;1001;1030151192E890025;20/05/2024;36000613394202400;-;FAF;INCREMENTO PAP;2E89;INCREMENTO TEMPORÁRIO AO CUSTEIO DOS SERVIÇOS DE ATENÇÃO PRIMÁRIA À SAÚDE - PAP;INCREMENTO DO PISO DA ATENÇÃO PRIMÁRIA À SAÚDE - PAP;11348410000144;FUNDO MUNICIPAL DE SAUDE DE OURO VELHO;4099;28/05/2024;PROPOSTA PAGA;Proposta Paga;13/12/2024;R$47.461,00;R$47.461,00;R$47.461,00
2024;71160002;S.PART.;BANCADA DA PARAÍBA;não se aplica;não se aplica;PB;250620;FREI MARTINHO;MUNICIPAL;BANCADA OBRIGATÓRIA;CORRENTE;301;1001;1030151192E890025;04/04/2024;36000597100202400;-;FAF;INCREMENTO PAP;2E89;INCREMENTO TEMPORÁRIO AO CUSTEIO DOS SERVIÇOS DE ATENÇÃO PRIMÁRIA À SAÚDE - PAP;INCREMENTO DO PISO DA ATENÇÃO PRIMÁRIA À SAÚDE - PAP;11252030000101;FUNDO MUNICIPAL DE SAUDE DE FREI MARTINHO;3624;30/04/2024;PROPOSTA PAGA;Proposta Paga;13/12/2024;R$99.430,00;R$99.430,00;R$99.430,00
2024;71160002;S.PART.;BANCADA DA PARAÍBA;não se aplica;não se aplica;PB;251050;OLIVEDOS;MUNICIPAL;BANCADA OBRIGATÓRIA;CORRENTE;301;1001;1030151192E890025;01/04/2024;36000593545202400;-;FAF;INCREMENTO PAP;2E89;INCREMENTO TEMPORÁRIO AO CUSTEIO DOS SERVIÇOS DE ATENÇÃO PRIMÁRIA À SAÚDE - PAP;INCREMENTO DO PISO DA ATENÇÃO PRIMÁRIA À SAÚDE - PAP;17739771000106;FUNDO MUNICIPAL DE SAUDE DE OLIVEDOS;3624;30/04/2024;PROPOSTA PAGA;Proposta Paga;13/12/2024;R$300.000,00;R$300.000,00;R$300.000,00
2024;71160002;S.PART.;BANCADA DA PARAÍBA;não se aplica;não se aplica;PB;251050;OLIVEDOS;MUNICIPAL;BANCADA OBRIGATÓRIA;CORRENTE;301;1001;1030151192E890025;01/04/2024;36000593546202400;-;FAF;INCREMENTO PAP;2E89;INCREMENTO TEMPORÁRIO AO CUSTEIO DOS SERVIÇOS DE ATENÇÃO PRIMÁRIA À SAÚDE - PAP;INCREMENTO DO PISO DA ATENÇÃO PRIMÁRIA À SAÚDE - PAP;17739771000106;FUNDO MUNICIPAL DE SAUDE DE OLIVEDOS;3624;30/04/2024;PROPOSTA PAGA;Proposta Paga;13/12/2024;R$150.000,00;R$150.000,00;R$150.000,00
2024;71160002;S.PART.;BANCADA DA PARAÍBA;não se aplica;não se aplica;PB;251110;PEDRA LAVRADA;MUNICIPAL;BANCADA OBRIGATÓRIA;CORRENTE;301;1001;1030151192E890025;28/03/2024;36000590671202400;-;FAF;INCREMENTO PAP;2E89;INCREMENTO TEMPORÁRIO AO CUSTEIO DOS SERVIÇOS DE ATENÇÃO PRIMÁRIA À SAÚDE - PAP;INCREMENTO DO PISO DA ATENÇÃO PRIMÁRIA À SAÚDE - PAP;08932293000157;FUNDO MUNICIPAL DE SAUDE DE PEDRA LAVRADA;3624;30/04/2024;PROPOSTA PAGA;Proposta Paga;13/12/2024;R$150.000,00;R$150.000,00;R$150.000,00
2024;71160002;S.PART.;BANCADA DA PARAÍBA;não se aplica;não se aplica;PB;251278;RIACHO DE SANTO ANTONIO;MUNICIPAL;BANCADA OBRIGATÓRIA;CORRENTE;301;1001;1030151192E890025;27/03/2024;36000590426202400;-;FAF;INCREMENTO PAP;2E89;INCREMENTO TEMPORÁRIO AO CUSTEIO DOS SERVIÇOS DE ATENÇÃO PRIMÁRIA À SAÚDE - PAP;INCREMENTO DO PISO DA ATENÇÃO PRIMÁRIA À SAÚDE - PAP;11170236000192;FUNDO MUNICIPAL DE SAUDE;3624;30/04/2024;PROPOSTA PAGA;Proposta Paga;13/12/2024;R$150.000,00;R$150.000,00;R$150.000,00
2024;71160002;S.PART.;BANCADA DA PARAÍBA;não se aplica;não se aplica;PB;251278;RIACHO DE SANTO ANTONIO;MUNICIPAL;BANCADA OBRIGATÓRIA;CORRENTE;301;1001;1030151192E890025;27/03/2024;36000590661202400;-;FAF;INCREMENTO PAP;2E89;INCREMENTO TEMPORÁRIO AO CUSTEIO DOS SERVIÇOS DE ATENÇÃO PRIMÁRIA À SAÚDE - PAP;INCREMENTO DO PISO DA ATENÇÃO PRIMÁRIA À SAÚDE - PAP;11170236000192;FUNDO MUNICIPAL DE SAUDE;3624;30/04/2024;PROPOSTA PAGA;Proposta Paga;13/12/2024;R$150.000,00;R$150.000,00;R$150.000,00
2024;71160002;S.PART.;BANCADA DA PARAÍBA;não se aplica;não se aplica;PB;251200;POCINHOS;MUNICIPAL;BANCADA OBRIGATÓRIA;CORRENTE;301;1001;1030151192E890025;01/04/2024;36000593549202400;-;FAF;INCREMENTO PAP;2E89;INCREMENTO TEMPORÁRIO AO CUSTEIO DOS SERVIÇOS DE ATENÇÃO PRIMÁRIA À SAÚDE - PAP;INCREMENTO DO PISO DA ATENÇÃO PRIMÁRIA À SAÚDE - PAP;09505246000190;FUNDO MUNICIPAL DE SAUDE - POCINHOS - PARAIBA;3624;30/04/2024;PROPOSTA PAGA;Proposta Paga;13/12/2024;R$400.000,00;R$400.000,00;R$400.000,00
2024;71160002;S.PART.;BANCADA DA PARAÍBA;não se aplica;não se aplica;PB;251610;SOLEDADE;MUNICIPAL;BANCADA OBRIGATÓRIA;CORRENTE;301;1001;1030151192E890025;04/04/2024;36000596705202400;-;FAF;INCREMENTO PAP;2E89;INCREMENTO TEMPORÁRIO AO CUSTEIO DOS SERVIÇOS DE ATENÇÃO PRIMÁRIA À SAÚDE - PAP;INCREMENTO DO PISO DA ATENÇÃO PRIMÁRIA À SAÚDE - PAP;02182502000106;FUNDO MUNICIPAL DE SAUDE DE SOLEDADE;3624;30/04/2024;PROPOSTA PAGA;Proposta Paga;13/12/2024;R$150.000,00;R$150.000,00;R$150.000,00
2024;71160002;S.PART.;BANCADA DA PARAÍBA;não se aplica;não se aplica;PB;250600;ESPERANCA;MUNICIPAL;BANCADA OBRIGATÓRIA;CORRENTE;301;1001;1030151192E890025;17/06/2024;36000617338202400;-;FAF;INCREMENTO PAP;2E89;INCREMENTO TEMPORÁRIO AO CUSTEIO DOS SERVIÇOS DE ATENÇÃO PRIMÁRIA À SAÚDE - PAP;INCREMENTO DO PISO DA ATENÇÃO PRIMÁRIA À SAÚDE - PAP;12011984000195;FUNDO MUNICIPAL DE SAUDE;4459;19/06/2024;PROPOSTA PAGA;Proposta Paga;13/12/2024;R$195.672,00;R$195.672,00;R$195.672,00
2024;71160001;S.PART.;BANCADA DA PARAÍBA;não se aplica;não se aplica;PB;250750;JOAO PESSOA;ESTADUAL;BANCADA OBRIGATÓRIA;CORRENTE;302;1001;1030251182E900025;10/05/2024;36000611577202400;-;FAF;INCREMENTO MAC;2E90;ATENÇÃO ESPECIALIZADA À SAÚDE;INCREMENTO TEMPORÁRIO DO TETO DA MÉDIA E ALTA COMPLEXIDADE - MAC;03609595000175;FUNDO ESTADUAL DE SAUDE DO ESTADO DA PARAIBA - FESEP;3814;15/05/2024;PROPOSTA PAGA;Proposta Paga;13/12/2024;R$600.000,00;R$600.000,00;R$600.000,00
2024;71160001;S.PART.;BANCADA DA PARAÍBA;não se aplica;não se aplica;PB;250650;GURJAO;MUNICIPAL;BANCADA OBRIGATÓRIA;CORRENTE;302;1001;1030251182E900025;11/04/2024;36000602828202400;-;FAF;INCREMENTO MAC;2E90;ATENÇÃO ESPECIALIZADA À SAÚDE;INCREMENTO TEMPORÁRIO DO TETO DA MÉDIA E ALTA COMPLEXIDADE - MAC;11432444000112;FUNDO MUNICIPAL DE SAUDE DE GURJAO;3666;30/04/2024;PROPOSTA PAGA;Proposta Paga;13/12/2024;R$16.390,00;R$16.390,00;R$16.390,00
2024;71160002;S.PART.;BANCADA DA PARAÍBA;não se aplica;não se aplica;PB;251000;NAZAREZINHO;MUNICIPAL;BANCADA OBRIGATÓRIA;CORRENTE;301;1001;1030151192E890025;28/03/2024;36000591273202400;-;FAF;INCREMENTO PAP;2E89;INCREMENTO TEMPORÁRIO AO CUSTEIO DOS SERVIÇOS DE ATENÇÃO PRIMÁRIA À SAÚDE - PAP;INCREMENTO DO PISO DA ATENÇÃO PRIMÁRIA À SAÚDE - PAP;12445365000109;FUNDO MUNICIPAL DE SAUDE DE NAZAREZINHO;3624;30/04/2024;PROPOSTA PAGA;Proposta Paga;13/12/2024;R$200.000,00;R$200.000,00;R$200.000,00
2024;71160001;S.PART.;BANCADA DA PARAÍBA;não se aplica;não se aplica;PB;250220;BOM JESUS;MUNICIPAL;BANCADA OBRIGATÓRIA;CORRENTE;302;1001;1030251182E900025;10/04/2024;36000601813202400;-;FAF;INCREMENTO MAC;2E90;ATENÇÃO ESPECIALIZADA À SAÚDE;INCREMENTO TEMPORÁRIO DO TETO DA MÉDIA E ALTA COMPLEXIDADE - MAC;11856862000137;FUNDO MUNICIPAL DE SAUDE DO MUNICIPIO DE BOM JESUS;3666;30/04/2024;PROPOSTA PAGA;Proposta Paga;13/12/2024;R$290.000,00;R$290.000,00;R$290.000,00
2024;71160002;S.PART.;BANCADA DA PARAÍBA;não se aplica;não se aplica;PB;251315;SANTA CECILIA;MUNICIPAL;BANCADA OBRIGATÓRIA;CORRENTE;301;1001;1030151192E890025;04/04/2024;36000597184202400;-;FAF;INCREMENTO PAP;2E89;INCREMENTO TEMPORÁRIO AO CUSTEIO DOS SERVIÇOS DE ATENÇÃO PRIMÁRIA À SAÚDE - PAP;INCREMENTO DO PISO DA ATENÇÃO PRIMÁRIA À SAÚDE - PAP;08698105000178;FUNDO MUNICIPAL DE SAUDE SANTA CECILIA;3624;30/04/2024;PROPOSTA PAGA;Proposta Paga;13/12/2024;R$1.000.000,00;R$1.000.000,00;R$1.000.000,00
2024;71160002;S.PART.;BANCADA DA PARAÍBA;não se aplica;não se aplica;PB;250905;MARCACAO;MUNICIPAL;BANCADA OBRIGATÓRIA;CORRENTE;301;1001;1030151192E890025;01/04/2024;36000593534202400;-;FAF;INCREMENTO PAP;2E89;INCREMENTO TEMPORÁRIO AO CUSTEIO DOS SERVIÇOS DE ATENÇÃO PRIMÁRIA À SAÚDE - PAP;INCREMENTO DO PISO DA ATENÇÃO PRIMÁRIA À SAÚDE - PAP;12370254000180;MARCACAO - FUNDO MUNICIPAL DE SAUDE;3624;30/04/2024;PROPOSTA PAGA;Proposta Paga;13/12/2024;R$250.000,00;R$250.000,00;R$250.000,00
2024;71160002;S.PART.;BANCADA DA PARAÍBA;não se aplica;não se aplica;PB;250480;COREMAS;MUNICIPAL;BANCADA OBRIGATÓRIA;CORRENTE;301;1001;1030151192E890025;15/04/2024;36000605137202400;-;FAF;INCREMENTO PAP;2E89;INCREMENTO TEMPORÁRIO AO CUSTEIO DOS SERVIÇOS DE ATENÇÃO PRIMÁRIA À SAÚDE - PAP;INCREMENTO DO PISO DA ATENÇÃO PRIMÁRIA À SAÚDE - PAP;11161210000188;FUNDO MUNICIPAL DE SAUDE;3624;30/04/2024;PROPOSTA PAGA;Proposta Paga;13/12/2024;R$300.000,00;R$300.000,00;R$300.000,00
2024;71160002;S.PART.;BANCADA DA PARAÍBA;não se aplica;não se aplica;PB;251392;SAO BENTINHO;MUNICIPAL;BANCADA OBRIGATÓRIA;CORRENTE;301;1001;1030151192E890025;01/04/2024;36000593230202400;-;FAF;INCREMENTO PAP;2E89;INCREMENTO TEMPORÁRIO AO CUSTEIO DOS SERVIÇOS DE ATENÇÃO PRIMÁRIA À SAÚDE - PAP;INCREMENTO DO PISO DA ATENÇÃO PRIMÁRIA À SAÚDE - PAP;10770716000121;FUNDO MUNICIPAL DE SAUDE DE SAO BENTINHO;3624;30/04/2024;PROPOSTA PAGA;Proposta Paga;13/12/2024;R$400.000,00;R$400.000,00;R$400.000,00
2024;71160002;S.PART.;BANCADA DA PARAÍBA;não se aplica;não se aplica;PB;251220;PRATA;MUNICIPAL;BANCADA OBRIGATÓRIA;CORRENTE;301;1001;1030151192E890025;15/04/2024;36000605155202400;-;FAF;INCREMENTO PAP;2E89;INCREMENTO TEMPORÁRIO AO CUSTEIO DOS SERVIÇOS DE ATENÇÃO PRIMÁRIA À SAÚDE - PAP;INCREMENTO DO PISO DA ATENÇÃO PRIMÁRIA À SAÚDE - PAP;11356674000140;FUNDO MUNICIPAL DE SAUDE DO MUNICIPIO DE PRATA;3624;30/04/2024;PROPOSTA PAGA;Proposta Paga;13/12/2024;R$150.614,00;R$150.614,00;R$150.614,00
2024;71160001;S.PART.;BANCADA DA PARAÍBA;não se aplica;não se aplica;PB;250320;CABEDELO;MUNICIPAL;BANCADA OBRIGATÓRIA;CORRENTE;302;1001;1030251182E900025;08/04/2024;36000599129202400;-;FAF;INCREMENTO MAC;2E90;ATENÇÃO ESPECIALIZADA À SAÚDE;INCREMENTO TEMPORÁRIO DO TETO DA MÉDIA E ALTA COMPLEXIDADE - MAC;04849697000120;FUNDO MUNICIPAL DE SAUDE DE CABEDELO;3673;30/04/2024;PROPOSTA PAGA;Proposta Paga;13/12/2024;R$200.000,00;R$200.000,00;R$200.000,00
2024;71160001;S.PART.;BANCADA DA PARAÍBA;não se aplica;não se aplica;PB;250400;CAMPINA GRANDE;MUNICIPAL;BANCADA OBRIGATÓRIA;CORRENTE;302;1001;1030251182E900025;05/04/2024;36000597930202400;-;FAF;INCREMENTO MAC;2E90;ATENÇÃO ESPECIALIZADA À SAÚDE;INCREMENTO TEMPORÁRIO DO TETO DA MÉDIA E ALTA COMPLEXIDADE - MAC;24513574000121;FUNDO MUNICIPAL DE SAUDE DE CAMPINA GRANDE;3673;30/04/2024;PROPOSTA PAGA;Proposta Paga;13/12/2024;R$300.000,00;R$300.000,00;R$300.000,00
2024;71160002;S.PART.;BANCADA DA PARAÍBA;não se aplica;não se aplica;PB;250250;BOQUEIRAO;MUNICIPAL;BANCADA OBRIGATÓRIA;CORRENTE;301;1001;1030151192E890025;09/04/2024;36000600441202400;-;FAF;INCREMENTO PAP;2E89;INCREMENTO TEMPORÁRIO AO CUSTEIO DOS SERVIÇOS DE ATENÇÃO PRIMÁRIA À SAÚDE - PAP;INCREMENTO DO PISO DA ATENÇÃO PRIMÁRIA À SAÚDE - PAP;11153600000106;FUNDO MUNICIPAL DE SAUDE;3624;30/04/2024;PROPOSTA PAGA;Proposta Paga;13/12/2024;R$250.000,00;R$250.000,00;R$250.000,00
2024;71160001;S.PART.;BANCADA DA PARAÍBA;não se aplica;não se aplica;PB;251680;TRIUNFO;MUNICIPAL;BANCADA OBRIGATÓRIA;CORRENTE;302;1001;1030251182E900025;27/05/2024;36000614196202400;-;FAF;INCREMENTO MAC;2E90;ATENÇÃO ESPECIALIZADA À SAÚDE;INCREMENTO TEMPORÁRIO DO TETO DA MÉDIA E ALTA COMPLEXIDADE - MAC;12794460000118;FUNDO MUNICIPAL DE SAUDE DE TRIUNFO;4192;10/06/2024;PROPOSTA PAGA;Proposta Paga;13/12/2024;R$489.000,00;R$489.000,00;R$489.000,00
2024;71160001;S.PART.;BANCADA DA PARAÍBA;não se aplica;não se aplica;PB;251450;SAO JOSE DE PIRANHAS;MUNICIPAL;BANCADA OBRIGATÓRIA;CORRENTE;302;1001;1030251182E900025;08/04/2024;36000599099202400;-;FAF;INCREMENTO MAC;2E90;ATENÇÃO ESPECIALIZADA À SAÚDE;INCREMENTO TEMPORÁRIO DO TETO DA MÉDIA E ALTA COMPLEXIDADE - MAC;11602227000123;FUNDO MUNICIPAL DE SAUDE;3673;30/04/2024;PROPOSTA PAGA;Proposta Paga;13/12/2024;R$800.000,00;R$800.000,00;R$800.000,00
2024;71160002;S.PART.;BANCADA DA PARAÍBA;não se aplica;não se aplica;PB;250060;ALHANDRA;MUNICIPAL;BANCADA OBRIGATÓRIA;CORRENTE;301;1001;1030151192E890025;11/04/2024;36000602702202400;-;FAF;INCREMENTO PAP;2E89;INCREMENTO TEMPORÁRIO AO CUSTEIO DOS SERVIÇOS DE ATENÇÃO PRIMÁRIA À SAÚDE - PAP;INCREMENTO DO PISO DA ATENÇÃO PRIMÁRIA À SAÚDE - PAP;11490408000105;FUNDO MUNICIPAL DE SAUDE;3676;30/04/2024;PROPOSTA PAGA;Proposta Paga;13/12/2024;R$300.000,00;R$300.000,00;R$300.000,00
2024;71160002;S.PART.;BANCADA DA PARAÍBA;não se aplica;não se aplica;PB;251190;PITIMBU;MUNICIPAL;BANCADA OBRIGATÓRIA;CORRENTE;301;1001;1030151192E890025;01/04/2024;36000593404202400;-;FAF;INCREMENTO PAP;2E89;INCREMENTO TEMPORÁRIO AO CUSTEIO DOS SERVIÇOS DE ATENÇÃO PRIMÁRIA À SAÚDE - PAP;INCREMENTO DO PISO DA ATENÇÃO PRIMÁRIA À SAÚDE - PAP;10557425000150;FUNDO MUNICIPAL DE SAUDE DE PITIMBU;3676;30/04/2024;PROPOSTA PAGA;Proposta Paga;13/12/2024;R$150.000,00;R$150.000,00;R$150.000,00
2024;71160002;S.PART.;BANCADA DA PARAÍBA;não se aplica;não se aplica;PB;251470;SAO JOSE DO SABUGI;MUNICIPAL;BANCADA OBRIGATÓRIA;CORRENTE;301;1001;1030151192E890025;14/04/2024;36000604844202400;-;FAF;INCREMENTO PAP;2E89;INCREMENTO TEMPORÁRIO AO CUSTEIO DOS SERVIÇOS DE ATENÇÃO PRIMÁRIA À SAÚDE - PAP;INCREMENTO DO PISO DA ATENÇÃO PRIMÁRIA À SAÚDE - PAP;11850135000162;FUNDO MUNICIPAL DE SAUDE DO MUNICIPIO DE SAO JOSE DO SABUGI;3676;30/04/2024;PROPOSTA PAGA;Proposta Paga;13/12/2024;R$422.146,00;R$422.146,00;R$422.146,00
2024;71160002;S.PART.;BANCADA DA PARAÍBA;não se aplica;não se aplica;PB;250530;CURRAL VELHO;MUNICIPAL;BANCADA OBRIGATÓRIA;CORRENTE;301;1001;1030151192E890025;11/04/2024;36000602337202400;-;FAF;INCREMENTO PAP;2E89;INCREMENTO TEMPORÁRIO AO CUSTEIO DOS SERVIÇOS DE ATENÇÃO PRIMÁRIA À SAÚDE - PAP;INCREMENTO DO PISO DA ATENÇÃO PRIMÁRIA À SAÚDE - PAP;10472943000170;FUNDO MUNICIPAL DE SAUDE DE CURRAL VELHO;3676;30/04/2024;PROPOSTA PAGA;Proposta Paga;13/12/2024;R$500.000,00;R$500.000,00;R$500.000,00
2024;71160001;S.PART.;BANCADA DA PARAÍBA;não se aplica;não se aplica;PB;251070;PASSAGEM;MUNICIPAL;BANCADA OBRIGATÓRIA;CORRENTE;302;1001;1030251182E900025;02/05/2024;36000610174202400;-;FAF;INCREMENTO MAC;2E90;ATENÇÃO ESPECIALIZADA À SAÚDE;INCREMENTO TEMPORÁRIO DO TETO DA MÉDIA E ALTA COMPLEXIDADE - MAC;12383333000126;FUNDO MUNICIPAL DE SAUDE DE PASSAGEM PB;3745;08/05/2024;PROPOSTA PAGA;Proposta Paga;13/12/2024;R$146.000,00;R$146.000,00;R$146.000,00
2024;71160001;S.PART.;BANCADA DA PARAÍBA;não se aplica;não se aplica;PB;250790;JURIPIRANGA;MUNICIPAL;BANCADA OBRIGATÓRIA;CORRENTE;302;1001;1030251182E900025;05/04/2024;36000597456202400;-;FAF;INCREMENTO MAC;2E90;ATENÇÃO ESPECIALIZADA À SAÚDE;INCREMENTO TEMPORÁRIO DO TETO DA MÉDIA E ALTA COMPLEXIDADE - MAC;11164805000197;FUNDO MUNICIPAL DE SAUDE;3666;30/04/2024;PROPOSTA PAGA;Proposta Paga;13/12/2024;R$200.000,00;R$200.000,00;R$200.000,00
2024;71160002;S.PART.;BANCADA DA PARAÍBA;não se aplica;não se aplica;PB;250440;CONCEICAO;MUNICIPAL;BANCADA OBRIGATÓRIA;CORRENTE;301;1001;1030151192E890025;09/04/2024;36000600372202400;-;FAF;INCREMENTO PAP;2E89;INCREMENTO TEMPORÁRIO AO CUSTEIO DOS SERVIÇOS DE ATENÇÃO PRIMÁRIA À SAÚDE - PAP;INCREMENTO DO PISO DA ATENÇÃO PRIMÁRIA À SAÚDE - PAP;05497410000103;FUNDO MUNICIPAL DE SAUDE DE CONCEICAO;3676;30/04/2024;PROPOSTA PAGA;Proposta Paga;13/12/2024;R$1.000.000,00;R$1.000.000,00;R$1.000.000,00
2024;71160002;S.PART.;BANCADA DA PARAÍBA;não se aplica;não se aplica;PB;250880;MALTA;MUNICIPAL;BANCADA OBRIGATÓRIA;CORRENTE;301;1001;1030151192E890025;28/03/2024;36000590674202400;-;FAF;INCREMENTO PAP;2E89;INCREMENTO TEMPORÁRIO AO CUSTEIO DOS SERVIÇOS DE ATENÇÃO PRIMÁRIA À SAÚDE - PAP;INCREMENTO DO PISO DA ATENÇÃO PRIMÁRIA À SAÚDE - PAP;12460136000163;FUNDO MUNICIPAL DE SAUDE DE MALTA;3624;30/04/2024;PROPOSTA PAGA;Proposta Paga;13/12/2024;R$250.000,00;R$250.000,00;R$250.000,00
2024;71160002;S.PART.;BANCADA DA PARAÍBA;não se aplica;não se aplica;PB;251065;PARARI;MUNICIPAL;BANCADA OBRIGATÓRIA;CORRENTE;301;1001;1030151192E890025;05/04/2024;36000598503202400;-;FAF;INCREMENTO PAP;2E89;INCREMENTO TEMPORÁRIO AO CUSTEIO DOS SERVIÇOS DE ATENÇÃO PRIMÁRIA À SAÚDE - PAP;INCREMENTO DO PISO DA ATENÇÃO PRIMÁRIA À SAÚDE - PAP;13845567000100;FUNDO MUNICIPAL DE SAUDE DE PARARI;3676;30/04/2024;PROPOSTA PAGA;Proposta Paga;13/12/2024;R$66.202,00;R$66.202,00;R$66.202,00
2024;71160002;S.PART.;BANCADA DA PARAÍBA;não se aplica;não se aplica;PB;250450;CONDADO;MUNICIPAL;BANCADA OBRIGATÓRIA;CORRENTE;301;1001;1030151192E890025;09/04/2024;36000600343202400;-;FAF;INCREMENTO PAP;2E89;INCREMENTO TEMPORÁRIO AO CUSTEIO DOS SERVIÇOS DE ATENÇÃO PRIMÁRIA À SAÚDE - PAP;INCREMENTO DO PISO DA ATENÇÃO PRIMÁRIA À SAÚDE - PAP;04275034000140;FUNDO MUNICIPAL DE SAUDE;3624;30/04/2024;PROPOSTA PAGA;Proposta Paga;13/12/2024;R$300.000,00;R$300.000,00;R$300.000,00
2024;71160002;S.PART.;BANCADA DA PARAÍBA;não se aplica;não se aplica;PB;250933;MATINHAS;MUNICIPAL;BANCADA OBRIGATÓRIA;CORRENTE;301;1001;1030151192E890025;01/04/2024;36000593536202400;-;FAF;INCREMENTO PAP;2E89;INCREMENTO TEMPORÁRIO AO CUSTEIO DOS SERVIÇOS DE ATENÇÃO PRIMÁRIA À SAÚDE - PAP;INCREMENTO DO PISO DA ATENÇÃO PRIMÁRIA À SAÚDE - PAP;12012166000107;FUNDO MUNICIPAL DE SAUDE;3624;30/04/2024;PROPOSTA PAGA;Proposta Paga;13/12/2024;R$350.000,00;R$350.000,00;R$350.000,00
2024;71160001;S.PART.;BANCADA DA PARAÍBA;não se aplica;não se aplica;PB;251278;RIACHO DE SANTO ANTONIO;MUNICIPAL;BANCADA OBRIGATÓRIA;CORRENTE;302;1001;1030251182E900025;10/04/2024;36000601786202400;-;FAF;INCREMENTO MAC;2E90;ATENÇÃO ESPECIALIZADA À SAÚDE;INCREMENTO TEMPORÁRIO DO TETO DA MÉDIA E ALTA COMPLEXIDADE - MAC;11170236000192;FUNDO MUNICIPAL DE SAUDE;3666;30/04/2024;PROPOSTA PAGA;Proposta Paga;13/12/2024;R$100.000,00;R$100.000,00;R$100.000,00
2024;71160001;S.PART.;BANCADA DA PARAÍBA;não se aplica;não se aplica;PB;250470;CONGO;MUNICIPAL;BANCADA OBRIGATÓRIA;CORRENTE;302;1001;1030251182E900025;12/04/2024;36000603586202400;-;FAF;INCREMENTO MAC;2E90;ATENÇÃO ESPECIALIZADA À SAÚDE;INCREMENTO TEMPORÁRIO DO TETO DA MÉDIA E ALTA COMPLEXIDADE - MAC;11436548000103;FUNDO MUNICIPAL DE SAUDE - CONGO - PARAIBA;3666;30/04/2024;PROPOSTA PAGA;Proposta Paga;13/12/2024;R$100.000,00;R$100.000,00;R$100.000,00
2024;71160001;S.PART.;BANCADA DA PARAÍBA;não se aplica;não se aplica;PB;251610;SOLEDADE;MUNICIPAL;BANCADA OBRIGATÓRIA;CORRENTE;302;1001;1030251182E900025;09/04/2024;36000600167202400;-;FAF;INCREMENTO MAC;2E90;ATENÇÃO ESPECIALIZADA À SAÚDE;INCREMENTO TEMPORÁRIO DO TETO DA MÉDIA E ALTA COMPLEXIDADE - MAC;02182502000106;FUNDO MUNICIPAL DE SAUDE DE SOLEDADE;3666;30/04/2024;PROPOSTA PAGA;Proposta Paga;13/12/2024;R$200.000,00;R$200.000,00;R$200.000,00
2024;71160002;S.PART.;BANCADA DA PARAÍBA;não se aplica;não se aplica;PB;251630;SUME;MUNICIPAL;BANCADA OBRIGATÓRIA;CORRENTE;301;1001;1030151192E890025;27/03/2024;36000588286202400;-;FAF;INCREMENTO PAP;2E89;INCREMENTO TEMPORÁRIO AO CUSTEIO DOS SERVIÇOS DE ATENÇÃO PRIMÁRIA À SAÚDE - PAP;INCREMENTO DO PISO DA ATENÇÃO PRIMÁRIA À SAÚDE - PAP;11285069000125;FUNDO MUNICIPAL DE SAUDE;3676;30/04/2024;PROPOSTA PAGA;Proposta Paga;13/12/2024;R$926.381,00;R$926.381,00;R$926.381,00
2024;71160001;S.PART.;BANCADA DA PARAÍBA;não se aplica;não se aplica;PB;251020;NOVA OLINDA;MUNICIPAL;BANCADA OBRIGATÓRIA;CORRENTE;302;1001;1030251182E900025;18/04/2024;36000606585202400;-;FAF;INCREMENTO MAC;2E90;ATENÇÃO ESPECIALIZADA À SAÚDE;INCREMENTO TEMPORÁRIO DO TETO DA MÉDIA E ALTA COMPLEXIDADE - MAC;11268720000159;FUNDO MUNICIPAL DE SAUDE_NOVA OLINDA;3673;30/04/2024;PROPOSTA PAGA;Proposta Paga;13/12/2024;R$250.000,00;R$250.000,00;R$250.000,00
2024;71160002;S.PART.;BANCADA DA PARAÍBA;não se aplica;não se aplica;PB;251680;TRIUNFO;MUNICIPAL;BANCADA OBRIGATÓRIA;CORRENTE;301;1001;1030151192E890025;17/12/2024;36000637423202400;-;FAF;INCREMENTO PAP;2E89;INCREMENTO TEMPORÁRIO AO CUSTEIO DOS SERVIÇOS DE ATENÇÃO PRIMÁRIA À SAÚDE - PAP;INCREMENTO DO PISO DA ATENÇÃO PRIMÁRIA À SAÚDE - PAP;12794460000118;FUNDO MUNICIPAL DE SAUDE DE TRIUNFO;6155;18/12/2024;PROPOSTA PAGA;Proposta Paga;10/03/2025;R$240.000,00;R$240.000,00;R$240.000,00
2024;71160001;S.PART.;BANCADA DA PARAÍBA;não se aplica;não se aplica;PB;251130;PIANCO;MUNICIPAL;BANCADA OBRIGATÓRIA;CORRENTE;302;1001;1030251182E900025;05/04/2024;36000597457202400;-;FAF;INCREMENTO MAC;2E90;ATENÇÃO ESPECIALIZADA À SAÚDE;INCREMENTO TEMPORÁRIO DO TETO DA MÉDIA E ALTA COMPLEXIDADE - MAC;04827493000199;FUNDO MUNICIPAL DE SAUDE;3666;30/04/2024;PROPOSTA PAGA;Proposta Paga;13/12/2024;R$300.000,00;R$300.000,00;R$300.000,00
2024;71160001;S.PART.;BANCADA DA PARAÍBA;não se aplica;não se aplica;PB;250890;MAMANGUAPE;MUNICIPAL;BANCADA OBRIGATÓRIA;CORRENTE;302;1001;1030251182E900025;08/04/2024;36000599175202400;-;FAF;INCREMENTO MAC;2E90;ATENÇÃO ESPECIALIZADA À SAÚDE;INCREMENTO TEMPORÁRIO DO TETO DA MÉDIA E ALTA COMPLEXIDADE - MAC;08674396000164;FUNDO MUNICIPAL DE SAUDE DE MAMANGUAPE;3673;30/04/2024;PROPOSTA PAGA;Proposta Paga;13/12/2024;R$500.000,00;R$500.000,00;R$500.000,00
2024;71160002;S.PART.;BANCADA DA PARAÍBA;não se aplica;não se aplica;PB;250415;CASSERENGUE;MUNICIPAL;BANCADA OBRIGATÓRIA;CORRENTE;301;1001;1030151192E890025;02/04/2024;36000593738202400;-;FAF;INCREMENTO PAP;2E89;INCREMENTO TEMPORÁRIO AO CUSTEIO DOS SERVIÇOS DE ATENÇÃO PRIMÁRIA À SAÚDE - PAP;INCREMENTO DO PISO DA ATENÇÃO PRIMÁRIA À SAÚDE - PAP;12431437000169;FUNDO MUNICIPAL DE SAUDE;3624;30/04/2024;PROPOSTA PAGA;Proposta Paga;13/12/2024;R$65.000,00;R$65.000,00;R$65.000,00
2024;71160002;S.PART.;BANCADA DA PARAÍBA;não se aplica;não se aplica;PB;251610;SOLEDADE;MUNICIPAL;BANCADA OBRIGATÓRIA;CORRENTE;301;1001;1030151192E890025;04/04/2024;36000596708202400;-;FAF;INCREMENTO PAP;2E89;INCREMENTO TEMPORÁRIO AO CUSTEIO DOS SERVIÇOS DE ATENÇÃO PRIMÁRIA À SAÚDE - PAP;INCREMENTO DO PISO DA ATENÇÃO PRIMÁRIA À SAÚDE - PAP;02182502000106;FUNDO MUNICIPAL DE SAUDE DE SOLEDADE;3624;30/04/2024;PROPOSTA PAGA;Proposta Paga;13/12/2024;R$250.000,00;R$250.000,00;R$250.000,00
2024;71160002;S.PART.;BANCADA DA PARAÍBA;não se aplica;não se aplica;PB;251640;TACIMA;MUNICIPAL;BANCADA OBRIGATÓRIA;CORRENTE;301;1001;1030151192E890025;27/03/2024;36000590644202400;-;FAF;INCREMENTO PAP;2E89;INCREMENTO TEMPORÁRIO AO CUSTEIO DOS SERVIÇOS DE ATENÇÃO PRIMÁRIA À SAÚDE - PAP;INCREMENTO DO PISO DA ATENÇÃO PRIMÁRIA À SAÚDE - PAP;11907806000184;FUNDO MUNICIPAL DE SAUDE DE TACIMA;3624;30/04/2024;PROPOSTA PAGA;Proposta Paga;13/12/2024;R$250.000,00;R$250.000,00;R$250.000,00
2024;71160002;S.PART.;BANCADA DA PARAÍBA;não se aplica;não se aplica;PB;250500;CUBATI;MUNICIPAL;BANCADA OBRIGATÓRIA;CORRENTE;301;1001;1030151192E890025;04/04/2024;36000597213202400;-;FAF;INCREMENTO PAP;2E89;INCREMENTO TEMPORÁRIO AO CUSTEIO DOS SERVIÇOS DE ATENÇÃO PRIMÁRIA À SAÚDE - PAP;INCREMENTO DO PISO DA ATENÇÃO PRIMÁRIA À SAÚDE - PAP;08580325000100;FUNDO MUNICIPAL DE SAUDE DE CUBATI;3624;30/04/2024;PROPOSTA PAGA;Proposta Paga;13/12/2024;R$100.000,00;R$100.000,00;R$100.000,00
2024;71160002;S.PART.;BANCADA DA PARAÍBA;não se aplica;não se aplica;PB;251310;SALGADO DE SAO FELIX;MUNICIPAL;BANCADA OBRIGATÓRIA;CORRENTE;301;1001;1030151192E890025;04/04/2024;36000596281202400;-;FAF;INCREMENTO PAP;2E89;INCREMENTO TEMPORÁRIO AO CUSTEIO DOS SERVIÇOS DE ATENÇÃO PRIMÁRIA À SAÚDE - PAP;INCREMENTO DO PISO DA ATENÇÃO PRIMÁRIA À SAÚDE - PAP;11462050000107;FUNDO MUNICIPAL DE SAUDE DE SALGADO DE SAO FELIX;3624;30/04/2024;PROPOSTA PAGA;Proposta Paga;13/12/2024;R$300.000,00;R$300.000,00;R$300.000,00
2024;71160002;S.PART.;BANCADA DA PARAÍBA;não se aplica;não se aplica;PB;251675;TENORIO;MUNICIPAL;BANCADA OBRIGATÓRIA;CORRENTE;301;1001;1030151192E890025;15/04/2024;36000605228202400;-;FAF;INCREMENTO PAP;2E89;INCREMENTO TEMPORÁRIO AO CUSTEIO DOS SERVIÇOS DE ATENÇÃO PRIMÁRIA À SAÚDE - PAP;INCREMENTO DO PISO DA ATENÇÃO PRIMÁRIA À SAÚDE - PAP;11793042000143;FUNDO MUNICIPAL DE SAUDE DE TENORIO;3624;30/04/2024;PROPOSTA PAGA;Proposta Paga;13/12/2024;R$300.000,00;R$300.000,00;R$300.000,00
2024;71160002;S.PART.;BANCADA DA PARAÍBA;não se aplica;não se aplica;PB;251455;SAO JOSE DE PRINCESA;MUNICIPAL;BANCADA OBRIGATÓRIA;CORRENTE;301;1001;1030151192E890025;08/04/2024;36000599137202400;-;FAF;INCREMENTO PAP;2E89;INCREMENTO TEMPORÁRIO AO CUSTEIO DOS SERVIÇOS DE ATENÇÃO PRIMÁRIA À SAÚDE - PAP;INCREMENTO DO PISO DA ATENÇÃO PRIMÁRIA À SAÚDE - PAP;10460712000147;FUNDO MUNICIPAL DE SAUDE DE SAO JOSE DE PRINCESA;3624;30/04/2024;PROPOSTA PAGA;Proposta Paga;13/12/2024;R$150.000,00;R$150.000,00;R$150.000,00
2024;71160002;S.PART.;BANCADA DA PARAÍBA;não se aplica;não se aplica;PB;251330;SANTA HELENA;MUNICIPAL;BANCADA OBRIGATÓRIA;CORRENTE;301;1001;1030151192E890025;22/04/2024;36000607692202400;-;FAF;INCREMENTO PAP;2E89;INCREMENTO TEMPORÁRIO AO CUSTEIO DOS SERVIÇOS DE ATENÇÃO PRIMÁRIA À SAÚDE - PAP;INCREMENTO DO PISO DA ATENÇÃO PRIMÁRIA À SAÚDE - PAP;11245287000136;FUNDO MUNICIPAL DE SAUDE DE SANTA HELENA-PB;3676;30/04/2024;PROPOSTA PAGA;Proposta Paga;13/12/2024;R$400.000,00;R$400.000,00;R$400.000,00
2024;71160002;S.PART.;BANCADA DA PARAÍBA;não se aplica;não se aplica;PB;251190;PITIMBU;MUNICIPAL;BANCADA OBRIGATÓRIA;CORRENTE;301;1001;1030151192E890025;16/12/2024;36000637364202400;-;FAF;INCREMENTO PAP;2E89;INCREMENTO TEMPORÁRIO AO CUSTEIO DOS SERVIÇOS DE ATENÇÃO PRIMÁRIA À SAÚDE - PAP;INCREMENTO DO PISO DA ATENÇÃO PRIMÁRIA À SAÚDE - PAP;10557425000150;FUNDO MUNICIPAL DE SAUDE DE PITIMBU;6155;18/12/2024;PROPOSTA PAGA;Proposta Paga;10/03/2025;R$163.869,00;R$163.869,00;R$163.869,00
2024;71160002;S.PART.;BANCADA DA PARAÍBA;não se aplica;não se aplica;PB;250470;CONGO;MUNICIPAL;BANCADA OBRIGATÓRIA;CORRENTE;301;1001;1030151192E890025;12/04/2024;36000603579202400;-;FAF;INCREMENTO PAP;2E89;INCREMENTO TEMPORÁRIO AO CUSTEIO DOS SERVIÇOS DE ATENÇÃO PRIMÁRIA À SAÚDE - PAP;INCREMENTO DO PISO DA ATENÇÃO PRIMÁRIA À SAÚDE - PAP;11436548000103;FUNDO MUNICIPAL DE SAUDE - CONGO - PARAIBA;3624;30/04/2024;PROPOSTA PAGA;Proposta Paga;13/12/2024;R$200.000,00;R$200.000,00;R$200.000,00
2024;71160001;S.PART.;BANCADA DA PARAÍBA;não se aplica;não se aplica;PB;251675;TENORIO;MUNICIPAL;BANCADA OBRIGATÓRIA;CORRENTE;302;1001;1030251182E900025;17/06/2024;36000617196202400;-;FAF;INCREMENTO MAC;2E90;ATENÇÃO ESPECIALIZADA À SAÚDE;INCREMENTO TEMPORÁRIO DO TETO DA MÉDIA E ALTA COMPLEXIDADE - MAC;11793042000143;FUNDO MUNICIPAL DE SAUDE DE TENORIO;4453;19/06/2024;PROPOSTA PAGA;Proposta Paga;13/12/2024;R$15.903,00;R$15.903,00;R$15.903,00
2024;71160001;S.PART.;BANCADA DA PARAÍBA;não se aplica;não se aplica;PB;250930;MATARACA;MUNICIPAL;BANCADA OBRIGATÓRIA;CORRENTE;302;1001;1030251182E900025;11/04/2024;36000602606202400;-;FAF;INCREMENTO MAC;2E90;ATENÇÃO ESPECIALIZADA À SAÚDE;INCREMENTO TEMPORÁRIO DO TETO DA MÉDIA E ALTA COMPLEXIDADE - MAC;13070749000157;FUNDO MUNICIPAL DE SAUDE DO MUNICIPIO DE MATARACA-PB;3666;30/04/2024;PROPOSTA PAGA;Proposta Paga;13/12/2024;R$158.869,00;R$158.869,00;R$158.869,00
2024;71160002;S.PART.;BANCADA DA PARAÍBA;não se aplica;não se aplica;PB;250580;DUAS ESTRADAS;MUNICIPAL;BANCADA OBRIGATÓRIA;CORRENTE;301;1001;1030151192E890025;11/04/2024;36000602435202400;-;FAF;INCREMENTO PAP;2E89;INCREMENTO TEMPORÁRIO AO CUSTEIO DOS SERVIÇOS DE ATENÇÃO PRIMÁRIA À SAÚDE - PAP;INCREMENTO DO PISO DA ATENÇÃO PRIMÁRIA À SAÚDE - PAP;11814527000176;FUNDO MUNICIPAL DE SAUDE DE DUAS ESTRADAS;3624;30/04/2024;PROPOSTA PAGA;Proposta Paga;13/12/2024;R$250.000,00;R$250.000,00;R$250.000,00
2024;71160001;S.PART.;BANCADA DA PARAÍBA;não se aplica;não se aplica;PB;250430;CATOLE DO ROCHA;MUNICIPAL;BANCADA OBRIGATÓRIA;CORRENTE;302;1001;1030251182E900025;05/04/2024;36000598059202400;-;FAF;INCREMENTO MAC;2E90;ATENÇÃO ESPECIALIZADA À SAÚDE;INCREMENTO TEMPORÁRIO DO TETO DA MÉDIA E ALTA COMPLEXIDADE - MAC;12784607000199;FUNDO MUNICIPAL DE SAUDE DE CATOLE DO ROCHA;3673;30/04/2024;PROPOSTA PAGA;Proposta Paga;13/12/2024;R$754.029,00;R$754.029,00;R$754.029,00
2024;71160001;S.PART.;BANCADA DA PARAÍBA;não se aplica;não se aplica;PB;250400;CAMPINA GRANDE;MUNICIPAL;BANCADA OBRIGATÓRIA;CORRENTE;302;1001;1030251182E900025;19/04/2024;36000607187202400;-;FAF;INCREMENTO MAC;2E90;ATENÇÃO ESPECIALIZADA À SAÚDE;INCREMENTO TEMPORÁRIO DO TETO DA MÉDIA E ALTA COMPLEXIDADE - MAC;24513574000121;FUNDO MUNICIPAL DE SAUDE DE CAMPINA GRANDE;3673;30/04/2024;PROPOSTA PAGA;Proposta Paga;01/07/2024;R$10.214.869,00;R$10.214.869,00;R$10.214.869,00
2024;71160002;S.PART.;BANCADA DA PARAÍBA;não se aplica;não se aplica;PB;250390;CAMALAU;MUNICIPAL;BANCADA OBRIGATÓRIA;CORRENTE;301;1001;1030151192E890025;01/04/2024;36000592359202400;-;FAF;INCREMENTO PAP;2E89;INCREMENTO TEMPORÁRIO AO CUSTEIO DOS SERVIÇOS DE ATENÇÃO PRIMÁRIA À SAÚDE - PAP;INCREMENTO DO PISO DA ATENÇÃO PRIMÁRIA À SAÚDE - PAP;11417610000101;FUNDO MUNICIPAL DE SAUDE CAMALAU;3624;30/04/2024;PROPOSTA PAGA;Proposta Paga;13/12/2024;R$300.000,00;R$300.000,00;R$300.000,00
2024;71160002;S.PART.;BANCADA DA PARAÍBA;não se aplica;não se aplica;PB;251380;SANTA TERESINHA;MUNICIPAL;BANCADA OBRIGATÓRIA;CORRENTE;301;1001;1030151192E890025;04/04/2024;36000597268202400;-;FAF;INCREMENTO PAP;2E89;INCREMENTO TEMPORÁRIO AO CUSTEIO DOS SERVIÇOS DE ATENÇÃO PRIMÁRIA À SAÚDE - PAP;INCREMENTO DO PISO DA ATENÇÃO PRIMÁRIA À SAÚDE - PAP;12447227000169;FUNDO MUNICIPAL DE SAUDE DE SANTA TEREZINHA;3624;30/04/2024;PROPOSTA PAGA;Proposta Paga;13/12/2024;R$150.000,00;R$150.000,00;R$150.000,00
2024;71160002;S.PART.;BANCADA DA PARAÍBA;não se aplica;não se aplica;PB;250710;ITAPOROROCA;MUNICIPAL;BANCADA OBRIGATÓRIA;CORRENTE;301;1001;1030151192E890025;01/04/2024;36000593491202400;-;FAF;INCREMENTO PAP;2E89;INCREMENTO TEMPORÁRIO AO CUSTEIO DOS SERVIÇOS DE ATENÇÃO PRIMÁRIA À SAÚDE - PAP;INCREMENTO DO PISO DA ATENÇÃO PRIMÁRIA À SAÚDE - PAP;12099621000153;FUNDO MUNICIPAL DE SAUDE;3624;30/04/2024;PROPOSTA PAGA;Proposta Paga;13/12/2024;R$400.000,00;R$400.000,00;R$400.000,00
2024;71160002;S.PART.;BANCADA DA PARAÍBA;não se aplica;não se aplica;PB;251720;VIEIROPOLIS;MUNICIPAL;BANCADA OBRIGATÓRIA;CORRENTE;301;1001;1030151192E890025;27/03/2024;36000590637202400;-;FAF;INCREMENTO PAP;2E89;INCREMENTO TEMPORÁRIO AO CUSTEIO DOS SERVIÇOS DE ATENÇÃO PRIMÁRIA À SAÚDE - PAP;INCREMENTO DO PISO DA ATENÇÃO PRIMÁRIA À SAÚDE - PAP;14688620000170;FUNDO MUNICIPAL DE SAUDE DE VIEIROPOLIS;3624;30/04/2024;PROPOSTA PAGA;Proposta Paga;13/12/2024;R$150.000,00;R$150.000,00;R$150.000,00
2024;71160002;S.PART.;BANCADA DA PARAÍBA;não se aplica;não se aplica;PB;251680;TRIUNFO;MUNICIPAL;BANCADA OBRIGATÓRIA;CORRENTE;301;1001;1030151192E890025;27/03/2024;36000589764202400;-;FAF;INCREMENTO PAP;2E89;INCREMENTO TEMPORÁRIO AO CUSTEIO DOS SERVIÇOS DE ATENÇÃO PRIMÁRIA À SAÚDE - PAP;INCREMENTO DO PISO DA ATENÇÃO PRIMÁRIA À SAÚDE - PAP;12794460000118;FUNDO MUNICIPAL DE SAUDE DE TRIUNFO;3676;30/04/2024;PROPOSTA PAGA;Proposta Paga;13/12/2024;R$500.000,00;R$500.000,00;R$500.000,00
2024;71160001;S.PART.;BANCADA DA PARAÍBA;não se aplica;não se aplica;PB;250435;CATURITE;MUNICIPAL;BANCADA OBRIGATÓRIA;CORRENTE;302;1001;1030251182E900025;05/04/2024;36000597452202400;-;FAF;INCREMENTO MAC;2E90;ATENÇÃO ESPECIALIZADA À SAÚDE;INCREMENTO TEMPORÁRIO DO TETO DA MÉDIA E ALTA COMPLEXIDADE - MAC;11457024000190;FUNDO MUNICIPAL DE SAUDE CATURITE;3666;30/04/2024;PROPOSTA PAGA;Proposta Paga;13/12/2024;R$100.000,00;R$100.000,00;R$100.000,00
2024;71160001;S.PART.;BANCADA DA PARAÍBA;não se aplica;não se aplica;PB;250450;CONDADO;MUNICIPAL;BANCADA OBRIGATÓRIA;CORRENTE;302;1001;1030251182E900025;09/04/2024;36000600350202400;-;FAF;INCREMENTO MAC;2E90;ATENÇÃO ESPECIALIZADA À SAÚDE;INCREMENTO TEMPORÁRIO DO TETO DA MÉDIA E ALTA COMPLEXIDADE - MAC;04275034000140;FUNDO MUNICIPAL DE SAUDE;3666;30/04/2024;PROPOSTA PAGA;Proposta Paga;13/12/2024;R$100.000,00;R$100.000,00;R$100.000,00
2024;71160002;S.PART.;BANCADA DA PARAÍBA;não se aplica;não se aplica;PB;250933;MATINHAS;MUNICIPAL;BANCADA OBRIGATÓRIA;CORRENTE;301;1001;1030151192E890025;01/04/2024;36000593535202400;-;FAF;INCREMENTO PAP;2E89;INCREMENTO TEMPORÁRIO AO CUSTEIO DOS SERVIÇOS DE ATENÇÃO PRIMÁRIA À SAÚDE - PAP;INCREMENTO DO PISO DA ATENÇÃO PRIMÁRIA À SAÚDE - PAP;12012166000107;FUNDO MUNICIPAL DE SAUDE;3624;30/04/2024;PROPOSTA PAGA;Proposta Paga;13/12/2024;R$200.000,00;R$200.000,00;R$200.000,00
2024;71160002;S.PART.;BANCADA DA PARAÍBA;não se aplica;não se aplica;PB;251350;SANTANA DE MANGUEIRA;MUNICIPAL;BANCADA OBRIGATÓRIA;CORRENTE;301;1001;1030151192E890025;27/03/2024;36000589027202400;-;FAF;INCREMENTO PAP;2E89;INCREMENTO TEMPORÁRIO AO CUSTEIO DOS SERVIÇOS DE ATENÇÃO PRIMÁRIA À SAÚDE - PAP;INCREMENTO DO PISO DA ATENÇÃO PRIMÁRIA À SAÚDE - PAP;11285050000189;FUNDO MUNICIPAL DE SAUDE;3676;30/04/2024;PROPOSTA PAGA;Proposta Paga;13/12/2024;R$700.000,00;R$700.000,00;R$700.000,00
2024;71160002;S.PART.;BANCADA DA PARAÍBA;não se aplica;não se aplica;PB;250760;JUAREZ TAVORA;MUNICIPAL;BANCADA OBRIGATÓRIA;CORRENTE;301;1001;1030151192E890025;28/03/2024;36000591014202400;-;FAF;INCREMENTO PAP;2E89;INCREMENTO TEMPORÁRIO AO CUSTEIO DOS SERVIÇOS DE ATENÇÃO PRIMÁRIA À SAÚDE - PAP;INCREMENTO DO PISO DA ATENÇÃO PRIMÁRIA À SAÚDE - PAP;11908594000150;FUNDO MUNICIPAL DE SAUDE DE JUAREZ TAVORA;3676;30/04/2024;PROPOSTA PAGA;Proposta Paga;13/12/2024;R$800.000,00;R$800.000,00;R$800.000,00
2024;71160001;S.PART.;BANCADA DA PARAÍBA;não se aplica;não se aplica;PB;250205;BERNARDINO BATISTA;MUNICIPAL;BANCADA OBRIGATÓRIA;CORRENTE;302;1001;1030251182E900025;11/04/2024;36000602955202400;-;FAF;INCREMENTO MAC;2E90;ATENÇÃO ESPECIALIZADA À SAÚDE;INCREMENTO TEMPORÁRIO DO TETO DA MÉDIA E ALTA COMPLEXIDADE - MAC;10484826000127;FUNDO MUNICIPAL DE SAUDE;3666;30/04/2024;PROPOSTA PAGA;Proposta Paga;13/12/2024;R$300.000,00;R$300.000,00;R$300.000,00
2024;71160002;S.PART.;BANCADA DA PARAÍBA;não se aplica;não se aplica;PB;250240;BONITO DE SANTA FE;MUNICIPAL;BANCADA OBRIGATÓRIA;CORRENTE;301;1001;1030151192E890025;09/04/2024;36000600586202400;-;FAF;INCREMENTO PAP;2E89;INCREMENTO TEMPORÁRIO AO CUSTEIO DOS SERVIÇOS DE ATENÇÃO PRIMÁRIA À SAÚDE - PAP;INCREMENTO DO PISO DA ATENÇÃO PRIMÁRIA À SAÚDE - PAP;11494230000170;FUNDO MUNICIPAL DE SAUDE BONITO DE SANTA FE;3676;30/04/2024;PROPOSTA PAGA;Proposta Paga;13/12/2024;R$1.300.000,00;R$1.300.000,00;R$1.300.000,00
2024;71160001;S.PART.;BANCADA DA PARAÍBA;não se aplica;não se aplica;PB;251230;PRINCESA ISABEL;MUNICIPAL;BANCADA OBRIGATÓRIA;CORRENTE;302;1001;1030251182E900025;08/04/2024;36000599159202400;-;FAF;INCREMENTO MAC;2E90;ATENÇÃO ESPECIALIZADA À SAÚDE;INCREMENTO TEMPORÁRIO DO TETO DA MÉDIA E ALTA COMPLEXIDADE - MAC;10473821000107;FUNDO MUNICIPAL DE SAUDE DO MUNICIPIO DE PRINCESA ISABEL;3666;30/04/2024;PROPOSTA PAGA;Proposta Paga;13/12/2024;R$300.000,00;R$300.000,00;R$300.000,00
2024;71160002;S.PART.;BANCADA DA PARAÍBA;não se aplica;não se aplica;PB;251340;SANTA LUZIA;MUNICIPAL;BANCADA OBRIGATÓRIA;CORRENTE;301;1001;1030151192E890025;01/04/2024;36000592986202400;-;FAF;INCREMENTO PAP;2E89;INCREMENTO TEMPORÁRIO AO CUSTEIO DOS SERVIÇOS DE ATENÇÃO PRIMÁRIA À SAÚDE - PAP;INCREMENTO DO PISO DA ATENÇÃO PRIMÁRIA À SAÚDE - PAP;10425754000147;FUNDO MUNICIPAL DE SAUDE DE SANTA LUZIA;3676;30/04/2024;PROPOSTA PAGA;Proposta Paga;13/12/2024;R$300.000,00;R$300.000,00;R$300.000,00
2024;71160002;S.PART.;BANCADA DA PARAÍBA;não se aplica;não se aplica;PB;251398;SAO FRANCISCO;MUNICIPAL;BANCADA OBRIGATÓRIA;CORRENTE;301;1001;1030151192E890025;01/04/2024;36000593552202400;-;FAF;INCREMENTO PAP;2E89;INCREMENTO TEMPORÁRIO AO CUSTEIO DOS SERVIÇOS DE ATENÇÃO PRIMÁRIA À SAÚDE - PAP;INCREMENTO DO PISO DA ATENÇÃO PRIMÁRIA À SAÚDE - PAP;10398439000178;FUNDO MUNICIPAL DE SAUDE;3624;30/04/2024;PROPOSTA PAGA;Proposta Paga;13/12/2024;R$150.000,00;R$150.000,00;R$150.000,00
2024;71160002;S.PART.;BANCADA DA PARAÍBA;não se aplica;não se aplica;PB;251365;JOCA CLAUDINO;MUNICIPAL;BANCADA OBRIGATÓRIA;CORRENTE;301;1001;1030151192E890025;12/04/2024;36000604572202400;-;FAF;INCREMENTO PAP;2E89;INCREMENTO TEMPORÁRIO AO CUSTEIO DOS SERVIÇOS DE ATENÇÃO PRIMÁRIA À SAÚDE - PAP;INCREMENTO DO PISO DA ATENÇÃO PRIMÁRIA À SAÚDE - PAP;11332661000130;FUNDO MUNICIPAL DE SAUDE;3624;30/04/2024;PROPOSTA PAGA;Proposta Paga;13/12/2024;R$190.695,00;R$190.695,00;R$190.695,00
2024;71160001;S.PART.;BANCADA DA PARAÍBA;não se aplica;não se aplica;PB;250010;AGUA BRANCA;MUNICIPAL;BANCADA OBRIGATÓRIA;CORRENTE;302;1001;1030251182E900025;11/04/2024;36000602952202400;-;FAF;INCREMENTO MAC;2E90;ATENÇÃO ESPECIALIZADA À SAÚDE;INCREMENTO TEMPORÁRIO DO TETO DA MÉDIA E ALTA COMPLEXIDADE - MAC;10502869000198;FUNDO MUNICIPAL DE SAUDE DE AGUA BRANCA;3666;30/04/2024;PROPOSTA PAGA;Proposta Paga;13/12/2024;R$100.000,00;R$100.000,00;R$100.000,00
2024;71160001;S.PART.;BANCADA DA PARAÍBA;não se aplica;não se aplica;PB;250933;MATINHAS;MUNICIPAL;BANCADA OBRIGATÓRIA;CORRENTE;302;1001;1030251182E900025;11/04/2024;36000602907202400;-;FAF;INCREMENTO MAC;2E90;ATENÇÃO ESPECIALIZADA À SAÚDE;INCREMENTO TEMPORÁRIO DO TETO DA MÉDIA E ALTA COMPLEXIDADE - MAC;12012166000107;FUNDO MUNICIPAL DE SAUDE;3666;30/04/2024;PROPOSTA PAGA;Proposta Paga;13/12/2024;R$42.000,00;R$42.000,00;R$42.000,00
2024;71160002;S.PART.;BANCADA DA PARAÍBA;não se aplica;não se aplica;PB;250820;LAGOA DE DENTRO;MUNICIPAL;BANCADA OBRIGATÓRIA;CORRENTE;301;1001;1030151192E890025;01/04/2024;36000593235202400;-;FAF;INCREMENTO PAP;2E89;INCREMENTO TEMPORÁRIO AO CUSTEIO DOS SERVIÇOS DE ATENÇÃO PRIMÁRIA À SAÚDE - PAP;INCREMENTO DO PISO DA ATENÇÃO PRIMÁRIA À SAÚDE - PAP;12375571000190;LAGOA DE DENTRO - FUNDO MUNICIPAL DE SAUDE;3676;30/04/2024;PROPOSTA PAGA;Proposta Paga;13/12/2024;R$750.000,00;R$750.000,00;R$750.000,00
2024;71160002;S.PART.;BANCADA DA PARAÍBA;não se aplica;não se aplica;PB;250527;CURRAL DE CIMA;MUNICIPAL;BANCADA OBRIGATÓRIA;CORRENTE;301;1001;1030151192E890025;01/04/2024;36000593518202400;-;FAF;INCREMENTO PAP;2E89;INCREMENTO TEMPORÁRIO AO CUSTEIO DOS SERVIÇOS DE ATENÇÃO PRIMÁRIA À SAÚDE - PAP;INCREMENTO DO PISO DA ATENÇÃO PRIMÁRIA À SAÚDE - PAP;17945598000194;FUNDO MUNICIPAL DE SAUDE DE CURRAL DE CIMA;3624;30/04/2024;PROPOSTA PAGA;Proposta Paga;13/12/2024;R$250.000,00;R$250.000,00;R$250.000,00
2024;71160003;S.PART.;BANCADA DA PARAÍBA;não se aplica;não se aplica;PB;250910;MARI;MUNICIPAL;BANCADA OBRIGATÓRIA;CAPITAL;302;1001;10302511885358697;08/04/2024;11400094000124004;-;FAF;EQUIPAMENTO;8535;ATENÇÃO ESPECIALIZADA À SAÚDE;REDE DE ATENÇÃO HOSPITALAR - HOSPITAL GERAL;11400094000102;FUNDO MUNICIPAL DE SAUDE;4232;07/06/2024;PROPOSTA PAGA;Proposta Paga;13/12/2024;R$299.969,00;R$299.969,00;R$299.969,00
2024;71160003;S.PART.;BANCADA DA PARAÍBA;não se aplica;não se aplica;PB;251070;PASSAGEM;MUNICIPAL;BANCADA OBRIGATÓRIA;CAPITAL;302;1001;10302511885358697;05/04/2024;12383333000124001;-;FAF;EQUIPAMENTO;8535;ATENÇÃO ESPECIALIZADA À SAÚDE;REDE DE ATENÇÃO HOSPITALAR - AMBULÂNCIA TIPO A - REMOÇÃO SIMPLES E ELETIVA;12383333000126;FUNDO MUNICIPAL DE SAUDE DE PASSAGEM PB;3981;22/05/2024;PROPOSTA PAGA;Proposta Paga;13/12/2024;R$344.515,00;R$344.515,00;R$344.515,00
2024;71160002;S.PART.;BANCADA DA PARAÍBA;não se aplica;não se aplica;PB;250415;CASSERENGUE;MUNICIPAL;BANCADA OBRIGATÓRIA;CORRENTE;301;1001;1030151192E890025;02/04/2024;36000593746202400;-;FAF;INCREMENTO PAP;2E89;INCREMENTO TEMPORÁRIO AO CUSTEIO DOS SERVIÇOS DE ATENÇÃO PRIMÁRIA À SAÚDE - PAP;INCREMENTO DO PISO DA ATENÇÃO PRIMÁRIA À SAÚDE - PAP;12431437000169;FUNDO MUNICIPAL DE SAUDE;4099;28/05/2024;PROPOSTA PAGA;Proposta Paga;13/12/2024;R$85.000,00;R$85.000,00;R$85.000,00
2024;71160002;S.PART.;BANCADA DA PARAÍBA;não se aplica;não se aplica;PB;250910;MARI;MUNICIPAL;BANCADA OBRIGATÓRIA;CORRENTE;301;1001;1030151192E890025;25/11/2024;36000634774202400;-;FAF;INCREMENTO PAP;2E89;INCREMENTO TEMPORÁRIO AO CUSTEIO DOS SERVIÇOS DE ATENÇÃO PRIMÁRIA À SAÚDE - PAP;INCREMENTO DO PISO DA ATENÇÃO PRIMÁRIA À SAÚDE - PAP;11400094000102;FUNDO MUNICIPAL DE SAUDE;6155;18/12/2024;PROPOSTA PAGA;Proposta Paga;10/03/2025;R$110.779,00;R$110.779,00;R$110.779,00
2024;71160002;S.PART.;BANCADA DA PARAÍBA;não se aplica;não se aplica;PB;250050;ALAGOINHA;MUNICIPAL;BANCADA OBRIGATÓRIA;CORRENTE;301;1001;1030151192E890025;01/04/2024;36000592938202400;-;FAF;INCREMENTO PAP;2E89;INCREMENTO TEMPORÁRIO AO CUSTEIO DOS SERVIÇOS DE ATENÇÃO PRIMÁRIA À SAÚDE - PAP;INCREMENTO DO PISO DA ATENÇÃO PRIMÁRIA À SAÚDE - PAP;11757032000152;FUNDO MUNICIPAL DE SAUDE DE ALAGOINHA;3624;30/04/2024;PROPOSTA PAGA;Proposta Paga;13/12/2024;R$150.000,00;R$150.000,00;R$150.000,00
2024;71160002;S.PART.;BANCADA DA PARAÍBA;não se aplica;não se aplica;PB;251290;RIO TINTO;MUNICIPAL;BANCADA OBRIGATÓRIA;CORRENTE;301;1001;1030151192E890025;27/03/2024;36000590659202400;-;FAF;INCREMENTO PAP;2E89;INCREMENTO TEMPORÁRIO AO CUSTEIO DOS SERVIÇOS DE ATENÇÃO PRIMÁRIA À SAÚDE - PAP;INCREMENTO DO PISO DA ATENÇÃO PRIMÁRIA À SAÚDE - PAP;12457150000108;FUNDO MUNICIPAL DE SAUDE DE RIO TINTO;3624;30/04/2024;PROPOSTA PAGA;Proposta Paga;13/12/2024;R$300.000,00;R$300.000,00;R$300.000,00
2024;71160002;S.PART.;BANCADA DA PARAÍBA;não se aplica;não se aplica;PB;251440;SAO JOSE DE ESPINHARAS;MUNICIPAL;BANCADA OBRIGATÓRIA;CORRENTE;301;1001;1030151192E890025;01/04/2024;36000592243202400;-;FAF;INCREMENTO PAP;2E89;INCREMENTO TEMPORÁRIO AO CUSTEIO DOS SERVIÇOS DE ATENÇÃO PRIMÁRIA À SAÚDE - PAP;INCREMENTO DO PISO DA ATENÇÃO PRIMÁRIA À SAÚDE - PAP;11418606000168;FUNDO MUNICIPAL DE SAUDE;3624;30/04/2024;PROPOSTA PAGA;Proposta Paga;13/12/2024;R$300.000,00;R$300.000,00;R$300.000,00
2024;71160002;S.PART.;BANCADA DA PARAÍBA;não se aplica;não se aplica;PB;250990;NATUBA;MUNICIPAL;BANCADA OBRIGATÓRIA;CORRENTE;301;1001;1030151192E890025;04/04/2024;36000597252202400;-;FAF;INCREMENTO PAP;2E89;INCREMENTO TEMPORÁRIO AO CUSTEIO DOS SERVIÇOS DE ATENÇÃO PRIMÁRIA À SAÚDE - PAP;INCREMENTO DO PISO DA ATENÇÃO PRIMÁRIA À SAÚDE - PAP;17975221000188;FUNDO MUNICIPAL DE SAUDE DE NATUBA;3624;30/04/2024;PROPOSTA PAGA;Proposta Paga;13/12/2024;R$311.532,00;R$311.532,00;R$311.532,00
2024;71160002;S.PART.;BANCADA DA PARAÍBA;não se aplica;não se aplica;PB;250650;GURJAO;MUNICIPAL;BANCADA OBRIGATÓRIA;CORRENTE;301;1001;1030151192E890025;11/04/2024;36000602825202400;-;FAF;INCREMENTO PAP;2E89;INCREMENTO TEMPORÁRIO AO CUSTEIO DOS SERVIÇOS DE ATENÇÃO PRIMÁRIA À SAÚDE - PAP;INCREMENTO DO PISO DA ATENÇÃO PRIMÁRIA À SAÚDE - PAP;11432444000112;FUNDO MUNICIPAL DE SAUDE DE GURJAO;3624;30/04/2024;PROPOSTA PAGA;Proposta Paga;13/12/2024;R$350.000,00;R$350.000,00;R$350.000,00
2024;71160002;S.PART.;BANCADA DA PARAÍBA;não se aplica;não se aplica;PB;251460;SAO JOSE DO BONFIM;MUNICIPAL;BANCADA OBRIGATÓRIA;CORRENTE;301;1001;1030151192E890025;01/04/2024;36000592910202400;-;FAF;INCREMENTO PAP;2E89;INCREMENTO TEMPORÁRIO AO CUSTEIO DOS SERVIÇOS DE ATENÇÃO PRIMÁRIA À SAÚDE - PAP;INCREMENTO DO PISO DA ATENÇÃO PRIMÁRIA À SAÚDE - PAP;12526644000105;FUNDO MUNICIPAL DE SAUDE DE SAO JOSE DO BONFIM PB;3624;30/04/2024;PROPOSTA PAGA;Proposta Paga;13/12/2024;R$350.000,00;R$350.000,00;R$350.000,00
2024;71160002;S.PART.;BANCADA DA PARAÍBA;não se aplica;não se aplica;PB;251240;PUXINANA;MUNICIPAL;BANCADA OBRIGATÓRIA;CORRENTE;301;1001;1030151192E890025;25/06/2024;36000624354202400;-;FAF;INCREMENTO PAP;2E89;INCREMENTO TEMPORÁRIO AO CUSTEIO DOS SERVIÇOS DE ATENÇÃO PRIMÁRIA À SAÚDE - PAP;INCREMENTO DO PISO DA ATENÇÃO PRIMÁRIA À SAÚDE - PAP;10521892000120;FUNDO MUNICIPAL DE SAUDE - PUXINANA;4578;28/06/2024;PROPOSTA PAGA;Proposta Paga;13/12/2024;R$189.000,00;R$189.000,00;R$189.000,00
2024;71160002;S.PART.;BANCADA DA PARAÍBA;não se aplica;não se aplica;PB;250435;CATURITE;MUNICIPAL;BANCADA OBRIGATÓRIA;CORRENTE;301;1001;1030151192E890025;27/03/2024;36000590569202400;-;FAF;INCREMENTO PAP;2E89;INCREMENTO TEMPORÁRIO AO CUSTEIO DOS SERVIÇOS DE ATENÇÃO PRIMÁRIA À SAÚDE - PAP;INCREMENTO DO PISO DA ATENÇÃO PRIMÁRIA À SAÚDE - PAP;11457024000190;FUNDO MUNICIPAL DE SAUDE CATURITE;3624;30/04/2024;PROPOSTA PAGA;Proposta Paga;13/12/2024;R$200.000,00;R$200.000,00;R$200.000,00
2024;71160001;S.PART.;BANCADA DA PARAÍBA;não se aplica;não se aplica;PB;250680;INGA;MUNICIPAL;BANCADA OBRIGATÓRIA;CORRENTE;302;1001;1030251182E900025;27/05/2024;36000614117202400;-;FAF;INCREMENTO MAC;2E90;ATENÇÃO ESPECIALIZADA À SAÚDE;INCREMENTO TEMPORÁRIO DO TETO DA MÉDIA E ALTA COMPLEXIDADE - MAC;08610110000187;FUNDO MUNICIPAL DE SAUDE DE INGA/PB;4192;10/06/2024;PROPOSTA PAGA;Proposta Paga;13/12/2024;R$100.307,00;R$100.307,00;R$100.307,00
2024;71160002;S.PART.;BANCADA DA PARAÍBA;não se aplica;não se aplica;PB;250560;DIAMANTE;MUNICIPAL;BANCADA OBRIGATÓRIA;CORRENTE;301;1001;1030151192E890025;12/04/2024;36000603489202400;-;FAF;INCREMENTO PAP;2E89;INCREMENTO TEMPORÁRIO AO CUSTEIO DOS SERVIÇOS DE ATENÇÃO PRIMÁRIA À SAÚDE - PAP;INCREMENTO DO PISO DA ATENÇÃO PRIMÁRIA À SAÚDE - PAP;10382118000185;FUNDO MUNICIPAL DE SAUDE DE DIAMANTE;3624;30/04/2024;PROPOSTA PAGA;Proposta Paga;13/12/2024;R$200.000,00;R$200.000,00;R$200.000,00
2024;71160001;S.PART.;BANCADA DA PARAÍBA;não se aplica;não se aplica;PB;250750;JOAO PESSOA;MUNICIPAL;BANCADA OBRIGATÓRIA;CORRENTE;302;1001;1030251182E900025;16/04/2024;36000606001202400;-;FAF;INCREMENTO MAC;2E90;ATENÇÃO ESPECIALIZADA À SAÚDE;INCREMENTO TEMPORÁRIO DO TETO DA MÉDIA E ALTA COMPLEXIDADE - MAC;08715618000140;FUNDO MUNICIPAL DE SAUDE;3666;30/04/2024;PROPOSTA PAGA;Proposta Paga;13/12/2024;R$18.591,00;R$18.591,00;R$18.591,00
2024;71160002;S.PART.;BANCADA DA PARAÍBA;não se aplica;não se aplica;PB;251500;SAO MIGUEL DE TAIPU;MUNICIPAL;BANCADA OBRIGATÓRIA;CORRENTE;301;1001;1030151192E890025;01/04/2024;36000592663202400;-;FAF;INCREMENTO PAP;2E89;INCREMENTO TEMPORÁRIO AO CUSTEIO DOS SERVIÇOS DE ATENÇÃO PRIMÁRIA À SAÚDE - PAP;INCREMENTO DO PISO DA ATENÇÃO PRIMÁRIA À SAÚDE - PAP;11601645000104;FUNDO MUNICIPAL DE SAUDE;3676;30/04/2024;PROPOSTA PAGA;Proposta Paga;13/12/2024;R$700.000,00;R$700.000,00;R$700.000,00
2024;71160002;S.PART.;BANCADA DA PARAÍBA;não se aplica;não se aplica;PB;251280;RIACHO DOS CAVALOS;MUNICIPAL;BANCADA OBRIGATÓRIA;CORRENTE;301;1001;1030151192E890025;12/04/2024;36000604349202400;-;FAF;INCREMENTO PAP;2E89;INCREMENTO TEMPORÁRIO AO CUSTEIO DOS SERVIÇOS DE ATENÇÃO PRIMÁRIA À SAÚDE - PAP;INCREMENTO DO PISO DA ATENÇÃO PRIMÁRIA À SAÚDE - PAP;12081925000193;RIACHO DOS CAVALOS FUNDO MUNICIPAL DE SAUDE;3624;30/04/2024;PROPOSTA PAGA;Proposta Paga;13/12/2024;R$200.000,00;R$200.000,00;R$200.000,00
2024;71160002;S.PART.;BANCADA DA PARAÍBA;não se aplica;não se aplica;PB;250490;CRUZ DO ESPIRITO SANTO;MUNICIPAL;BANCADA OBRIGATÓRIA;CORRENTE;301;1001;1030151192E890025;11/04/2024;36000602273202400;-;FAF;INCREMENTO PAP;2E89;INCREMENTO TEMPORÁRIO AO CUSTEIO DOS SERVIÇOS DE ATENÇÃO PRIMÁRIA À SAÚDE - PAP;INCREMENTO DO PISO DA ATENÇÃO PRIMÁRIA À SAÚDE - PAP;23014200000107;FUNDO MUNICIPAL DE SAUDE DE CRUZ DO ESPIRITO SANTO;3676;30/04/2024;PROPOSTA PAGA;Proposta Paga;13/12/2024;R$1.000.000,00;R$1.000.000,00;R$1.000.000,00
2024;71160002;S.PART.;BANCADA DA PARAÍBA;não se aplica;não se aplica;PB;250830;LAGOA SECA;MUNICIPAL;BANCADA OBRIGATÓRIA;CORRENTE;301;1001;1030151192E890025;27/03/2024;36000590622202400;-;FAF;INCREMENTO PAP;2E89;INCREMENTO TEMPORÁRIO AO CUSTEIO DOS SERVIÇOS DE ATENÇÃO PRIMÁRIA À SAÚDE - PAP;INCREMENTO DO PISO DA ATENÇÃO PRIMÁRIA À SAÚDE - PAP;11264183000179;FUNDO MUNICIPAL DE SAUDE;3676;30/04/2024;PROPOSTA PAGA;Proposta Paga;13/12/2024;R$1.000.000,00;R$1.000.000,00;R$1.000.000,00
2024;71160001;S.PART.;BANCADA DA PARAÍBA;não se aplica;não se aplica;PB;250860;LUCENA;MUNICIPAL;BANCADA OBRIGATÓRIA;CORRENTE;302;1001;1030251182E900025;16/04/2024;36000606068202400;-;FAF;INCREMENTO MAC;2E90;ATENÇÃO ESPECIALIZADA À SAÚDE;INCREMENTO TEMPORÁRIO DO TETO DA MÉDIA E ALTA COMPLEXIDADE - MAC;11516231000179;FUNDO MUNICIPAL DE SAUDE DE LUCENA;3666;30/04/2024;PROPOSTA PAGA;Proposta Paga;13/12/2024;R$255.974,00;R$255.974,00;R$255.974,00
2024;71160002;S.PART.;BANCADA DA PARAÍBA;não se aplica;não se aplica;PB;251200;POCINHOS;MUNICIPAL;BANCADA OBRIGATÓRIA;CORRENTE;301;1001;1030151192E890025;22/04/2024;36000607663202400;-;FAF;INCREMENTO PAP;2E89;INCREMENTO TEMPORÁRIO AO CUSTEIO DOS SERVIÇOS DE ATENÇÃO PRIMÁRIA À SAÚDE - PAP;INCREMENTO DO PISO DA ATENÇÃO PRIMÁRIA À SAÚDE - PAP;09505246000190;FUNDO MUNICIPAL DE SAUDE - POCINHOS - PARAIBA;3676;30/04/2024;PROPOSTA PAGA;Proposta Paga;13/12/2024;R$1.000.000,00;R$1.000.000,00;R$1.000.000,00
2024;71160002;S.PART.;BANCADA DA PARAÍBA;não se aplica;não se aplica;PB;250860;LUCENA;MUNICIPAL;BANCADA OBRIGATÓRIA;CORRENTE;301;1001;1030151192E890025;28/03/2024;36000590970202400;-;FAF;INCREMENTO PAP;2E89;INCREMENTO TEMPORÁRIO AO CUSTEIO DOS SERVIÇOS DE ATENÇÃO PRIMÁRIA À SAÚDE - PAP;INCREMENTO DO PISO DA ATENÇÃO PRIMÁRIA À SAÚDE - PAP;11516231000179;FUNDO MUNICIPAL DE SAUDE DE LUCENA;3624;30/04/2024;PROPOSTA PAGA;Proposta Paga;13/12/2024;R$250.000,00;R$250.000,00;R$250.000,00
2024;71160003;S.PART.;BANCADA DA PARAÍBA;não se aplica;não se aplica;PB;250750;JOAO PESSOA;MUNICIPAL;BANCADA OBRIGATÓRIA;CAPITAL;302;1001;10302511885358697;22/11/2024;08715618000124014;-;FAF;EQUIPAMENTO;8535;ATENÇÃO ESPECIALIZADA À SAÚDE;REDE DE ATENÇÃO ESPECIALIZADA À SAÚDE - POLICLÍNICA REGIONAL;08715618000140;FUNDO MUNICIPAL DE SAUDE;6130;18/12/2024;PROPOSTA PAGA;Proposta Paga;19/02/2025;R$367.843,00;R$367.843,00;R$367.843,00
2024;71160002;S.PART.;BANCADA DA PARAÍBA;não se aplica;não se aplica;PB;251740;ZABELE;MUNICIPAL;BANCADA OBRIGATÓRIA;CORRENTE;301;1001;1030151192E890025;27/03/2024;36000590636202400;-;FAF;INCREMENTO PAP;2E89;INCREMENTO TEMPORÁRIO AO CUSTEIO DOS SERVIÇOS DE ATENÇÃO PRIMÁRIA À SAÚDE - PAP;INCREMENTO DO PISO DA ATENÇÃO PRIMÁRIA À SAÚDE - PAP;11348419000155;FUNDO MUNICIPAL DE SAUDE DE ZABELE;3624;30/04/2024;PROPOSTA PAGA;Proposta Paga;13/12/2024;R$50.000,00;R$50.000,00;R$50.000,00
2024;71160002;S.PART.;BANCADA DA PARAÍBA;não se aplica;não se aplica;PB;251593;SERTAOZINHO;MUNICIPAL;BANCADA OBRIGATÓRIA;CORRENTE;301;1001;1030151192E890025;27/03/2024;36000590649202400;-;FAF;INCREMENTO PAP;2E89;INCREMENTO TEMPORÁRIO AO CUSTEIO DOS SERVIÇOS DE ATENÇÃO PRIMÁRIA À SAÚDE - PAP;INCREMENTO DO PISO DA ATENÇÃO PRIMÁRIA À SAÚDE - PAP;11958034000100;FUNDO MUNICIPAL DE SAUDE DO MUNICIPIO DE SERTAOZINHO-PB;3624;30/04/2024;PROPOSTA PAGA;Proposta Paga;13/12/2024;R$127.253,00;R$127.253,00;R$127.253,00
2024;71160002;S.PART.;BANCADA DA PARAÍBA;não se aplica;não se aplica;PB;250250;BOQUEIRAO;MUNICIPAL;BANCADA OBRIGATÓRIA;CORRENTE;301;1001;1030151192E890025;01/04/2024;36000593507202400;-;FAF;INCREMENTO PAP;2E89;INCREMENTO TEMPORÁRIO AO CUSTEIO DOS SERVIÇOS DE ATENÇÃO PRIMÁRIA À SAÚDE - PAP;INCREMENTO DO PISO DA ATENÇÃO PRIMÁRIA À SAÚDE - PAP;11153600000106;FUNDO MUNICIPAL DE SAUDE;3624;30/04/2024;PROPOSTA PAGA;Proposta Paga;13/12/2024;R$150.000,00;R$150.000,00;R$150.000,00
2024;71160002;S.PART.;BANCADA DA PARAÍBA;não se aplica;não se aplica;PB;251570;SERRA GRANDE;MUNICIPAL;BANCADA OBRIGATÓRIA;CORRENTE;301;1001;1030151192E890025;28/03/2024;36000591050202400;-;FAF;INCREMENTO PAP;2E89;INCREMENTO TEMPORÁRIO AO CUSTEIO DOS SERVIÇOS DE ATENÇÃO PRIMÁRIA À SAÚDE - PAP;INCREMENTO DO PISO DA ATENÇÃO PRIMÁRIA À SAÚDE - PAP;11588202000112;FUNDO MUNICIPAL DE SAUDE DE SERRA GRANDE;3624;30/04/2024;PROPOSTA PAGA;Proposta Paga;13/12/2024;R$150.000,00;R$150.000,00;R$150.000,00
2024;71160002;S.PART.;BANCADA DA PARAÍBA;não se aplica;não se aplica;PB;250890;MAMANGUAPE;MUNICIPAL;BANCADA OBRIGATÓRIA;CORRENTE;301;1001;1030151192E890025;08/04/2024;36000599170202400;-;FAF;INCREMENTO PAP;2E89;INCREMENTO TEMPORÁRIO AO CUSTEIO DOS SERVIÇOS DE ATENÇÃO PRIMÁRIA À SAÚDE - PAP;INCREMENTO DO PISO DA ATENÇÃO PRIMÁRIA À SAÚDE - PAP;08674396000164;FUNDO MUNICIPAL DE SAUDE DE MAMANGUAPE;3676;30/04/2024;PROPOSTA PAGA;Proposta Paga;13/12/2024;R$500.000,00;R$500.000,00;R$500.000,00
2024;71160002;S.PART.;BANCADA DA PARAÍBA;não se aplica;não se aplica;PB;251400;SAO JOAO DO CARIRI;MUNICIPAL;BANCADA OBRIGATÓRIA;CORRENTE;301;1001;1030151192E890025;28/03/2024;36000591052202400;-;FAF;INCREMENTO PAP;2E89;INCREMENTO TEMPORÁRIO AO CUSTEIO DOS SERVIÇOS DE ATENÇÃO PRIMÁRIA À SAÚDE - PAP;INCREMENTO DO PISO DA ATENÇÃO PRIMÁRIA À SAÚDE - PAP;12447221000191;FUNDO MUNICIPAL DE SAUDE DE SAO JOAO DO CARIRI - PB;3676;30/04/2024;PROPOSTA PAGA;Proposta Paga;13/12/2024;R$500.000,00;R$500.000,00;R$500.000,00
2024;71160001;S.PART.;BANCADA DA PARAÍBA;não se aplica;não se aplica;PB;250240;BONITO DE SANTA FE;MUNICIPAL;BANCADA OBRIGATÓRIA;CORRENTE;302;1001;1030251182E900025;04/04/2024;36000597449202400;-;FAF;INCREMENTO MAC;2E90;ATENÇÃO ESPECIALIZADA À SAÚDE;INCREMENTO TEMPORÁRIO DO TETO DA MÉDIA E ALTA COMPLEXIDADE - MAC;11494230000170;FUNDO MUNICIPAL DE SAUDE BONITO DE SANTA FE;3666;30/04/2024;PROPOSTA PAGA;Proposta Paga;13/12/2024;R$100.000,00;R$100.000,00;R$100.000,00
2024;71160001;S.PART.;BANCADA DA PARAÍBA;não se aplica;não se aplica;PB;250720;ITATUBA;MUNICIPAL;BANCADA OBRIGATÓRIA;CORRENTE;302;1001;1030251182E900025;25/06/2024;36000624034202400;-;FAF;INCREMENTO MAC;2E90;ATENÇÃO ESPECIALIZADA À SAÚDE;INCREMENTO TEMPORÁRIO DO TETO DA MÉDIA E ALTA COMPLEXIDADE - MAC;12306005000126;FUNDO MUNICIPAL DE SAUDE;4602;28/06/2024;PROPOSTA PAGA;Proposta Paga;13/12/2024;R$50.073,00;R$50.073,00;R$50.073,00
2024;71160002;S.PART.;BANCADA DA PARAÍBA;não se aplica;não se aplica;PB;250407;CARAUBAS;MUNICIPAL;BANCADA OBRIGATÓRIA;CORRENTE;301;1001;1030151192E890025;27/03/2024;36000590556202400;-;FAF;INCREMENTO PAP;2E89;INCREMENTO TEMPORÁRIO AO CUSTEIO DOS SERVIÇOS DE ATENÇÃO PRIMÁRIA À SAÚDE - PAP;INCREMENTO DO PISO DA ATENÇÃO PRIMÁRIA À SAÚDE - PAP;11431018000164;FUNDO MUNICIPAL DE SAUDE;3624;30/04/2024;PROPOSTA PAGA;Proposta Paga;13/12/2024;R$237.528,00;R$237.528,00;R$237.528,00
2024;71160002;S.PART.;BANCADA DA PARAÍBA;não se aplica;não se aplica;PB;250180;BAYEUX;MUNICIPAL;BANCADA OBRIGATÓRIA;CORRENTE;301;1001;1030151192E890025;04/04/2024;36000597427202400;-;FAF;INCREMENTO PAP;2E89;INCREMENTO TEMPORÁRIO AO CUSTEIO DOS SERVIÇOS DE ATENÇÃO PRIMÁRIA À SAÚDE - PAP;INCREMENTO DO PISO DA ATENÇÃO PRIMÁRIA À SAÚDE - PAP;11685421000110;FUNDO MUNICIPAL DE SAUDE DE BAYEUX;3676;30/04/2024;PROPOSTA PAGA;Proposta Paga;13/12/2024;R$285.564,00;R$285.564,00;R$285.564,00
2024;71160002;S.PART.;BANCADA DA PARAÍBA;não se aplica;não se aplica;PB;250880;MALTA;MUNICIPAL;BANCADA OBRIGATÓRIA;CORRENTE;301;1001;1030151192E890025;28/03/2024;36000590673202400;-;FAF;INCREMENTO PAP;2E89;INCREMENTO TEMPORÁRIO AO CUSTEIO DOS SERVIÇOS DE ATENÇÃO PRIMÁRIA À SAÚDE - PAP;INCREMENTO DO PISO DA ATENÇÃO PRIMÁRIA À SAÚDE - PAP;12460136000163;FUNDO MUNICIPAL DE SAUDE DE MALTA;3624;30/04/2024;PROPOSTA PAGA;Proposta Paga;13/12/2024;R$150.000,00;R$150.000,00;R$150.000,00
2024;71160002;S.PART.;BANCADA DA PARAÍBA;não se aplica;não se aplica;PB;251680;TRIUNFO;MUNICIPAL;BANCADA OBRIGATÓRIA;CORRENTE;301;1001;1030151192E890025;10/05/2024;36000611553202400;-;FAF;INCREMENTO PAP;2E89;INCREMENTO TEMPORÁRIO AO CUSTEIO DOS SERVIÇOS DE ATENÇÃO PRIMÁRIA À SAÚDE - PAP;INCREMENTO DO PISO DA ATENÇÃO PRIMÁRIA À SAÚDE - PAP;12794460000118;FUNDO MUNICIPAL DE SAUDE DE TRIUNFO;3810;15/05/2024;PROPOSTA PAGA;Proposta Paga;13/12/2024;R$150.000,00;R$150.000,00;R$150.000,00
2024;71160002;S.PART.;BANCADA DA PARAÍBA;não se aplica;não se aplica;PB;251700;UMBUZEIRO;MUNICIPAL;BANCADA OBRIGATÓRIA;CORRENTE;301;1001;1030151192E890025;03/04/2024;36000596027202400;-;FAF;INCREMENTO PAP;2E89;INCREMENTO TEMPORÁRIO AO CUSTEIO DOS SERVIÇOS DE ATENÇÃO PRIMÁRIA À SAÚDE - PAP;INCREMENTO DO PISO DA ATENÇÃO PRIMÁRIA À SAÚDE - PAP;09494245000197;FUNDO MUNICIPAL DE SAUDE;3624;30/04/2024;PROPOSTA PAGA;Proposta Paga;13/12/2024;R$150.000,00;R$150.000,00;R$150.000,00
2024;71160001;S.PART.;BANCADA DA PARAÍBA;não se aplica;não se aplica;PB;250480;COREMAS;MUNICIPAL;BANCADA OBRIGATÓRIA;CORRENTE;302;1001;1030251182E900025;11/04/2024;36000602890202400;-;FAF;INCREMENTO MAC;2E90;ATENÇÃO ESPECIALIZADA À SAÚDE;INCREMENTO TEMPORÁRIO DO TETO DA MÉDIA E ALTA COMPLEXIDADE - MAC;11161210000188;FUNDO MUNICIPAL DE SAUDE;3666;30/04/2024;PROPOSTA PAGA;Proposta Paga;13/12/2024;R$100.000,00;R$100.000,00;R$100.000,00
2024;71160001;S.PART.;BANCADA DA PARAÍBA;não se aplica;não se aplica;PB;250900;MANAIRA;MUNICIPAL;BANCADA OBRIGATÓRIA;CORRENTE;302;1001;1030251182E900025;05/04/2024;36000598229202400;-;FAF;INCREMENTO MAC;2E90;ATENÇÃO ESPECIALIZADA À SAÚDE;INCREMENTO TEMPORÁRIO DO TETO DA MÉDIA E ALTA COMPLEXIDADE - MAC;10522238000130;FUNDO MUNICIPAL DE SAUDE DE MANAIRA;3666;30/04/2024;PROPOSTA PAGA;Proposta Paga;13/12/2024;R$100.000,00;R$100.000,00;R$100.000,00
2024;71160001;S.PART.;BANCADA DA PARAÍBA;não se aplica;não se aplica;PB;251392;SAO BENTINHO;MUNICIPAL;BANCADA OBRIGATÓRIA;CORRENTE;302;1001;1030251182E900025;10/04/2024;36000602006202400;-;FAF;INCREMENTO MAC;2E90;ATENÇÃO ESPECIALIZADA À SAÚDE;INCREMENTO TEMPORÁRIO DO TETO DA MÉDIA E ALTA COMPLEXIDADE - MAC;10770716000121;FUNDO MUNICIPAL DE SAUDE DE SAO BENTINHO;3666;30/04/2024;PROPOSTA PAGA;Proposta Paga;13/12/2024;R$46.000,00;R$46.000,00;R$46.000,00
2024;71160001;S.PART.;BANCADA DA PARAÍBA;não se aplica;não se aplica;PB;250130;AROEIRAS;MUNICIPAL;BANCADA OBRIGATÓRIA;CORRENTE;302;1001;1030251182E900025;09/04/2024;36000600219202400;-;FAF;INCREMENTO MAC;2E90;ATENÇÃO ESPECIALIZADA À SAÚDE;INCREMENTO TEMPORÁRIO DO TETO DA MÉDIA E ALTA COMPLEXIDADE - MAC;10819820000163;FUNDO MUNICIPAL DE SAUDE;3666;30/04/2024;PROPOSTA PAGA;Proposta Paga;13/12/2024;R$200.000,00;R$200.000,00;R$200.000,00
2024;71160002;S.PART.;BANCADA DA PARAÍBA;não se aplica;não se aplica;PB;250960;MONTE HOREBE;MUNICIPAL;BANCADA OBRIGATÓRIA;CORRENTE;301;1001;1030151192E890025;12/04/2024;36000604248202400;-;FAF;INCREMENTO PAP;2E89;INCREMENTO TEMPORÁRIO AO CUSTEIO DOS SERVIÇOS DE ATENÇÃO PRIMÁRIA À SAÚDE - PAP;INCREMENTO DO PISO DA ATENÇÃO PRIMÁRIA À SAÚDE - PAP;12445872000142;FUNDO MUNICIPAL DE SAUDE DO MUNICIPIO DE MONTE HOREBE - PB;3624;30/04/2024;PROPOSTA PAGA;Proposta Paga;13/12/2024;R$200.000,00;R$200.000,00;R$200.000,00
2024;71160001;S.PART.;BANCADA DA PARAÍBA;não se aplica;não se aplica;PB;251700;UMBUZEIRO;MUNICIPAL;BANCADA OBRIGATÓRIA;CORRENTE;302;1001;1030251182E900025;09/04/2024;36000600095202400;-;FAF;INCREMENTO MAC;2E90;ATENÇÃO ESPECIALIZADA À SAÚDE;INCREMENTO TEMPORÁRIO DO TETO DA MÉDIA E ALTA COMPLEXIDADE - MAC;09494245000197;FUNDO MUNICIPAL DE SAUDE;3666;30/04/2024;PROPOSTA PAGA;Proposta Paga;13/12/2024;R$200.000,00;R$200.000,00;R$200.000,00
2024;71160001;S.PART.;BANCADA DA PARAÍBA;não se aplica;não se aplica;PB;251140;PICUI;MUNICIPAL;BANCADA OBRIGATÓRIA;CORRENTE;302;1001;1030251182E900025;08/04/2024;36000599174202400;-;FAF;INCREMENTO MAC;2E90;ATENÇÃO ESPECIALIZADA À SAÚDE;INCREMENTO TEMPORÁRIO DO TETO DA MÉDIA E ALTA COMPLEXIDADE - MAC;08619650000121;FUNDO MUNICIPAL DE SAUDE;3666;30/04/2024;PROPOSTA PAGA;Proposta Paga;13/12/2024;R$250.000,00;R$250.000,00;R$250.000,00
2024;71160001;S.PART.;BANCADA DA PARAÍBA;não se aplica;não se aplica;PB;250060;ALHANDRA;MUNICIPAL;BANCADA OBRIGATÓRIA;CORRENTE;302;1001;1030251182E900025;04/04/2024;36000597447202400;-;FAF;INCREMENTO MAC;2E90;ATENÇÃO ESPECIALIZADA À SAÚDE;INCREMENTO TEMPORÁRIO DO TETO DA MÉDIA E ALTA COMPLEXIDADE - MAC;11490408000105;FUNDO MUNICIPAL DE SAUDE;3673;30/04/2024;PROPOSTA PAGA;Proposta Paga;13/12/2024;R$300.000,00;R$300.000,00;R$300.000,00
2024;71160002;S.PART.;BANCADA DA PARAÍBA;não se aplica;não se aplica;PB;250010;AGUA BRANCA;MUNICIPAL;BANCADA OBRIGATÓRIA;CORRENTE;301;1001;1030151192E890025;01/04/2024;36000592179202400;-;FAF;INCREMENTO PAP;2E89;INCREMENTO TEMPORÁRIO AO CUSTEIO DOS SERVIÇOS DE ATENÇÃO PRIMÁRIA À SAÚDE - PAP;INCREMENTO DO PISO DA ATENÇÃO PRIMÁRIA À SAÚDE - PAP;10502869000198;FUNDO MUNICIPAL DE SAUDE DE AGUA BRANCA;3624;30/04/2024;PROPOSTA PAGA;Proposta Paga;13/12/2024;R$228.869,00;R$228.869,00;R$228.869,00
2024;71160001;S.PART.;BANCADA DA PARAÍBA;não se aplica;não se aplica;PB;250440;CONCEICAO;MUNICIPAL;BANCADA OBRIGATÓRIA;CORRENTE;302;1001;1030251182E900025;09/04/2024;36000600374202400;-;FAF;INCREMENTO MAC;2E90;ATENÇÃO ESPECIALIZADA À SAÚDE;INCREMENTO TEMPORÁRIO DO TETO DA MÉDIA E ALTA COMPLEXIDADE - MAC;05497410000103;FUNDO MUNICIPAL DE SAUDE DE CONCEICAO;3673;30/04/2024;PROPOSTA PAGA;Proposta Paga;13/12/2024;R$800.000,00;R$800.000,00;R$800.000,00
2024;71160002;S.PART.;BANCADA DA PARAÍBA;não se aplica;não se aplica;PB;251490;SAO MAMEDE;MUNICIPAL;BANCADA OBRIGATÓRIA;CORRENTE;301;1001;1030151192E890025;28/03/2024;36000591525202400;-;FAF;INCREMENTO PAP;2E89;INCREMENTO TEMPORÁRIO AO CUSTEIO DOS SERVIÇOS DE ATENÇÃO PRIMÁRIA À SAÚDE - PAP;INCREMENTO DO PISO DA ATENÇÃO PRIMÁRIA À SAÚDE - PAP;04223191000101;FUNDO MUN.DE SAUDE DE SAO MAMEDE-PB;3676;30/04/2024;PROPOSTA PAGA;Proposta Paga;13/12/2024;R$300.000,00;R$300.000,00;R$300.000,00
2024;71160001;S.PART.;BANCADA DA PARAÍBA;não se aplica;não se aplica;PB;250610;FAGUNDES;MUNICIPAL;BANCADA OBRIGATÓRIA;CORRENTE;302;1001;1030251182E900025;12/04/2024;36000604078202400;-;FAF;INCREMENTO MAC;2E90;ATENÇÃO ESPECIALIZADA À SAÚDE;INCREMENTO TEMPORÁRIO DO TETO DA MÉDIA E ALTA COMPLEXIDADE - MAC;11307940000144;FUNDO MUNICIPAL DE SAUDE FAGUNDES PB;3666;30/04/2024;PROPOSTA PAGA;Proposta Paga;13/12/2024;R$100.000,00;R$100.000,00;R$100.000,00
2024;71160001;S.PART.;BANCADA DA PARAÍBA;não se aplica;não se aplica;PB;250750;JOAO PESSOA;MUNICIPAL;BANCADA OBRIGATÓRIA;CORRENTE;302;1001;1030251182E900025;12/04/2024;36000604458202400;-;FAF;INCREMENTO MAC;2E90;ATENÇÃO ESPECIALIZADA À SAÚDE;INCREMENTO TEMPORÁRIO DO TETO DA MÉDIA E ALTA COMPLEXIDADE - MAC;08715618000140;FUNDO MUNICIPAL DE SAUDE;3666;30/04/2024;PROPOSTA PAGA;Proposta Paga;13/12/2024;R$100.000,00;R$100.000,00;R$100.000,00
2024;71160002;S.PART.;BANCADA DA PARAÍBA;não se aplica;não se aplica;PB;250450;CONDADO;MUNICIPAL;BANCADA OBRIGATÓRIA;CORRENTE;301;1001;1030151192E890025;15/04/2024;36000605007202400;-;FAF;INCREMENTO PAP;2E89;INCREMENTO TEMPORÁRIO AO CUSTEIO DOS SERVIÇOS DE ATENÇÃO PRIMÁRIA À SAÚDE - PAP;INCREMENTO DO PISO DA ATENÇÃO PRIMÁRIA À SAÚDE - PAP;04275034000140;FUNDO MUNICIPAL DE SAUDE;3624;30/04/2024;PROPOSTA PAGA;Proposta Paga;13/12/2024;R$200.000,00;R$200.000,00;R$200.000,00
2024;71160001;S.PART.;BANCADA DA PARAÍBA;não se aplica;não se aplica;PB;251280;RIACHO DOS CAVALOS;MUNICIPAL;BANCADA OBRIGATÓRIA;CORRENTE;302;1001;1030251182E900025;16/04/2024;36000605841202400;-;FAF;INCREMENTO MAC;2E90;ATENÇÃO ESPECIALIZADA À SAÚDE;INCREMENTO TEMPORÁRIO DO TETO DA MÉDIA E ALTA COMPLEXIDADE - MAC;12081925000193;RIACHO DOS CAVALOS FUNDO MUNICIPAL DE SAUDE;3666;30/04/2024;PROPOSTA PAGA;Proposta Paga;13/12/2024;R$100.000,00;R$100.000,00;R$100.000,00
2024;71160002;S.PART.;BANCADA DA PARAÍBA;não se aplica;não se aplica;PB;250890;MAMANGUAPE;MUNICIPAL;BANCADA OBRIGATÓRIA;CORRENTE;301;1001;1030151192E890025;11/04/2024;36000602848202400;-;FAF;INCREMENTO PAP;2E89;INCREMENTO TEMPORÁRIO AO CUSTEIO DOS SERVIÇOS DE ATENÇÃO PRIMÁRIA À SAÚDE - PAP;INCREMENTO DO PISO DA ATENÇÃO PRIMÁRIA À SAÚDE - PAP;08674396000164;FUNDO MUNICIPAL DE SAUDE DE MAMANGUAPE;3676;30/04/2024;PROPOSTA PAGA;Proposta Paga;13/12/2024;R$1.500.000,00;R$1.500.000,00;R$1.500.000,00
2024;71160002;S.PART.;BANCADA DA PARAÍBA;não se aplica;não se aplica;PB;250170;BARRA DE SAO MIGUEL;MUNICIPAL;BANCADA OBRIGATÓRIA;CORRENTE;301;1001;1030151192E890025;01/04/2024;36000593504202400;-;FAF;INCREMENTO PAP;2E89;INCREMENTO TEMPORÁRIO AO CUSTEIO DOS SERVIÇOS DE ATENÇÃO PRIMÁRIA À SAÚDE - PAP;INCREMENTO DO PISO DA ATENÇÃO PRIMÁRIA À SAÚDE - PAP;11228592000110;FUNDO MUNICIPAL DE SAUDE DE BARRA DE SAO MIGUEL;3624;30/04/2024;PROPOSTA PAGA;Proposta Paga;13/12/2024;R$250.000,00;R$250.000,00;R$250.000,00
2024;71160002;S.PART.;BANCADA DA PARAÍBA;não se aplica;não se aplica;PB;250355;CACIMBAS;MUNICIPAL;BANCADA OBRIGATÓRIA;CORRENTE;301;1001;1030151192E890025;28/03/2024;36000591659202400;-;FAF;INCREMENTO PAP;2E89;INCREMENTO TEMPORÁRIO AO CUSTEIO DOS SERVIÇOS DE ATENÇÃO PRIMÁRIA À SAÚDE - PAP;INCREMENTO DO PISO DA ATENÇÃO PRIMÁRIA À SAÚDE - PAP;10541009000163;FUNDO MUNICIPAL DE SAUDE DE CACIMBAS;3624;30/04/2024;PROPOSTA PAGA;Proposta Paga;13/12/2024;R$250.000,00;R$250.000,00;R$250.000,00
2024;71160001;S.PART.;BANCADA DA PARAÍBA;não se aplica;não se aplica;PB;250750;JOAO PESSOA;MUNICIPAL;BANCADA OBRIGATÓRIA;CORRENTE;302;1001;1030251182E900025;14/04/2024;36000604842202400;-;FAF;INCREMENTO MAC;2E90;ATENÇÃO ESPECIALIZADA À SAÚDE;INCREMENTO TEMPORÁRIO DO TETO DA MÉDIA E ALTA COMPLEXIDADE - MAC;08715618000140;FUNDO MUNICIPAL DE SAUDE;3673;30/04/2024;PROPOSTA PAGA;Proposta Paga;13/12/2024;R$1.000.000,00;R$1.000.000,00;R$1.000.000,00
2024;71160002;S.PART.;BANCADA DA PARAÍBA;não se aplica;não se aplica;PB;251550;SERRA BRANCA;MUNICIPAL;BANCADA OBRIGATÓRIA;CORRENTE;301;1001;1030151192E890025;04/04/2024;36000596692202400;-;FAF;INCREMENTO PAP;2E89;INCREMENTO TEMPORÁRIO AO CUSTEIO DOS SERVIÇOS DE ATENÇÃO PRIMÁRIA À SAÚDE - PAP;INCREMENTO DO PISO DA ATENÇÃO PRIMÁRIA À SAÚDE - PAP;05456092000132;FUNDO MUNICIPAL DE SAUDE;3624;30/04/2024;PROPOSTA PAGA;Proposta Paga;13/12/2024;R$250.000,00;R$250.000,00;R$250.000,00
2024;71160002;S.PART.;BANCADA DA PARAÍBA;não se aplica;não se aplica;PB;250500;CUBATI;MUNICIPAL;BANCADA OBRIGATÓRIA;CORRENTE;301;1001;1030151192E890025;04/04/2024;36000597206202400;-;FAF;INCREMENTO PAP;2E89;INCREMENTO TEMPORÁRIO AO CUSTEIO DOS SERVIÇOS DE ATENÇÃO PRIMÁRIA À SAÚDE - PAP;INCREMENTO DO PISO DA ATENÇÃO PRIMÁRIA À SAÚDE - PAP;08580325000100;FUNDO MUNICIPAL DE SAUDE DE CUBATI;3624;30/04/2024;PROPOSTA PAGA;Proposta Paga;13/12/2024;R$300.000,00;R$300.000,00;R$300.000,00
2024;71160002;S.PART.;BANCADA DA PARAÍBA;não se aplica;não se aplica;PB;250915;MARIZOPOLIS;MUNICIPAL;BANCADA OBRIGATÓRIA;CORRENTE;301;1001;1030151192E890025;01/04/2024;36000592335202400;-;FAF;INCREMENTO PAP;2E89;INCREMENTO TEMPORÁRIO AO CUSTEIO DOS SERVIÇOS DE ATENÇÃO PRIMÁRIA À SAÚDE - PAP;INCREMENTO DO PISO DA ATENÇÃO PRIMÁRIA À SAÚDE - PAP;11404727000150;FUNDO MUNICIPAL DE SAUDE;3624;30/04/2024;PROPOSTA PAGA;Proposta Paga;13/12/2024;R$150.000,00;R$150.000,00;R$150.000,00
2024;71160002;S.PART.;BANCADA DA PARAÍBA;não se aplica;não se aplica;PB;251150;PILAR;MUNICIPAL;BANCADA OBRIGATÓRIA;CORRENTE;301;1001;1030151192E890025;28/03/2024;36000590666202400;-;FAF;INCREMENTO PAP;2E89;INCREMENTO TEMPORÁRIO AO CUSTEIO DOS SERVIÇOS DE ATENÇÃO PRIMÁRIA À SAÚDE - PAP;INCREMENTO DO PISO DA ATENÇÃO PRIMÁRIA À SAÚDE - PAP;11171199000137;FUNDO MUNICIPAL DE SAUDE DO MUNICIPIO DE PILAR;3624;30/04/2024;PROPOSTA PAGA;Proposta Paga;13/12/2024;R$328.896,00;R$328.896,00;R$328.896,00
2024;71160002;S.PART.;BANCADA DA PARAÍBA;não se aplica;não se aplica;PB;250205;BERNARDINO BATISTA;MUNICIPAL;BANCADA OBRIGATÓRIA;CORRENTE;301;1001;1030151192E890025;27/03/2024;36000589387202400;-;FAF;INCREMENTO PAP;2E89;INCREMENTO TEMPORÁRIO AO CUSTEIO DOS SERVIÇOS DE ATENÇÃO PRIMÁRIA À SAÚDE - PAP;INCREMENTO DO PISO DA ATENÇÃO PRIMÁRIA À SAÚDE - PAP;10484826000127;FUNDO MUNICIPAL DE SAUDE;3676;30/04/2024;PROPOSTA PAGA;Proposta Paga;13/12/2024;R$400.000,00;R$400.000,00;R$400.000,00
2024;71160002;S.PART.;BANCADA DA PARAÍBA;não se aplica;não se aplica;PB;250600;ESPERANCA;MUNICIPAL;BANCADA OBRIGATÓRIA;CORRENTE;301;1001;1030151192E890025;04/04/2024;36000596659202400;-;FAF;INCREMENTO PAP;2E89;INCREMENTO TEMPORÁRIO AO CUSTEIO DOS SERVIÇOS DE ATENÇÃO PRIMÁRIA À SAÚDE - PAP;INCREMENTO DO PISO DA ATENÇÃO PRIMÁRIA À SAÚDE - PAP;12011984000195;FUNDO MUNICIPAL DE SAUDE;3676;30/04/2024;PROPOSTA PAGA;Proposta Paga;13/12/2024;R$400.000,00;R$400.000,00;R$400.000,00
2024;71160002;S.PART.;BANCADA DA PARAÍBA;não se aplica;não se aplica;PB;250110;AREIA;MUNICIPAL;BANCADA OBRIGATÓRIA;CORRENTE;301;1001;1030151192E890025;10/04/2024;36000601098202400;-;FAF;INCREMENTO PAP;2E89;INCREMENTO TEMPORÁRIO AO CUSTEIO DOS SERVIÇOS DE ATENÇÃO PRIMÁRIA À SAÚDE - PAP;INCREMENTO DO PISO DA ATENÇÃO PRIMÁRIA À SAÚDE - PAP;11268285000162;FUNDO MUNICIPAL DE SAUDE;3676;30/04/2024;PROPOSTA PAGA;Proposta Paga;13/12/2024;R$500.000,00;R$500.000,00;R$500.000,00
2024;71160001;S.PART.;BANCADA DA PARAÍBA;não se aplica;não se aplica;PB;250770;JUAZEIRINHO;MUNICIPAL;BANCADA OBRIGATÓRIA;CORRENTE;302;1001;1030251182E900025;09/04/2024;36000600684202400;-;FAF;INCREMENTO MAC;2E90;ATENÇÃO ESPECIALIZADA À SAÚDE;INCREMENTO TEMPORÁRIO DO TETO DA MÉDIA E ALTA COMPLEXIDADE - MAC;11277311000119;FUNDO MUNICIPAL DE SAUDE DE JUAZEIRINHO;3666;30/04/2024;PROPOSTA PAGA;Proposta Paga;13/12/2024;R$100.000,00;R$100.000,00;R$100.000,00
2024;71160002;S.PART.;BANCADA DA PARAÍBA;não se aplica;não se aplica;PB;251272;PEDRO REGIS;MUNICIPAL;BANCADA OBRIGATÓRIA;CORRENTE;301;1001;1030151192E890025;28/03/2024;36000590670202400;-;FAF;INCREMENTO PAP;2E89;INCREMENTO TEMPORÁRIO AO CUSTEIO DOS SERVIÇOS DE ATENÇÃO PRIMÁRIA À SAÚDE - PAP;INCREMENTO DO PISO DA ATENÇÃO PRIMÁRIA À SAÚDE - PAP;13072341000114;PEDRO REGIS FUNDO MUNICIPAL DE SAUDE;3676;30/04/2024;PROPOSTA PAGA;Proposta Paga;13/12/2024;R$500.000,00;R$500.000,00;R$500.000,00
2024;71160002;S.PART.;BANCADA DA PARAÍBA;não se aplica;não se aplica;PB;251220;PRATA;MUNICIPAL;BANCADA OBRIGATÓRIA;CORRENTE;301;1001;1030151192E890025;11/04/2024;36000602467202400;-;FAF;INCREMENTO PAP;2E89;INCREMENTO TEMPORÁRIO AO CUSTEIO DOS SERVIÇOS DE ATENÇÃO PRIMÁRIA À SAÚDE - PAP;INCREMENTO DO PISO DA ATENÇÃO PRIMÁRIA À SAÚDE - PAP;11356674000140;FUNDO MUNICIPAL DE SAUDE DO MUNICIPIO DE PRATA;3676;30/04/2024;PROPOSTA PAGA;Proposta Paga;13/12/2024;R$500.000,00;R$500.000,00;R$500.000,00
2024;71160002;S.PART.;BANCADA DA PARAÍBA;não se aplica;não se aplica;PB;250855;LOGRADOURO;MUNICIPAL;BANCADA OBRIGATÓRIA;CORRENTE;301;1001;1030151192E890025;12/04/2024;36000604095202400;-;FAF;INCREMENTO PAP;2E89;INCREMENTO TEMPORÁRIO AO CUSTEIO DOS SERVIÇOS DE ATENÇÃO PRIMÁRIA À SAÚDE - PAP;INCREMENTO DO PISO DA ATENÇÃO PRIMÁRIA À SAÚDE - PAP;11268139000137;FUNDO MUNICIPAL DE SAUDE DE LOGRADOURO;3624;30/04/2024;PROPOSTA PAGA;Proposta Paga;13/12/2024;R$200.000,00;R$200.000,00;R$200.000,00
2024;71160002;S.PART.;BANCADA DA PARAÍBA;não se aplica;não se aplica;PB;250960;MONTE HOREBE;MUNICIPAL;BANCADA OBRIGATÓRIA;CORRENTE;301;1001;1030151192E890025;01/04/2024;36000592339202400;-;FAF;INCREMENTO PAP;2E89;INCREMENTO TEMPORÁRIO AO CUSTEIO DOS SERVIÇOS DE ATENÇÃO PRIMÁRIA À SAÚDE - PAP;INCREMENTO DO PISO DA ATENÇÃO PRIMÁRIA À SAÚDE - PAP;12445872000142;FUNDO MUNICIPAL DE SAUDE DO MUNICIPIO DE MONTE HOREBE - PB;3624;30/04/2024;PROPOSTA PAGA;Proposta Paga;13/12/2024;R$200.000,00;R$200.000,00;R$200.000,00
2024;71160002;S.PART.;BANCADA DA PARAÍBA;não se aplica;não se aplica;PB;251203;POCO DANTAS;MUNICIPAL;BANCADA OBRIGATÓRIA;CORRENTE;301;1001;1030151192E890025;28/03/2024;36000591106202400;-;FAF;INCREMENTO PAP;2E89;INCREMENTO TEMPORÁRIO AO CUSTEIO DOS SERVIÇOS DE ATENÇÃO PRIMÁRIA À SAÚDE - PAP;INCREMENTO DO PISO DA ATENÇÃO PRIMÁRIA À SAÚDE - PAP;08743272000193;FUNDO MUNICIPAL DE SAUDE;3624;30/04/2024;PROPOSTA PAGA;Proposta Paga;13/12/2024;R$632.416,00;R$632.416,00;R$632.416,00
2024;71160002;S.PART.;BANCADA DA PARAÍBA;não se aplica;não se aplica;PB;250990;NATUBA;MUNICIPAL;BANCADA OBRIGATÓRIA;CORRENTE;301;1001;1030151192E890025;04/04/2024;36000597250202400;-;FAF;INCREMENTO PAP;2E89;INCREMENTO TEMPORÁRIO AO CUSTEIO DOS SERVIÇOS DE ATENÇÃO PRIMÁRIA À SAÚDE - PAP;INCREMENTO DO PISO DA ATENÇÃO PRIMÁRIA À SAÚDE - PAP;17975221000188;FUNDO MUNICIPAL DE SAUDE DE NATUBA;3676;30/04/2024;PROPOSTA PAGA;Proposta Paga;13/12/2024;R$900.000,00;R$900.000,00;R$900.000,00
2024;71160002;S.PART.;BANCADA DA PARAÍBA;não se aplica;não se aplica;PB;251675;TENORIO;MUNICIPAL;BANCADA OBRIGATÓRIA;CORRENTE;301;1001;1030151192E890025;28/03/2024;36000591656202400;-;FAF;INCREMENTO PAP;2E89;INCREMENTO TEMPORÁRIO AO CUSTEIO DOS SERVIÇOS DE ATENÇÃO PRIMÁRIA À SAÚDE - PAP;INCREMENTO DO PISO DA ATENÇÃO PRIMÁRIA À SAÚDE - PAP;11793042000143;FUNDO MUNICIPAL DE SAUDE DE TENORIO;3624;30/04/2024;PROPOSTA PAGA;Proposta Paga;13/12/2024;R$200.000,00;R$200.000,00;R$200.000,00
2024;71160001;S.PART.;BANCADA DA PARAÍBA;não se aplica;não se aplica;PB;250400;CAMPINA GRANDE;MUNICIPAL;BANCADA OBRIGATÓRIA;CORRENTE;302;1001;1030251182E900025;17/12/2024;36000637413202400;-;FAF;INCREMENTO MAC;2E90;ATENÇÃO ESPECIALIZADA À SAÚDE;INCREMENTO TEMPORÁRIO DO TETO DA MÉDIA E ALTA COMPLEXIDADE - MAC;24513574000121;FUNDO MUNICIPAL DE SAUDE DE CAMPINA GRANDE;6146;18/12/2024;PROPOSTA PAGA;Proposta Paga;19/02/2025;R$400.000,00;R$400.000,00;R$400.000,00
2024;71160002;S.PART.;BANCADA DA PARAÍBA;não se aplica;não se aplica;PB;250630;GUARABIRA;MUNICIPAL;BANCADA OBRIGATÓRIA;CORRENTE;301;1001;1030151192E890025;27/03/2024;36000590583202400;-;FAF;INCREMENTO PAP;2E89;INCREMENTO TEMPORÁRIO AO CUSTEIO DOS SERVIÇOS DE ATENÇÃO PRIMÁRIA À SAÚDE - PAP;INCREMENTO DO PISO DA ATENÇÃO PRIMÁRIA À SAÚDE - PAP;13844779000173;GUARABIRA FUNDO MUNICIPAL DE SAUDE;3624;30/04/2024;PROPOSTA PAGA;Proposta Paga;13/12/2024;R$250.000,00;R$250.000,00;R$250.000,00
2024;71160002;S.PART.;BANCADA DA PARAÍBA;não se aplica;não se aplica;PB;251520;SAO SEBASTIAO DO UMBUZEIRO;MUNICIPAL;BANCADA OBRIGATÓRIA;CORRENTE;301;1001;1030151192E890025;13/04/2024;36000604779202400;-;FAF;INCREMENTO PAP;2E89;INCREMENTO TEMPORÁRIO AO CUSTEIO DOS SERVIÇOS DE ATENÇÃO PRIMÁRIA À SAÚDE - PAP;INCREMENTO DO PISO DA ATENÇÃO PRIMÁRIA À SAÚDE - PAP;11364289000144;FUNDO MUNICIPAL DE SAUDE DE SAO SEBASTIAO DO UMBUZEIRO;3624;30/04/2024;PROPOSTA PAGA;Proposta Paga;13/12/2024;R$276.804,00;R$276.804,00;R$276.804,00
2024;71160002;S.PART.;BANCADA DA PARAÍBA;não se aplica;não se aplica;PB;250160;BARRA DE SANTA ROSA;MUNICIPAL;BANCADA OBRIGATÓRIA;CORRENTE;301;1001;1030151192E890025;22/04/2024;36000607791202400;-;FAF;INCREMENTO PAP;2E89;INCREMENTO TEMPORÁRIO AO CUSTEIO DOS SERVIÇOS DE ATENÇÃO PRIMÁRIA À SAÚDE - PAP;INCREMENTO DO PISO DA ATENÇÃO PRIMÁRIA À SAÚDE - PAP;11404690000160;FUNDO MUNICIPAL DE SAUDE;3676;30/04/2024;PROPOSTA PAGA;Proposta Paga;13/12/2024;R$100.000,00;R$100.000,00;R$100.000,00
2024;71160002;S.PART.;BANCADA DA PARAÍBA;não se aplica;não se aplica;PB;251300;SALGADINHO;MUNICIPAL;BANCADA OBRIGATÓRIA;CORRENTE;301;1001;1030151192E890025;28/03/2024;36000590835202400;-;FAF;INCREMENTO PAP;2E89;INCREMENTO TEMPORÁRIO AO CUSTEIO DOS SERVIÇOS DE ATENÇÃO PRIMÁRIA À SAÚDE - PAP;INCREMENTO DO PISO DA ATENÇÃO PRIMÁRIA À SAÚDE - PAP;11321779000163;FUNDO MUNICIPAL DE SAUDE - SALGADINHO - PB;3676;30/04/2024;PROPOSTA PAGA;Proposta Paga;13/12/2024;R$100.000,00;R$100.000,00;R$100.000,00
2024;71160002;S.PART.;BANCADA DA PARAÍBA;não se aplica;não se aplica;PB;250523;CUITE DE MAMANGUAPE;MUNICIPAL;BANCADA OBRIGATÓRIA;CORRENTE;301;1001;1030151192E890025;28/03/2024;36000591133202400;-;FAF;INCREMENTO PAP;2E89;INCREMENTO TEMPORÁRIO AO CUSTEIO DOS SERVIÇOS DE ATENÇÃO PRIMÁRIA À SAÚDE - PAP;INCREMENTO DO PISO DA ATENÇÃO PRIMÁRIA À SAÚDE - PAP;13099820000124;CUITE DE MAMANGUAPE FUNDO MUNICIPAL DE SAUDE;3624;30/04/2024;PROPOSTA PAGA;Proposta Paga;13/12/2024;R$159.026,00;R$159.026,00;R$159.026,00
2024;71160001;S.PART.;BANCADA DA PARAÍBA;não se aplica;não se aplica;PB;250840;LASTRO;MUNICIPAL;BANCADA OBRIGATÓRIA;CORRENTE;302;1001;1030251182E900025;05/04/2024;36000598170202400;-;FAF;INCREMENTO MAC;2E90;ATENÇÃO ESPECIALIZADA À SAÚDE;INCREMENTO TEMPORÁRIO DO TETO DA MÉDIA E ALTA COMPLEXIDADE - MAC;11304889000117;FUNDO MUNICIPAL DE SAUDE DE LASTRO;3673;30/04/2024;PROPOSTA PAGA;Proposta Paga;13/12/2024;R$100.000,00;R$100.000,00;R$100.000,00
2024;71160002;S.PART.;BANCADA DA PARAÍBA;não se aplica;não se aplica;PB;250980;MULUNGU;MUNICIPAL;BANCADA OBRIGATÓRIA;CORRENTE;301;1001;1030151192E890025;02/04/2024;36000593789202400;-;FAF;INCREMENTO PAP;2E89;INCREMENTO TEMPORÁRIO AO CUSTEIO DOS SERVIÇOS DE ATENÇÃO PRIMÁRIA À SAÚDE - PAP;INCREMENTO DO PISO DA ATENÇÃO PRIMÁRIA À SAÚDE - PAP;18767963000180;FUNDO MUNICIPAL DE SAUDE MULUNGU;3676;30/04/2024;PROPOSTA PAGA;Proposta Paga;13/12/2024;R$200.000,00;R$200.000,00;R$200.000,00
2024;71160001;S.PART.;BANCADA DA PARAÍBA;não se aplica;não se aplica;PB;250460;CONDE;MUNICIPAL;BANCADA OBRIGATÓRIA;CORRENTE;302;1001;1030251182E900025;18/06/2024;36000619224202400;-;FAF;INCREMENTO MAC;2E90;ATENÇÃO ESPECIALIZADA À SAÚDE;INCREMENTO TEMPORÁRIO DO TETO DA MÉDIA E ALTA COMPLEXIDADE - MAC;11570107000191;FUNDO MUNICIPAL DE SAUDE;4484;21/06/2024;PROPOSTA PAGA;Proposta Paga;13/12/2024;R$228.869,00;R$228.869,00;R$228.869,00
2024;71160002;S.PART.;BANCADA DA PARAÍBA;não se aplica;não se aplica;PB;250680;INGA;MUNICIPAL;BANCADA OBRIGATÓRIA;CORRENTE;301;1001;1030151192E890025;09/04/2024;36000600624202400;-;FAF;INCREMENTO PAP;2E89;INCREMENTO TEMPORÁRIO AO CUSTEIO DOS SERVIÇOS DE ATENÇÃO PRIMÁRIA À SAÚDE - PAP;INCREMENTO DO PISO DA ATENÇÃO PRIMÁRIA À SAÚDE - PAP;08610110000187;FUNDO MUNICIPAL DE SAUDE DE INGA/PB;3624;30/04/2024;PROPOSTA PAGA;Proposta Paga;13/12/2024;R$1.000.000,00;R$1.000.000,00;R$1.000.000,00
2024;71160002;S.PART.;BANCADA DA PARAÍBA;não se aplica;não se aplica;PB;251670;TEIXEIRA;MUNICIPAL;BANCADA OBRIGATÓRIA;CORRENTE;301;1001;1030151192E890025;26/03/2024;36000588197202400;-;FAF;INCREMENTO PAP;2E89;INCREMENTO TEMPORÁRIO AO CUSTEIO DOS SERVIÇOS DE ATENÇÃO PRIMÁRIA À SAÚDE - PAP;INCREMENTO DO PISO DA ATENÇÃO PRIMÁRIA À SAÚDE - PAP;11229326000101;FUNDO MUNICIPAL DE SAUDE;3676;30/04/2024;PROPOSTA PAGA;Proposta Paga;13/12/2024;R$1.000.000,00;R$1.000.000,00;R$1.000.000,00
2024;71160002;S.PART.;BANCADA DA PARAÍBA;não se aplica;não se aplica;PB;250070;SAO JOAO DO RIO DO PEIXE;MUNICIPAL;BANCADA OBRIGATÓRIA;CORRENTE;301;1001;1030151192E890025;28/03/2024;36000591171202400;-;FAF;INCREMENTO PAP;2E89;INCREMENTO TEMPORÁRIO AO CUSTEIO DOS SERVIÇOS DE ATENÇÃO PRIMÁRIA À SAÚDE - PAP;INCREMENTO DO PISO DA ATENÇÃO PRIMÁRIA À SAÚDE - PAP;17648806000193;FUNDO MUNICIPAL DE SAUDE DE SAO JOAO DO RIO DO PEIXE;3676;30/04/2024;PROPOSTA PAGA;Proposta Paga;13/12/2024;R$1.678.869,00;R$1.678.869,00;R$1.678.869,00
2024;71160002;S.PART.;BANCADA DA PARAÍBA;não se aplica;não se aplica;PB;250040;ALAGOA NOVA;MUNICIPAL;BANCADA OBRIGATÓRIA;CORRENTE;301;1001;1030151192E890025;27/03/2024;36000589978202400;-;FAF;INCREMENTO PAP;2E89;INCREMENTO TEMPORÁRIO AO CUSTEIO DOS SERVIÇOS DE ATENÇÃO PRIMÁRIA À SAÚDE - PAP;INCREMENTO DO PISO DA ATENÇÃO PRIMÁRIA À SAÚDE - PAP;11838096000188;FUNDO MUNICIPAL DE SAUDE DE ALAGOA NOVA;3624;30/04/2024;PROPOSTA PAGA;Proposta Paga;13/12/2024;R$300.000,00;R$300.000,00;R$300.000,00
2024;71160002;S.PART.;BANCADA DA PARAÍBA;não se aplica;não se aplica;PB;250210;BOA VENTURA;MUNICIPAL;BANCADA OBRIGATÓRIA;CORRENTE;301;1001;1030151192E890025;01/04/2024;36000592281202400;-;FAF;INCREMENTO PAP;2E89;INCREMENTO TEMPORÁRIO AO CUSTEIO DOS SERVIÇOS DE ATENÇÃO PRIMÁRIA À SAÚDE - PAP;INCREMENTO DO PISO DA ATENÇÃO PRIMÁRIA À SAÚDE - PAP;10570295000195;FUNCO MUNICIPAL DE SAUDE DE BOA VENTURA;3624;30/04/2024;PROPOSTA PAGA;Proposta Paga;13/12/2024;R$300.000,00;R$300.000,00;R$300.000,00
2024;71160002;S.PART.;BANCADA DA PARAÍBA;não se aplica;não se aplica;PB;251200;POCINHOS;MUNICIPAL;BANCADA OBRIGATÓRIA;CORRENTE;301;1001;1030151192E890025;01/04/2024;36000593550202400;-;FAF;INCREMENTO PAP;2E89;INCREMENTO TEMPORÁRIO AO CUSTEIO DOS SERVIÇOS DE ATENÇÃO PRIMÁRIA À SAÚDE - PAP;INCREMENTO DO PISO DA ATENÇÃO PRIMÁRIA À SAÚDE - PAP;09505246000190;FUNDO MUNICIPAL DE SAUDE - POCINHOS - PARAIBA;3624;30/04/2024;PROPOSTA PAGA;Proposta Paga;13/12/2024;R$100.000,00;R$100.000,00;R$100.000,00
2024;71160002;S.PART.;BANCADA DA PARAÍBA;não se aplica;não se aplica;PB;251394;SAO DOMINGOS DO CARIRI;MUNICIPAL;BANCADA OBRIGATÓRIA;CORRENTE;301;1001;1030151192E890025;27/03/2024;36000590658202400;-;FAF;INCREMENTO PAP;2E89;INCREMENTO TEMPORÁRIO AO CUSTEIO DOS SERVIÇOS DE ATENÇÃO PRIMÁRIA À SAÚDE - PAP;INCREMENTO DO PISO DA ATENÇÃO PRIMÁRIA À SAÚDE - PAP;11836179000138;FUNDO MUNICIPAL DE SAUDE DE SAO DOMINGOS DO CARIRI;3624;30/04/2024;PROPOSTA PAGA;Proposta Paga;13/12/2024;R$145.302,00;R$145.302,00;R$145.302,00
2024;71160002;S.PART.;BANCADA DA PARAÍBA;não se aplica;não se aplica;PB;250057;ALGODAO DE JANDAIRA;MUNICIPAL;BANCADA OBRIGATÓRIA;CORRENTE;301;1001;1030151192E890025;08/04/2024;36000599104202400;-;FAF;INCREMENTO PAP;2E89;INCREMENTO TEMPORÁRIO AO CUSTEIO DOS SERVIÇOS DE ATENÇÃO PRIMÁRIA À SAÚDE - PAP;INCREMENTO DO PISO DA ATENÇÃO PRIMÁRIA À SAÚDE - PAP;11903620000157;FUNDO MUNICIPAL DE SAUDE DO MUNICIPIO DE ALGODAO DE JANDAIRA;3624;30/04/2024;PROPOSTA PAGA;Proposta Paga;13/12/2024;R$150.000,00;R$150.000,00;R$150.000,00
2024;71160002;S.PART.;BANCADA DA PARAÍBA;não se aplica;não se aplica;PB;251207;POCO DE JOSE DE MOURA;MUNICIPAL;BANCADA OBRIGATÓRIA;CORRENTE;301;1001;1030151192E890025;27/03/2024;36000589734202400;-;FAF;INCREMENTO PAP;2E89;INCREMENTO TEMPORÁRIO AO CUSTEIO DOS SERVIÇOS DE ATENÇÃO PRIMÁRIA À SAÚDE - PAP;INCREMENTO DO PISO DA ATENÇÃO PRIMÁRIA À SAÚDE - PAP;11472830000138;FUNDO MUNICIPAL DE SAUDE DE POCO DE JOSE DE MOURA;3624;30/04/2024;PROPOSTA PAGA;Proposta Paga;13/12/2024;R$150.000,00;R$150.000,00;R$150.000,00
2024;71160002;S.PART.;BANCADA DA PARAÍBA;não se aplica;não se aplica;PB;251430;SAO JOSE DE CAIANA;MUNICIPAL;BANCADA OBRIGATÓRIA;CORRENTE;301;1001;1030151192E890025;27/03/2024;36000589499202400;-;FAF;INCREMENTO PAP;2E89;INCREMENTO TEMPORÁRIO AO CUSTEIO DOS SERVIÇOS DE ATENÇÃO PRIMÁRIA À SAÚDE - PAP;INCREMENTO DO PISO DA ATENÇÃO PRIMÁRIA À SAÚDE - PAP;10785644000196;FUNDO MUNICIPAL DE SAUDE DE SAO JOSE DE CAIANA;3624;30/04/2024;PROPOSTA PAGA;Proposta Paga;13/12/2024;R$150.000,00;R$150.000,00;R$150.000,00
2024;71160001;S.PART.;BANCADA DA PARAÍBA;não se aplica;não se aplica;PB;250900;MANAIRA;MUNICIPAL;BANCADA OBRIGATÓRIA;CORRENTE;302;1001;1030251182E900025;27/05/2024;36000614123202400;-;FAF;INCREMENTO MAC;2E90;ATENÇÃO ESPECIALIZADA À SAÚDE;INCREMENTO TEMPORÁRIO DO TETO DA MÉDIA E ALTA COMPLEXIDADE - MAC;10522238000130;FUNDO MUNICIPAL DE SAUDE DE MANAIRA;4192;10/06/2024;PROPOSTA PAGA;Proposta Paga;13/12/2024;R$200.000,00;R$200.000,00;R$200.000,00
2024;71160002;S.PART.;BANCADA DA PARAÍBA;não se aplica;não se aplica;PB;251650;TAPEROA;MUNICIPAL;BANCADA OBRIGATÓRIA;CORRENTE;301;1001;1030151192E890025;11/04/2024;36000602755202400;-;FAF;INCREMENTO PAP;2E89;INCREMENTO TEMPORÁRIO AO CUSTEIO DOS SERVIÇOS DE ATENÇÃO PRIMÁRIA À SAÚDE - PAP;INCREMENTO DO PISO DA ATENÇÃO PRIMÁRIA À SAÚDE - PAP;11850452000189;FUNDO MUNICIPAL DE SAUDE DE TAPEROA;3624;30/04/2024;PROPOSTA PAGA;Proposta Paga;13/12/2024;R$200.000,00;R$200.000,00;R$200.000,00
2024;71160002;S.PART.;BANCADA DA PARAÍBA;não se aplica;não se aplica;PB;250920;MASSARANDUBA;MUNICIPAL;BANCADA OBRIGATÓRIA;CORRENTE;301;1001;1030151192E890025;09/04/2024;36000600780202400;-;FAF;INCREMENTO PAP;2E89;INCREMENTO TEMPORÁRIO AO CUSTEIO DOS SERVIÇOS DE ATENÇÃO PRIMÁRIA À SAÚDE - PAP;INCREMENTO DO PISO DA ATENÇÃO PRIMÁRIA À SAÚDE - PAP;10948421000100;FUNDO MUNICIPAL DE SAUDE;3676;30/04/2024;PROPOSTA PAGA;Proposta Paga;13/12/2024;R$1.300.000,00;R$1.300.000,00;R$1.300.000,00
2024;71160001;S.PART.;BANCADA DA PARAÍBA;não se aplica;não se aplica;PB;250600;ESPERANCA;MUNICIPAL;BANCADA OBRIGATÓRIA;CORRENTE;302;1001;1030251182E900025;08/04/2024;36000599151202400;-;FAF;INCREMENTO MAC;2E90;ATENÇÃO ESPECIALIZADA À SAÚDE;INCREMENTO TEMPORÁRIO DO TETO DA MÉDIA E ALTA COMPLEXIDADE - MAC;12011984000195;FUNDO MUNICIPAL DE SAUDE;3673;30/04/2024;PROPOSTA PAGA;Proposta Paga;13/12/2024;R$400.000,00;R$400.000,00;R$400.000,00
2024;71160003;S.PART.;BANCADA DA PARAÍBA;não se aplica;não se aplica;PB;251200;POCINHOS;MUNICIPAL;BANCADA OBRIGATÓRIA;CAPITAL;302;1001;10302511885358697;11/04/2024;09505246000124002;-;FAF;EQUIPAMENTO;8535;ATENÇÃO ESPECIALIZADA À SAÚDE;REDE DE ATENÇÃO HOSPITALAR - AMBULÂNCIA TIPO A - REMOÇÃO SIMPLES E ELETIVA;09505246000190;FUNDO MUNICIPAL DE SAUDE - POCINHOS - PARAIBA;4227;10/06/2024;PROPOSTA PAGA;Proposta Paga;13/12/2024;R$323.812,00;R$323.812,00;R$323.812,00
2024;71160003;S.PART.;BANCADA DA PARAÍBA;não se aplica;não se aplica;PB;250750;JOAO PESSOA;MUNICIPAL;BANCADA OBRIGATÓRIA;CAPITAL;302;1001;10302511885358697;12/09/2024;08715618000124011;-;FAF;EQUIPAMENTO;8535;ATENÇÃO ESPECIALIZADA À SAÚDE;REDE DE ATENÇÃO À PESSOA COM DOENÇAS CRÔNICAS - AMBULATÓRIO PARA DIAGNÓSTICO EM ONCOLOGIA;08715618000140;FUNDO MUNICIPAL DE SAUDE;5980;11/12/2024;PROPOSTA PAGA;Proposta Paga;10/03/2025;R$1.466.156,00;R$1.466.156,00;R$1.466.156,00
2024;71160002;S.PART.;BANCADA DA PARAÍBA;não se aplica;não se aplica;PB;250780;JUNCO DO SERIDO;MUNICIPAL;BANCADA OBRIGATÓRIA;CORRENTE;301;1001;1030151192E890025;15/04/2024;36000605147202400;-;FAF;INCREMENTO PAP;2E89;INCREMENTO TEMPORÁRIO AO CUSTEIO DOS SERVIÇOS DE ATENÇÃO PRIMÁRIA À SAÚDE - PAP;INCREMENTO DO PISO DA ATENÇÃO PRIMÁRIA À SAÚDE - PAP;13069201000197;FUNDO MUNICIPAL DE SAUDE DE JUNCO DO SERIDO-PB;3624;30/04/2024;PROPOSTA PAGA;Proposta Paga;13/12/2024;R$251.544,00;R$251.544,00;R$251.544,00
2024;71160002;S.PART.;BANCADA DA PARAÍBA;não se aplica;não se aplica;PB;250030;ALAGOA GRANDE;MUNICIPAL;BANCADA OBRIGATÓRIA;CORRENTE;301;1001;1030151192E890025;27/03/2024;36000590525202400;-;FAF;INCREMENTO PAP;2E89;INCREMENTO TEMPORÁRIO AO CUSTEIO DOS SERVIÇOS DE ATENÇÃO PRIMÁRIA À SAÚDE - PAP;INCREMENTO DO PISO DA ATENÇÃO PRIMÁRIA À SAÚDE - PAP;17698753000115;FUNDO MUNICIPAL DE SAUDE DE ALAGOA GRANDE;3624;30/04/2024;PROPOSTA PAGA;Proposta Paga;13/12/2024;R$300.000,00;R$300.000,00;R$300.000,00
2024;71160002;S.PART.;BANCADA DA PARAÍBA;não se aplica;não se aplica;PB;250700;ITAPORANGA;MUNICIPAL;BANCADA OBRIGATÓRIA;CORRENTE;301;1001;1030151192E890025;27/03/2024;36000590599202400;-;FAF;INCREMENTO PAP;2E89;INCREMENTO TEMPORÁRIO AO CUSTEIO DOS SERVIÇOS DE ATENÇÃO PRIMÁRIA À SAÚDE - PAP;INCREMENTO DO PISO DA ATENÇÃO PRIMÁRIA À SAÚDE - PAP;11174552000132;FUNDO MUNICIPAL DE SAUDE DE ITAPORANGA;3624;30/04/2024;PROPOSTA PAGA;Proposta Paga;13/12/2024;R$100.000,00;R$100.000,00;R$100.000,00
2024;71160002;S.PART.;BANCADA DA PARAÍBA;não se aplica;não se aplica;PB;251710;VARZEA;MUNICIPAL;BANCADA OBRIGATÓRIA;CORRENTE;301;1001;1030151192E890025;02/04/2024;36000594540202400;-;FAF;INCREMENTO PAP;2E89;INCREMENTO TEMPORÁRIO AO CUSTEIO DOS SERVIÇOS DE ATENÇÃO PRIMÁRIA À SAÚDE - PAP;INCREMENTO DO PISO DA ATENÇÃO PRIMÁRIA À SAÚDE - PAP;11228615000196;FUNDO MUNICIPAL DE SAUDE;3676;30/04/2024;PROPOSTA PAGA;Proposta Paga;13/12/2024;R$100.000,00;R$100.000,00;R$100.000,00
2024;71160002;S.PART.;BANCADA DA PARAÍBA;não se aplica;não se aplica;PB;251650;TAPEROA;MUNICIPAL;BANCADA OBRIGATÓRIA;CORRENTE;301;1001;1030151192E890025;13/04/2024;36000604776202400;-;FAF;INCREMENTO PAP;2E89;INCREMENTO TEMPORÁRIO AO CUSTEIO DOS SERVIÇOS DE ATENÇÃO PRIMÁRIA À SAÚDE - PAP;INCREMENTO DO PISO DA ATENÇÃO PRIMÁRIA À SAÚDE - PAP;11850452000189;FUNDO MUNICIPAL DE SAUDE DE TAPEROA;3624;30/04/2024;PROPOSTA PAGA;Proposta Paga;13/12/2024;R$300.000,00;R$300.000,00;R$300.000,00
2024;71160002;S.PART.;BANCADA DA PARAÍBA;não se aplica;não se aplica;PB;250570;DONA INES;MUNICIPAL;BANCADA OBRIGATÓRIA;CORRENTE;301;1001;1030151192E890025;28/11/2024;36000634819202400;-;FAF;INCREMENTO PAP;2E89;INCREMENTO TEMPORÁRIO AO CUSTEIO DOS SERVIÇOS DE ATENÇÃO PRIMÁRIA À SAÚDE - PAP;INCREMENTO DO PISO DA ATENÇÃO PRIMÁRIA À SAÚDE - PAP;11420456000127;DONA INES - FUNDO MUNICIPAL DE SAUDE;6155;18/12/2024;PROPOSTA PAGA;Proposta Paga;10/03/2025;R$200.000,00;R$200.000,00;R$200.000,00
2024;71160002;S.PART.;BANCADA DA PARAÍBA;não se aplica;não se aplica;PB;250840;LASTRO;MUNICIPAL;BANCADA OBRIGATÓRIA;CORRENTE;301;1001;1030151192E890025;01/04/2024;36000592667202400;-;FAF;INCREMENTO PAP;2E89;INCREMENTO TEMPORÁRIO AO CUSTEIO DOS SERVIÇOS DE ATENÇÃO PRIMÁRIA À SAÚDE - PAP;INCREMENTO DO PISO DA ATENÇÃO PRIMÁRIA À SAÚDE - PAP;11304889000117;FUNDO MUNICIPAL DE SAUDE DE LASTRO;3676;30/04/2024;PROPOSTA PAGA;Proposta Paga;13/12/2024;R$200.000,00;R$200.000,00;R$200.000,00
2024;71160001;S.PART.;BANCADA DA PARAÍBA;não se aplica;não se aplica;PB;250360;CAICARA;MUNICIPAL;BANCADA OBRIGATÓRIA;CORRENTE;302;1001;1030251182E900025;11/04/2024;36000603155202400;-;FAF;INCREMENTO MAC;2E90;ATENÇÃO ESPECIALIZADA À SAÚDE;INCREMENTO TEMPORÁRIO DO TETO DA MÉDIA E ALTA COMPLEXIDADE - MAC;17577160000109;FUNDO MUNICIPAL DE SAUDE DE CAICARA;3666;30/04/2024;PROPOSTA PAGA;Proposta Paga;13/12/2024;R$100.000,00;R$100.000,00;R$100.000,00
2024;71160001;S.PART.;BANCADA DA PARAÍBA;não se aplica;não se aplica;PB;251670;TEIXEIRA;MUNICIPAL;BANCADA OBRIGATÓRIA;CORRENTE;302;1001;1030251182E900025;04/04/2024;36000597443202400;-;FAF;INCREMENTO MAC;2E90;ATENÇÃO ESPECIALIZADA À SAÚDE;INCREMENTO TEMPORÁRIO DO TETO DA MÉDIA E ALTA COMPLEXIDADE - MAC;11229326000101;FUNDO MUNICIPAL DE SAUDE;3666;30/04/2024;PROPOSTA PAGA;Proposta Paga;13/12/2024;R$150.000,00;R$150.000,00;R$150.000,00
2024;71160001;S.PART.;BANCADA DA PARAÍBA;não se aplica;não se aplica;PB;250030;ALAGOA GRANDE;MUNICIPAL;BANCADA OBRIGATÓRIA;CORRENTE;302;1001;1030251182E900025;04/04/2024;36000597444202400;-;FAF;INCREMENTO MAC;2E90;ATENÇÃO ESPECIALIZADA À SAÚDE;INCREMENTO TEMPORÁRIO DO TETO DA MÉDIA E ALTA COMPLEXIDADE - MAC;17698753000115;FUNDO MUNICIPAL DE SAUDE DE ALAGOA GRANDE;3666;30/04/2024;PROPOSTA PAGA;Proposta Paga;13/12/2024;R$300.000,00;R$300.000,00;R$300.000,00
2024;71160002;S.PART.;BANCADA DA PARAÍBA;não se aplica;não se aplica;PB;251660;TAVARES;MUNICIPAL;BANCADA OBRIGATÓRIA;CORRENTE;301;1001;1030151192E890025;27/03/2024;36000590640202400;-;FAF;INCREMENTO PAP;2E89;INCREMENTO TEMPORÁRIO AO CUSTEIO DOS SERVIÇOS DE ATENÇÃO PRIMÁRIA À SAÚDE - PAP;INCREMENTO DO PISO DA ATENÇÃO PRIMÁRIA À SAÚDE - PAP;10598364000179;FUNDO MUNICIPAL DE SAUDE DE TAVARES;3676;30/04/2024;PROPOSTA PAGA;Proposta Paga;13/12/2024;R$1.200.000,00;R$1.200.000,00;R$1.200.000,00
2024;71160002;S.PART.;BANCADA DA PARAÍBA;não se aplica;não se aplica;PB;250910;MARI;MUNICIPAL;BANCADA OBRIGATÓRIA;CORRENTE;301;1001;1030151192E890025;02/04/2024;36000594325202400;-;FAF;INCREMENTO PAP;2E89;INCREMENTO TEMPORÁRIO AO CUSTEIO DOS SERVIÇOS DE ATENÇÃO PRIMÁRIA À SAÚDE - PAP;INCREMENTO DO PISO DA ATENÇÃO PRIMÁRIA À SAÚDE - PAP;11400094000102;FUNDO MUNICIPAL DE SAUDE;3624;30/04/2024;PROPOSTA PAGA;Proposta Paga;13/12/2024;R$50.000,00;R$50.000,00;R$50.000,00
2024;71160002;S.PART.;BANCADA DA PARAÍBA;não se aplica;não se aplica;PB;250290;BREJO DOS SANTOS;MUNICIPAL;BANCADA OBRIGATÓRIA;CORRENTE;301;1001;1030151192E890025;11/04/2024;36000603164202400;-;FAF;INCREMENTO PAP;2E89;INCREMENTO TEMPORÁRIO AO CUSTEIO DOS SERVIÇOS DE ATENÇÃO PRIMÁRIA À SAÚDE - PAP;INCREMENTO DO PISO DA ATENÇÃO PRIMÁRIA À SAÚDE - PAP;18000776000177;FUNDO MUNICIPAL DE SAUDE DE BREJO DOS SANTOS;3624;30/04/2024;PROPOSTA PAGA;Proposta Paga;13/12/2024;R$300.000,00;R$300.000,00;R$300.000,00
2024;71160002;S.PART.;BANCADA DA PARAÍBA;não se aplica;não se aplica;PB;250375;CAJAZEIRINHAS;MUNICIPAL;BANCADA OBRIGATÓRIA;CORRENTE;301;1001;1030151192E890025;28/03/2024;36000590790202400;-;FAF;INCREMENTO PAP;2E89;INCREMENTO TEMPORÁRIO AO CUSTEIO DOS SERVIÇOS DE ATENÇÃO PRIMÁRIA À SAÚDE - PAP;INCREMENTO DO PISO DA ATENÇÃO PRIMÁRIA À SAÚDE - PAP;10461231000156;FUNDO MUNICIPAL DE SAUDE DE CAJAZEIRINHAS;3676;30/04/2024;PROPOSTA PAGA;Proposta Paga;13/12/2024;R$150.000,00;R$150.000,00;R$150.000,00
2024;71160002;S.PART.;BANCADA DA PARAÍBA;não se aplica;não se aplica;PB;250490;CRUZ DO ESPIRITO SANTO;MUNICIPAL;BANCADA OBRIGATÓRIA;CORRENTE;301;1001;1030151192E890025;04/04/2024;36000597198202400;-;FAF;INCREMENTO PAP;2E89;INCREMENTO TEMPORÁRIO AO CUSTEIO DOS SERVIÇOS DE ATENÇÃO PRIMÁRIA À SAÚDE - PAP;INCREMENTO DO PISO DA ATENÇÃO PRIMÁRIA À SAÚDE - PAP;23014200000107;FUNDO MUNICIPAL DE SAUDE DE CRUZ DO ESPIRITO SANTO;3676;30/04/2024;PROPOSTA PAGA;Proposta Paga;13/12/2024;R$150.000,00;R$150.000,00;R$150.000,00
2024;71160002;S.PART.;BANCADA DA PARAÍBA;não se aplica;não se aplica;PB;251130;PIANCO;MUNICIPAL;BANCADA OBRIGATÓRIA;CORRENTE;301;1001;1030151192E890025;28/03/2024;36000590667202400;-;FAF;INCREMENTO PAP;2E89;INCREMENTO TEMPORÁRIO AO CUSTEIO DOS SERVIÇOS DE ATENÇÃO PRIMÁRIA À SAÚDE - PAP;INCREMENTO DO PISO DA ATENÇÃO PRIMÁRIA À SAÚDE - PAP;04827493000199;FUNDO MUNICIPAL DE SAUDE;3624;30/04/2024;PROPOSTA PAGA;Proposta Paga;13/12/2024;R$300.000,00;R$300.000,00;R$300.000,00
2024;71160002;S.PART.;BANCADA DA PARAÍBA;não se aplica;não se aplica;PB;251360;SANTANA DOS GARROTES;MUNICIPAL;BANCADA OBRIGATÓRIA;CORRENTE;301;1001;1030151192E890025;01/04/2024;36000592484202400;-;FAF;INCREMENTO PAP;2E89;INCREMENTO TEMPORÁRIO AO CUSTEIO DOS SERVIÇOS DE ATENÇÃO PRIMÁRIA À SAÚDE - PAP;INCREMENTO DO PISO DA ATENÇÃO PRIMÁRIA À SAÚDE - PAP;12290612000145;FUNDO MUNICIPAL DE SAUDE DE SANTANA DOS GARROTES;3676;30/04/2024;PROPOSTA PAGA;Proposta Paga;13/12/2024;R$400.000,00;R$400.000,00;R$400.000,00
2024;71160001;S.PART.;BANCADA DA PARAÍBA;não se aplica;não se aplica;PB;250800;JURU;MUNICIPAL;BANCADA OBRIGATÓRIA;CORRENTE;302;1001;1030251182E900025;05/04/2024;36000598157202400;-;FAF;INCREMENTO MAC;2E90;ATENÇÃO ESPECIALIZADA À SAÚDE;INCREMENTO TEMPORÁRIO DO TETO DA MÉDIA E ALTA COMPLEXIDADE - MAC;10538747000151;FUNDO MUNICIPAL DE SAUDE;3666;30/04/2024;PROPOSTA PAGA;Proposta Paga;13/12/2024;R$100.000,00;R$100.000,00;R$100.000,00
2024;71160002;S.PART.;BANCADA DA PARAÍBA;não se aplica;não se aplica;PB;250350;CACIMBA DE DENTRO;MUNICIPAL;BANCADA OBRIGATÓRIA;CORRENTE;301;1001;1030151192E890025;01/04/2024;36000593004202400;-;FAF;INCREMENTO PAP;2E89;INCREMENTO TEMPORÁRIO AO CUSTEIO DOS SERVIÇOS DE ATENÇÃO PRIMÁRIA À SAÚDE - PAP;INCREMENTO DO PISO DA ATENÇÃO PRIMÁRIA À SAÚDE - PAP;12011663000190;FUNDO MUNICIPAL DE SAUDE DE CACIMBA DE DENTRO;3676;30/04/2024;PROPOSTA PAGA;Proposta Paga;13/12/2024;R$500.000,00;R$500.000,00;R$500.000,00
2024;71160001;S.PART.;BANCADA DA PARAÍBA;não se aplica;não se aplica;PB;251690;UIRAUNA;MUNICIPAL;BANCADA OBRIGATÓRIA;CORRENTE;302;1001;1030251182E900025;17/12/2024;36000637468202400;-;FAF;INCREMENTO MAC;2E90;ATENÇÃO ESPECIALIZADA À SAÚDE;INCREMENTO TEMPORÁRIO DO TETO DA MÉDIA E ALTA COMPLEXIDADE - MAC;10435066000168;FUNDO MUNICIPAL DE SAUDE;6168;18/12/2024;PROPOSTA PAGA;Proposta Paga;19/02/2025;R$113.934,00;R$113.934,00;R$113.934,00
2024;71160001;S.PART.;BANCADA DA PARAÍBA;não se aplica;não se aplica;PB;250220;BOM JESUS;MUNICIPAL;BANCADA OBRIGATÓRIA;CORRENTE;302;1001;1030251182E900025;05/04/2024;36000597726202400;-;FAF;INCREMENTO MAC;2E90;ATENÇÃO ESPECIALIZADA À SAÚDE;INCREMENTO TEMPORÁRIO DO TETO DA MÉDIA E ALTA COMPLEXIDADE - MAC;11856862000137;FUNDO MUNICIPAL DE SAUDE DO MUNICIPIO DE BOM JESUS;3666;30/04/2024;PROPOSTA PAGA;Proposta Paga;13/12/2024;R$150.000,00;R$150.000,00;R$150.000,00
2024;71160001;S.PART.;BANCADA DA PARAÍBA;não se aplica;não se aplica;PB;250750;JOAO PESSOA;ESTADUAL;BANCADA OBRIGATÓRIA;CORRENTE;302;1001;1030251182E900025;10/04/2024;36000601982202400;-;FAF;INCREMENTO MAC;2E90;ATENÇÃO ESPECIALIZADA À SAÚDE;INCREMENTO TEMPORÁRIO DO TETO DA MÉDIA E ALTA COMPLEXIDADE - MAC;03609595000175;FUNDO ESTADUAL DE SAUDE DO ESTADO DA PARAIBA - FESEP;3673;30/04/2024;PROPOSTA PAGA;Proposta Paga;13/12/2024;R$2.600.000,00;R$2.600.000,00;R$2.600.000,00
2024;71160001;S.PART.;BANCADA DA PARAÍBA;não se aplica;não se aplica;PB;250400;CAMPINA GRANDE;MUNICIPAL;BANCADA OBRIGATÓRIA;CORRENTE;302;1001;1030251182E900025;18/04/2024;36000606932202400;-;FAF;INCREMENTO MAC;2E90;ATENÇÃO ESPECIALIZADA À SAÚDE;INCREMENTO TEMPORÁRIO DO TETO DA MÉDIA E ALTA COMPLEXIDADE - MAC;24513574000121;FUNDO MUNICIPAL DE SAUDE DE CAMPINA GRANDE;3673;30/04/2024;PROPOSTA PAGA;Proposta Paga;13/12/2024;R$174.840,00;R$174.840,00;R$174.840,00
2024;71160001;S.PART.;BANCADA DA PARAÍBA;não se aplica;não se aplica;PB;250100;ARARUNA;MUNICIPAL;BANCADA OBRIGATÓRIA;CORRENTE;302;1001;1030251182E900025;12/04/2024;36000603994202400;-;FAF;INCREMENTO MAC;2E90;ATENÇÃO ESPECIALIZADA À SAÚDE;INCREMENTO TEMPORÁRIO DO TETO DA MÉDIA E ALTA COMPLEXIDADE - MAC;11667845000151;FUNDO MUNICIPAL DE SAUDE DE ARARUNA PARAIBA;3666;30/04/2024;PROPOSTA PAGA;Proposta Paga;13/12/2024;R$200.000,00;R$200.000,00;R$200.000,00
2024;71160002;S.PART.;BANCADA DA PARAÍBA;não se aplica;não se aplica;PB;251190;PITIMBU;MUNICIPAL;BANCADA OBRIGATÓRIA;CORRENTE;301;1001;1030151192E890025;02/05/2024;36000610065202400;-;FAF;INCREMENTO PAP;2E89;INCREMENTO TEMPORÁRIO AO CUSTEIO DOS SERVIÇOS DE ATENÇÃO PRIMÁRIA À SAÚDE - PAP;INCREMENTO DO PISO DA ATENÇÃO PRIMÁRIA À SAÚDE - PAP;10557425000150;FUNDO MUNICIPAL DE SAUDE DE PITIMBU;3716;07/05/2024;PROPOSTA PAGA;Proposta Paga;13/12/2024;R$200.000,00;R$200.000,00;R$200.000,00
2024;71160001;S.PART.;BANCADA DA PARAÍBA;não se aplica;não se aplica;PB;250510;CUITE;MUNICIPAL;BANCADA OBRIGATÓRIA;CORRENTE;302;1001;1030251182E900025;05/04/2024;36000597453202400;-;FAF;INCREMENTO MAC;2E90;ATENÇÃO ESPECIALIZADA À SAÚDE;INCREMENTO TEMPORÁRIO DO TETO DA MÉDIA E ALTA COMPLEXIDADE - MAC;11404674000178;FUNDO MUNICIPAL DE SAUDE;3666;30/04/2024;PROPOSTA PAGA;Proposta Paga;13/12/2024;R$300.000,00;R$300.000,00;R$300.000,00
2024;71160001;S.PART.;BANCADA DA PARAÍBA;não se aplica;não se aplica;PB;250940;MOGEIRO;MUNICIPAL;BANCADA OBRIGATÓRIA;CORRENTE;302;1001;1030251182E900025;11/04/2024;36000602873202400;-;FAF;INCREMENTO MAC;2E90;ATENÇÃO ESPECIALIZADA À SAÚDE;INCREMENTO TEMPORÁRIO DO TETO DA MÉDIA E ALTA COMPLEXIDADE - MAC;10664047000103;FUNDO MUNICIPAL DE SAUDE DE MOGEIRO;3666;30/04/2024;PROPOSTA PAGA;Proposta Paga;13/12/2024;R$300.000,00;R$300.000,00;R$300.000,00
2024;71160003;S.PART.;BANCADA DA PARAÍBA;não se aplica;não se aplica;PB;250750;JOAO PESSOA;MUNICIPAL;BANCADA OBRIGATÓRIA;CAPITAL;302;1001;10302511885358697;13/09/2024;08715618000124012;-;FAF;EQUIPAMENTO;8535;ATENÇÃO ESPECIALIZADA À SAÚDE;REDE DE ATENÇÃO HOSPITALAR - HOSPITAL GERAL;08715618000140;FUNDO MUNICIPAL DE SAUDE;5975;11/12/2024;PROPOSTA PAGA;Proposta Paga;10/03/2025;R$166.000,00;R$166.000,00;R$166.000,00
2024;71160001;S.PART.;BANCADA DA PARAÍBA;não se aplica;não se aplica;PB;250370;CAJAZEIRAS;MUNICIPAL;BANCADA OBRIGATÓRIA;CORRENTE;302;1001;1030251182E900025;12/04/2024;36000603751202400;-;FAF;INCREMENTO MAC;2E90;ATENÇÃO ESPECIALIZADA À SAÚDE;INCREMENTO TEMPORÁRIO DO TETO DA MÉDIA E ALTA COMPLEXIDADE - MAC;11902878000139;MUNICIPIO DE CAJAZEIRAS FUNDO MUNICIPAL DE SAUDE - FMS;3673;30/04/2024;PROPOSTA PAGA;Proposta Paga;13/12/2024;R$500.000,00;R$500.000,00;R$500.000,00
2024;71160002;S.PART.;BANCADA DA PARAÍBA;não se aplica;não se aplica;PB;250435;CATURITE;MUNICIPAL;BANCADA OBRIGATÓRIA;CORRENTE;301;1001;1030151192E890025;27/03/2024;36000590568202400;-;FAF;INCREMENTO PAP;2E89;INCREMENTO TEMPORÁRIO AO CUSTEIO DOS SERVIÇOS DE ATENÇÃO PRIMÁRIA À SAÚDE - PAP;INCREMENTO DO PISO DA ATENÇÃO PRIMÁRIA À SAÚDE - PAP;11457024000190;FUNDO MUNICIPAL DE SAUDE CATURITE;3624;30/04/2024;PROPOSTA PAGA;Proposta Paga;13/12/2024;R$100.000,00;R$100.000,00;R$100.000,00
2024;71160002;S.PART.;BANCADA DA PARAÍBA;não se aplica;não se aplica;PB;250680;INGA;MUNICIPAL;BANCADA OBRIGATÓRIA;CORRENTE;301;1001;1030151192E890025;27/03/2024;36000590595202400;-;FAF;INCREMENTO PAP;2E89;INCREMENTO TEMPORÁRIO AO CUSTEIO DOS SERVIÇOS DE ATENÇÃO PRIMÁRIA À SAÚDE - PAP;INCREMENTO DO PISO DA ATENÇÃO PRIMÁRIA À SAÚDE - PAP;08610110000187;FUNDO MUNICIPAL DE SAUDE DE INGA/PB;3624;30/04/2024;PROPOSTA PAGA;Proposta Paga;13/12/2024;R$100.000,00;R$100.000,00;R$100.000,00
2024;71160002;S.PART.;BANCADA DA PARAÍBA;não se aplica;não se aplica;PB;250190;BELEM;MUNICIPAL;BANCADA OBRIGATÓRIA;CORRENTE;301;1001;1030151192E890025;11/04/2024;36000602810202400;-;FAF;INCREMENTO PAP;2E89;INCREMENTO TEMPORÁRIO AO CUSTEIO DOS SERVIÇOS DE ATENÇÃO PRIMÁRIA À SAÚDE - PAP;INCREMENTO DO PISO DA ATENÇÃO PRIMÁRIA À SAÚDE - PAP;11429813000118;FUNDO MUNICIPAL DE SAUDE DE BELEM;3624;30/04/2024;PROPOSTA PAGA;Proposta Paga;13/12/2024;R$400.000,00;R$400.000,00;R$400.000,00
2024;71160002;S.PART.;BANCADA DA PARAÍBA;não se aplica;não se aplica;PB;250890;MAMANGUAPE;MUNICIPAL;BANCADA OBRIGATÓRIA;CORRENTE;301;1001;1030151192E890025;08/04/2024;36000599172202400;-;FAF;INCREMENTO PAP;2E89;INCREMENTO TEMPORÁRIO AO CUSTEIO DOS SERVIÇOS DE ATENÇÃO PRIMÁRIA À SAÚDE - PAP;INCREMENTO DO PISO DA ATENÇÃO PRIMÁRIA À SAÚDE - PAP;08674396000164;FUNDO MUNICIPAL DE SAUDE DE MAMANGUAPE;3676;30/04/2024;PROPOSTA PAGA;Proposta Paga;13/12/2024;R$500.000,00;R$500.000,00;R$500.000,00
2024;71160002;S.PART.;BANCADA DA PARAÍBA;não se aplica;não se aplica;PB;250560;DIAMANTE;MUNICIPAL;BANCADA OBRIGATÓRIA;CORRENTE;301;1001;1030151192E890025;01/04/2024;36000592535202400;-;FAF;INCREMENTO PAP;2E89;INCREMENTO TEMPORÁRIO AO CUSTEIO DOS SERVIÇOS DE ATENÇÃO PRIMÁRIA À SAÚDE - PAP;INCREMENTO DO PISO DA ATENÇÃO PRIMÁRIA À SAÚDE - PAP;10382118000185;FUNDO MUNICIPAL DE SAUDE DE DIAMANTE;3624;30/04/2024;PROPOSTA PAGA;Proposta Paga;13/12/2024;R$200.000,00;R$200.000,00;R$200.000,00
2024;71160001;S.PART.;BANCADA DA PARAÍBA;não se aplica;não se aplica;PB;250500;CUBATI;MUNICIPAL;BANCADA OBRIGATÓRIA;CORRENTE;302;1001;1030251182E900025;11/04/2024;36000602938202400;-;FAF;INCREMENTO MAC;2E90;ATENÇÃO ESPECIALIZADA À SAÚDE;INCREMENTO TEMPORÁRIO DO TETO DA MÉDIA E ALTA COMPLEXIDADE - MAC;08580325000100;FUNDO MUNICIPAL DE SAUDE DE CUBATI;3666;30/04/2024;PROPOSTA PAGA;Proposta Paga;13/12/2024;R$67.634,00;R$67.634,00;R$67.634,00
2024;71160001;S.PART.;BANCADA DA PARAÍBA;não se aplica;não se aplica;PB;251398;SAO FRANCISCO;MUNICIPAL;BANCADA OBRIGATÓRIA;CORRENTE;302;1001;1030251182E900025;08/04/2024;36000599194202400;-;FAF;INCREMENTO MAC;2E90;ATENÇÃO ESPECIALIZADA À SAÚDE;INCREMENTO TEMPORÁRIO DO TETO DA MÉDIA E ALTA COMPLEXIDADE - MAC;10398439000178;FUNDO MUNICIPAL DE SAUDE;3666;30/04/2024;PROPOSTA PAGA;Proposta Paga;13/12/2024;R$37.000,00;R$37.000,00;R$37.000,00
2024;71160002;S.PART.;BANCADA DA PARAÍBA;não se aplica;não se aplica;PB;251650;TAPEROA;MUNICIPAL;BANCADA OBRIGATÓRIA;CORRENTE;301;1001;1030151192E890025;26/03/2024;36000588139202400;-;FAF;INCREMENTO PAP;2E89;INCREMENTO TEMPORÁRIO AO CUSTEIO DOS SERVIÇOS DE ATENÇÃO PRIMÁRIA À SAÚDE - PAP;INCREMENTO DO PISO DA ATENÇÃO PRIMÁRIA À SAÚDE - PAP;11850452000189;FUNDO MUNICIPAL DE SAUDE DE TAPEROA;3624;30/04/2024;PROPOSTA PAGA;Proposta Paga;13/12/2024;R$800.000,00;R$800.000,00;R$800.000,00
2024;71160002;S.PART.;BANCADA DA PARAÍBA;não se aplica;não se aplica;PB;250910;MARI;MUNICIPAL;BANCADA OBRIGATÓRIA;CORRENTE;301;1001;1030151192E890025;18/12/2024;36000637571202400;-;FAF;INCREMENTO PAP;2E89;INCREMENTO TEMPORÁRIO AO CUSTEIO DOS SERVIÇOS DE ATENÇÃO PRIMÁRIA À SAÚDE - PAP;INCREMENTO DO PISO DA ATENÇÃO PRIMÁRIA À SAÚDE - PAP;11400094000102;FUNDO MUNICIPAL DE SAUDE;6175;18/12/2024;PROPOSTA PAGA;Proposta Paga;10/03/2025;R$201.596,00;R$201.596,00;R$201.596,00
2024;71160003;S.PART.;BANCADA DA PARAÍBA;não se aplica;não se aplica;PB;251200;POCINHOS;MUNICIPAL;BANCADA OBRIGATÓRIA;CAPITAL;302;1001;10302511885358697;11/04/2024;09505246000124003;-;FAF;EQUIPAMENTO;8535;ATENÇÃO ESPECIALIZADA À SAÚDE;REDE DE ATENÇÃO ESPECIALIZADA À SAÚDE - POLICLÍNICA REGIONAL;09505246000190;FUNDO MUNICIPAL DE SAUDE - POCINHOS - PARAIBA;6189;20/12/2024;PROPOSTA PAGA;Proposta Paga;19/02/2025;R$54.312,00;R$54.312,00;R$54.312,00
2024;71160003;S.PART.;BANCADA DA PARAÍBA;não se aplica;não se aplica;PB;251593;SERTAOZINHO;MUNICIPAL;BANCADA OBRIGATÓRIA;CAPITAL;302;1001;10302511885358697;05/04/2024;11958034000124001;-;FAF;EQUIPAMENTO;8535;ATENÇÃO ESPECIALIZADA À SAÚDE;REDE DE ATENÇÃO HOSPITALAR - AMBULÂNCIA TIPO A - REMOÇÃO SIMPLES E ELETIVA;11958034000100;FUNDO MUNICIPAL DE SAUDE DO MUNICIPIO DE SERTAOZINHO-PB;4023;24/05/2024;PROPOSTA PAGA;Proposta Paga;13/12/2024;R$268.358,00;R$268.358,00;R$268.358,00
2024;71160001;S.PART.;BANCADA DA PARAÍBA;não se aplica;não se aplica;PB;250680;INGA;MUNICIPAL;BANCADA OBRIGATÓRIA;CORRENTE;302;1001;1030251182E900025;12/06/2024;36000615190202400;-;FAF;INCREMENTO MAC;2E90;ATENÇÃO ESPECIALIZADA À SAÚDE;INCREMENTO TEMPORÁRIO DO TETO DA MÉDIA E ALTA COMPLEXIDADE - MAC;08610110000187;FUNDO MUNICIPAL DE SAUDE DE INGA/PB;4408;18/06/2024;PROPOSTA PAGA;Proposta Paga;13/12/2024;R$1.000.000,00;R$1.000.000,00;R$1.000.000,00
2024;71160002;S.PART.;BANCADA DA PARAÍBA;não se aplica;não se aplica;PB;250960;MONTE HOREBE;MUNICIPAL;BANCADA OBRIGATÓRIA;CORRENTE;301;1001;1030151192E890025;01/04/2024;36000593166202400;-;FAF;INCREMENTO PAP;2E89;INCREMENTO TEMPORÁRIO AO CUSTEIO DOS SERVIÇOS DE ATENÇÃO PRIMÁRIA À SAÚDE - PAP;INCREMENTO DO PISO DA ATENÇÃO PRIMÁRIA À SAÚDE - PAP;12445872000142;FUNDO MUNICIPAL DE SAUDE DO MUNICIPIO DE MONTE HOREBE - PB;3624;30/04/2024;PROPOSTA PAGA;Proposta Paga;13/12/2024;R$250.000,00;R$250.000,00;R$250.000,00
2024;71160002;S.PART.;BANCADA DA PARAÍBA;não se aplica;não se aplica;PB;251230;PRINCESA ISABEL;MUNICIPAL;BANCADA OBRIGATÓRIA;CORRENTE;301;1001;1030151192E890025;04/04/2024;36000596519202400;-;FAF;INCREMENTO PAP;2E89;INCREMENTO TEMPORÁRIO AO CUSTEIO DOS SERVIÇOS DE ATENÇÃO PRIMÁRIA À SAÚDE - PAP;INCREMENTO DO PISO DA ATENÇÃO PRIMÁRIA À SAÚDE - PAP;10473821000107;FUNDO MUNICIPAL DE SAUDE DO MUNICIPIO DE PRINCESA ISABEL;3624;30/04/2024;PROPOSTA PAGA;Proposta Paga;13/12/2024;R$250.000,00;R$250.000,00;R$250.000,00
2024;71160002;S.PART.;BANCADA DA PARAÍBA;não se aplica;não se aplica;PB;250370;CAJAZEIRAS;MUNICIPAL;BANCADA OBRIGATÓRIA;CORRENTE;301;1001;1030151192E890025;28/03/2024;36000591264202400;-;FAF;INCREMENTO PAP;2E89;INCREMENTO TEMPORÁRIO AO CUSTEIO DOS SERVIÇOS DE ATENÇÃO PRIMÁRIA À SAÚDE - PAP;INCREMENTO DO PISO DA ATENÇÃO PRIMÁRIA À SAÚDE - PAP;11902878000139;MUNICIPIO DE CAJAZEIRAS FUNDO MUNICIPAL DE SAUDE - FMS;3676;30/04/2024;PROPOSTA PAGA;Proposta Paga;13/12/2024;R$300.000,00;R$300.000,00;R$300.000,00
2024;71160002;S.PART.;BANCADA DA PARAÍBA;não se aplica;não se aplica;PB;251410;SAO JOAO DO TIGRE;MUNICIPAL;BANCADA OBRIGATÓRIA;CORRENTE;301;1001;1030151192E890025;22/04/2024;36000607782202400;-;FAF;INCREMENTO PAP;2E89;INCREMENTO TEMPORÁRIO AO CUSTEIO DOS SERVIÇOS DE ATENÇÃO PRIMÁRIA À SAÚDE - PAP;INCREMENTO DO PISO DA ATENÇÃO PRIMÁRIA À SAÚDE - PAP;12899907000113;FUNDO MUNICIPAL DE SAUDE;3676;30/04/2024;PROPOSTA PAGA;Proposta Paga;13/12/2024;R$100.000,00;R$100.000,00;R$100.000,00
2024;71160002;S.PART.;BANCADA DA PARAÍBA;não se aplica;não se aplica;PB;250770;JUAZEIRINHO;MUNICIPAL;BANCADA OBRIGATÓRIA;CORRENTE;301;1001;1030151192E890025;27/03/2024;36000590604202400;-;FAF;INCREMENTO PAP;2E89;INCREMENTO TEMPORÁRIO AO CUSTEIO DOS SERVIÇOS DE ATENÇÃO PRIMÁRIA À SAÚDE - PAP;INCREMENTO DO PISO DA ATENÇÃO PRIMÁRIA À SAÚDE - PAP;11277311000119;FUNDO MUNICIPAL DE SAUDE DE JUAZEIRINHO;3624;30/04/2024;PROPOSTA PAGA;Proposta Paga;13/12/2024;R$300.000,00;R$300.000,00;R$300.000,00
2024;71160002;S.PART.;BANCADA DA PARAÍBA;não se aplica;não se aplica;PB;251272;PEDRO REGIS;MUNICIPAL;BANCADA OBRIGATÓRIA;CORRENTE;301;1001;1030151192E890025;28/03/2024;36000590669202400;-;FAF;INCREMENTO PAP;2E89;INCREMENTO TEMPORÁRIO AO CUSTEIO DOS SERVIÇOS DE ATENÇÃO PRIMÁRIA À SAÚDE - PAP;INCREMENTO DO PISO DA ATENÇÃO PRIMÁRIA À SAÚDE - PAP;13072341000114;PEDRO REGIS FUNDO MUNICIPAL DE SAUDE;3624;30/04/2024;PROPOSTA PAGA;Proposta Paga;13/12/2024;R$150.000,00;R$150.000,00;R$150.000,00
2024;71160002;S.PART.;BANCADA DA PARAÍBA;não se aplica;não se aplica;PB;250460;CONDE;MUNICIPAL;BANCADA OBRIGATÓRIA;CORRENTE;301;1001;1030151192E890025;04/04/2024;36000597415202400;-;FAF;INCREMENTO PAP;2E89;INCREMENTO TEMPORÁRIO AO CUSTEIO DOS SERVIÇOS DE ATENÇÃO PRIMÁRIA À SAÚDE - PAP;INCREMENTO DO PISO DA ATENÇÃO PRIMÁRIA À SAÚDE - PAP;11570107000191;FUNDO MUNICIPAL DE SAUDE;3676;30/04/2024;PROPOSTA PAGA;Proposta Paga;13/12/2024;R$400.000,00;R$400.000,00;R$400.000,00
2024;71160002;S.PART.;BANCADA DA PARAÍBA;não se aplica;não se aplica;PB;250855;LOGRADOURO;MUNICIPAL;BANCADA OBRIGATÓRIA;CORRENTE;301;1001;1030151192E890025;01/04/2024;36000593130202400;-;FAF;INCREMENTO PAP;2E89;INCREMENTO TEMPORÁRIO AO CUSTEIO DOS SERVIÇOS DE ATENÇÃO PRIMÁRIA À SAÚDE - PAP;INCREMENTO DO PISO DA ATENÇÃO PRIMÁRIA À SAÚDE - PAP;11268139000137;FUNDO MUNICIPAL DE SAUDE DE LOGRADOURO;3676;30/04/2024;PROPOSTA PAGA;Proposta Paga;13/12/2024;R$450.000,00;R$450.000,00;R$450.000,00
2024;71160002;S.PART.;BANCADA DA PARAÍBA;não se aplica;não se aplica;PB;250077;APARECIDA;MUNICIPAL;BANCADA OBRIGATÓRIA;CORRENTE;301;1001;1030151192E890025;16/04/2024;36000605873202400;-;FAF;INCREMENTO PAP;2E89;INCREMENTO TEMPORÁRIO AO CUSTEIO DOS SERVIÇOS DE ATENÇÃO PRIMÁRIA À SAÚDE - PAP;INCREMENTO DO PISO DA ATENÇÃO PRIMÁRIA À SAÚDE - PAP;11956816000100;FUNDO MUNICIPAL DE SAUDE DE APARECIDA;3676;30/04/2024;PROPOSTA PAGA;Proposta Paga;13/12/2024;R$500.000,00;R$500.000,00;R$500.000,00
2024;71160002;S.PART.;BANCADA DA PARAÍBA;não se aplica;não se aplica;PB;250240;BONITO DE SANTA FE;MUNICIPAL;BANCADA OBRIGATÓRIA;CORRENTE;301;1001;1030151192E890025;27/03/2024;36000590546202400;-;FAF;INCREMENTO PAP;2E89;INCREMENTO TEMPORÁRIO AO CUSTEIO DOS SERVIÇOS DE ATENÇÃO PRIMÁRIA À SAÚDE - PAP;INCREMENTO DO PISO DA ATENÇÃO PRIMÁRIA À SAÚDE - PAP;11494230000170;FUNDO MUNICIPAL DE SAUDE BONITO DE SANTA FE;3624;30/04/2024;PROPOSTA PAGA;Proposta Paga;13/12/2024;R$200.000,00;R$200.000,00;R$200.000,00
2024;71160002;S.PART.;BANCADA DA PARAÍBA;não se aplica;não se aplica;PB;250360;CAICARA;MUNICIPAL;BANCADA OBRIGATÓRIA;CORRENTE;301;1001;1030151192E890025;15/04/2024;36000605144202400;-;FAF;INCREMENTO PAP;2E89;INCREMENTO TEMPORÁRIO AO CUSTEIO DOS SERVIÇOS DE ATENÇÃO PRIMÁRIA À SAÚDE - PAP;INCREMENTO DO PISO DA ATENÇÃO PRIMÁRIA À SAÚDE - PAP;17577160000109;FUNDO MUNICIPAL DE SAUDE DE CAICARA;3624;30/04/2024;PROPOSTA PAGA;Proposta Paga;13/12/2024;R$200.000,00;R$200.000,00;R$200.000,00
2024;71160001;S.PART.;BANCADA DA PARAÍBA;não se aplica;não se aplica;PB;250400;CAMPINA GRANDE;MUNICIPAL;BANCADA OBRIGATÓRIA;CORRENTE;302;1001;1030251182E900025;18/04/2024;36000606755202400;-;FAF;INCREMENTO MAC;2E90;ATENÇÃO ESPECIALIZADA À SAÚDE;INCREMENTO TEMPORÁRIO DO TETO DA MÉDIA E ALTA COMPLEXIDADE - MAC;24513574000121;FUNDO MUNICIPAL DE SAUDE DE CAMPINA GRANDE;3673;30/04/2024;PROPOSTA PAGA;Proposta Paga;13/12/2024;R$184.426,00;R$184.426,00;R$184.426,00
2024;71160002;S.PART.;BANCADA DA PARAÍBA;não se aplica;não se aplica;PB;250910;MARI;MUNICIPAL;BANCADA OBRIGATÓRIA;CORRENTE;301;1001;1030151192E890025;02/04/2024;36000594304202400;-;FAF;INCREMENTO PAP;2E89;INCREMENTO TEMPORÁRIO AO CUSTEIO DOS SERVIÇOS DE ATENÇÃO PRIMÁRIA À SAÚDE - PAP;INCREMENTO DO PISO DA ATENÇÃO PRIMÁRIA À SAÚDE - PAP;11400094000102;FUNDO MUNICIPAL DE SAUDE;3624;30/04/2024;PROPOSTA PAGA;Proposta Paga;13/12/2024;R$200.000,00;R$200.000,00;R$200.000,00
2024;71160002;S.PART.;BANCADA DA PARAÍBA;não se aplica;não se aplica;PB;251590;SERRARIA;MUNICIPAL;BANCADA OBRIGATÓRIA;CORRENTE;301;1001;1030151192E890025;04/04/2024;36000596315202400;-;FAF;INCREMENTO PAP;2E89;INCREMENTO TEMPORÁRIO AO CUSTEIO DOS SERVIÇOS DE ATENÇÃO PRIMÁRIA À SAÚDE - PAP;INCREMENTO DO PISO DA ATENÇÃO PRIMÁRIA À SAÚDE - PAP;12011652000100;SSFUNDO MUNICIPAL DE SAUDE DE SERRARIA - PB;3676;30/04/2024;PROPOSTA PAGA;Proposta Paga;13/12/2024;R$550.000,00;R$550.000,00;R$550.000,00
2024;71160002;S.PART.;BANCADA DA PARAÍBA;não se aplica;não se aplica;PB;250520;CUITEGI;MUNICIPAL;BANCADA OBRIGATÓRIA;CORRENTE;301;1001;1030151192E890025;27/03/2024;36000590581202400;-;FAF;INCREMENTO PAP;2E89;INCREMENTO TEMPORÁRIO AO CUSTEIO DOS SERVIÇOS DE ATENÇÃO PRIMÁRIA À SAÚDE - PAP;INCREMENTO DO PISO DA ATENÇÃO PRIMÁRIA À SAÚDE - PAP;11780026000116;FUNDO MUNICIPAL DE SAUDE - CUITEGI-PB;3676;30/04/2024;PROPOSTA PAGA;Proposta Paga;13/12/2024;R$700.000,00;R$700.000,00;R$700.000,00
2024;71160001;S.PART.;BANCADA DA PARAÍBA;não se aplica;não se aplica;PB;251550;SERRA BRANCA;MUNICIPAL;BANCADA OBRIGATÓRIA;CORRENTE;302;1001;1030251182E900025;07/04/2024;36000598958202400;-;FAF;INCREMENTO MAC;2E90;ATENÇÃO ESPECIALIZADA À SAÚDE;INCREMENTO TEMPORÁRIO DO TETO DA MÉDIA E ALTA COMPLEXIDADE - MAC;05456092000132;FUNDO MUNICIPAL DE SAUDE;3666;30/04/2024;PROPOSTA PAGA;Proposta Paga;13/12/2024;R$200.000,00;R$200.000,00;R$200.000,00
2024;71160002;S.PART.;BANCADA DA PARAÍBA;não se aplica;não se aplica;PB;251398;SAO FRANCISCO;MUNICIPAL;BANCADA OBRIGATÓRIA;CORRENTE;301;1001;1030151192E890025;01/04/2024;36000593553202400;-;FAF;INCREMENTO PAP;2E89;INCREMENTO TEMPORÁRIO AO CUSTEIO DOS SERVIÇOS DE ATENÇÃO PRIMÁRIA À SAÚDE - PAP;INCREMENTO DO PISO DA ATENÇÃO PRIMÁRIA À SAÚDE - PAP;10398439000178;FUNDO MUNICIPAL DE SAUDE;3624;30/04/2024;PROPOSTA PAGA;Proposta Paga;13/12/2024;R$200.000,00;R$200.000,00;R$200.000,00
2024;71160002;S.PART.;BANCADA DA PARAÍBA;não se aplica;não se aplica;PB;250840;LASTRO;MUNICIPAL;BANCADA OBRIGATÓRIA;CORRENTE;301;1001;1030151192E890025;14/04/2024;36000604859202400;-;FAF;INCREMENTO PAP;2E89;INCREMENTO TEMPORÁRIO AO CUSTEIO DOS SERVIÇOS DE ATENÇÃO PRIMÁRIA À SAÚDE - PAP;INCREMENTO DO PISO DA ATENÇÃO PRIMÁRIA À SAÚDE - PAP;11304889000117;FUNDO MUNICIPAL DE SAUDE DE LASTRO;3676;30/04/2024;PROPOSTA PAGA;Proposta Paga;13/12/2024;R$209.266,00;R$209.266,00;R$209.266,00
2024;71160003;S.PART.;BANCADA DA PARAÍBA;não se aplica;não se aplica;PB;250740;JERICO;MUNICIPAL;BANCADA OBRIGATÓRIA;CAPITAL;302;1001;10302511885358697;12/04/2024;12009325000124003;-;FAF;EQUIPAMENTO;8535;ATENÇÃO ESPECIALIZADA À SAÚDE;REDE DE ATENÇÃO HOSPITALAR - HOSPITAL GERAL;12009325000114;FUNDO MUNICIPAL DE SAUDE - FMS;3747;08/05/2024;PROPOSTA PAGA;Proposta Paga;13/12/2024;R$121.238,00;R$121.238,00;R$121.238,00
2024;71160001;S.PART.;BANCADA DA PARAÍBA;não se aplica;não se aplica;PB;251390;SAO BENTO;MUNICIPAL;BANCADA OBRIGATÓRIA;CORRENTE;302;1001;1030251182E900025;18/06/2024;36000618193202400;-;FAF;INCREMENTO MAC;2E90;ATENÇÃO ESPECIALIZADA À SAÚDE;INCREMENTO TEMPORÁRIO DO TETO DA MÉDIA E ALTA COMPLEXIDADE - MAC;02015756000130;FUNDO MINICIPAL DE SAUDE;4453;19/06/2024;PROPOSTA PAGA;Proposta Paga;13/12/2024;R$500.000,00;R$500.000,00;R$500.000,00
2024;71160002;S.PART.;BANCADA DA PARAÍBA;não se aplica;não se aplica;PB;251040;OLHO D'AGUA;MUNICIPAL;BANCADA OBRIGATÓRIA;CORRENTE;301;1001;1030151192E890025;03/04/2024;36000595162202400;-;FAF;INCREMENTO PAP;2E89;INCREMENTO TEMPORÁRIO AO CUSTEIO DOS SERVIÇOS DE ATENÇÃO PRIMÁRIA À SAÚDE - PAP;INCREMENTO DO PISO DA ATENÇÃO PRIMÁRIA À SAÚDE - PAP;11471451000123;FUNDO MUNICIPAL DE SAUDE;3624;30/04/2024;PROPOSTA PAGA;Proposta Paga;13/12/2024;R$250.000,00;R$250.000,00;R$250.000,00
2024;71160002;S.PART.;BANCADA DA PARAÍBA;não se aplica;não se aplica;PB;250523;CUITE DE MAMANGUAPE;MUNICIPAL;BANCADA OBRIGATÓRIA;CORRENTE;301;1001;1030151192E890025;28/03/2024;36000591131202400;-;FAF;INCREMENTO PAP;2E89;INCREMENTO TEMPORÁRIO AO CUSTEIO DOS SERVIÇOS DE ATENÇÃO PRIMÁRIA À SAÚDE - PAP;INCREMENTO DO PISO DA ATENÇÃO PRIMÁRIA À SAÚDE - PAP;13099820000124;CUITE DE MAMANGUAPE FUNDO MUNICIPAL DE SAUDE;3624;30/04/2024;PROPOSTA PAGA;Proposta Paga;13/12/2024;R$300.000,00;R$300.000,00;R$300.000,00
2024;71160002;S.PART.;BANCADA DA PARAÍBA;não se aplica;não se aplica;PB;250520;CUITEGI;MUNICIPAL;BANCADA OBRIGATÓRIA;CORRENTE;301;1001;1030151192E890025;11/04/2024;36000602720202400;-;FAF;INCREMENTO PAP;2E89;INCREMENTO TEMPORÁRIO AO CUSTEIO DOS SERVIÇOS DE ATENÇÃO PRIMÁRIA À SAÚDE - PAP;INCREMENTO DO PISO DA ATENÇÃO PRIMÁRIA À SAÚDE - PAP;11780026000116;FUNDO MUNICIPAL DE SAUDE - CUITEGI-PB;3624;30/04/2024;PROPOSTA PAGA;Proposta Paga;13/12/2024;R$300.000,00;R$300.000,00;R$300.000,00
2024;71160002;S.PART.;BANCADA DA PARAÍBA;não se aplica;não se aplica;PB;251110;PEDRA LAVRADA;MUNICIPAL;BANCADA OBRIGATÓRIA;CORRENTE;301;1001;1030151192E890025;28/03/2024;36000590672202400;-;FAF;INCREMENTO PAP;2E89;INCREMENTO TEMPORÁRIO AO CUSTEIO DOS SERVIÇOS DE ATENÇÃO PRIMÁRIA À SAÚDE - PAP;INCREMENTO DO PISO DA ATENÇÃO PRIMÁRIA À SAÚDE - PAP;08932293000157;FUNDO MUNICIPAL DE SAUDE DE PEDRA LAVRADA;3624;30/04/2024;PROPOSTA PAGA;Proposta Paga;13/12/2024;R$300.000,00;R$300.000,00;R$300.000,00
2024;71160002;S.PART.;BANCADA DA PARAÍBA;não se aplica;não se aplica;PB;251230;PRINCESA ISABEL;MUNICIPAL;BANCADA OBRIGATÓRIA;CORRENTE;301;1001;1030151192E890025;04/04/2024;36000596518202400;-;FAF;INCREMENTO PAP;2E89;INCREMENTO TEMPORÁRIO AO CUSTEIO DOS SERVIÇOS DE ATENÇÃO PRIMÁRIA À SAÚDE - PAP;INCREMENTO DO PISO DA ATENÇÃO PRIMÁRIA À SAÚDE - PAP;10473821000107;FUNDO MUNICIPAL DE SAUDE DO MUNICIPIO DE PRINCESA ISABEL;3624;30/04/2024;PROPOSTA PAGA;Proposta Paga;13/12/2024;R$150.000,00;R$150.000,00;R$150.000,00
2024;71160002;S.PART.;BANCADA DA PARAÍBA;não se aplica;não se aplica;PB;251455;SAO JOSE DE PRINCESA;MUNICIPAL;BANCADA OBRIGATÓRIA;CORRENTE;301;1001;1030151192E890025;25/04/2024;36000608903202400;-;FAF;INCREMENTO PAP;2E89;INCREMENTO TEMPORÁRIO AO CUSTEIO DOS SERVIÇOS DE ATENÇÃO PRIMÁRIA À SAÚDE - PAP;INCREMENTO DO PISO DA ATENÇÃO PRIMÁRIA À SAÚDE - PAP;10460712000147;FUNDO MUNICIPAL DE SAUDE DE SAO JOSE DE PRINCESA;3676;30/04/2024;PROPOSTA PAGA;Proposta Paga;13/12/2024;R$155.361,00;R$155.361,00;R$155.361,00
2024;71160002;S.PART.;BANCADA DA PARAÍBA;não se aplica;não se aplica;PB;250140;BAIA DA TRAICAO;MUNICIPAL;BANCADA OBRIGATÓRIA;CORRENTE;301;1001;1030151192E890025;27/03/2024;36000590533202400;-;FAF;INCREMENTO PAP;2E89;INCREMENTO TEMPORÁRIO AO CUSTEIO DOS SERVIÇOS DE ATENÇÃO PRIMÁRIA À SAÚDE - PAP;INCREMENTO DO PISO DA ATENÇÃO PRIMÁRIA À SAÚDE - PAP;13923732000103;FUNDO MUNICIPAL DE SAUDE DE BAIA DA TRAICAO-PB;3676;30/04/2024;PROPOSTA PAGA;Proposta Paga;13/12/2024;R$500.000,00;R$500.000,00;R$500.000,00
2024;71160001;S.PART.;BANCADA DA PARAÍBA;não se aplica;não se aplica;PB;250670;IMACULADA;MUNICIPAL;BANCADA OBRIGATÓRIA;CORRENTE;302;1001;1030251182E900025;05/04/2024;36000598139202400;-;FAF;INCREMENTO MAC;2E90;ATENÇÃO ESPECIALIZADA À SAÚDE;INCREMENTO TEMPORÁRIO DO TETO DA MÉDIA E ALTA COMPLEXIDADE - MAC;11838404000175;FUNDO MUNICIPAL DE SAUDE DO MUNICIPIO DE IMACULADA;3666;30/04/2024;PROPOSTA PAGA;Proposta Paga;13/12/2024;R$100.000,00;R$100.000,00;R$100.000,00
2024;71160002;S.PART.;BANCADA DA PARAÍBA;não se aplica;não se aplica;PB;250215;BOA VISTA;MUNICIPAL;BANCADA OBRIGATÓRIA;CORRENTE;301;1001;1030151192E890025;01/04/2024;36000592969202400;-;FAF;INCREMENTO PAP;2E89;INCREMENTO TEMPORÁRIO AO CUSTEIO DOS SERVIÇOS DE ATENÇÃO PRIMÁRIA À SAÚDE - PAP;INCREMENTO DO PISO DA ATENÇÃO PRIMÁRIA À SAÚDE - PAP;12868705000104;FUNDO MUNICIPAL DE SAUDE;3624;30/04/2024;PROPOSTA PAGA;Proposta Paga;13/12/2024;R$200.000,00;R$200.000,00;R$200.000,00
2024;71160001;S.PART.;BANCADA DA PARAÍBA;não se aplica;não se aplica;PB;251330;SANTA HELENA;MUNICIPAL;BANCADA OBRIGATÓRIA;CORRENTE;302;1001;1030251182E900025;05/04/2024;36000598359202400;-;FAF;INCREMENTO MAC;2E90;ATENÇÃO ESPECIALIZADA À SAÚDE;INCREMENTO TEMPORÁRIO DO TETO DA MÉDIA E ALTA COMPLEXIDADE - MAC;11245287000136;FUNDO MUNICIPAL DE SAUDE DE SANTA HELENA-PB;3666;30/04/2024;PROPOSTA PAGA;Proposta Paga;13/12/2024;R$100.000,00;R$100.000,00;R$100.000,00
2024;71160002;S.PART.;BANCADA DA PARAÍBA;não se aplica;não se aplica;PB;251470;SAO JOSE DO SABUGI;MUNICIPAL;BANCADA OBRIGATÓRIA;CORRENTE;301;1001;1030151192E890025;01/04/2024;36000592921202400;-;FAF;INCREMENTO PAP;2E89;INCREMENTO TEMPORÁRIO AO CUSTEIO DOS SERVIÇOS DE ATENÇÃO PRIMÁRIA À SAÚDE - PAP;INCREMENTO DO PISO DA ATENÇÃO PRIMÁRIA À SAÚDE - PAP;11850135000162;FUNDO MUNICIPAL DE SAUDE DO MUNICIPIO DE SAO JOSE DO SABUGI;3676;30/04/2024;PROPOSTA PAGA;Proposta Paga;13/12/2024;R$500.000,00;R$500.000,00;R$500.000,00
2024;71160001;S.PART.;BANCADA DA PARAÍBA;não se aplica;não se aplica;PB;250420;CATINGUEIRA;MUNICIPAL;BANCADA OBRIGATÓRIA;CORRENTE;302;1001;1030251182E900025;11/04/2024;36000602918202400;-;FAF;INCREMENTO MAC;2E90;ATENÇÃO ESPECIALIZADA À SAÚDE;INCREMENTO TEMPORÁRIO DO TETO DA MÉDIA E ALTA COMPLEXIDADE - MAC;12401524000173;FUNDO MUNICIPAL DE SAUDE;3666;30/04/2024;PROPOSTA PAGA;Proposta Paga;13/12/2024;R$200.000,00;R$200.000,00;R$200.000,00
2024;71160002;S.PART.;BANCADA DA PARAÍBA;não se aplica;não se aplica;PB;251580;SERRA REDONDA;MUNICIPAL;BANCADA OBRIGATÓRIA;CORRENTE;301;1001;1030151192E890025;11/04/2024;36000602941202400;-;FAF;INCREMENTO PAP;2E89;INCREMENTO TEMPORÁRIO AO CUSTEIO DOS SERVIÇOS DE ATENÇÃO PRIMÁRIA À SAÚDE - PAP;INCREMENTO DO PISO DA ATENÇÃO PRIMÁRIA À SAÚDE - PAP;97519352000190;FUNDO MUNICIPAL DE SAUDE;3676;30/04/2024;PROPOSTA PAGA;Proposta Paga;13/12/2024;R$200.000,00;R$200.000,00;R$200.000,00
2024;71160002;S.PART.;BANCADA DA PARAÍBA;não se aplica;não se aplica;PB;251597;SOBRADO;MUNICIPAL;BANCADA OBRIGATÓRIA;CORRENTE;301;1001;1030151192E890025;08/04/2024;36000599187202400;-;FAF;INCREMENTO PAP;2E89;INCREMENTO TEMPORÁRIO AO CUSTEIO DOS SERVIÇOS DE ATENÇÃO PRIMÁRIA À SAÚDE - PAP;INCREMENTO DO PISO DA ATENÇÃO PRIMÁRIA À SAÚDE - PAP;12012235000182;FUNDO MUNICIPAL DE SAUDE;3624;30/04/2024;PROPOSTA PAGA;Proposta Paga;13/12/2024;R$200.000,00;R$200.000,00;R$200.000,00
2024;71160002;S.PART.;BANCADA DA PARAÍBA;não se aplica;não se aplica;PB;251360;SANTANA DOS GARROTES;MUNICIPAL;BANCADA OBRIGATÓRIA;CORRENTE;301;1001;1030151192E890025;18/06/2024;36000618590202400;-;FAF;INCREMENTO PAP;2E89;INCREMENTO TEMPORÁRIO AO CUSTEIO DOS SERVIÇOS DE ATENÇÃO PRIMÁRIA À SAÚDE - PAP;INCREMENTO DO PISO DA ATENÇÃO PRIMÁRIA À SAÚDE - PAP;12290612000145;FUNDO MUNICIPAL DE SAUDE DE SANTANA DOS GARROTES;4491;21/06/2024;PROPOSTA PAGA;Proposta Paga;13/12/2024;R$22.747,00;R$22.747,00;R$22.747,00
2024;71160002;S.PART.;BANCADA DA PARAÍBA;não se aplica;não se aplica;PB;250010;AGUA BRANCA;MUNICIPAL;BANCADA OBRIGATÓRIA;CORRENTE;301;1001;1030151192E890025;11/04/2024;36000602946202400;-;FAF;INCREMENTO PAP;2E89;INCREMENTO TEMPORÁRIO AO CUSTEIO DOS SERVIÇOS DE ATENÇÃO PRIMÁRIA À SAÚDE - PAP;INCREMENTO DO PISO DA ATENÇÃO PRIMÁRIA À SAÚDE - PAP;10502869000198;FUNDO MUNICIPAL DE SAUDE DE AGUA BRANCA;3624;30/04/2024;PROPOSTA PAGA;Proposta Paga;13/12/2024;R$300.000,00;R$300.000,00;R$300.000,00
2024;71160002;S.PART.;BANCADA DA PARAÍBA;não se aplica;não se aplica;PB;250140;BAIA DA TRAICAO;MUNICIPAL;BANCADA OBRIGATÓRIA;CORRENTE;301;1001;1030151192E890025;11/04/2024;36000602708202400;-;FAF;INCREMENTO PAP;2E89;INCREMENTO TEMPORÁRIO AO CUSTEIO DOS SERVIÇOS DE ATENÇÃO PRIMÁRIA À SAÚDE - PAP;INCREMENTO DO PISO DA ATENÇÃO PRIMÁRIA À SAÚDE - PAP;13923732000103;FUNDO MUNICIPAL DE SAUDE DE BAIA DA TRAICAO-PB;3624;30/04/2024;PROPOSTA PAGA;Proposta Paga;13/12/2024;R$300.000,00;R$300.000,00;R$300.000,00
2024;71160002;S.PART.;BANCADA DA PARAÍBA;não se aplica;não se aplica;PB;250450;CONDADO;MUNICIPAL;BANCADA OBRIGATÓRIA;CORRENTE;301;1001;1030151192E890025;17/06/2024;36000617312202400;-;FAF;INCREMENTO PAP;2E89;INCREMENTO TEMPORÁRIO AO CUSTEIO DOS SERVIÇOS DE ATENÇÃO PRIMÁRIA À SAÚDE - PAP;INCREMENTO DO PISO DA ATENÇÃO PRIMÁRIA À SAÚDE - PAP;04275034000140;FUNDO MUNICIPAL DE SAUDE;4459;19/06/2024;PROPOSTA PAGA;Proposta Paga;13/12/2024;R$200.000,00;R$200.000,00;R$200.000,00
2024;71160002;S.PART.;BANCADA DA PARAÍBA;não se aplica;não se aplica;PB;251360;SANTANA DOS GARROTES;MUNICIPAL;BANCADA OBRIGATÓRIA;CORRENTE;301;1001;1030151192E890025;27/03/2024;36000588539202400;-;FAF;INCREMENTO PAP;2E89;INCREMENTO TEMPORÁRIO AO CUSTEIO DOS SERVIÇOS DE ATENÇÃO PRIMÁRIA À SAÚDE - PAP;INCREMENTO DO PISO DA ATENÇÃO PRIMÁRIA À SAÚDE - PAP;12290612000145;FUNDO MUNICIPAL DE SAUDE DE SANTANA DOS GARROTES;3676;30/04/2024;PROPOSTA PAGA;Proposta Paga;13/12/2024;R$500.000,00;R$500.000,00;R$500.000,00
2024;71160002;S.PART.;BANCADA DA PARAÍBA;não se aplica;não se aplica;PB;251660;TAVARES;MUNICIPAL;BANCADA OBRIGATÓRIA;CORRENTE;301;1001;1030151192E890025;26/03/2024;36000588173202400;-;FAF;INCREMENTO PAP;2E89;INCREMENTO TEMPORÁRIO AO CUSTEIO DOS SERVIÇOS DE ATENÇÃO PRIMÁRIA À SAÚDE - PAP;INCREMENTO DO PISO DA ATENÇÃO PRIMÁRIA À SAÚDE - PAP;10598364000179;FUNDO MUNICIPAL DE SAUDE DE TAVARES;3676;30/04/2024;PROPOSTA PAGA;Proposta Paga;13/12/2024;R$500.000,00;R$500.000,00;R$500.000,00
2024;71160001;S.PART.;BANCADA DA PARAÍBA;não se aplica;não se aplica;PB;250890;MAMANGUAPE;MUNICIPAL;BANCADA OBRIGATÓRIA;CORRENTE;302;1001;1030251182E900025;08/04/2024;36000599178202400;-;FAF;INCREMENTO MAC;2E90;ATENÇÃO ESPECIALIZADA À SAÚDE;INCREMENTO TEMPORÁRIO DO TETO DA MÉDIA E ALTA COMPLEXIDADE - MAC;08674396000164;FUNDO MUNICIPAL DE SAUDE DE MAMANGUAPE;3666;30/04/2024;PROPOSTA PAGA;Proposta Paga;13/12/2024;R$250.000,00;R$250.000,00;R$250.000,00
2024;71160002;S.PART.;BANCADA DA PARAÍBA;não se aplica;não se aplica;PB;250077;APARECIDA;MUNICIPAL;BANCADA OBRIGATÓRIA;CORRENTE;301;1001;1030151192E890025;05/04/2024;36000597653202400;-;FAF;INCREMENTO PAP;2E89;INCREMENTO TEMPORÁRIO AO CUSTEIO DOS SERVIÇOS DE ATENÇÃO PRIMÁRIA À SAÚDE - PAP;INCREMENTO DO PISO DA ATENÇÃO PRIMÁRIA À SAÚDE - PAP;11956816000100;FUNDO MUNICIPAL DE SAUDE DE APARECIDA;3676;30/04/2024;PROPOSTA PAGA;Proposta Paga;13/12/2024;R$1.000.000,00;R$1.000.000,00;R$1.000.000,00
2024;71160003;S.PART.;BANCADA DA PARAÍBA;não se aplica;não se aplica;PB;250939;MATUREIA;MUNICIPAL;BANCADA OBRIGATÓRIA;CAPITAL;302;1001;10302511885358697;08/04/2024;11209770000124004;-;FAF;EQUIPAMENTO;8535;ATENÇÃO ESPECIALIZADA À SAÚDE;REDE DE ATENÇÃO ESPECIALIZADA À SAÚDE - AMBULATÓRIO;11209770000165;FUNDO MUNICIPAL DE SAUDE;5981;11/12/2024;PROPOSTA PAGA;Proposta Paga;10/03/2025;R$198.590,00;R$198.590,00;R$198.590,00
2024;71160001;S.PART.;BANCADA DA PARAÍBA;não se aplica;não se aplica;PB;251530;SAPE;MUNICIPAL;BANCADA OBRIGATÓRIA;CORRENTE;302;1001;1030251182E900025;08/04/2024;36000599759202400;-;FAF;INCREMENTO MAC;2E90;ATENÇÃO ESPECIALIZADA À SAÚDE;INCREMENTO TEMPORÁRIO DO TETO DA MÉDIA E ALTA COMPLEXIDADE - MAC;08036438000131;FUNDO MUNICIPAL DE SAUDE DE SAPE;3673;30/04/2024;PROPOSTA PAGA;Proposta Paga;13/12/2024;R$500.000,00;R$500.000,00;R$500.000,00
2024;71160001;S.PART.;BANCADA DA PARAÍBA;não se aplica;não se aplica;PB;250600;ESPERANCA;MUNICIPAL;BANCADA OBRIGATÓRIA;CORRENTE;302;1001;1030251182E900025;03/05/2024;36000610283202400;-;FAF;INCREMENTO MAC;2E90;ATENÇÃO ESPECIALIZADA À SAÚDE;INCREMENTO TEMPORÁRIO DO TETO DA MÉDIA E ALTA COMPLEXIDADE - MAC;12011984000195;FUNDO MUNICIPAL DE SAUDE;3745;08/05/2024;PROPOSTA PAGA;Proposta Paga;13/12/2024;R$650.983,00;R$650.983,00;R$650.983,00
2024;71160001;S.PART.;BANCADA DA PARAÍBA;não se aplica;não se aplica;PB;251080;PATOS;MUNICIPAL;BANCADA OBRIGATÓRIA;CORRENTE;302;1001;1030251182E900025;10/04/2024;36000601014202400;-;FAF;INCREMENTO MAC;2E90;ATENÇÃO ESPECIALIZADA À SAÚDE;INCREMENTO TEMPORÁRIO DO TETO DA MÉDIA E ALTA COMPLEXIDADE - MAC;11242822000103;FUNDO MUNICIPAL DE SAUDE;3673;30/04/2024;PROPOSTA PAGA;Proposta Paga;13/12/2024;R$2.000.000,00;R$2.000.000,00;R$2.000.000,00
2024;71160002;S.PART.;BANCADA DA PARAÍBA;não se aplica;não se aplica;PB;251050;OLIVEDOS;MUNICIPAL;BANCADA OBRIGATÓRIA;CORRENTE;301;1001;1030151192E890025;04/04/2024;36000597175202400;-;FAF;INCREMENTO PAP;2E89;INCREMENTO TEMPORÁRIO AO CUSTEIO DOS SERVIÇOS DE ATENÇÃO PRIMÁRIA À SAÚDE - PAP;INCREMENTO DO PISO DA ATENÇÃO PRIMÁRIA À SAÚDE - PAP;17739771000106;FUNDO MUNICIPAL DE SAUDE DE OLIVEDOS;3624;30/04/2024;PROPOSTA PAGA;Proposta Paga;13/12/2024;R$250.000,00;R$250.000,00;R$250.000,00
2024;71160002;S.PART.;BANCADA DA PARAÍBA;não se aplica;não se aplica;PB;250220;BOM JESUS;MUNICIPAL;BANCADA OBRIGATÓRIA;CORRENTE;301;1001;1030151192E890025;10/04/2024;36000601810202400;-;FAF;INCREMENTO PAP;2E89;INCREMENTO TEMPORÁRIO AO CUSTEIO DOS SERVIÇOS DE ATENÇÃO PRIMÁRIA À SAÚDE - PAP;INCREMENTO DO PISO DA ATENÇÃO PRIMÁRIA À SAÚDE - PAP;11856862000137;FUNDO MUNICIPAL DE SAUDE DO MUNICIPIO DE BOM JESUS;3624;30/04/2024;PROPOSTA PAGA;Proposta Paga;13/12/2024;R$65.000,00;R$65.000,00;R$65.000,00
2024;71160002;S.PART.;BANCADA DA PARAÍBA;não se aplica;não se aplica;PB;251030;NOVA PALMEIRA;MUNICIPAL;BANCADA OBRIGATÓRIA;CORRENTE;301;1001;1030151192E890025;22/04/2024;36000607930202400;-;FAF;INCREMENTO PAP;2E89;INCREMENTO TEMPORÁRIO AO CUSTEIO DOS SERVIÇOS DE ATENÇÃO PRIMÁRIA À SAÚDE - PAP;INCREMENTO DO PISO DA ATENÇÃO PRIMÁRIA À SAÚDE - PAP;08579944000177;FUNDO MUNICIPAL DE SAUDE DE NOVA PALMEIRA;3676;30/04/2024;PROPOSTA PAGA;Proposta Paga;13/12/2024;R$100.000,00;R$100.000,00;R$100.000,00
2024;71160002;S.PART.;BANCADA DA PARAÍBA;não se aplica;não se aplica;PB;250740;JERICO;MUNICIPAL;BANCADA OBRIGATÓRIA;CORRENTE;301;1001;1030151192E890025;11/04/2024;36000602854202400;-;FAF;INCREMENTO PAP;2E89;INCREMENTO TEMPORÁRIO AO CUSTEIO DOS SERVIÇOS DE ATENÇÃO PRIMÁRIA À SAÚDE - PAP;INCREMENTO DO PISO DA ATENÇÃO PRIMÁRIA À SAÚDE - PAP;12009325000114;FUNDO MUNICIPAL DE SAUDE - FMS;3624;30/04/2024;PROPOSTA PAGA;Proposta Paga;13/12/2024;R$200.000,00;R$200.000,00;R$200.000,00
2024;71160002;S.PART.;BANCADA DA PARAÍBA;não se aplica;não se aplica;PB;250939;MATUREIA;MUNICIPAL;BANCADA OBRIGATÓRIA;CORRENTE;301;1001;1030151192E890025;01/04/2024;36000592848202400;-;FAF;INCREMENTO PAP;2E89;INCREMENTO TEMPORÁRIO AO CUSTEIO DOS SERVIÇOS DE ATENÇÃO PRIMÁRIA À SAÚDE - PAP;INCREMENTO DO PISO DA ATENÇÃO PRIMÁRIA À SAÚDE - PAP;11209770000165;FUNDO MUNICIPAL DE SAUDE;3624;30/04/2024;PROPOSTA PAGA;Proposta Paga;13/12/2024;R$200.000,00;R$200.000,00;R$200.000,00
2024;71160002;S.PART.;BANCADA DA PARAÍBA;não se aplica;não se aplica;PB;251540;SAO VICENTE DO SERIDO;MUNICIPAL;BANCADA OBRIGATÓRIA;CORRENTE;301;1001;1030151192E890025;23/04/2024;36000608068202400;-;FAF;INCREMENTO PAP;2E89;INCREMENTO TEMPORÁRIO AO CUSTEIO DOS SERVIÇOS DE ATENÇÃO PRIMÁRIA À SAÚDE - PAP;INCREMENTO DO PISO DA ATENÇÃO PRIMÁRIA À SAÚDE - PAP;08573654000116;FUNDO MUNICIPAL DE SAUDE;3676;30/04/2024;PROPOSTA PAGA;Proposta Paga;13/12/2024;R$200.000,00;R$200.000,00;R$200.000,00
2024;71160001;S.PART.;BANCADA DA PARAÍBA;não se aplica;não se aplica;PB;250250;BOQUEIRAO;MUNICIPAL;BANCADA OBRIGATÓRIA;CORRENTE;302;1001;1030251182E900025;09/04/2024;36000600179202400;-;FAF;INCREMENTO MAC;2E90;ATENÇÃO ESPECIALIZADA À SAÚDE;INCREMENTO TEMPORÁRIO DO TETO DA MÉDIA E ALTA COMPLEXIDADE - MAC;11153600000106;FUNDO MUNICIPAL DE SAUDE;3666;30/04/2024;PROPOSTA PAGA;Proposta Paga;13/12/2024;R$300.000,00;R$300.000,00;R$300.000,00
2024;71160002;S.PART.;BANCADA DA PARAÍBA;não se aplica;não se aplica;PB;250790;JURIPIRANGA;MUNICIPAL;BANCADA OBRIGATÓRIA;CORRENTE;301;1001;1030151192E890025;26/03/2024;36000588141202400;-;FAF;INCREMENTO PAP;2E89;INCREMENTO TEMPORÁRIO AO CUSTEIO DOS SERVIÇOS DE ATENÇÃO PRIMÁRIA À SAÚDE - PAP;INCREMENTO DO PISO DA ATENÇÃO PRIMÁRIA À SAÚDE - PAP;11164805000197;FUNDO MUNICIPAL DE SAUDE;3624;30/04/2024;PROPOSTA PAGA;Proposta Paga;13/12/2024;R$228.720,00;R$228.720,00;R$228.720,00
2024;71160001;S.PART.;BANCADA DA PARAÍBA;não se aplica;não se aplica;PB;250680;INGA;MUNICIPAL;BANCADA OBRIGATÓRIA;CORRENTE;302;1001;1030251182E900025;05/04/2024;36000597455202400;-;FAF;INCREMENTO MAC;2E90;ATENÇÃO ESPECIALIZADA À SAÚDE;INCREMENTO TEMPORÁRIO DO TETO DA MÉDIA E ALTA COMPLEXIDADE - MAC;08610110000187;FUNDO MUNICIPAL DE SAUDE DE INGA/PB;3666;30/04/2024;PROPOSTA PAGA;Proposta Paga;13/12/2024;R$300.000,00;R$300.000,00;R$300.000,00
2024;71160002;S.PART.;BANCADA DA PARAÍBA;não se aplica;não se aplica;PB;250040;ALAGOA NOVA;MUNICIPAL;BANCADA OBRIGATÓRIA;CORRENTE;301;1001;1030151192E890025;27/03/2024;36000589980202400;-;FAF;INCREMENTO PAP;2E89;INCREMENTO TEMPORÁRIO AO CUSTEIO DOS SERVIÇOS DE ATENÇÃO PRIMÁRIA À SAÚDE - PAP;INCREMENTO DO PISO DA ATENÇÃO PRIMÁRIA À SAÚDE - PAP;11838096000188;FUNDO MUNICIPAL DE SAUDE DE ALAGOA NOVA;3676;30/04/2024;PROPOSTA PAGA;Proposta Paga;13/12/2024;R$2.000.000,00;R$2.000.000,00;R$2.000.000,00
2024;71160002;S.PART.;BANCADA DA PARAÍBA;não se aplica;não se aplica;PB;250535;DAMIAO;MUNICIPAL;BANCADA OBRIGATÓRIA;CORRENTE;301;1001;1030151192E890025;01/04/2024;36000593524202400;-;FAF;INCREMENTO PAP;2E89;INCREMENTO TEMPORÁRIO AO CUSTEIO DOS SERVIÇOS DE ATENÇÃO PRIMÁRIA À SAÚDE - PAP;INCREMENTO DO PISO DA ATENÇÃO PRIMÁRIA À SAÚDE - PAP;11767841000145;FUNDO MUNICIPAL DE SAUDE DAMIAO PARAIBA;3624;30/04/2024;PROPOSTA PAGA;Proposta Paga;13/12/2024;R$250.000,00;R$250.000,00;R$250.000,00
2024;71160002;S.PART.;BANCADA DA PARAÍBA;não se aplica;não se aplica;PB;251220;PRATA;MUNICIPAL;BANCADA OBRIGATÓRIA;CORRENTE;301;1001;1030151192E890025;11/04/2024;36000602468202400;-;FAF;INCREMENTO PAP;2E89;INCREMENTO TEMPORÁRIO AO CUSTEIO DOS SERVIÇOS DE ATENÇÃO PRIMÁRIA À SAÚDE - PAP;INCREMENTO DO PISO DA ATENÇÃO PRIMÁRIA À SAÚDE - PAP;11356674000140;FUNDO MUNICIPAL DE SAUDE DO MUNICIPIO DE PRATA;3624;30/04/2024;PROPOSTA PAGA;Proposta Paga;13/12/2024;R$250.000,00;R$250.000,00;R$250.000,00
2024;71160002;S.PART.;BANCADA DA PARAÍBA;não se aplica;não se aplica;PB;250135;ASSUNCAO;MUNICIPAL;BANCADA OBRIGATÓRIA;CORRENTE;301;1001;1030151192E890025;23/04/2024;36000608254202400;-;FAF;INCREMENTO PAP;2E89;INCREMENTO TEMPORÁRIO AO CUSTEIO DOS SERVIÇOS DE ATENÇÃO PRIMÁRIA À SAÚDE - PAP;INCREMENTO DO PISO DA ATENÇÃO PRIMÁRIA À SAÚDE - PAP;11383748000137;FUNDO MUNICIPAL DE SAUDE;3676;30/04/2024;PROPOSTA PAGA;Proposta Paga;13/12/2024;R$300.000,00;R$300.000,00;R$300.000,00
2024;71160002;S.PART.;BANCADA DA PARAÍBA;não se aplica;não se aplica;PB;250190;BELEM;MUNICIPAL;BANCADA OBRIGATÓRIA;CORRENTE;301;1001;1030151192E890025;11/04/2024;36000602808202400;-;FAF;INCREMENTO PAP;2E89;INCREMENTO TEMPORÁRIO AO CUSTEIO DOS SERVIÇOS DE ATENÇÃO PRIMÁRIA À SAÚDE - PAP;INCREMENTO DO PISO DA ATENÇÃO PRIMÁRIA À SAÚDE - PAP;11429813000118;FUNDO MUNICIPAL DE SAUDE DE BELEM;3624;30/04/2024;PROPOSTA PAGA;Proposta Paga;13/12/2024;R$300.000,00;R$300.000,00;R$300.000,00
2024;71160002;S.PART.;BANCADA DA PARAÍBA;não se aplica;não se aplica;PB;251050;OLIVEDOS;MUNICIPAL;BANCADA OBRIGATÓRIA;CORRENTE;301;1001;1030151192E890025;04/04/2024;36000597174202400;-;FAF;INCREMENTO PAP;2E89;INCREMENTO TEMPORÁRIO AO CUSTEIO DOS SERVIÇOS DE ATENÇÃO PRIMÁRIA À SAÚDE - PAP;INCREMENTO DO PISO DA ATENÇÃO PRIMÁRIA À SAÚDE - PAP;17739771000106;FUNDO MUNICIPAL DE SAUDE DE OLIVEDOS;3624;30/04/2024;PROPOSTA PAGA;Proposta Paga;13/12/2024;R$100.000,00;R$100.000,00;R$100.000,00
2024;71160002;S.PART.;BANCADA DA PARAÍBA;não se aplica;não se aplica;PB;250250;BOQUEIRAO;MUNICIPAL;BANCADA OBRIGATÓRIA;CORRENTE;301;1001;1030151192E890025;01/04/2024;36000593506202400;-;FAF;INCREMENTO PAP;2E89;INCREMENTO TEMPORÁRIO AO CUSTEIO DOS SERVIÇOS DE ATENÇÃO PRIMÁRIA À SAÚDE - PAP;INCREMENTO DO PISO DA ATENÇÃO PRIMÁRIA À SAÚDE - PAP;11153600000106;FUNDO MUNICIPAL DE SAUDE;3624;30/04/2024;PROPOSTA PAGA;Proposta Paga;13/12/2024;R$300.000,00;R$300.000,00;R$300.000,00
2024;71160002;S.PART.;BANCADA DA PARAÍBA;não se aplica;não se aplica;PB;250240;BONITO DE SANTA FE;MUNICIPAL;BANCADA OBRIGATÓRIA;CORRENTE;301;1001;1030151192E890025;27/03/2024;36000590545202400;-;FAF;INCREMENTO PAP;2E89;INCREMENTO TEMPORÁRIO AO CUSTEIO DOS SERVIÇOS DE ATENÇÃO PRIMÁRIA À SAÚDE - PAP;INCREMENTO DO PISO DA ATENÇÃO PRIMÁRIA À SAÚDE - PAP;11494230000170;FUNDO MUNICIPAL DE SAUDE BONITO DE SANTA FE;3624;30/04/2024;PROPOSTA PAGA;Proposta Paga;13/12/2024;R$150.000,00;R$150.000,00;R$150.000,00
2024;71160002;S.PART.;BANCADA DA PARAÍBA;não se aplica;não se aplica;PB;250310;CABACEIRAS;MUNICIPAL;BANCADA OBRIGATÓRIA;CORRENTE;301;1001;1030151192E890025;01/04/2024;36000593516202400;-;FAF;INCREMENTO PAP;2E89;INCREMENTO TEMPORÁRIO AO CUSTEIO DOS SERVIÇOS DE ATENÇÃO PRIMÁRIA À SAÚDE - PAP;INCREMENTO DO PISO DA ATENÇÃO PRIMÁRIA À SAÚDE - PAP;11309134000105;FUNDO MUNICIPAL DE SAUDE - CABACEIRAS PB;3624;30/04/2024;PROPOSTA PAGA;Proposta Paga;13/12/2024;R$350.000,00;R$350.000,00;R$350.000,00
2024;71160002;S.PART.;BANCADA DA PARAÍBA;não se aplica;não se aplica;PB;250130;AROEIRAS;MUNICIPAL;BANCADA OBRIGATÓRIA;CORRENTE;301;1001;1030151192E890025;02/04/2024;36000593920202400;-;FAF;INCREMENTO PAP;2E89;INCREMENTO TEMPORÁRIO AO CUSTEIO DOS SERVIÇOS DE ATENÇÃO PRIMÁRIA À SAÚDE - PAP;INCREMENTO DO PISO DA ATENÇÃO PRIMÁRIA À SAÚDE - PAP;10819820000163;FUNDO MUNICIPAL DE SAUDE;3624;30/04/2024;PROPOSTA PAGA;Proposta Paga;13/12/2024;R$400.000,00;R$400.000,00;R$400.000,00
2024;71160002;S.PART.;BANCADA DA PARAÍBA;não se aplica;não se aplica;PB;250270;BORBOREMA;MUNICIPAL;BANCADA OBRIGATÓRIA;CORRENTE;301;1001;1030151192E890025;01/04/2024;36000593512202400;-;FAF;INCREMENTO PAP;2E89;INCREMENTO TEMPORÁRIO AO CUSTEIO DOS SERVIÇOS DE ATENÇÃO PRIMÁRIA À SAÚDE - PAP;INCREMENTO DO PISO DA ATENÇÃO PRIMÁRIA À SAÚDE - PAP;11594451000110;FUNDO MUNICIPAL DE SAUDE DE BORBOREMA;3624;30/04/2024;PROPOSTA PAGA;Proposta Paga;13/12/2024;R$200.000,00;R$200.000,00;R$200.000,00
2024;71160002;S.PART.;BANCADA DA PARAÍBA;não se aplica;não se aplica;PB;250625;GADO BRAVO;MUNICIPAL;BANCADA OBRIGATÓRIA;CORRENTE;301;1001;1030151192E890025;04/04/2024;36000597247202400;-;FAF;INCREMENTO PAP;2E89;INCREMENTO TEMPORÁRIO AO CUSTEIO DOS SERVIÇOS DE ATENÇÃO PRIMÁRIA À SAÚDE - PAP;INCREMENTO DO PISO DA ATENÇÃO PRIMÁRIA À SAÚDE - PAP;11136097000180;FUNDO MUNICIPAL DE SAUDE GADO BRAVO;3624;30/04/2024;PROPOSTA PAGA;Proposta Paga;13/12/2024;R$500.000,00;R$500.000,00;R$500.000,00
2024;71160002;S.PART.;BANCADA DA PARAÍBA;não se aplica;não se aplica;PB;251530;SAPE;MUNICIPAL;BANCADA OBRIGATÓRIA;CORRENTE;301;1001;1030151192E890025;15/04/2024;36000605170202400;-;FAF;INCREMENTO PAP;2E89;INCREMENTO TEMPORÁRIO AO CUSTEIO DOS SERVIÇOS DE ATENÇÃO PRIMÁRIA À SAÚDE - PAP;INCREMENTO DO PISO DA ATENÇÃO PRIMÁRIA À SAÚDE - PAP;08036438000131;FUNDO MUNICIPAL DE SAUDE DE SAPE;3676;30/04/2024;PROPOSTA PAGA;Proposta Paga;13/12/2024;R$500.000,00;R$500.000,00;R$500.000,00
2024;71160001;S.PART.;BANCADA DA PARAÍBA;não se aplica;não se aplica;PB;251290;RIO TINTO;MUNICIPAL;BANCADA OBRIGATÓRIA;CORRENTE;302;1001;1030251182E900025;05/04/2024;36000597460202400;-;FAF;INCREMENTO MAC;2E90;ATENÇÃO ESPECIALIZADA À SAÚDE;INCREMENTO TEMPORÁRIO DO TETO DA MÉDIA E ALTA COMPLEXIDADE - MAC;12457150000108;FUNDO MUNICIPAL DE SAUDE DE RIO TINTO;3666;30/04/2024;PROPOSTA PAGA;Proposta Paga;13/12/2024;R$150.000,00;R$150.000,00;R$150.000,00
2024;71160002;S.PART.;BANCADA DA PARAÍBA;não se aplica;não se aplica;PB;250180;BAYEUX;MUNICIPAL;BANCADA OBRIGATÓRIA;CORRENTE;301;1001;1030151192E890025;04/04/2024;36000597425202400;-;FAF;INCREMENTO PAP;2E89;INCREMENTO TEMPORÁRIO AO CUSTEIO DOS SERVIÇOS DE ATENÇÃO PRIMÁRIA À SAÚDE - PAP;INCREMENTO DO PISO DA ATENÇÃO PRIMÁRIA À SAÚDE - PAP;11685421000110;FUNDO MUNICIPAL DE SAUDE DE BAYEUX;3676;30/04/2024;PROPOSTA PAGA;Proposta Paga;13/12/2024;R$528.869,00;R$528.869,00;R$528.869,00
2024;71160001;S.PART.;BANCADA DA PARAÍBA;não se aplica;não se aplica;PB;250400;CAMPINA GRANDE;MUNICIPAL;BANCADA OBRIGATÓRIA;CORRENTE;302;1001;1030251182E900025;05/04/2024;36000597937202400;-;FAF;INCREMENTO MAC;2E90;ATENÇÃO ESPECIALIZADA À SAÚDE;INCREMENTO TEMPORÁRIO DO TETO DA MÉDIA E ALTA COMPLEXIDADE - MAC;24513574000121;FUNDO MUNICIPAL DE SAUDE DE CAMPINA GRANDE;3673;30/04/2024;PROPOSTA PAGA;Proposta Paga;13/12/2024;R$300.000,00;R$300.000,00;R$300.000,00
2024;71160001;S.PART.;BANCADA DA PARAÍBA;não se aplica;não se aplica;PB;251210;POMBAL;MUNICIPAL;BANCADA OBRIGATÓRIA;CORRENTE;302;1001;1030251182E900025;10/04/2024;36000601979202400;-;FAF;INCREMENTO MAC;2E90;ATENÇÃO ESPECIALIZADA À SAÚDE;INCREMENTO TEMPORÁRIO DO TETO DA MÉDIA E ALTA COMPLEXIDADE - MAC;10602526000103;FUNDO MUNICIPAL DE SAUDE;3666;30/04/2024;PROPOSTA PAGA;Proposta Paga;13/12/2024;R$300.000,00;R$300.000,00;R$300.000,00
2024;71160002;S.PART.;BANCADA DA PARAÍBA;não se aplica;não se aplica;PB;250150;BANANEIRAS;MUNICIPAL;BANCADA OBRIGATÓRIA;CORRENTE;301;1001;1030151192E890025;27/03/2024;36000590539202400;-;FAF;INCREMENTO PAP;2E89;INCREMENTO TEMPORÁRIO AO CUSTEIO DOS SERVIÇOS DE ATENÇÃO PRIMÁRIA À SAÚDE - PAP;INCREMENTO DO PISO DA ATENÇÃO PRIMÁRIA À SAÚDE - PAP;18730452000194;BANANEIRAS - FUNDO MUNICIPAL DE SAUDE;3676;30/04/2024;PROPOSTA PAGA;Proposta Paga;13/12/2024;R$2.000.000,00;R$2.000.000,00;R$2.000.000,00
2024;71160001;S.PART.;BANCADA DA PARAÍBA;não se aplica;não se aplica;PB;250070;SAO JOAO DO RIO DO PEIXE;MUNICIPAL;BANCADA OBRIGATÓRIA;CORRENTE;302;1001;1030251182E900025;05/04/2024;36000598283202400;-;FAF;INCREMENTO MAC;2E90;ATENÇÃO ESPECIALIZADA À SAÚDE;INCREMENTO TEMPORÁRIO DO TETO DA MÉDIA E ALTA COMPLEXIDADE - MAC;17648806000193;FUNDO MUNICIPAL DE SAUDE DE SAO JOAO DO RIO DO PEIXE;3673;30/04/2024;PROPOSTA PAGA;Proposta Paga;13/12/2024;R$1.176.066,00;R$1.176.066,00;R$1.176.066,00
2024;71160002;S.PART.;BANCADA DA PARAÍBA;não se aplica;não se aplica;PB;251020;NOVA OLINDA;MUNICIPAL;BANCADA OBRIGATÓRIA;CORRENTE;301;1001;1030151192E890025;18/04/2024;36000606584202400;-;FAF;INCREMENTO PAP;2E89;INCREMENTO TEMPORÁRIO AO CUSTEIO DOS SERVIÇOS DE ATENÇÃO PRIMÁRIA À SAÚDE - PAP;INCREMENTO DO PISO DA ATENÇÃO PRIMÁRIA À SAÚDE - PAP;11268720000159;FUNDO MUNICIPAL DE SAUDE_NOVA OLINDA;3676;30/04/2024;PROPOSTA PAGA;Proposta Paga;13/12/2024;R$250.000,00;R$250.000,00;R$250.000,00
2024;71160002;S.PART.;BANCADA DA PARAÍBA;não se aplica;não se aplica;PB;250205;BERNARDINO BATISTA;MUNICIPAL;BANCADA OBRIGATÓRIA;CORRENTE;301;1001;1030151192E890025;22/04/2024;36000607850202400;-;FAF;INCREMENTO PAP;2E89;INCREMENTO TEMPORÁRIO AO CUSTEIO DOS SERVIÇOS DE ATENÇÃO PRIMÁRIA À SAÚDE - PAP;INCREMENTO DO PISO DA ATENÇÃO PRIMÁRIA À SAÚDE - PAP;10484826000127;FUNDO MUNICIPAL DE SAUDE;3676;30/04/2024;PROPOSTA PAGA;Proposta Paga;13/12/2024;R$103.468,00;R$103.468,00;R$103.468,00
2024;71160002;S.PART.;BANCADA DA PARAÍBA;não se aplica;não se aplica;PB;250200;BELEM DO BREJO DO CRUZ;MUNICIPAL;BANCADA OBRIGATÓRIA;CORRENTE;301;1001;1030151192E890025;11/04/2024;36000602992202400;-;FAF;INCREMENTO PAP;2E89;INCREMENTO TEMPORÁRIO AO CUSTEIO DOS SERVIÇOS DE ATENÇÃO PRIMÁRIA À SAÚDE - PAP;INCREMENTO DO PISO DA ATENÇÃO PRIMÁRIA À SAÚDE - PAP;12461113000173;FUNDO MUNICIPAL DE SAUDE DE BELEM DO BREJO DO CRUZ;3624;30/04/2024;PROPOSTA PAGA;Proposta Paga;13/12/2024;R$200.000,00;R$200.000,00;R$200.000,00
2024;71160002;S.PART.;BANCADA DA PARAÍBA;não se aplica;não se aplica;PB;250110;AREIA;MUNICIPAL;BANCADA OBRIGATÓRIA;CORRENTE;301;1001;1030151192E890025;05/12/2024;36000634922202400;-;FAF;INCREMENTO PAP;2E89;INCREMENTO TEMPORÁRIO AO CUSTEIO DOS SERVIÇOS DE ATENÇÃO PRIMÁRIA À SAÚDE - PAP;INCREMENTO DO PISO DA ATENÇÃO PRIMÁRIA À SAÚDE - PAP;11268285000162;FUNDO MUNICIPAL DE SAUDE;6155;18/12/2024;PROPOSTA PAGA;Proposta Paga;10/03/2025;R$250.000,00;R$250.000,00;R$250.000,00
2024;71160003;S.PART.;BANCADA DA PARAÍBA;não se aplica;não se aplica;PB;250415;CASSERENGUE;MUNICIPAL;BANCADA OBRIGATÓRIA;CAPITAL;302;1001;10302511885358697;11/04/2024;12431437000124003;-;FAF;EQUIPAMENTO;8535;ATENÇÃO ESPECIALIZADA À SAÚDE;REDE DE ATENÇÃO HOSPITALAR - AMBULÂNCIA TIPO A - REMOÇÃO SIMPLES E ELETIVA;12431437000169;FUNDO MUNICIPAL DE SAUDE;3857;21/05/2024;PROPOSTA PAGA;Proposta Paga;13/12/2024;R$323.812,00;R$323.812,00;R$323.812,00
2024;71160002;S.PART.;BANCADA DA PARAÍBA;não se aplica;não se aplica;PB;250230;BOM SUCESSO;MUNICIPAL;BANCADA OBRIGATÓRIA;CORRENTE;301;1001;1030151192E890025;27/05/2024;36000614131202400;-;FAF;INCREMENTO PAP;2E89;INCREMENTO TEMPORÁRIO AO CUSTEIO DOS SERVIÇOS DE ATENÇÃO PRIMÁRIA À SAÚDE - PAP;INCREMENTO DO PISO DA ATENÇÃO PRIMÁRIA À SAÚDE - PAP;12403050000107;FUNDO MUNICIPAL DE SAUDE - FMS;4298;18/06/2024;PROPOSTA PAGA;Proposta Paga;13/12/2024;R$9.235,00;R$9.235,00;R$9.235,00
2024;71160002;S.PART.;BANCADA DA PARAÍBA;não se aplica;não se aplica;PB;251500;SAO MIGUEL DE TAIPU;MUNICIPAL;BANCADA OBRIGATÓRIA;CORRENTE;301;1001;1030151192E890025;01/04/2024;36000592662202400;-;FAF;INCREMENTO PAP;2E89;INCREMENTO TEMPORÁRIO AO CUSTEIO DOS SERVIÇOS DE ATENÇÃO PRIMÁRIA À SAÚDE - PAP;INCREMENTO DO PISO DA ATENÇÃO PRIMÁRIA À SAÚDE - PAP;11601645000104;FUNDO MUNICIPAL DE SAUDE;3624;30/04/2024;PROPOSTA PAGA;Proposta Paga;13/12/2024;R$250.000,00;R$250.000,00;R$250.000,00
2024;71160002;S.PART.;BANCADA DA PARAÍBA;não se aplica;não se aplica;PB;250375;CAJAZEIRINHAS;MUNICIPAL;BANCADA OBRIGATÓRIA;CORRENTE;301;1001;1030151192E890025;01/04/2024;36000592869202400;-;FAF;INCREMENTO PAP;2E89;INCREMENTO TEMPORÁRIO AO CUSTEIO DOS SERVIÇOS DE ATENÇÃO PRIMÁRIA À SAÚDE - PAP;INCREMENTO DO PISO DA ATENÇÃO PRIMÁRIA À SAÚDE - PAP;10461231000156;FUNDO MUNICIPAL DE SAUDE DE CAJAZEIRINHAS;3676;30/04/2024;PROPOSTA PAGA;Proposta Paga;13/12/2024;R$300.000,00;R$300.000,00;R$300.000,00
2024;71160002;S.PART.;BANCADA DA PARAÍBA;não se aplica;não se aplica;PB;250800;JURU;MUNICIPAL;BANCADA OBRIGATÓRIA;CORRENTE;301;1001;1030151192E890025;01/04/2024;36000592637202400;-;FAF;INCREMENTO PAP;2E89;INCREMENTO TEMPORÁRIO AO CUSTEIO DOS SERVIÇOS DE ATENÇÃO PRIMÁRIA À SAÚDE - PAP;INCREMENTO DO PISO DA ATENÇÃO PRIMÁRIA À SAÚDE - PAP;10538747000151;FUNDO MUNICIPAL DE SAUDE;3624;30/04/2024;PROPOSTA PAGA;Proposta Paga;13/12/2024;R$400.000,00;R$400.000,00;R$400.000,00
2024;71160002;S.PART.;BANCADA DA PARAÍBA;não se aplica;não se aplica;PB;250650;GURJAO;MUNICIPAL;BANCADA OBRIGATÓRIA;CORRENTE;301;1001;1030151192E890025;11/04/2024;36000602824202400;-;FAF;INCREMENTO PAP;2E89;INCREMENTO TEMPORÁRIO AO CUSTEIO DOS SERVIÇOS DE ATENÇÃO PRIMÁRIA À SAÚDE - PAP;INCREMENTO DO PISO DA ATENÇÃO PRIMÁRIA À SAÚDE - PAP;11432444000112;FUNDO MUNICIPAL DE SAUDE DE GURJAO;3676;30/04/2024;PROPOSTA PAGA;Proposta Paga;13/12/2024;R$500.000,00;R$500.000,00;R$500.000,00
2024;71160001;S.PART.;BANCADA DA PARAÍBA;não se aplica;não se aplica;PB;251490;SAO MAMEDE;MUNICIPAL;BANCADA OBRIGATÓRIA;CORRENTE;302;1001;1030251182E900025;08/04/2024;36000599071202400;-;FAF;INCREMENTO MAC;2E90;ATENÇÃO ESPECIALIZADA À SAÚDE;INCREMENTO TEMPORÁRIO DO TETO DA MÉDIA E ALTA COMPLEXIDADE - MAC;04223191000101;FUNDO MUN.DE SAUDE DE SAO MAMEDE-PB;3673;30/04/2024;PROPOSTA PAGA;Proposta Paga;13/12/2024;R$114.955,00;R$114.955,00;R$114.955,00
2024;71160001;S.PART.;BANCADA DA PARAÍBA;não se aplica;não se aplica;PB;250040;ALAGOA NOVA;MUNICIPAL;BANCADA OBRIGATÓRIA;CORRENTE;302;1001;1030251182E900025;03/07/2024;36000630841202400;-;FAF;INCREMENTO MAC;2E90;ATENÇÃO ESPECIALIZADA À SAÚDE;INCREMENTO TEMPORÁRIO DO TETO DA MÉDIA E ALTA COMPLEXIDADE - MAC;11838096000188;FUNDO MUNICIPAL DE SAUDE DE ALAGOA NOVA;4807;04/07/2024;PROPOSTA PAGA;Proposta Paga;13/12/2024;R$100.000,00;R$100.000,00;R$100.000,00
2024;71160002;S.PART.;BANCADA DA PARAÍBA;não se aplica;não se aplica;PB;250920;MASSARANDUBA;MUNICIPAL;BANCADA OBRIGATÓRIA;CORRENTE;301;1001;1030151192E890025;11/04/2024;36000602728202400;-;FAF;INCREMENTO PAP;2E89;INCREMENTO TEMPORÁRIO AO CUSTEIO DOS SERVIÇOS DE ATENÇÃO PRIMÁRIA À SAÚDE - PAP;INCREMENTO DO PISO DA ATENÇÃO PRIMÁRIA À SAÚDE - PAP;10948421000100;FUNDO MUNICIPAL DE SAUDE;3624;30/04/2024;PROPOSTA PAGA;Proposta Paga;13/12/2024;R$200.000,00;R$200.000,00;R$200.000,00
2024;71160001;S.PART.;BANCADA DA PARAÍBA;não se aplica;não se aplica;PB;250750;JOAO PESSOA;MUNICIPAL;BANCADA OBRIGATÓRIA;CORRENTE;302;1001;1030251182E900025;14/04/2024;36000604843202400;-;FAF;INCREMENTO MAC;2E90;ATENÇÃO ESPECIALIZADA À SAÚDE;INCREMENTO TEMPORÁRIO DO TETO DA MÉDIA E ALTA COMPLEXIDADE - MAC;08715618000140;FUNDO MUNICIPAL DE SAUDE;3673;30/04/2024;PROPOSTA PAGA;Proposta Paga;13/12/2024;R$1.614.436,00;R$1.614.436,00;R$1.614.436,00
2024;71160002;S.PART.;BANCADA DA PARAÍBA;não se aplica;não se aplica;PB;250360;CAICARA;MUNICIPAL;BANCADA OBRIGATÓRIA;CORRENTE;301;1001;1030151192E890025;11/04/2024;36000602883202400;-;FAF;INCREMENTO PAP;2E89;INCREMENTO TEMPORÁRIO AO CUSTEIO DOS SERVIÇOS DE ATENÇÃO PRIMÁRIA À SAÚDE - PAP;INCREMENTO DO PISO DA ATENÇÃO PRIMÁRIA À SAÚDE - PAP;17577160000109;FUNDO MUNICIPAL DE SAUDE DE CAICARA;3624;30/04/2024;PROPOSTA PAGA;Proposta Paga;13/12/2024;R$100.000,00;R$100.000,00;R$100.000,00
2024;71160002;S.PART.;BANCADA DA PARAÍBA;não se aplica;não se aplica;PB;251740;ZABELE;MUNICIPAL;BANCADA OBRIGATÓRIA;CORRENTE;301;1001;1030151192E890025;27/03/2024;36000590031202400;-;FAF;INCREMENTO PAP;2E89;INCREMENTO TEMPORÁRIO AO CUSTEIO DOS SERVIÇOS DE ATENÇÃO PRIMÁRIA À SAÚDE - PAP;INCREMENTO DO PISO DA ATENÇÃO PRIMÁRIA À SAÚDE - PAP;11348419000155;FUNDO MUNICIPAL DE SAUDE DE ZABELE;3624;30/04/2024;PROPOSTA PAGA;Proposta Paga;13/12/2024;R$100.000,00;R$100.000,00;R$100.000,00
2024;71160002;S.PART.;BANCADA DA PARAÍBA;não se aplica;não se aplica;PB;251593;SERTAOZINHO;MUNICIPAL;BANCADA OBRIGATÓRIA;CORRENTE;301;1001;1030151192E890025;26/03/2024;36000588217202400;-;FAF;INCREMENTO PAP;2E89;INCREMENTO TEMPORÁRIO AO CUSTEIO DOS SERVIÇOS DE ATENÇÃO PRIMÁRIA À SAÚDE - PAP;INCREMENTO DO PISO DA ATENÇÃO PRIMÁRIA À SAÚDE - PAP;11958034000100;FUNDO MUNICIPAL DE SAUDE DO MUNICIPIO DE SERTAOZINHO-PB;3676;30/04/2024;PROPOSTA PAGA;Proposta Paga;13/12/2024;R$450.000,00;R$450.000,00;R$450.000,00
2024;71160001;S.PART.;BANCADA DA PARAÍBA;não se aplica;não se aplica;PB;251350;SANTANA DE MANGUEIRA;MUNICIPAL;BANCADA OBRIGATÓRIA;CORRENTE;302;1001;1030251182E900025;11/04/2024;36000602933202400;-;FAF;INCREMENTO MAC;2E90;ATENÇÃO ESPECIALIZADA À SAÚDE;INCREMENTO TEMPORÁRIO DO TETO DA MÉDIA E ALTA COMPLEXIDADE - MAC;11285050000189;FUNDO MUNICIPAL DE SAUDE;3666;30/04/2024;PROPOSTA PAGA;Proposta Paga;13/12/2024;R$300.000,00;R$300.000,00;R$300.000,00
2024;71160001;S.PART.;BANCADA DA PARAÍBA;não se aplica;não se aplica;PB;251330;SANTA HELENA;MUNICIPAL;BANCADA OBRIGATÓRIA;CORRENTE;302;1001;1030251182E900025;04/06/2024;36000614642202400;-;FAF;INCREMENTO MAC;2E90;ATENÇÃO ESPECIALIZADA À SAÚDE;INCREMENTO TEMPORÁRIO DO TETO DA MÉDIA E ALTA COMPLEXIDADE - MAC;11245287000136;FUNDO MUNICIPAL DE SAUDE DE SANTA HELENA-PB;4338;10/06/2024;PROPOSTA PAGA;Proposta Paga;13/12/2024;R$421.000,00;R$421.000,00;R$421.000,00
2024;71160002;S.PART.;BANCADA DA PARAÍBA;não se aplica;não se aplica;PB;251080;PATOS;MUNICIPAL;BANCADA OBRIGATÓRIA;CORRENTE;301;1001;1030151192E890025;10/04/2024;36000601013202400;-;FAF;INCREMENTO PAP;2E89;INCREMENTO TEMPORÁRIO AO CUSTEIO DOS SERVIÇOS DE ATENÇÃO PRIMÁRIA À SAÚDE - PAP;INCREMENTO DO PISO DA ATENÇÃO PRIMÁRIA À SAÚDE - PAP;11242822000103;FUNDO MUNICIPAL DE SAUDE;3676;30/04/2024;PROPOSTA PAGA;Proposta Paga;13/12/2024;R$3.000.000,00;R$3.000.000,00;R$3.000.000,00
2024;71160001;S.PART.;BANCADA DA PARAÍBA;não se aplica;não se aplica;PB;251270;REMIGIO;MUNICIPAL;BANCADA OBRIGATÓRIA;CORRENTE;302;1001;1030251182E900025;12/04/2024;36000604170202400;-;FAF;INCREMENTO MAC;2E90;ATENÇÃO ESPECIALIZADA À SAÚDE;INCREMENTO TEMPORÁRIO DO TETO DA MÉDIA E ALTA COMPLEXIDADE - MAC;11376311000176;FUNDO MUNICIPAL DE SAUDE - REMIGIO - PB;3673;30/04/2024;PROPOSTA PAGA;Proposta Paga;13/12/2024;R$500.000,00;R$500.000,00;R$500.000,00
2024;71160001;S.PART.;BANCADA DA PARAÍBA;não se aplica;não se aplica;PB;251370;SANTA RITA;MUNICIPAL;BANCADA OBRIGATÓRIA;CORRENTE;302;1001;1030251182E900025;12/04/2024;36000603358202400;-;FAF;INCREMENTO MAC;2E90;ATENÇÃO ESPECIALIZADA À SAÚDE;INCREMENTO TEMPORÁRIO DO TETO DA MÉDIA E ALTA COMPLEXIDADE - MAC;08694222000163;FUNDO MUNICIPAL DE SAUDE DE SANTA RITA;3673;30/04/2024;PROPOSTA PAGA;Proposta Paga;13/12/2024;R$500.000,00;R$500.000,00;R$500.000,00
2024;71160002;S.PART.;BANCADA DA PARAÍBA;não se aplica;não se aplica;PB;250900;MANAIRA;MUNICIPAL;BANCADA OBRIGATÓRIA;CORRENTE;301;1001;1030151192E890025;01/04/2024;36000592826202400;-;FAF;INCREMENTO PAP;2E89;INCREMENTO TEMPORÁRIO AO CUSTEIO DOS SERVIÇOS DE ATENÇÃO PRIMÁRIA À SAÚDE - PAP;INCREMENTO DO PISO DA ATENÇÃO PRIMÁRIA À SAÚDE - PAP;10522238000130;FUNDO MUNICIPAL DE SAUDE DE MANAIRA;3624;30/04/2024;PROPOSTA PAGA;Proposta Paga;13/12/2024;R$250.000,00;R$250.000,00;R$250.000,00
2024;71160002;S.PART.;BANCADA DA PARAÍBA;não se aplica;não se aplica;PB;250490;CRUZ DO ESPIRITO SANTO;MUNICIPAL;BANCADA OBRIGATÓRIA;CORRENTE;301;1001;1030151192E890025;11/04/2024;36000602274202400;-;FAF;INCREMENTO PAP;2E89;INCREMENTO TEMPORÁRIO AO CUSTEIO DOS SERVIÇOS DE ATENÇÃO PRIMÁRIA À SAÚDE - PAP;INCREMENTO DO PISO DA ATENÇÃO PRIMÁRIA À SAÚDE - PAP;23014200000107;FUNDO MUNICIPAL DE SAUDE DE CRUZ DO ESPIRITO SANTO;3676;30/04/2024;PROPOSTA PAGA;Proposta Paga;13/12/2024;R$33.798,00;R$33.798,00;R$33.798,00
2024;71160002;S.PART.;BANCADA DA PARAÍBA;não se aplica;não se aplica;PB;251615;SOSSEGO;MUNICIPAL;BANCADA OBRIGATÓRIA;CORRENTE;301;1001;1030151192E890025;09/04/2024;36000600153202400;-;FAF;INCREMENTO PAP;2E89;INCREMENTO TEMPORÁRIO AO CUSTEIO DOS SERVIÇOS DE ATENÇÃO PRIMÁRIA À SAÚDE - PAP;INCREMENTO DO PISO DA ATENÇÃO PRIMÁRIA À SAÚDE - PAP;11404679000109;FUNDO MUNICIPAL DE SAUDE;3624;30/04/2024;PROPOSTA PAGA;Proposta Paga;13/12/2024;R$250.000,00;R$250.000,00;R$250.000,00
2024;71160002;S.PART.;BANCADA DA PARAÍBA;não se aplica;não se aplica;PB;250610;FAGUNDES;MUNICIPAL;BANCADA OBRIGATÓRIA;CORRENTE;301;1001;1030151192E890025;12/04/2024;36000604076202400;-;FAF;INCREMENTO PAP;2E89;INCREMENTO TEMPORÁRIO AO CUSTEIO DOS SERVIÇOS DE ATENÇÃO PRIMÁRIA À SAÚDE - PAP;INCREMENTO DO PISO DA ATENÇÃO PRIMÁRIA À SAÚDE - PAP;11307940000144;FUNDO MUNICIPAL DE SAUDE FAGUNDES PB;3624;30/04/2024;PROPOSTA PAGA;Proposta Paga;13/12/2024;R$100.000,00;R$100.000,00;R$100.000,00
2024;71160002;S.PART.;BANCADA DA PARAÍBA;não se aplica;não se aplica;PB;251392;SAO BENTINHO;MUNICIPAL;BANCADA OBRIGATÓRIA;CORRENTE;301;1001;1030151192E890025;01/04/2024;36000593231202400;-;FAF;INCREMENTO PAP;2E89;INCREMENTO TEMPORÁRIO AO CUSTEIO DOS SERVIÇOS DE ATENÇÃO PRIMÁRIA À SAÚDE - PAP;INCREMENTO DO PISO DA ATENÇÃO PRIMÁRIA À SAÚDE - PAP;10770716000121;FUNDO MUNICIPAL DE SAUDE DE SAO BENTINHO;3624;30/04/2024;PROPOSTA PAGA;Proposta Paga;13/12/2024;R$100.000,00;R$100.000,00;R$100.000,00
2024;71160002;S.PART.;BANCADA DA PARAÍBA;não se aplica;não se aplica;PB;250770;JUAZEIRINHO;MUNICIPAL;BANCADA OBRIGATÓRIA;CORRENTE;301;1001;1030151192E890025;27/03/2024;36000590603202400;-;FAF;INCREMENTO PAP;2E89;INCREMENTO TEMPORÁRIO AO CUSTEIO DOS SERVIÇOS DE ATENÇÃO PRIMÁRIA À SAÚDE - PAP;INCREMENTO DO PISO DA ATENÇÃO PRIMÁRIA À SAÚDE - PAP;11277311000119;FUNDO MUNICIPAL DE SAUDE DE JUAZEIRINHO;3624;30/04/2024;PROPOSTA PAGA;Proposta Paga;13/12/2024;R$300.000,00;R$300.000,00;R$300.000,00
2024;71160001;S.PART.;BANCADA DA PARAÍBA;não se aplica;não se aplica;PB;251690;UIRAUNA;MUNICIPAL;BANCADA OBRIGATÓRIA;CORRENTE;302;1001;1030251182E900025;05/04/2024;36000597525202400;-;FAF;INCREMENTO MAC;2E90;ATENÇÃO ESPECIALIZADA À SAÚDE;INCREMENTO TEMPORÁRIO DO TETO DA MÉDIA E ALTA COMPLEXIDADE - MAC;10435066000168;FUNDO MUNICIPAL DE SAUDE;3666;30/04/2024;PROPOSTA PAGA;Proposta Paga;13/12/2024;R$100.000,00;R$100.000,00;R$100.000,00
2024;71160001;S.PART.;BANCADA DA PARAÍBA;não se aplica;não se aplica;PB;251190;PITIMBU;MUNICIPAL;BANCADA OBRIGATÓRIA;CORRENTE;302;1001;1030251182E900025;17/12/2024;36000637455202400;-;FAF;INCREMENTO MAC;2E90;ATENÇÃO ESPECIALIZADA À SAÚDE;INCREMENTO TEMPORÁRIO DO TETO DA MÉDIA E ALTA COMPLEXIDADE - MAC;10557425000150;FUNDO MUNICIPAL DE SAUDE DE PITIMBU;6168;18/12/2024;PROPOSTA PAGA;Proposta Paga;19/02/2025;R$160.000,00;R$160.000,00;R$160.000,00
2024;71160002;S.PART.;BANCADA DA PARAÍBA;não se aplica;não se aplica;PB;251420;SAO JOSE DA LAGOA TAPADA;MUNICIPAL;BANCADA OBRIGATÓRIA;CORRENTE;301;1001;1030151192E890025;28/03/2024;36000591268202400;-;FAF;INCREMENTO PAP;2E89;INCREMENTO TEMPORÁRIO AO CUSTEIO DOS SERVIÇOS DE ATENÇÃO PRIMÁRIA À SAÚDE - PAP;INCREMENTO DO PISO DA ATENÇÃO PRIMÁRIA À SAÚDE - PAP;11420422000132;FUNDO MUNIC DE SAUDE DE JOSE DA LAGOA TAPADA;3624;30/04/2024;PROPOSTA PAGA;Proposta Paga;13/12/2024;R$200.000,00;R$200.000,00;R$200.000,00
2024;71160002;S.PART.;BANCADA DA PARAÍBA;não se aplica;não se aplica;PB;250740;JERICO;MUNICIPAL;BANCADA OBRIGATÓRIA;CORRENTE;301;1001;1030151192E890025;11/04/2024;36000602891202400;-;FAF;INCREMENTO PAP;2E89;INCREMENTO TEMPORÁRIO AO CUSTEIO DOS SERVIÇOS DE ATENÇÃO PRIMÁRIA À SAÚDE - PAP;INCREMENTO DO PISO DA ATENÇÃO PRIMÁRIA À SAÚDE - PAP;12009325000114;FUNDO MUNICIPAL DE SAUDE - FMS;3676;30/04/2024;PROPOSTA PAGA;Proposta Paga;13/12/2024;R$1.000.000,00;R$1.000.000,00;R$1.000.000,00
2024;71160002;S.PART.;BANCADA DA PARAÍBA;não se aplica;não se aplica;PB;250140;BAIA DA TRAICAO;MUNICIPAL;BANCADA OBRIGATÓRIA;CORRENTE;301;1001;1030151192E890025;27/03/2024;36000590532202400;-;FAF;INCREMENTO PAP;2E89;INCREMENTO TEMPORÁRIO AO CUSTEIO DOS SERVIÇOS DE ATENÇÃO PRIMÁRIA À SAÚDE - PAP;INCREMENTO DO PISO DA ATENÇÃO PRIMÁRIA À SAÚDE - PAP;13923732000103;FUNDO MUNICIPAL DE SAUDE DE BAIA DA TRAICAO-PB;3624;30/04/2024;PROPOSTA PAGA;Proposta Paga;13/12/2024;R$250.000,00;R$250.000,00;R$250.000,00
2024;71160002;S.PART.;BANCADA DA PARAÍBA;não se aplica;não se aplica;PB;250340;CACIMBA DE AREIA;MUNICIPAL;BANCADA OBRIGATÓRIA;CORRENTE;301;1001;1030151192E890025;01/04/2024;36000592402202400;-;FAF;INCREMENTO PAP;2E89;INCREMENTO TEMPORÁRIO AO CUSTEIO DOS SERVIÇOS DE ATENÇÃO PRIMÁRIA À SAÚDE - PAP;INCREMENTO DO PISO DA ATENÇÃO PRIMÁRIA À SAÚDE - PAP;10460927000168;FUNDO MUNICIPAL DE SAUDE DE CACIMBA DE AREIA;3624;30/04/2024;PROPOSTA PAGA;Proposta Paga;13/12/2024;R$250.000,00;R$250.000,00;R$250.000,00
2024;71160001;S.PART.;BANCADA DA PARAÍBA;não se aplica;não se aplica;PB;250050;ALAGOINHA;MUNICIPAL;BANCADA OBRIGATÓRIA;CORRENTE;302;1001;1030251182E900025;12/04/2024;36000604051202400;-;FAF;INCREMENTO MAC;2E90;ATENÇÃO ESPECIALIZADA À SAÚDE;INCREMENTO TEMPORÁRIO DO TETO DA MÉDIA E ALTA COMPLEXIDADE - MAC;11757032000152;FUNDO MUNICIPAL DE SAUDE DE ALAGOINHA;3673;30/04/2024;PROPOSTA PAGA;Proposta Paga;13/12/2024;R$700.000,00;R$700.000,00;R$700.000,00
2024;71160002;S.PART.;BANCADA DA PARAÍBA;não se aplica;não se aplica;PB;251410;SAO JOAO DO TIGRE;MUNICIPAL;BANCADA OBRIGATÓRIA;CORRENTE;301;1001;1030151192E890025;27/03/2024;36000590655202400;-;FAF;INCREMENTO PAP;2E89;INCREMENTO TEMPORÁRIO AO CUSTEIO DOS SERVIÇOS DE ATENÇÃO PRIMÁRIA À SAÚDE - PAP;INCREMENTO DO PISO DA ATENÇÃO PRIMÁRIA À SAÚDE - PAP;12899907000113;FUNDO MUNICIPAL DE SAUDE;3676;30/04/2024;PROPOSTA PAGA;Proposta Paga;13/12/2024;R$250.000,00;R$250.000,00;R$250.000,00
2024;71160002;S.PART.;BANCADA DA PARAÍBA;não se aplica;não se aplica;PB;251280;RIACHO DOS CAVALOS;MUNICIPAL;BANCADA OBRIGATÓRIA;CORRENTE;301;1001;1030151192E890025;01/04/2024;36000593301202400;-;FAF;INCREMENTO PAP;2E89;INCREMENTO TEMPORÁRIO AO CUSTEIO DOS SERVIÇOS DE ATENÇÃO PRIMÁRIA À SAÚDE - PAP;INCREMENTO DO PISO DA ATENÇÃO PRIMÁRIA À SAÚDE - PAP;12081925000193;RIACHO DOS CAVALOS FUNDO MUNICIPAL DE SAUDE;3624;30/04/2024;PROPOSTA PAGA;Proposta Paga;13/12/2024;R$100.000,00;R$100.000,00;R$100.000,00
2024;71160002;S.PART.;BANCADA DA PARAÍBA;não se aplica;não se aplica;PB;250240;BONITO DE SANTA FE;MUNICIPAL;BANCADA OBRIGATÓRIA;CORRENTE;301;1001;1030151192E890025;13/04/2024;36000604775202400;-;FAF;INCREMENTO PAP;2E89;INCREMENTO TEMPORÁRIO AO CUSTEIO DOS SERVIÇOS DE ATENÇÃO PRIMÁRIA À SAÚDE - PAP;INCREMENTO DO PISO DA ATENÇÃO PRIMÁRIA À SAÚDE - PAP;11494230000170;FUNDO MUNICIPAL DE SAUDE BONITO DE SANTA FE;3624;30/04/2024;PROPOSTA PAGA;Proposta Paga;13/12/2024;R$300.000,00;R$300.000,00;R$300.000,00
2024;71160002;S.PART.;BANCADA DA PARAÍBA;não se aplica;não se aplica;PB;251065;PARARI;MUNICIPAL;BANCADA OBRIGATÓRIA;CORRENTE;301;1001;1030151192E890025;28/03/2024;36000591154202400;-;FAF;INCREMENTO PAP;2E89;INCREMENTO TEMPORÁRIO AO CUSTEIO DOS SERVIÇOS DE ATENÇÃO PRIMÁRIA À SAÚDE - PAP;INCREMENTO DO PISO DA ATENÇÃO PRIMÁRIA À SAÚDE - PAP;13845567000100;FUNDO MUNICIPAL DE SAUDE DE PARARI;3676;30/04/2024;PROPOSTA PAGA;Proposta Paga;13/12/2024;R$150.000,00;R$150.000,00;R$150.000,00
2024;71160002;S.PART.;BANCADA DA PARAÍBA;não se aplica;não se aplica;PB;250230;BOM SUCESSO;MUNICIPAL;BANCADA OBRIGATÓRIA;CORRENTE;301;1001;1030151192E890025;14/04/2024;36000604854202400;-;FAF;INCREMENTO PAP;2E89;INCREMENTO TEMPORÁRIO AO CUSTEIO DOS SERVIÇOS DE ATENÇÃO PRIMÁRIA À SAÚDE - PAP;INCREMENTO DO PISO DA ATENÇÃO PRIMÁRIA À SAÚDE - PAP;12403050000107;FUNDO MUNICIPAL DE SAUDE - FMS;3676;30/04/2024;PROPOSTA PAGA;Proposta Paga;13/12/2024;R$500.000,00;R$500.000,00;R$500.000,00
2024;71160002;S.PART.;BANCADA DA PARAÍBA;não se aplica;não se aplica;PB;251530;SAPE;MUNICIPAL;BANCADA OBRIGATÓRIA;CORRENTE;301;1001;1030151192E890025;08/04/2024;36000599750202400;-;FAF;INCREMENTO PAP;2E89;INCREMENTO TEMPORÁRIO AO CUSTEIO DOS SERVIÇOS DE ATENÇÃO PRIMÁRIA À SAÚDE - PAP;INCREMENTO DO PISO DA ATENÇÃO PRIMÁRIA À SAÚDE - PAP;08036438000131;FUNDO MUNICIPAL DE SAUDE DE SAPE;3676;30/04/2024;PROPOSTA PAGA;Proposta Paga;13/12/2024;R$500.000,00;R$500.000,00;R$500.000,00
2024;71160002;S.PART.;BANCADA DA PARAÍBA;não se aplica;não se aplica;PB;251274;RIACHAO;MUNICIPAL;BANCADA OBRIGATÓRIA;CORRENTE;301;1001;1030151192E890025;11/04/2024;36000602737202400;-;FAF;INCREMENTO PAP;2E89;INCREMENTO TEMPORÁRIO AO CUSTEIO DOS SERVIÇOS DE ATENÇÃO PRIMÁRIA À SAÚDE - PAP;INCREMENTO DO PISO DA ATENÇÃO PRIMÁRIA À SAÚDE - PAP;12011137000120;FUNDO MUNICIPAL DE SAUDE DE RIACHAO;3624;30/04/2024;PROPOSTA PAGA;Proposta Paga;13/12/2024;R$200.000,00;R$200.000,00;R$200.000,00
2024;71160001;S.PART.;BANCADA DA PARAÍBA;não se aplica;não se aplica;PB;250370;CAJAZEIRAS;MUNICIPAL;BANCADA OBRIGATÓRIA;CORRENTE;302;1001;1030251182E900025;05/04/2024;36000597538202400;-;FAF;INCREMENTO MAC;2E90;ATENÇÃO ESPECIALIZADA À SAÚDE;INCREMENTO TEMPORÁRIO DO TETO DA MÉDIA E ALTA COMPLEXIDADE - MAC;11902878000139;MUNICIPIO DE CAJAZEIRAS FUNDO MUNICIPAL DE SAUDE - FMS;3673;30/04/2024;PROPOSTA PAGA;Proposta Paga;13/12/2024;R$800.000,00;R$800.000,00;R$800.000,00
2024;71160002;S.PART.;BANCADA DA PARAÍBA;não se aplica;não se aplica;PB;251160;PILOES;MUNICIPAL;BANCADA OBRIGATÓRIA;CORRENTE;301;1001;1030151192E890025;01/04/2024;36000593268202400;-;FAF;INCREMENTO PAP;2E89;INCREMENTO TEMPORÁRIO AO CUSTEIO DOS SERVIÇOS DE ATENÇÃO PRIMÁRIA À SAÚDE - PAP;INCREMENTO DO PISO DA ATENÇÃO PRIMÁRIA À SAÚDE - PAP;12044868000172;FUNDO MUNICIPAL DE SAUDE - PILOES-PB;3624;30/04/2024;PROPOSTA PAGA;Proposta Paga;13/12/2024;R$250.000,00;R$250.000,00;R$250.000,00
2024;71160002;S.PART.;BANCADA DA PARAÍBA;não se aplica;não se aplica;PB;250937;MATO GROSSO;MUNICIPAL;BANCADA OBRIGATÓRIA;CORRENTE;301;1001;1030151192E890025;22/04/2024;36000607785202400;-;FAF;INCREMENTO PAP;2E89;INCREMENTO TEMPORÁRIO AO CUSTEIO DOS SERVIÇOS DE ATENÇÃO PRIMÁRIA À SAÚDE - PAP;INCREMENTO DO PISO DA ATENÇÃO PRIMÁRIA À SAÚDE - PAP;11951131000170;FUNDO MUNICIPAL DE SAUDE DE MATO GROSSO PB;3676;30/04/2024;PROPOSTA PAGA;Proposta Paga;13/12/2024;R$100.000,00;R$100.000,00;R$100.000,00
2024;71160002;S.PART.;BANCADA DA PARAÍBA;não se aplica;não se aplica;PB;251400;SAO JOAO DO CARIRI;MUNICIPAL;BANCADA OBRIGATÓRIA;CORRENTE;301;1001;1030151192E890025;15/04/2024;36000605158202400;-;FAF;INCREMENTO PAP;2E89;INCREMENTO TEMPORÁRIO AO CUSTEIO DOS SERVIÇOS DE ATENÇÃO PRIMÁRIA À SAÚDE - PAP;INCREMENTO DO PISO DA ATENÇÃO PRIMÁRIA À SAÚDE - PAP;12447221000191;FUNDO MUNICIPAL DE SAUDE DE SAO JOAO DO CARIRI - PB;3624;30/04/2024;PROPOSTA PAGA;Proposta Paga;13/12/2024;R$108.439,00;R$108.439,00;R$108.439,00
2024;71160002;S.PART.;BANCADA DA PARAÍBA;não se aplica;não se aplica;PB;250625;GADO BRAVO;MUNICIPAL;BANCADA OBRIGATÓRIA;CORRENTE;301;1001;1030151192E890025;01/04/2024;36000593543202400;-;FAF;INCREMENTO PAP;2E89;INCREMENTO TEMPORÁRIO AO CUSTEIO DOS SERVIÇOS DE ATENÇÃO PRIMÁRIA À SAÚDE - PAP;INCREMENTO DO PISO DA ATENÇÃO PRIMÁRIA À SAÚDE - PAP;11136097000180;FUNDO MUNICIPAL DE SAUDE GADO BRAVO;3624;30/04/2024;PROPOSTA PAGA;Proposta Paga;13/12/2024;R$150.000,00;R$150.000,00;R$150.000,00
2024;71160002;S.PART.;BANCADA DA PARAÍBA;não se aplica;não se aplica;PB;251210;POMBAL;MUNICIPAL;BANCADA OBRIGATÓRIA;CORRENTE;301;1001;1030151192E890025;28/03/2024;36000590662202400;-;FAF;INCREMENTO PAP;2E89;INCREMENTO TEMPORÁRIO AO CUSTEIO DOS SERVIÇOS DE ATENÇÃO PRIMÁRIA À SAÚDE - PAP;INCREMENTO DO PISO DA ATENÇÃO PRIMÁRIA À SAÚDE - PAP;10602526000103;FUNDO MUNICIPAL DE SAUDE;3624;30/04/2024;PROPOSTA PAGA;Proposta Paga;13/12/2024;R$300.000,00;R$300.000,00;R$300.000,00
2024;71160002;S.PART.;BANCADA DA PARAÍBA;não se aplica;não se aplica;PB;251445;SAO JOSE DOS RAMOS;MUNICIPAL;BANCADA OBRIGATÓRIA;CORRENTE;301;1001;1030151192E890025;04/04/2024;36000596304202400;-;FAF;INCREMENTO PAP;2E89;INCREMENTO TEMPORÁRIO AO CUSTEIO DOS SERVIÇOS DE ATENÇÃO PRIMÁRIA À SAÚDE - PAP;INCREMENTO DO PISO DA ATENÇÃO PRIMÁRIA À SAÚDE - PAP;11227813000135;FUNDO MUNICIPAL DE SAUDE DE SAO JOSE DOS RAMOS;3624;30/04/2024;PROPOSTA PAGA;Proposta Paga;13/12/2024;R$150.000,00;R$150.000,00;R$150.000,00
2024;71160002;S.PART.;BANCADA DA PARAÍBA;não se aplica;não se aplica;PB;251450;SAO JOSE DE PIRANHAS;MUNICIPAL;BANCADA OBRIGATÓRIA;CORRENTE;301;1001;1030151192E890025;02/04/2024;36000594511202400;-;FAF;INCREMENTO PAP;2E89;INCREMENTO TEMPORÁRIO AO CUSTEIO DOS SERVIÇOS DE ATENÇÃO PRIMÁRIA À SAÚDE - PAP;INCREMENTO DO PISO DA ATENÇÃO PRIMÁRIA À SAÚDE - PAP;11602227000123;FUNDO MUNICIPAL DE SAUDE;3624;30/04/2024;PROPOSTA PAGA;Proposta Paga;13/12/2024;R$400.000,00;R$400.000,00;R$400.000,00
2024;71160001;S.PART.;BANCADA DA PARAÍBA;não se aplica;não se aplica;PB;250350;CACIMBA DE DENTRO;MUNICIPAL;BANCADA OBRIGATÓRIA;CORRENTE;302;1001;1030251182E900025;12/04/2024;36000604019202400;-;FAF;INCREMENTO MAC;2E90;ATENÇÃO ESPECIALIZADA À SAÚDE;INCREMENTO TEMPORÁRIO DO TETO DA MÉDIA E ALTA COMPLEXIDADE - MAC;12011663000190;FUNDO MUNICIPAL DE SAUDE DE CACIMBA DE DENTRO;3666;30/04/2024;PROPOSTA PAGA;Proposta Paga;13/12/2024;R$100.000,00;R$100.000,00;R$100.000,00
2024;71160002;S.PART.;BANCADA DA PARAÍBA;não se aplica;não se aplica;PB;251380;SANTA TERESINHA;MUNICIPAL;BANCADA OBRIGATÓRIA;CORRENTE;301;1001;1030151192E890025;04/04/2024;36000597269202400;-;FAF;INCREMENTO PAP;2E89;INCREMENTO TEMPORÁRIO AO CUSTEIO DOS SERVIÇOS DE ATENÇÃO PRIMÁRIA À SAÚDE - PAP;INCREMENTO DO PISO DA ATENÇÃO PRIMÁRIA À SAÚDE - PAP;12447227000169;FUNDO MUNICIPAL DE SAUDE DE SANTA TEREZINHA;3624;30/04/2024;PROPOSTA PAGA;Proposta Paga;13/12/2024;R$250.000,00;R$250.000,00;R$250.000,00
2024;71160002;S.PART.;BANCADA DA PARAÍBA;não se aplica;não se aplica;PB;250030;ALAGOA GRANDE;MUNICIPAL;BANCADA OBRIGATÓRIA;CORRENTE;301;1001;1030151192E890025;27/03/2024;36000590253202400;-;FAF;INCREMENTO PAP;2E89;INCREMENTO TEMPORÁRIO AO CUSTEIO DOS SERVIÇOS DE ATENÇÃO PRIMÁRIA À SAÚDE - PAP;INCREMENTO DO PISO DA ATENÇÃO PRIMÁRIA À SAÚDE - PAP;17698753000115;FUNDO MUNICIPAL DE SAUDE DE ALAGOA GRANDE;3624;30/04/2024;PROPOSTA PAGA;Proposta Paga;13/12/2024;R$300.000,00;R$300.000,00;R$300.000,00
2024;71160002;S.PART.;BANCADA DA PARAÍBA;não se aplica;não se aplica;PB;250280;BREJO DO CRUZ;MUNICIPAL;BANCADA OBRIGATÓRIA;CORRENTE;301;1001;1030151192E890025;27/03/2024;36000590549202400;-;FAF;INCREMENTO PAP;2E89;INCREMENTO TEMPORÁRIO AO CUSTEIO DOS SERVIÇOS DE ATENÇÃO PRIMÁRIA À SAÚDE - PAP;INCREMENTO DO PISO DA ATENÇÃO PRIMÁRIA À SAÚDE - PAP;12452534000138;FUNDO MUNICIPAL DE SAUDE DE BREJO DO CRUZ;3624;30/04/2024;PROPOSTA PAGA;Proposta Paga;13/12/2024;R$300.000,00;R$300.000,00;R$300.000,00
2024;71160002;S.PART.;BANCADA DA PARAÍBA;não se aplica;não se aplica;PB;250330;CACHOEIRA DOS INDIOS;MUNICIPAL;BANCADA OBRIGATÓRIA;CORRENTE;301;1001;1030151192E890025;11/04/2024;36000602601202400;-;FAF;INCREMENTO PAP;2E89;INCREMENTO TEMPORÁRIO AO CUSTEIO DOS SERVIÇOS DE ATENÇÃO PRIMÁRIA À SAÚDE - PAP;INCREMENTO DO PISO DA ATENÇÃO PRIMÁRIA À SAÚDE - PAP;11332636000157;FUNDO MUNICIPAL DE SAUDE - FMSCI;3676;30/04/2024;PROPOSTA PAGA;Proposta Paga;13/12/2024;R$300.000,00;R$300.000,00;R$300.000,00
2024;71160002;S.PART.;BANCADA DA PARAÍBA;não se aplica;não se aplica;PB;250450;CONDADO;MUNICIPAL;BANCADA OBRIGATÓRIA;CORRENTE;301;1001;1030151192E890025;09/04/2024;36000600348202400;-;FAF;INCREMENTO PAP;2E89;INCREMENTO TEMPORÁRIO AO CUSTEIO DOS SERVIÇOS DE ATENÇÃO PRIMÁRIA À SAÚDE - PAP;INCREMENTO DO PISO DA ATENÇÃO PRIMÁRIA À SAÚDE - PAP;04275034000140;FUNDO MUNICIPAL DE SAUDE;3624;30/04/2024;PROPOSTA PAGA;Proposta Paga;13/12/2024;R$300.000,00;R$300.000,00;R$300.000,00
2024;71160002;S.PART.;BANCADA DA PARAÍBA;não se aplica;não se aplica;PB;250620;FREI MARTINHO;MUNICIPAL;BANCADA OBRIGATÓRIA;CORRENTE;301;1001;1030151192E890025;01/04/2024;36000593541202400;-;FAF;INCREMENTO PAP;2E89;INCREMENTO TEMPORÁRIO AO CUSTEIO DOS SERVIÇOS DE ATENÇÃO PRIMÁRIA À SAÚDE - PAP;INCREMENTO DO PISO DA ATENÇÃO PRIMÁRIA À SAÚDE - PAP;11252030000101;FUNDO MUNICIPAL DE SAUDE DE FREI MARTINHO;3624;30/04/2024;PROPOSTA PAGA;Proposta Paga;13/12/2024;R$150.000,00;R$150.000,00;R$150.000,00
2024;71160002;S.PART.;BANCADA DA PARAÍBA;não se aplica;não se aplica;PB;250830;LAGOA SECA;MUNICIPAL;BANCADA OBRIGATÓRIA;CORRENTE;301;1001;1030151192E890025;26/03/2024;36000588216202400;-;FAF;INCREMENTO PAP;2E89;INCREMENTO TEMPORÁRIO AO CUSTEIO DOS SERVIÇOS DE ATENÇÃO PRIMÁRIA À SAÚDE - PAP;INCREMENTO DO PISO DA ATENÇÃO PRIMÁRIA À SAÚDE - PAP;11264183000179;FUNDO MUNICIPAL DE SAUDE;3624;30/04/2024;PROPOSTA PAGA;Proposta Paga;13/12/2024;R$300.000,00;R$300.000,00;R$300.000,00
2024;71160002;S.PART.;BANCADA DA PARAÍBA;não se aplica;não se aplica;PB;251480;SAO JOSE DOS CORDEIROS;MUNICIPAL;BANCADA OBRIGATÓRIA;CORRENTE;301;1001;1030151192E890025;01/04/2024;36000592629202400;-;FAF;INCREMENTO PAP;2E89;INCREMENTO TEMPORÁRIO AO CUSTEIO DOS SERVIÇOS DE ATENÇÃO PRIMÁRIA À SAÚDE - PAP;INCREMENTO DO PISO DA ATENÇÃO PRIMÁRIA À SAÚDE - PAP;13491027000176;FUNDO MUNICIPAL DE SAUDE DE SAO JOSE DOS CORDEIROS - PB;3676;30/04/2024;PROPOSTA PAGA;Proposta Paga;13/12/2024;R$409.004,00;R$409.004,00;R$409.004,00
2024;71160001;S.PART.;BANCADA DA PARAÍBA;não se aplica;não se aplica;PB;250560;DIAMANTE;MUNICIPAL;BANCADA OBRIGATÓRIA;CORRENTE;302;1001;1030251182E900025;12/04/2024;36000603492202400;-;FAF;INCREMENTO MAC;2E90;ATENÇÃO ESPECIALIZADA À SAÚDE;INCREMENTO TEMPORÁRIO DO TETO DA MÉDIA E ALTA COMPLEXIDADE - MAC;10382118000185;FUNDO MUNICIPAL DE SAUDE DE DIAMANTE;3666;30/04/2024;PROPOSTA PAGA;Proposta Paga;13/12/2024;R$100.000,00;R$100.000,00;R$100.000,00
2024;71160001;S.PART.;BANCADA DA PARAÍBA;não se aplica;não se aplica;PB;250680;INGA;MUNICIPAL;BANCADA OBRIGATÓRIA;CORRENTE;302;1001;1030251182E900025;05/04/2024;36000597454202400;-;FAF;INCREMENTO MAC;2E90;ATENÇÃO ESPECIALIZADA À SAÚDE;INCREMENTO TEMPORÁRIO DO TETO DA MÉDIA E ALTA COMPLEXIDADE - MAC;08610110000187;FUNDO MUNICIPAL DE SAUDE DE INGA/PB;3666;30/04/2024;PROPOSTA PAGA;Proposta Paga;13/12/2024;R$100.000,00;R$100.000,00;R$100.000,00
2024;71160002;S.PART.;BANCADA DA PARAÍBA;não se aplica;não se aplica;PB;250523;CUITE DE MAMANGUAPE;MUNICIPAL;BANCADA OBRIGATÓRIA;CORRENTE;301;1001;1030151192E890025;28/03/2024;36000590883202400;-;FAF;INCREMENTO PAP;2E89;INCREMENTO TEMPORÁRIO AO CUSTEIO DOS SERVIÇOS DE ATENÇÃO PRIMÁRIA À SAÚDE - PAP;INCREMENTO DO PISO DA ATENÇÃO PRIMÁRIA À SAÚDE - PAP;13099820000124;CUITE DE MAMANGUAPE FUNDO MUNICIPAL DE SAUDE;3624;30/04/2024;PROPOSTA PAGA;Proposta Paga;13/12/2024;R$500.000,00;R$500.000,00;R$500.000,00
2023;71160002;S.PART.;BANCADA DA PARAÍBA;não se aplica;não se aplica;PB;250937;MATO GROSSO;MUNICIPAL;BANCADA OBRIGATÓRIA;CORRENTE;301;1001;1030150192E890025;08/05/2023;36000519073202300;-;FAF;INCREMENTO PAP;2E89;INCREMENTO TEMPORÁRIO AO CUSTEIO DOS SERVIÇOS DE ATENÇÃO PRIMÁRIA À SAÚDE - PAP;INCREMENTO DO PISO DA ATENÇÃO PRIMÁRIA À SAÚDE - PAP;11951131000170;FUNDO MUNICIPAL DE SAUDE DE MATO GROSSO PB;782;04/07/2023;PROPOSTA PAGA;Proposta Paga;02/10/2023;R$250.000,00;R$250.000,00;R$250.000,00
2023;71160002;S.PART.;BANCADA DA PARAÍBA;não se aplica;não se aplica;PB;251090;PAULISTA;MUNICIPAL;BANCADA OBRIGATÓRIA;CORRENTE;301;1001;1030150192E890025;20/12/2023;36000578262202300;-;FAF;INCREMENTO PAP;2E89;INCREMENTO TEMPORÁRIO AO CUSTEIO DOS SERVIÇOS DE ATENÇÃO PRIMÁRIA À SAÚDE - PAP;INCREMENTO DO PISO DA ATENÇÃO PRIMÁRIA À SAÚDE - PAP;11247833000178;FUNDO MUNICIPAL DE SAUDE;2556;21/12/2023;PROPOSTA PAGA;Proposta Paga;13/03/2024;R$250.000,00;R$250.000,00;R$250.000,00
2023;71160001;S.PART.;BANCADA DA PARAÍBA;não se aplica;não se aplica;PB;250610;FAGUNDES;MUNICIPAL;BANCADA OBRIGATÓRIA;CORRENTE;302;1001;1030250182E900025;08/05/2023;36000519669202300;-;FAF;INCREMENTO MAC;2E90;INCREMENTO TEMPORÁRIO - MAC;INCREMENTO DO CUSTEIO DA MÉDIA E ALTA COMPLEXIDADE (MAC);11307940000144;FUNDO MUNICIPAL DE SAUDE FAGUNDES PB;999;20/07/2023;PROPOSTA PAGA;Proposta Paga;03/10/2023;R$51.315,00;R$51.315,00;R$51.315,00
2023;71160002;S.PART.;BANCADA DA PARAÍBA;não se aplica;não se aplica;PB;250215;BOA VISTA;MUNICIPAL;BANCADA OBRIGATÓRIA;CORRENTE;301;1001;1030150192E890025;05/05/2023;36000518337202300;-;FAF;INCREMENTO PAP;2E89;INCREMENTO TEMPORÁRIO AO CUSTEIO DOS SERVIÇOS DE ATENÇÃO PRIMÁRIA À SAÚDE - PAP;INCREMENTO DO PISO DA ATENÇÃO PRIMÁRIA À SAÚDE - PAP;12868705000104;FUNDO MUNICIPAL DE SAUDE;970;20/07/2023;PROPOSTA PAGA;Proposta Paga;02/10/2023;R$100.000,00;R$100.000,00;R$100.000,00
2023;71160002;S.PART.;BANCADA DA PARAÍBA;não se aplica;não se aplica;PB;250300;CAAPORA;MUNICIPAL;BANCADA OBRIGATÓRIA;CORRENTE;301;1001;1030150192E890025;02/05/2023;36000515859202300;-;FAF;INCREMENTO PAP;2E89;INCREMENTO TEMPORÁRIO AO CUSTEIO DOS SERVIÇOS DE ATENÇÃO PRIMÁRIA À SAÚDE - PAP;INCREMENTO DO PISO DA ATENÇÃO PRIMÁRIA À SAÚDE - PAP;10975044000190;FUNDO MUNICIPAL DE SAUDE - FMS;970;20/07/2023;PROPOSTA PAGA;Proposta Paga;02/10/2023;R$150.000,00;R$150.000,00;R$150.000,00
2023;71160001;S.PART.;BANCADA DA PARAÍBA;não se aplica;não se aplica;PB;250510;CUITE;MUNICIPAL;BANCADA OBRIGATÓRIA;CORRENTE;302;1001;1030250182E900025;02/05/2023;36000515963202300;-;FAF;INCREMENTO MAC;2E90;INCREMENTO TEMPORÁRIO - MAC;INCREMENTO DO CUSTEIO DA MÉDIA E ALTA COMPLEXIDADE (MAC);11404674000178;FUNDO MUNICIPAL DE SAUDE;999;20/07/2023;PROPOSTA PAGA;Proposta Paga;03/10/2023;R$100.000,00;R$100.000,00;R$100.000,00
2023;71160002;S.PART.;BANCADA DA PARAÍBA;não se aplica;não se aplica;PB;250933;MATINHAS;MUNICIPAL;BANCADA OBRIGATÓRIA;CORRENTE;301;1001;1030150192E890025;02/05/2023;36000516651202300;-;FAF;INCREMENTO PAP;2E89;INCREMENTO TEMPORÁRIO AO CUSTEIO DOS SERVIÇOS DE ATENÇÃO PRIMÁRIA À SAÚDE - PAP;INCREMENTO DO PISO DA ATENÇÃO PRIMÁRIA À SAÚDE - PAP;12012166000107;FUNDO MUNICIPAL DE SAUDE;970;20/07/2023;PROPOSTA PAGA;Proposta Paga;02/10/2023;R$150.000,00;R$150.000,00;R$150.000,00
2023;71160001;S.PART.;BANCADA DA PARAÍBA;não se aplica;não se aplica;PB;250060;ALHANDRA;MUNICIPAL;BANCADA OBRIGATÓRIA;CORRENTE;302;1001;1030250182E900025;03/05/2023;36000516856202300;-;FAF;INCREMENTO MAC;2E90;INCREMENTO TEMPORÁRIO - MAC;INCREMENTO DO CUSTEIO DA MÉDIA E ALTA COMPLEXIDADE (MAC);11490408000105;FUNDO MUNICIPAL DE SAUDE;1037;28/07/2023;PROPOSTA PAGA;Proposta Paga;02/10/2023;R$200.000,00;R$200.000,00;R$200.000,00
2023;71160001;S.PART.;BANCADA DA PARAÍBA;não se aplica;não se aplica;PB;251650;TAPEROA;MUNICIPAL;BANCADA OBRIGATÓRIA;CORRENTE;302;1001;1030250182E900025;02/05/2023;36000516262202300;-;FAF;INCREMENTO MAC;2E90;INCREMENTO TEMPORÁRIO - MAC;INCREMENTO DO CUSTEIO DA MÉDIA E ALTA COMPLEXIDADE (MAC);11850452000189;FUNDO MUNICIPAL DE SAUDE DE TAPEROA;811;03/07/2023;PROPOSTA PAGA;Proposta Paga;02/10/2023;R$450.000,00;R$450.000,00;R$450.000,00
2023;71160001;S.PART.;BANCADA DA PARAÍBA;não se aplica;não se aplica;PB;250600;ESPERANCA;MUNICIPAL;BANCADA OBRIGATÓRIA;CORRENTE;302;1001;1030250182E900025;04/05/2023;36000517267202300;-;FAF;INCREMENTO MAC;2E90;INCREMENTO TEMPORÁRIO - MAC;INCREMENTO DO CUSTEIO DA MÉDIA E ALTA COMPLEXIDADE (MAC);12011984000195;FUNDO MUNICIPAL DE SAUDE;811;03/07/2023;PROPOSTA PAGA;Proposta Paga;03/10/2023;R$465.366,00;R$465.366,00;R$465.366,00
2023;71160002;S.PART.;BANCADA DA PARAÍBA;não se aplica;não se aplica;PB;251290;RIO TINTO;MUNICIPAL;BANCADA OBRIGATÓRIA;CORRENTE;301;1001;1030150192E890025;22/08/2023;36000570413202300;-;FAF;INCREMENTO PAP;2E89;INCREMENTO TEMPORÁRIO AO CUSTEIO DOS SERVIÇOS DE ATENÇÃO PRIMÁRIA À SAÚDE - PAP;INCREMENTO DO PISO DA ATENÇÃO PRIMÁRIA À SAÚDE - PAP;12457150000108;FUNDO MUNICIPAL DE SAUDE DE RIO TINTO;1227;13/09/2023;PROPOSTA PAGA;Proposta Paga;08/11/2023;R$200.000,00;R$200.000,00;R$200.000,00
2023;71160002;S.PART.;BANCADA DA PARAÍBA;não se aplica;não se aplica;PB;250157;BARRA DE SANTANA;MUNICIPAL;BANCADA OBRIGATÓRIA;CORRENTE;301;1001;1030150192E890025;26/12/2023;36000578802202300;-;FAF;INCREMENTO PAP;2E89;INCREMENTO TEMPORÁRIO AO CUSTEIO DOS SERVIÇOS DE ATENÇÃO PRIMÁRIA À SAÚDE - PAP;INCREMENTO DO PISO DA ATENÇÃO PRIMÁRIA À SAÚDE - PAP;11109361000197;FUNDO MUNICIPAL DE SAUDE BARRA DE SANTANA;2786;28/12/2023;PROPOSTA PAGA;Proposta Paga;13/03/2024;R$65.849,00;R$65.849,00;R$65.849,00
2023;71160002;S.PART.;BANCADA DA PARAÍBA;não se aplica;não se aplica;PB;250060;ALHANDRA;MUNICIPAL;BANCADA OBRIGATÓRIA;CORRENTE;301;1001;1030150192E890025;03/05/2023;36000516851202300;-;FAF;INCREMENTO PAP;2E89;INCREMENTO TEMPORÁRIO AO CUSTEIO DOS SERVIÇOS DE ATENÇÃO PRIMÁRIA À SAÚDE - PAP;INCREMENTO DO PISO DA ATENÇÃO PRIMÁRIA À SAÚDE - PAP;11490408000105;FUNDO MUNICIPAL DE SAUDE;782;04/07/2023;PROPOSTA PAGA;Proposta Paga;02/10/2023;R$300.000,00;R$300.000,00;R$300.000,00
2023;71160002;S.PART.;BANCADA DA PARAÍBA;não se aplica;não se aplica;PB;250300;CAAPORA;MUNICIPAL;BANCADA OBRIGATÓRIA;CORRENTE;301;1001;1030150192E890025;02/05/2023;36000515858202300;-;FAF;INCREMENTO PAP;2E89;INCREMENTO TEMPORÁRIO AO CUSTEIO DOS SERVIÇOS DE ATENÇÃO PRIMÁRIA À SAÚDE - PAP;INCREMENTO DO PISO DA ATENÇÃO PRIMÁRIA À SAÚDE - PAP;10975044000190;FUNDO MUNICIPAL DE SAUDE - FMS;782;04/07/2023;PROPOSTA PAGA;Proposta Paga;02/10/2023;R$300.000,00;R$300.000,00;R$300.000,00
2023;71160001;S.PART.;BANCADA DA PARAÍBA;não se aplica;não se aplica;PB;250050;ALAGOINHA;MUNICIPAL;BANCADA OBRIGATÓRIA;CORRENTE;302;1001;1030250182E900025;05/05/2023;36000518007202300;-;FAF;INCREMENTO MAC;2E90;INCREMENTO TEMPORÁRIO - MAC;INCREMENTO DO CUSTEIO DA MÉDIA E ALTA COMPLEXIDADE (MAC);11757032000152;FUNDO MUNICIPAL DE SAUDE DE ALAGOINHA;1024;28/07/2023;PROPOSTA PAGA;Proposta Paga;02/10/2023;R$80.000,00;R$80.000,00;R$80.000,00
2023;71160002;S.PART.;BANCADA DA PARAÍBA;não se aplica;não se aplica;PB;250157;BARRA DE SANTANA;MUNICIPAL;BANCADA OBRIGATÓRIA;CORRENTE;301;1001;1030150192E890025;02/05/2023;36000515720202300;-;FAF;INCREMENTO PAP;2E89;INCREMENTO TEMPORÁRIO AO CUSTEIO DOS SERVIÇOS DE ATENÇÃO PRIMÁRIA À SAÚDE - PAP;INCREMENTO DO PISO DA ATENÇÃO PRIMÁRIA À SAÚDE - PAP;11109361000197;FUNDO MUNICIPAL DE SAUDE BARRA DE SANTANA;970;20/07/2023;PROPOSTA PAGA;Proposta Paga;02/10/2023;R$150.000,00;R$150.000,00;R$150.000,00
2023;71160002;S.PART.;BANCADA DA PARAÍBA;não se aplica;não se aplica;PB;250620;FREI MARTINHO;MUNICIPAL;BANCADA OBRIGATÓRIA;CORRENTE;301;1001;1030150192E890025;02/05/2023;36000516692202300;-;FAF;INCREMENTO PAP;2E89;INCREMENTO TEMPORÁRIO AO CUSTEIO DOS SERVIÇOS DE ATENÇÃO PRIMÁRIA À SAÚDE - PAP;INCREMENTO DO PISO DA ATENÇÃO PRIMÁRIA À SAÚDE - PAP;11252030000101;FUNDO MUNICIPAL DE SAUDE DE FREI MARTINHO;782;04/07/2023;PROPOSTA PAGA;Proposta Paga;02/10/2023;R$350.000,00;R$350.000,00;R$350.000,00
2023;71160002;S.PART.;BANCADA DA PARAÍBA;não se aplica;não se aplica;PB;251740;ZABELE;MUNICIPAL;BANCADA OBRIGATÓRIA;CORRENTE;301;1001;1030150192E890025;02/05/2023;36000515582202300;-;FAF;INCREMENTO PAP;2E89;INCREMENTO TEMPORÁRIO AO CUSTEIO DOS SERVIÇOS DE ATENÇÃO PRIMÁRIA À SAÚDE - PAP;INCREMENTO DO PISO DA ATENÇÃO PRIMÁRIA À SAÚDE - PAP;11348419000155;FUNDO MUNICIPAL DE SAUDE DE ZABELE;970;20/07/2023;PROPOSTA PAGA;Proposta Paga;02/10/2023;R$173.902,00;R$173.902,00;R$173.902,00
2023;71160002;S.PART.;BANCADA DA PARAÍBA;não se aplica;não se aplica;PB;250280;BREJO DO CRUZ;MUNICIPAL;BANCADA OBRIGATÓRIA;CORRENTE;301;1001;1030150192E890025;02/05/2023;36000515798202300;-;FAF;INCREMENTO PAP;2E89;INCREMENTO TEMPORÁRIO AO CUSTEIO DOS SERVIÇOS DE ATENÇÃO PRIMÁRIA À SAÚDE - PAP;INCREMENTO DO PISO DA ATENÇÃO PRIMÁRIA À SAÚDE - PAP;12452534000138;FUNDO MUNICIPAL DE SAUDE DE BREJO DO CRUZ;782;04/07/2023;PROPOSTA PAGA;Proposta Paga;02/10/2023;R$625.000,00;R$625.000,00;R$625.000,00
2023;71160001;S.PART.;BANCADA DA PARAÍBA;não se aplica;não se aplica;PB;250750;JOAO PESSOA;MUNICIPAL;BANCADA OBRIGATÓRIA;CORRENTE;302;1001;1030250182E900025;09/05/2023;36000521089202300;-;FAF;INCREMENTO MAC;2E90;INCREMENTO TEMPORÁRIO - MAC;INCREMENTO DO CUSTEIO DA MÉDIA E ALTA COMPLEXIDADE (MAC);08715618000140;FUNDO MUNICIPAL DE SAUDE;1037;28/07/2023;PROPOSTA PAGA;Proposta Paga;03/10/2023;R$200.000,00;R$200.000,00;R$200.000,00
2023;71160001;S.PART.;BANCADA DA PARAÍBA;não se aplica;não se aplica;PB;250750;JOAO PESSOA;MUNICIPAL;BANCADA OBRIGATÓRIA;CORRENTE;302;1001;1030250182E900025;09/05/2023;36000521066202300;-;FAF;INCREMENTO MAC;2E90;INCREMENTO TEMPORÁRIO - MAC;INCREMENTO DO CUSTEIO DA MÉDIA E ALTA COMPLEXIDADE (MAC);08715618000140;FUNDO MUNICIPAL DE SAUDE;811;03/07/2023;PROPOSTA PAGA;Proposta Paga;03/10/2023;R$300.000,00;R$300.000,00;R$300.000,00
2023;71160002;S.PART.;BANCADA DA PARAÍBA;não se aplica;não se aplica;PB;250790;JURIPIRANGA;MUNICIPAL;BANCADA OBRIGATÓRIA;CORRENTE;301;1001;1030150192E890025;02/05/2023;36000516060202300;-;FAF;INCREMENTO PAP;2E89;INCREMENTO TEMPORÁRIO AO CUSTEIO DOS SERVIÇOS DE ATENÇÃO PRIMÁRIA À SAÚDE - PAP;INCREMENTO DO PISO DA ATENÇÃO PRIMÁRIA À SAÚDE - PAP;11164805000197;FUNDO MUNICIPAL DE SAUDE;1029;28/07/2023;PROPOSTA PAGA;Proposta Paga;02/10/2023;R$200.000,00;R$200.000,00;R$200.000,00
2023;71160005;S.PART.;BANCADA DA PARAÍBA;não se aplica;não se aplica;PB;250750;JOAO PESSOA;ESTADUAL;BANCADA OBRIGATÓRIA;CORRENTE;302;1000;1030250182E900025;20/12/2023;36000578349202300;-;FAF;INCREMENTO MAC;2E90;INCREMENTO TEMPORÁRIO - MAC;INCREMENTO DO CUSTEIO DA MÉDIA E ALTA COMPLEXIDADE (MAC);03609595000175;FUNDO ESTADUAL DE SAUDE DO ESTADO DA PARAIBA - FESEP;2648;22/12/2023;PROPOSTA PAGA;Proposta Paga;13/03/2024;R$3.500.000,00;R$3.500.000,00;R$3.500.000,00
2023;71160001;S.PART.;BANCADA DA PARAÍBA;não se aplica;não se aplica;PB;250750;JOAO PESSOA;ESTADUAL;BANCADA OBRIGATÓRIA;CORRENTE;302;1001;1030250182E900025;18/12/2023;36000578089202300;-;FAF;INCREMENTO MAC;2E90;INCREMENTO TEMPORÁRIO - MAC;INCREMENTO DO CUSTEIO DA MÉDIA E ALTA COMPLEXIDADE (MAC);03609595000175;FUNDO ESTADUAL DE SAUDE DO ESTADO DA PARAIBA - FESEP;2648;22/12/2023;PROPOSTA PAGA;Proposta Paga;13/03/2024;R$2.500.000,00;R$2.500.000,00;R$2.500.000,00
2023;71160002;S.PART.;BANCADA DA PARAÍBA;não se aplica;não se aplica;PB;251597;SOBRADO;MUNICIPAL;BANCADA OBRIGATÓRIA;CORRENTE;301;1000;1030150192E890025;18/12/2023;36000578016202300;-;FAF;INCREMENTO PAP;2E89;INCREMENTO TEMPORÁRIO AO CUSTEIO DOS SERVIÇOS DE ATENÇÃO PRIMÁRIA À SAÚDE - PAP;INCREMENTO DO PISO DA ATENÇÃO PRIMÁRIA À SAÚDE - PAP;12012235000182;FUNDO MUNICIPAL DE SAUDE;2544;21/12/2023;PROPOSTA PAGA;Proposta Paga;13/03/2024;R$1.000.000,00;R$1.000.000,00;R$1.000.000,00
2023;71160002;S.PART.;BANCADA DA PARAÍBA;não se aplica;não se aplica;PB;250310;CABACEIRAS;MUNICIPAL;BANCADA OBRIGATÓRIA;CORRENTE;301;1001;1030150192E890025;02/05/2023;36000516383202300;-;FAF;INCREMENTO PAP;2E89;INCREMENTO TEMPORÁRIO AO CUSTEIO DOS SERVIÇOS DE ATENÇÃO PRIMÁRIA À SAÚDE - PAP;INCREMENTO DO PISO DA ATENÇÃO PRIMÁRIA À SAÚDE - PAP;11309134000105;FUNDO MUNICIPAL DE SAUDE - CABACEIRAS PB;970;20/07/2023;PROPOSTA PAGA;Proposta Paga;02/10/2023;R$13.000,00;R$13.000,00;R$13.000,00
2023;71160002;S.PART.;BANCADA DA PARAÍBA;não se aplica;não se aplica;PB;251160;PILOES;MUNICIPAL;BANCADA OBRIGATÓRIA;CORRENTE;301;1001;1030150192E890025;10/05/2023;36000523638202300;-;FAF;INCREMENTO PAP;2E89;INCREMENTO TEMPORÁRIO AO CUSTEIO DOS SERVIÇOS DE ATENÇÃO PRIMÁRIA À SAÚDE - PAP;INCREMENTO DO PISO DA ATENÇÃO PRIMÁRIA À SAÚDE - PAP;12044868000172;FUNDO MUNICIPAL DE SAUDE - PILOES-PB;782;04/07/2023;PROPOSTA PAGA;Proposta Paga;02/10/2023;R$246.000,00;R$246.000,00;R$246.000,00
2023;71160002;S.PART.;BANCADA DA PARAÍBA;não se aplica;não se aplica;PB;251440;SAO JOSE DE ESPINHARAS;MUNICIPAL;BANCADA OBRIGATÓRIA;CORRENTE;301;1001;1030150192E890025;23/08/2023;36000570503202300;-;FAF;INCREMENTO PAP;2E89;INCREMENTO TEMPORÁRIO AO CUSTEIO DOS SERVIÇOS DE ATENÇÃO PRIMÁRIA À SAÚDE - PAP;INCREMENTO DO PISO DA ATENÇÃO PRIMÁRIA À SAÚDE - PAP;11418606000168;FUNDO MUNICIPAL DE SAUDE;1227;13/09/2023;PROPOSTA PAGA;Proposta Paga;24/10/2023;R$120.000,00;R$120.000,00;R$120.000,00
2023;71160001;S.PART.;BANCADA DA PARAÍBA;não se aplica;não se aplica;PB;250120;AREIAL;MUNICIPAL;BANCADA OBRIGATÓRIA;CORRENTE;302;1001;1030250182E900025;02/05/2023;36000516663202300;-;FAF;INCREMENTO MAC;2E90;INCREMENTO TEMPORÁRIO - MAC;INCREMENTO DO CUSTEIO DA MÉDIA E ALTA COMPLEXIDADE (MAC);13876013000170;FUNDO MUNICIPAL DE SAUDE DE AREIAL;1024;28/07/2023;PROPOSTA PAGA;Proposta Paga;02/10/2023;R$100.000,00;R$100.000,00;R$100.000,00
2023;71160002;S.PART.;BANCADA DA PARAÍBA;não se aplica;não se aplica;PB;250170;BARRA DE SAO MIGUEL;MUNICIPAL;BANCADA OBRIGATÓRIA;CORRENTE;301;1001;1030150192E890025;02/05/2023;36000516669202300;-;FAF;INCREMENTO PAP;2E89;INCREMENTO TEMPORÁRIO AO CUSTEIO DOS SERVIÇOS DE ATENÇÃO PRIMÁRIA À SAÚDE - PAP;INCREMENTO DO PISO DA ATENÇÃO PRIMÁRIA À SAÚDE - PAP;11228592000110;FUNDO MUNICIPAL DE SAUDE DE BARRA DE SAO MIGUEL;970;20/07/2023;PROPOSTA PAGA;Proposta Paga;02/10/2023;R$150.000,00;R$150.000,00;R$150.000,00
2023;71160002;S.PART.;BANCADA DA PARAÍBA;não se aplica;não se aplica;PB;250720;ITATUBA;MUNICIPAL;BANCADA OBRIGATÓRIA;CORRENTE;301;1001;1030150192E890025;02/05/2023;36000516634202300;-;FAF;INCREMENTO PAP;2E89;INCREMENTO TEMPORÁRIO AO CUSTEIO DOS SERVIÇOS DE ATENÇÃO PRIMÁRIA À SAÚDE - PAP;INCREMENTO DO PISO DA ATENÇÃO PRIMÁRIA À SAÚDE - PAP;12306005000126;FUNDO MUNICIPAL DE SAUDE;782;04/07/2023;PROPOSTA PAGA;Proposta Paga;02/10/2023;R$450.000,00;R$450.000,00;R$450.000,00
2023;71160001;S.PART.;BANCADA DA PARAÍBA;não se aplica;não se aplica;PB;251550;SERRA BRANCA;MUNICIPAL;BANCADA OBRIGATÓRIA;CORRENTE;302;1001;1030250182E900025;26/12/2023;36000578811202300;-;FAF;INCREMENTO MAC;2E90;INCREMENTO TEMPORÁRIO - MAC;INCREMENTO DO CUSTEIO DA MÉDIA E ALTA COMPLEXIDADE (MAC);05456092000132;FUNDO MUNICIPAL DE SAUDE;2781;28/12/2023;PROPOSTA PAGA;Proposta Paga;13/03/2024;R$100.000,00;R$100.000,00;R$100.000,00
2023;71160001;S.PART.;BANCADA DA PARAÍBA;não se aplica;não se aplica;PB;250157;BARRA DE SANTANA;MUNICIPAL;BANCADA OBRIGATÓRIA;CORRENTE;302;1001;1030250182E900025;02/05/2023;36000515723202300;-;FAF;INCREMENTO MAC;2E90;INCREMENTO TEMPORÁRIO - MAC;INCREMENTO DO CUSTEIO DA MÉDIA E ALTA COMPLEXIDADE (MAC);11109361000197;FUNDO MUNICIPAL DE SAUDE BARRA DE SANTANA;999;20/07/2023;PROPOSTA PAGA;Proposta Paga;02/10/2023;R$150.000,00;R$150.000,00;R$150.000,00
2023;71160001;S.PART.;BANCADA DA PARAÍBA;não se aplica;não se aplica;PB;250070;SAO JOAO DO RIO DO PEIXE;MUNICIPAL;BANCADA OBRIGATÓRIA;CORRENTE;302;1001;1030250182E900025;13/06/2023;36000551588202300;-;FAF;INCREMENTO MAC;2E90;INCREMENTO TEMPORÁRIO - MAC;INCREMENTO DO CUSTEIO DA MÉDIA E ALTA COMPLEXIDADE (MAC);17648806000193;FUNDO MUNICIPAL DE SAUDE DE SAO JOAO DO RIO DO PEIXE;999;20/07/2023;PROPOSTA PAGA;Proposta Paga;03/10/2023;R$199.000,00;R$199.000,00;R$199.000,00
2023;71160002;S.PART.;BANCADA DA PARAÍBA;não se aplica;não se aplica;PB;250930;MATARACA;MUNICIPAL;BANCADA OBRIGATÓRIA;CORRENTE;301;1001;1030150192E890025;09/05/2023;36000520393202300;-;FAF;INCREMENTO PAP;2E89;INCREMENTO TEMPORÁRIO AO CUSTEIO DOS SERVIÇOS DE ATENÇÃO PRIMÁRIA À SAÚDE - PAP;INCREMENTO DO PISO DA ATENÇÃO PRIMÁRIA À SAÚDE - PAP;13070749000157;FUNDO MUNICIPAL DE SAUDE DO MUNICIPIO DE MATARACA-PB;782;04/07/2023;PROPOSTA PAGA;Proposta Paga;02/10/2023;R$542.366,00;R$542.366,00;R$542.366,00
2023;71160001;S.PART.;BANCADA DA PARAÍBA;não se aplica;não se aplica;PB;250750;JOAO PESSOA;MUNICIPAL;BANCADA OBRIGATÓRIA;CORRENTE;302;1001;1030250182E900025;09/05/2023;36000521082202300;-;FAF;INCREMENTO MAC;2E90;INCREMENTO TEMPORÁRIO - MAC;INCREMENTO DO CUSTEIO DA MÉDIA E ALTA COMPLEXIDADE (MAC);08715618000140;FUNDO MUNICIPAL DE SAUDE;1037;28/07/2023;PROPOSTA PAGA;Proposta Paga;03/10/2023;R$200.000,00;R$200.000,00;R$200.000,00
2023;71160002;S.PART.;BANCADA DA PARAÍBA;não se aplica;não se aplica;PB;250250;BOQUEIRAO;MUNICIPAL;BANCADA OBRIGATÓRIA;CORRENTE;301;1001;1030150192E890025;02/05/2023;36000516674202300;-;FAF;INCREMENTO PAP;2E89;INCREMENTO TEMPORÁRIO AO CUSTEIO DOS SERVIÇOS DE ATENÇÃO PRIMÁRIA À SAÚDE - PAP;INCREMENTO DO PISO DA ATENÇÃO PRIMÁRIA À SAÚDE - PAP;11153600000106;FUNDO MUNICIPAL DE SAUDE;1029;28/07/2023;PROPOSTA PAGA;Proposta Paga;02/10/2023;R$200.000,00;R$200.000,00;R$200.000,00
2023;71160002;S.PART.;BANCADA DA PARAÍBA;não se aplica;não se aplica;PB;250680;INGA;MUNICIPAL;BANCADA OBRIGATÓRIA;CORRENTE;301;1001;1030150192E890025;09/05/2023;36000520774202300;-;FAF;INCREMENTO PAP;2E89;INCREMENTO TEMPORÁRIO AO CUSTEIO DOS SERVIÇOS DE ATENÇÃO PRIMÁRIA À SAÚDE - PAP;INCREMENTO DO PISO DA ATENÇÃO PRIMÁRIA À SAÚDE - PAP;08610110000187;FUNDO MUNICIPAL DE SAUDE DE INGA/PB;1029;28/07/2023;PROPOSTA PAGA;Proposta Paga;02/10/2023;R$200.000,00;R$200.000,00;R$200.000,00
2023;71160002;S.PART.;BANCADA DA PARAÍBA;não se aplica;não se aplica;PB;250830;LAGOA SECA;MUNICIPAL;BANCADA OBRIGATÓRIA;CORRENTE;301;1001;1030150192E890025;02/05/2023;36000516089202300;-;FAF;INCREMENTO PAP;2E89;INCREMENTO TEMPORÁRIO AO CUSTEIO DOS SERVIÇOS DE ATENÇÃO PRIMÁRIA À SAÚDE - PAP;INCREMENTO DO PISO DA ATENÇÃO PRIMÁRIA À SAÚDE - PAP;11264183000179;FUNDO MUNICIPAL DE SAUDE;782;04/07/2023;PROPOSTA PAGA;Proposta Paga;02/10/2023;R$2.520.000,00;R$2.520.000,00;R$2.520.000,00
2023;71160001;S.PART.;BANCADA DA PARAÍBA;não se aplica;não se aplica;PB;250400;CAMPINA GRANDE;MUNICIPAL;BANCADA OBRIGATÓRIA;CORRENTE;302;1001;1030250182E900025;03/05/2023;36000516832202300;-;FAF;INCREMENTO MAC;2E90;INCREMENTO TEMPORÁRIO - MAC;INCREMENTO DO CUSTEIO DA MÉDIA E ALTA COMPLEXIDADE (MAC);24513574000121;FUNDO MUNICIPAL DE SAUDE DE CAMPINA GRANDE;811;03/07/2023;PROPOSTA PAGA;Proposta Paga;03/10/2023;R$500.000,00;R$500.000,00;R$500.000,00
2023;71160001;S.PART.;BANCADA DA PARAÍBA;não se aplica;não se aplica;PB;250750;JOAO PESSOA;MUNICIPAL;BANCADA OBRIGATÓRIA;CORRENTE;302;1001;1030250182E900025;09/05/2023;36000521115202300;-;FAF;INCREMENTO MAC;2E90;INCREMENTO TEMPORÁRIO - MAC;INCREMENTO DO CUSTEIO DA MÉDIA E ALTA COMPLEXIDADE (MAC);08715618000140;FUNDO MUNICIPAL DE SAUDE;811;03/07/2023;PROPOSTA PAGA;Proposta Paga;03/10/2023;R$500.000,00;R$500.000,00;R$500.000,00
2023;71160002;S.PART.;BANCADA DA PARAÍBA;não se aplica;não se aplica;PB;251550;SERRA BRANCA;MUNICIPAL;BANCADA OBRIGATÓRIA;CORRENTE;301;1001;1030150192E890025;05/05/2023;36000518088202300;-;FAF;INCREMENTO PAP;2E89;INCREMENTO TEMPORÁRIO AO CUSTEIO DOS SERVIÇOS DE ATENÇÃO PRIMÁRIA À SAÚDE - PAP;INCREMENTO DO PISO DA ATENÇÃO PRIMÁRIA À SAÚDE - PAP;05456092000132;FUNDO MUNICIPAL DE SAUDE;1029;28/07/2023;PROPOSTA PAGA;Proposta Paga;02/10/2023;R$200.000,00;R$200.000,00;R$200.000,00
2023;71160002;S.PART.;BANCADA DA PARAÍBA;não se aplica;não se aplica;PB;251590;SERRARIA;MUNICIPAL;BANCADA OBRIGATÓRIA;CORRENTE;301;1001;1030150192E890025;08/05/2023;36000519294202300;-;FAF;INCREMENTO PAP;2E89;INCREMENTO TEMPORÁRIO AO CUSTEIO DOS SERVIÇOS DE ATENÇÃO PRIMÁRIA À SAÚDE - PAP;INCREMENTO DO PISO DA ATENÇÃO PRIMÁRIA À SAÚDE - PAP;12011652000100;SSFUNDO MUNICIPAL DE SAUDE DE SERRARIA - PB;1029;28/07/2023;PROPOSTA PAGA;Proposta Paga;01/09/2023;R$200.000,00;R$200.000,00;R$200.000,00
2023;71160002;S.PART.;BANCADA DA PARAÍBA;não se aplica;não se aplica;PB;250220;BOM JESUS;MUNICIPAL;BANCADA OBRIGATÓRIA;CORRENTE;301;1001;1030150192E890025;02/05/2023;36000515804202300;-;FAF;INCREMENTO PAP;2E89;INCREMENTO TEMPORÁRIO AO CUSTEIO DOS SERVIÇOS DE ATENÇÃO PRIMÁRIA À SAÚDE - PAP;INCREMENTO DO PISO DA ATENÇÃO PRIMÁRIA À SAÚDE - PAP;11856862000137;FUNDO MUNICIPAL DE SAUDE DO MUNICIPIO DE BOM JESUS;782;04/07/2023;PROPOSTA PAGA;Proposta Paga;02/10/2023;R$232.000,00;R$232.000,00;R$232.000,00
2023;71160001;S.PART.;BANCADA DA PARAÍBA;não se aplica;não se aplica;PB;250030;ALAGOA GRANDE;MUNICIPAL;BANCADA OBRIGATÓRIA;CORRENTE;302;1001;1030250182E900025;02/05/2023;36000515624202300;-;FAF;INCREMENTO MAC;2E90;INCREMENTO TEMPORÁRIO - MAC;INCREMENTO DO CUSTEIO DA MÉDIA E ALTA COMPLEXIDADE (MAC);17698753000115;FUNDO MUNICIPAL DE SAUDE DE ALAGOA GRANDE;1024;28/07/2023;PROPOSTA PAGA;Proposta Paga;02/10/2023;R$24.497,00;R$24.497,00;R$24.497,00
2023;71160002;S.PART.;BANCADA DA PARAÍBA;não se aplica;não se aplica;PB;251615;SOSSEGO;MUNICIPAL;BANCADA OBRIGATÓRIA;CORRENTE;301;1001;1030150192E890025;05/05/2023;36000518177202300;-;FAF;INCREMENTO PAP;2E89;INCREMENTO TEMPORÁRIO AO CUSTEIO DOS SERVIÇOS DE ATENÇÃO PRIMÁRIA À SAÚDE - PAP;INCREMENTO DO PISO DA ATENÇÃO PRIMÁRIA À SAÚDE - PAP;11404679000109;FUNDO MUNICIPAL DE SAUDE;970;20/07/2023;PROPOSTA PAGA;Proposta Paga;02/10/2023;R$120.000,00;R$120.000,00;R$120.000,00
2023;71160002;S.PART.;BANCADA DA PARAÍBA;não se aplica;não se aplica;PB;250535;DAMIAO;MUNICIPAL;BANCADA OBRIGATÓRIA;CORRENTE;301;1001;1030150192E890025;02/05/2023;36000516649202300;-;FAF;INCREMENTO PAP;2E89;INCREMENTO TEMPORÁRIO AO CUSTEIO DOS SERVIÇOS DE ATENÇÃO PRIMÁRIA À SAÚDE - PAP;INCREMENTO DO PISO DA ATENÇÃO PRIMÁRIA À SAÚDE - PAP;11767841000145;FUNDO MUNICIPAL DE SAUDE DAMIAO PARAIBA;970;20/07/2023;PROPOSTA PAGA;Proposta Paga;02/10/2023;R$150.000,00;R$150.000,00;R$150.000,00
2023;71160001;S.PART.;BANCADA DA PARAÍBA;não se aplica;não se aplica;PB;251270;REMIGIO;MUNICIPAL;BANCADA OBRIGATÓRIA;CORRENTE;302;1001;1030250182E900025;08/05/2023;36000519052202300;-;FAF;INCREMENTO MAC;2E90;INCREMENTO TEMPORÁRIO - MAC;INCREMENTO DO CUSTEIO DA MÉDIA E ALTA COMPLEXIDADE (MAC);11376311000176;FUNDO MUNICIPAL DE SAUDE - REMIGIO - PB;999;20/07/2023;PROPOSTA PAGA;Proposta Paga;03/10/2023;R$100.000,00;R$100.000,00;R$100.000,00
2023;71160001;S.PART.;BANCADA DA PARAÍBA;não se aplica;não se aplica;PB;250040;ALAGOA NOVA;MUNICIPAL;BANCADA OBRIGATÓRIA;CORRENTE;302;1001;1030250182E900025;02/05/2023;36000515527202300;-;FAF;INCREMENTO MAC;2E90;INCREMENTO TEMPORÁRIO - MAC;INCREMENTO DO CUSTEIO DA MÉDIA E ALTA COMPLEXIDADE (MAC);11838096000188;FUNDO MUNICIPAL DE SAUDE DE ALAGOA NOVA;1037;28/07/2023;PROPOSTA PAGA;Proposta Paga;02/10/2023;R$200.000,00;R$200.000,00;R$200.000,00
2023;71160002;S.PART.;BANCADA DA PARAÍBA;não se aplica;não se aplica;PB;250270;BORBOREMA;MUNICIPAL;BANCADA OBRIGATÓRIA;CORRENTE;301;1001;1030150192E890025;02/05/2023;36000516680202300;-;FAF;INCREMENTO PAP;2E89;INCREMENTO TEMPORÁRIO AO CUSTEIO DOS SERVIÇOS DE ATENÇÃO PRIMÁRIA À SAÚDE - PAP;INCREMENTO DO PISO DA ATENÇÃO PRIMÁRIA À SAÚDE - PAP;11594451000110;FUNDO MUNICIPAL DE SAUDE DE BORBOREMA;1029;28/07/2023;PROPOSTA PAGA;Proposta Paga;02/10/2023;R$200.000,00;R$200.000,00;R$200.000,00
2023;71160002;S.PART.;BANCADA DA PARAÍBA;não se aplica;não se aplica;PB;250375;CAJAZEIRINHAS;MUNICIPAL;BANCADA OBRIGATÓRIA;CORRENTE;301;1001;1030150192E890025;05/05/2023;36000518508202300;-;FAF;INCREMENTO PAP;2E89;INCREMENTO TEMPORÁRIO AO CUSTEIO DOS SERVIÇOS DE ATENÇÃO PRIMÁRIA À SAÚDE - PAP;INCREMENTO DO PISO DA ATENÇÃO PRIMÁRIA À SAÚDE - PAP;10461231000156;FUNDO MUNICIPAL DE SAUDE DE CAJAZEIRINHAS;1029;28/07/2023;PROPOSTA PAGA;Proposta Paga;02/10/2023;R$200.000,00;R$200.000,00;R$200.000,00
2023;71160002;S.PART.;BANCADA DA PARAÍBA;não se aplica;não se aplica;PB;250730;JACARAU;MUNICIPAL;BANCADA OBRIGATÓRIA;CORRENTE;301;1001;1030150192E890025;02/05/2023;36000516220202300;-;FAF;INCREMENTO PAP;2E89;INCREMENTO TEMPORÁRIO AO CUSTEIO DOS SERVIÇOS DE ATENÇÃO PRIMÁRIA À SAÚDE - PAP;INCREMENTO DO PISO DA ATENÇÃO PRIMÁRIA À SAÚDE - PAP;10486210000195;FUNDO MUNICIPAL DE SAUDE DE JACARAU;782;04/07/2023;PROPOSTA PAGA;Proposta Paga;02/10/2023;R$1.000.000,00;R$1.000.000,00;R$1.000.000,00
2023;71160002;S.PART.;BANCADA DA PARAÍBA;não se aplica;não se aplica;PB;251203;POCO DANTAS;MUNICIPAL;BANCADA OBRIGATÓRIA;CORRENTE;301;1001;1030150192E890025;02/05/2023;36000515402202300;-;FAF;INCREMENTO PAP;2E89;INCREMENTO TEMPORÁRIO AO CUSTEIO DOS SERVIÇOS DE ATENÇÃO PRIMÁRIA À SAÚDE - PAP;INCREMENTO DO PISO DA ATENÇÃO PRIMÁRIA À SAÚDE - PAP;08743272000193;FUNDO MUNICIPAL DE SAUDE;1029;28/07/2023;PROPOSTA PAGA;Proposta Paga;02/10/2023;R$200.000,00;R$200.000,00;R$200.000,00
2023;71160002;S.PART.;BANCADA DA PARAÍBA;não se aplica;não se aplica;PB;250230;BOM SUCESSO;MUNICIPAL;BANCADA OBRIGATÓRIA;CORRENTE;301;1000;1030150192E890025;20/12/2023;36000578295202300;-;FAF;INCREMENTO PAP;2E89;INCREMENTO TEMPORÁRIO AO CUSTEIO DOS SERVIÇOS DE ATENÇÃO PRIMÁRIA À SAÚDE - PAP;INCREMENTO DO PISO DA ATENÇÃO PRIMÁRIA À SAÚDE - PAP;12403050000107;FUNDO MUNICIPAL DE SAUDE - FMS;2726;27/12/2023;PROPOSTA PAGA;Proposta Paga;13/03/2024;R$224.064,00;R$224.064,00;R$224.064,00
2023;71160002;S.PART.;BANCADA DA PARAÍBA;não se aplica;não se aplica;PB;250440;CONCEICAO;MUNICIPAL;BANCADA OBRIGATÓRIA;CORRENTE;301;1001;1030150192E890025;04/05/2023;36000517483202300;-;FAF;INCREMENTO PAP;2E89;INCREMENTO TEMPORÁRIO AO CUSTEIO DOS SERVIÇOS DE ATENÇÃO PRIMÁRIA À SAÚDE - PAP;INCREMENTO DO PISO DA ATENÇÃO PRIMÁRIA À SAÚDE - PAP;05497410000103;FUNDO MUNICIPAL DE SAUDE DE CONCEICAO;782;04/07/2023;PROPOSTA PAGA;Proposta Paga;02/10/2023;R$250.000,00;R$250.000,00;R$250.000,00
2023;71160002;S.PART.;BANCADA DA PARAÍBA;não se aplica;não se aplica;PB;250523;CUITE DE MAMANGUAPE;MUNICIPAL;BANCADA OBRIGATÓRIA;CORRENTE;301;1001;1030150192E890025;05/05/2023;36000517904202300;-;FAF;INCREMENTO PAP;2E89;INCREMENTO TEMPORÁRIO AO CUSTEIO DOS SERVIÇOS DE ATENÇÃO PRIMÁRIA À SAÚDE - PAP;INCREMENTO DO PISO DA ATENÇÃO PRIMÁRIA À SAÚDE - PAP;13099820000124;CUITE DE MAMANGUAPE FUNDO MUNICIPAL DE SAUDE;782;04/07/2023;PROPOSTA PAGA;Proposta Paga;02/10/2023;R$250.000,00;R$250.000,00;R$250.000,00
2023;71160002;S.PART.;BANCADA DA PARAÍBA;não se aplica;não se aplica;PB;250135;ASSUNCAO;MUNICIPAL;BANCADA OBRIGATÓRIA;CORRENTE;301;1001;1030150192E890025;10/05/2023;36000522808202300;-;FAF;INCREMENTO PAP;2E89;INCREMENTO TEMPORÁRIO AO CUSTEIO DOS SERVIÇOS DE ATENÇÃO PRIMÁRIA À SAÚDE - PAP;INCREMENTO DO PISO DA ATENÇÃO PRIMÁRIA À SAÚDE - PAP;11383748000137;FUNDO MUNICIPAL DE SAUDE;782;04/07/2023;PROPOSTA PAGA;Proposta Paga;02/10/2023;R$300.000,00;R$300.000,00;R$300.000,00
2023;71160002;S.PART.;BANCADA DA PARAÍBA;não se aplica;não se aplica;PB;250260;IGARACY;MUNICIPAL;BANCADA OBRIGATÓRIA;CORRENTE;301;1001;1030150192E890025;02/05/2023;36000515992202300;-;FAF;INCREMENTO PAP;2E89;INCREMENTO TEMPORÁRIO AO CUSTEIO DOS SERVIÇOS DE ATENÇÃO PRIMÁRIA À SAÚDE - PAP;INCREMENTO DO PISO DA ATENÇÃO PRIMÁRIA À SAÚDE - PAP;11463951000113;FUNDO MUNICIPAL DE SAUDE DE IGARACY;782;04/07/2023;PROPOSTA PAGA;Proposta Paga;02/10/2023;R$300.000,00;R$300.000,00;R$300.000,00
2023;71160001;S.PART.;BANCADA DA PARAÍBA;não se aplica;não se aplica;PB;250215;BOA VISTA;MUNICIPAL;BANCADA OBRIGATÓRIA;CORRENTE;302;1001;1030250182E900025;05/05/2023;36000518308202300;-;FAF;INCREMENTO MAC;2E90;INCREMENTO TEMPORÁRIO - MAC;INCREMENTO DO CUSTEIO DA MÉDIA E ALTA COMPLEXIDADE (MAC);12868705000104;FUNDO MUNICIPAL DE SAUDE;999;20/07/2023;PROPOSTA PAGA;Proposta Paga;02/10/2023;R$100.000,00;R$100.000,00;R$100.000,00
2023;71160001;S.PART.;BANCADA DA PARAÍBA;não se aplica;não se aplica;PB;251130;PIANCO;MUNICIPAL;BANCADA OBRIGATÓRIA;CORRENTE;302;1001;1030250182E900025;02/05/2023;36000516132202300;-;FAF;INCREMENTO MAC;2E90;INCREMENTO TEMPORÁRIO - MAC;INCREMENTO DO CUSTEIO DA MÉDIA E ALTA COMPLEXIDADE (MAC);04827493000199;FUNDO MUNICIPAL DE SAUDE;1037;28/07/2023;PROPOSTA PAGA;Proposta Paga;03/10/2023;R$200.000,00;R$200.000,00;R$200.000,00
2023;71160002;S.PART.;BANCADA DA PARAÍBA;não se aplica;não se aplica;PB;250830;LAGOA SECA;MUNICIPAL;BANCADA OBRIGATÓRIA;CORRENTE;301;1001;1030150192E890025;02/05/2023;36000516088202300;-;FAF;INCREMENTO PAP;2E89;INCREMENTO TEMPORÁRIO AO CUSTEIO DOS SERVIÇOS DE ATENÇÃO PRIMÁRIA À SAÚDE - PAP;INCREMENTO DO PISO DA ATENÇÃO PRIMÁRIA À SAÚDE - PAP;11264183000179;FUNDO MUNICIPAL DE SAUDE;782;04/07/2023;PROPOSTA PAGA;Proposta Paga;02/10/2023;R$1.000.000,00;R$1.000.000,00;R$1.000.000,00
2023;71160001;S.PART.;BANCADA DA PARAÍBA;não se aplica;não se aplica;PB;250750;JOAO PESSOA;MUNICIPAL;BANCADA OBRIGATÓRIA;CORRENTE;302;1001;1030250182E900025;09/05/2023;36000521092202300;-;FAF;INCREMENTO MAC;2E90;INCREMENTO TEMPORÁRIO - MAC;INCREMENTO DO CUSTEIO DA MÉDIA E ALTA COMPLEXIDADE (MAC);08715618000140;FUNDO MUNICIPAL DE SAUDE;811;03/07/2023;PROPOSTA PAGA;Proposta Paga;03/10/2023;R$242.366,00;R$242.366,00;R$242.366,00
2023;71160002;S.PART.;BANCADA DA PARAÍBA;não se aplica;não se aplica;PB;250905;MARCACAO;MUNICIPAL;BANCADA OBRIGATÓRIA;CORRENTE;301;1001;1030150192E890025;02/05/2023;36000516635202300;-;FAF;INCREMENTO PAP;2E89;INCREMENTO TEMPORÁRIO AO CUSTEIO DOS SERVIÇOS DE ATENÇÃO PRIMÁRIA À SAÚDE - PAP;INCREMENTO DO PISO DA ATENÇÃO PRIMÁRIA À SAÚDE - PAP;12370254000180;MARCACAO - FUNDO MUNICIPAL DE SAUDE;1029;28/07/2023;PROPOSTA PAGA;Proposta Paga;02/10/2023;R$200.000,00;R$200.000,00;R$200.000,00
2023;71160001;S.PART.;BANCADA DA PARAÍBA;não se aplica;não se aplica;PB;251530;SAPE;MUNICIPAL;BANCADA OBRIGATÓRIA;CORRENTE;302;1000;1030250182E900025;15/12/2023;36000577780202300;-;FAF;INCREMENTO MAC;2E90;INCREMENTO TEMPORÁRIO - MAC;INCREMENTO DO CUSTEIO DA MÉDIA E ALTA COMPLEXIDADE (MAC);08036438000131;FUNDO MUNICIPAL DE SAUDE DE SAPE;2778;28/12/2023;PROPOSTA PAGA;Proposta Paga;13/03/2024;R$1.000.000,00;R$1.000.000,00;R$1.000.000,00
2023;71160002;S.PART.;BANCADA DA PARAÍBA;não se aplica;não se aplica;PB;250130;AROEIRAS;MUNICIPAL;BANCADA OBRIGATÓRIA;CORRENTE;301;1001;1030150192E890025;04/05/2023;36000517359202300;-;FAF;INCREMENTO PAP;2E89;INCREMENTO TEMPORÁRIO AO CUSTEIO DOS SERVIÇOS DE ATENÇÃO PRIMÁRIA À SAÚDE - PAP;INCREMENTO DO PISO DA ATENÇÃO PRIMÁRIA À SAÚDE - PAP;10819820000163;FUNDO MUNICIPAL DE SAUDE;782;04/07/2023;PROPOSTA PAGA;Proposta Paga;02/10/2023;R$250.000,00;R$250.000,00;R$250.000,00
2023;71160001;S.PART.;BANCADA DA PARAÍBA;não se aplica;não se aplica;PB;251392;SAO BENTINHO;MUNICIPAL;BANCADA OBRIGATÓRIA;CORRENTE;302;1001;1030250182E900025;02/05/2023;36000516204202300;-;FAF;INCREMENTO MAC;2E90;INCREMENTO TEMPORÁRIO - MAC;INCREMENTO DO CUSTEIO DA MÉDIA E ALTA COMPLEXIDADE (MAC);10770716000121;FUNDO MUNICIPAL DE SAUDE DE SAO BENTINHO;999;20/07/2023;PROPOSTA PAGA;Proposta Paga;03/10/2023;R$25.000,00;R$25.000,00;R$25.000,00
2023;71160002;S.PART.;BANCADA DA PARAÍBA;não se aplica;não se aplica;PB;251150;PILAR;MUNICIPAL;BANCADA OBRIGATÓRIA;CORRENTE;301;1001;1030150192E890025;05/05/2023;36000517886202300;-;FAF;INCREMENTO PAP;2E89;INCREMENTO TEMPORÁRIO AO CUSTEIO DOS SERVIÇOS DE ATENÇÃO PRIMÁRIA À SAÚDE - PAP;INCREMENTO DO PISO DA ATENÇÃO PRIMÁRIA À SAÚDE - PAP;11171199000137;FUNDO MUNICIPAL DE SAUDE DO MUNICIPIO DE PILAR;782;04/07/2023;PROPOSTA PAGA;Proposta Paga;02/10/2023;R$250.000,00;R$250.000,00;R$250.000,00
2023;71160001;S.PART.;BANCADA DA PARAÍBA;não se aplica;não se aplica;PB;250650;GURJAO;MUNICIPAL;BANCADA OBRIGATÓRIA;CORRENTE;302;1001;1030250182E900025;10/05/2023;36000521626202300;-;FAF;INCREMENTO MAC;2E90;INCREMENTO TEMPORÁRIO - MAC;INCREMENTO DO CUSTEIO DA MÉDIA E ALTA COMPLEXIDADE (MAC);11432444000112;FUNDO MUNICIPAL DE SAUDE DE GURJAO;999;20/07/2023;PROPOSTA PAGA;Proposta Paga;03/10/2023;R$45.000,00;R$45.000,00;R$45.000,00
2023;71160002;S.PART.;BANCADA DA PARAÍBA;não se aplica;não se aplica;PB;250200;BELEM DO BREJO DO CRUZ;MUNICIPAL;BANCADA OBRIGATÓRIA;CORRENTE;301;1001;1030150192E890025;02/05/2023;36000515574202300;-;FAF;INCREMENTO PAP;2E89;INCREMENTO TEMPORÁRIO AO CUSTEIO DOS SERVIÇOS DE ATENÇÃO PRIMÁRIA À SAÚDE - PAP;INCREMENTO DO PISO DA ATENÇÃO PRIMÁRIA À SAÚDE - PAP;12461113000173;FUNDO MUNICIPAL DE SAUDE DE BELEM DO BREJO DO CRUZ;970;20/07/2023;PROPOSTA PAGA;Proposta Paga;02/10/2023;R$100.000,00;R$100.000,00;R$100.000,00
2023;71160002;S.PART.;BANCADA DA PARAÍBA;não se aplica;não se aplica;PB;251392;SAO BENTINHO;MUNICIPAL;BANCADA OBRIGATÓRIA;CORRENTE;301;1001;1030150192E890025;02/05/2023;36000516202202300;-;FAF;INCREMENTO PAP;2E89;INCREMENTO TEMPORÁRIO AO CUSTEIO DOS SERVIÇOS DE ATENÇÃO PRIMÁRIA À SAÚDE - PAP;INCREMENTO DO PISO DA ATENÇÃO PRIMÁRIA À SAÚDE - PAP;10770716000121;FUNDO MUNICIPAL DE SAUDE DE SAO BENTINHO;970;20/07/2023;PROPOSTA PAGA;Proposta Paga;02/10/2023;R$100.000,00;R$100.000,00;R$100.000,00
2023;71160002;S.PART.;BANCADA DA PARAÍBA;não se aplica;não se aplica;PB;251560;SERRA DA RAIZ;MUNICIPAL;BANCADA OBRIGATÓRIA;CORRENTE;301;1001;1030150192E890025;08/05/2023;36000519258202300;-;FAF;INCREMENTO PAP;2E89;INCREMENTO TEMPORÁRIO AO CUSTEIO DOS SERVIÇOS DE ATENÇÃO PRIMÁRIA À SAÚDE - PAP;INCREMENTO DO PISO DA ATENÇÃO PRIMÁRIA À SAÚDE - PAP;11594437000117;FUNDO MUNICIPAL DE SAUDE;970;20/07/2023;PROPOSTA PAGA;Proposta Paga;02/10/2023;R$127.000,00;R$127.000,00;R$127.000,00
2023;71160002;S.PART.;BANCADA DA PARAÍBA;não se aplica;não se aplica;PB;251130;PIANCO;MUNICIPAL;BANCADA OBRIGATÓRIA;CORRENTE;301;1001;1030150192E890025;02/05/2023;36000516128202300;-;FAF;INCREMENTO PAP;2E89;INCREMENTO TEMPORÁRIO AO CUSTEIO DOS SERVIÇOS DE ATENÇÃO PRIMÁRIA À SAÚDE - PAP;INCREMENTO DO PISO DA ATENÇÃO PRIMÁRIA À SAÚDE - PAP;04827493000199;FUNDO MUNICIPAL DE SAUDE;782;04/07/2023;PROPOSTA PAGA;Proposta Paga;02/10/2023;R$300.000,00;R$300.000,00;R$300.000,00
2023;71160001;S.PART.;BANCADA DA PARAÍBA;não se aplica;não se aplica;PB;250430;CATOLE DO ROCHA;MUNICIPAL;BANCADA OBRIGATÓRIA;CORRENTE;302;1001;1030250182E900025;02/05/2023;36000516230202300;-;FAF;INCREMENTO MAC;2E90;INCREMENTO TEMPORÁRIO - MAC;INCREMENTO DO CUSTEIO DA MÉDIA E ALTA COMPLEXIDADE (MAC);12784607000199;FUNDO MUNICIPAL DE SAUDE DE CATOLE DO ROCHA;999;20/07/2023;PROPOSTA PAGA;Proposta Paga;03/10/2023;R$100.000,00;R$100.000,00;R$100.000,00
2023;71160002;S.PART.;BANCADA DA PARAÍBA;não se aplica;não se aplica;PB;250215;BOA VISTA;MUNICIPAL;BANCADA OBRIGATÓRIA;CORRENTE;301;1001;1030150192E890025;05/05/2023;36000518320202300;-;FAF;INCREMENTO PAP;2E89;INCREMENTO TEMPORÁRIO AO CUSTEIO DOS SERVIÇOS DE ATENÇÃO PRIMÁRIA À SAÚDE - PAP;INCREMENTO DO PISO DA ATENÇÃO PRIMÁRIA À SAÚDE - PAP;12868705000104;FUNDO MUNICIPAL DE SAUDE;782;04/07/2023;PROPOSTA PAGA;Proposta Paga;02/10/2023;R$400.000,00;R$400.000,00;R$400.000,00
2023;71160002;S.PART.;BANCADA DA PARAÍBA;não se aplica;não se aplica;PB;250900;MANAIRA;MUNICIPAL;BANCADA OBRIGATÓRIA;CORRENTE;301;1001;1030150192E890025;04/05/2023;36000517536202300;-;FAF;INCREMENTO PAP;2E89;INCREMENTO TEMPORÁRIO AO CUSTEIO DOS SERVIÇOS DE ATENÇÃO PRIMÁRIA À SAÚDE - PAP;INCREMENTO DO PISO DA ATENÇÃO PRIMÁRIA À SAÚDE - PAP;10522238000130;FUNDO MUNICIPAL DE SAUDE DE MANAIRA;782;04/07/2023;PROPOSTA PAGA;Proposta Paga;02/10/2023;R$400.000,00;R$400.000,00;R$400.000,00
2023;71160001;S.PART.;BANCADA DA PARAÍBA;não se aplica;não se aplica;PB;251490;SAO MAMEDE;MUNICIPAL;BANCADA OBRIGATÓRIA;CORRENTE;302;1001;1030250182E900025;02/05/2023;36000515733202300;-;FAF;INCREMENTO MAC;2E90;INCREMENTO TEMPORÁRIO - MAC;INCREMENTO DO CUSTEIO DA MÉDIA E ALTA COMPLEXIDADE (MAC);04223191000101;FUNDO MUN.DE SAUDE DE SAO MAMEDE-PB;999;20/07/2023;PROPOSTA PAGA;Proposta Paga;03/10/2023;R$100.000,00;R$100.000,00;R$100.000,00
2023;71160002;S.PART.;BANCADA DA PARAÍBA;não se aplica;não se aplica;PB;251000;NAZAREZINHO;MUNICIPAL;BANCADA OBRIGATÓRIA;CORRENTE;301;1001;1030150192E890025;02/05/2023;36000515866202300;-;FAF;INCREMENTO PAP;2E89;INCREMENTO TEMPORÁRIO AO CUSTEIO DOS SERVIÇOS DE ATENÇÃO PRIMÁRIA À SAÚDE - PAP;INCREMENTO DO PISO DA ATENÇÃO PRIMÁRIA À SAÚDE - PAP;12445365000109;FUNDO MUNICIPAL DE SAUDE DE NAZAREZINHO;970;20/07/2023;PROPOSTA PAGA;Proposta Paga;02/10/2023;R$150.000,00;R$150.000,00;R$150.000,00
2023;71160002;S.PART.;BANCADA DA PARAÍBA;não se aplica;não se aplica;PB;251550;SERRA BRANCA;MUNICIPAL;BANCADA OBRIGATÓRIA;CORRENTE;301;1001;1030150192E890025;05/05/2023;36000518095202300;-;FAF;INCREMENTO PAP;2E89;INCREMENTO TEMPORÁRIO AO CUSTEIO DOS SERVIÇOS DE ATENÇÃO PRIMÁRIA À SAÚDE - PAP;INCREMENTO DO PISO DA ATENÇÃO PRIMÁRIA À SAÚDE - PAP;05456092000132;FUNDO MUNICIPAL DE SAUDE;970;20/07/2023;PROPOSTA PAGA;Proposta Paga;02/10/2023;R$150.000,00;R$150.000,00;R$150.000,00
2023;71160002;S.PART.;BANCADA DA PARAÍBA;não se aplica;não se aplica;PB;250890;MAMANGUAPE;MUNICIPAL;BANCADA OBRIGATÓRIA;CORRENTE;301;1001;1030150192E890025;03/05/2023;36000516818202300;-;FAF;INCREMENTO PAP;2E89;INCREMENTO TEMPORÁRIO AO CUSTEIO DOS SERVIÇOS DE ATENÇÃO PRIMÁRIA À SAÚDE - PAP;INCREMENTO DO PISO DA ATENÇÃO PRIMÁRIA À SAÚDE - PAP;08674396000164;FUNDO MUNICIPAL DE SAUDE DE MAMANGUAPE;782;04/07/2023;PROPOSTA PAGA;Proposta Paga;02/10/2023;R$992.366,00;R$992.366,00;R$992.366,00
2023;71160002;S.PART.;BANCADA DA PARAÍBA;não se aplica;não se aplica;PB;250680;INGA;MUNICIPAL;BANCADA OBRIGATÓRIA;CORRENTE;301;1001;1030150192E890025;09/05/2023;36000520779202300;-;FAF;INCREMENTO PAP;2E89;INCREMENTO TEMPORÁRIO AO CUSTEIO DOS SERVIÇOS DE ATENÇÃO PRIMÁRIA À SAÚDE - PAP;INCREMENTO DO PISO DA ATENÇÃO PRIMÁRIA À SAÚDE - PAP;08610110000187;FUNDO MUNICIPAL DE SAUDE DE INGA/PB;782;04/07/2023;PROPOSTA PAGA;Proposta Paga;02/10/2023;R$1.000.000,00;R$1.000.000,00;R$1.000.000,00
2023;71160001;S.PART.;BANCADA DA PARAÍBA;não se aplica;não se aplica;PB;250750;JOAO PESSOA;MUNICIPAL;BANCADA OBRIGATÓRIA;CORRENTE;302;1001;1030250182E900025;09/05/2023;36000521101202300;-;FAF;INCREMENTO MAC;2E90;INCREMENTO TEMPORÁRIO - MAC;INCREMENTO DO CUSTEIO DA MÉDIA E ALTA COMPLEXIDADE (MAC);08715618000140;FUNDO MUNICIPAL DE SAUDE;811;03/07/2023;PROPOSTA PAGA;Proposta Paga;03/10/2023;R$250.000,00;R$250.000,00;R$250.000,00
2023;71160001;S.PART.;BANCADA DA PARAÍBA;não se aplica;não se aplica;PB;251230;PRINCESA ISABEL;MUNICIPAL;BANCADA OBRIGATÓRIA;CORRENTE;302;1001;1030250182E900025;03/05/2023;36000516902202300;-;FAF;INCREMENTO MAC;2E90;INCREMENTO TEMPORÁRIO - MAC;INCREMENTO DO CUSTEIO DA MÉDIA E ALTA COMPLEXIDADE (MAC);10473821000107;FUNDO MUNICIPAL DE SAUDE DO MUNICIPIO DE PRINCESA ISABEL;811;03/07/2023;PROPOSTA PAGA;Proposta Paga;03/10/2023;R$250.000,00;R$250.000,00;R$250.000,00
2023;71160002;S.PART.;BANCADA DA PARAÍBA;não se aplica;não se aplica;PB;251630;SUME;MUNICIPAL;BANCADA OBRIGATÓRIA;CORRENTE;301;1001;1030150192E890025;02/05/2023;36000515383202300;-;FAF;INCREMENTO PAP;2E89;INCREMENTO TEMPORÁRIO AO CUSTEIO DOS SERVIÇOS DE ATENÇÃO PRIMÁRIA À SAÚDE - PAP;INCREMENTO DO PISO DA ATENÇÃO PRIMÁRIA À SAÚDE - PAP;11285069000125;FUNDO MUNICIPAL DE SAUDE;782;04/07/2023;PROPOSTA PAGA;Proposta Paga;02/10/2023;R$1.200.000,00;R$1.200.000,00;R$1.200.000,00
2023;71160002;S.PART.;BANCADA DA PARAÍBA;não se aplica;não se aplica;PB;250280;BREJO DO CRUZ;MUNICIPAL;BANCADA OBRIGATÓRIA;CORRENTE;301;1001;1030150192E890025;02/05/2023;36000515800202300;-;FAF;INCREMENTO PAP;2E89;INCREMENTO TEMPORÁRIO AO CUSTEIO DOS SERVIÇOS DE ATENÇÃO PRIMÁRIA À SAÚDE - PAP;INCREMENTO DO PISO DA ATENÇÃO PRIMÁRIA À SAÚDE - PAP;12452534000138;FUNDO MUNICIPAL DE SAUDE DE BREJO DO CRUZ;782;04/07/2023;PROPOSTA PAGA;Proposta Paga;02/10/2023;R$250.000,00;R$250.000,00;R$250.000,00
2023;71160002;S.PART.;BANCADA DA PARAÍBA;não se aplica;não se aplica;PB;250480;COREMAS;MUNICIPAL;BANCADA OBRIGATÓRIA;CORRENTE;301;1001;1030150192E890025;17/05/2023;36000528251202300;-;FAF;INCREMENTO PAP;2E89;INCREMENTO TEMPORÁRIO AO CUSTEIO DOS SERVIÇOS DE ATENÇÃO PRIMÁRIA À SAÚDE - PAP;INCREMENTO DO PISO DA ATENÇÃO PRIMÁRIA À SAÚDE - PAP;11161210000188;FUNDO MUNICIPAL DE SAUDE;782;04/07/2023;PROPOSTA PAGA;Proposta Paga;02/10/2023;R$250.000,00;R$250.000,00;R$250.000,00
2023;71160001;S.PART.;BANCADA DA PARAÍBA;não se aplica;não se aplica;PB;251207;POCO DE JOSE DE MOURA;MUNICIPAL;BANCADA OBRIGATÓRIA;CORRENTE;302;1001;1030250182E900025;01/05/2023;36000515281202300;-;FAF;INCREMENTO MAC;2E90;INCREMENTO TEMPORÁRIO - MAC;INCREMENTO DO CUSTEIO DA MÉDIA E ALTA COMPLEXIDADE (MAC);11472830000138;FUNDO MUNICIPAL DE SAUDE DE POCO DE JOSE DE MOURA;999;20/07/2023;PROPOSTA PAGA;Proposta Paga;03/10/2023;R$50.000,00;R$50.000,00;R$50.000,00
2023;71160002;S.PART.;BANCADA DA PARAÍBA;não se aplica;não se aplica;PB;250950;MONTADAS;MUNICIPAL;BANCADA OBRIGATÓRIA;CORRENTE;301;1001;1030150192E890025;02/05/2023;36000516106202300;-;FAF;INCREMENTO PAP;2E89;INCREMENTO TEMPORÁRIO AO CUSTEIO DOS SERVIÇOS DE ATENÇÃO PRIMÁRIA À SAÚDE - PAP;INCREMENTO DO PISO DA ATENÇÃO PRIMÁRIA À SAÚDE - PAP;13884126000118;FUNDO MUNICIPAL DE SAUDE DE MONTADAS;970;20/07/2023;PROPOSTA PAGA;Proposta Paga;02/10/2023;R$100.000,00;R$100.000,00;R$100.000,00
2023;71160002;S.PART.;BANCADA DA PARAÍBA;não se aplica;não se aplica;PB;251290;RIO TINTO;MUNICIPAL;BANCADA OBRIGATÓRIA;CORRENTE;301;1001;1030150192E890025;02/05/2023;36000516190202300;-;FAF;INCREMENTO PAP;2E89;INCREMENTO TEMPORÁRIO AO CUSTEIO DOS SERVIÇOS DE ATENÇÃO PRIMÁRIA À SAÚDE - PAP;INCREMENTO DO PISO DA ATENÇÃO PRIMÁRIA À SAÚDE - PAP;12457150000108;FUNDO MUNICIPAL DE SAUDE DE RIO TINTO;970;20/07/2023;PROPOSTA PAGA;Proposta Paga;02/10/2023;R$100.000,00;R$100.000,00;R$100.000,00
2023;71160002;S.PART.;BANCADA DA PARAÍBA;não se aplica;não se aplica;PB;250073;AMPARO;MUNICIPAL;BANCADA OBRIGATÓRIA;CORRENTE;301;1001;1030150192E890025;10/05/2023;36000522837202300;-;FAF;INCREMENTO PAP;2E89;INCREMENTO TEMPORÁRIO AO CUSTEIO DOS SERVIÇOS DE ATENÇÃO PRIMÁRIA À SAÚDE - PAP;INCREMENTO DO PISO DA ATENÇÃO PRIMÁRIA À SAÚDE - PAP;08612869000107;FUNDO MUNICIPAL DE SAUDE DE AMPARO-PB;782;04/07/2023;PROPOSTA PAGA;Proposta Paga;02/10/2023;R$300.000,00;R$300.000,00;R$300.000,00
2023;71160002;S.PART.;BANCADA DA PARAÍBA;não se aplica;não se aplica;PB;250215;BOA VISTA;MUNICIPAL;BANCADA OBRIGATÓRIA;CORRENTE;301;1001;1030150192E890025;05/05/2023;36000518340202300;-;FAF;INCREMENTO PAP;2E89;INCREMENTO TEMPORÁRIO AO CUSTEIO DOS SERVIÇOS DE ATENÇÃO PRIMÁRIA À SAÚDE - PAP;INCREMENTO DO PISO DA ATENÇÃO PRIMÁRIA À SAÚDE - PAP;12868705000104;FUNDO MUNICIPAL DE SAUDE;970;20/07/2023;PROPOSTA PAGA;Proposta Paga;02/10/2023;R$142.385,00;R$142.385,00;R$142.385,00
2023;71160002;S.PART.;BANCADA DA PARAÍBA;não se aplica;não se aplica;PB;251060;OURO VELHO;MUNICIPAL;BANCADA OBRIGATÓRIA;CORRENTE;301;1001;1030150192E890025;02/05/2023;36000515782202300;-;FAF;INCREMENTO PAP;2E89;INCREMENTO TEMPORÁRIO AO CUSTEIO DOS SERVIÇOS DE ATENÇÃO PRIMÁRIA À SAÚDE - PAP;INCREMENTO DO PISO DA ATENÇÃO PRIMÁRIA À SAÚDE - PAP;11348410000144;FUNDO MUNICIPAL DE SAUDE DE OURO VELHO;782;04/07/2023;PROPOSTA PAGA;Proposta Paga;02/10/2023;R$400.000,00;R$400.000,00;R$400.000,00
2023;71160001;S.PART.;BANCADA DA PARAÍBA;não se aplica;não se aplica;PB;250300;CAAPORA;MUNICIPAL;BANCADA OBRIGATÓRIA;CORRENTE;302;1001;1030250182E900025;02/05/2023;36000515861202300;-;FAF;INCREMENTO MAC;2E90;INCREMENTO TEMPORÁRIO - MAC;INCREMENTO DO CUSTEIO DA MÉDIA E ALTA COMPLEXIDADE (MAC);10975044000190;FUNDO MUNICIPAL DE SAUDE - FMS;999;20/07/2023;PROPOSTA PAGA;Proposta Paga;03/10/2023;R$140.000,00;R$140.000,00;R$140.000,00
2023;71160002;S.PART.;BANCADA DA PARAÍBA;não se aplica;não se aplica;PB;250053;ALCANTIL;MUNICIPAL;BANCADA OBRIGATÓRIA;CORRENTE;301;1001;1030150192E890025;02/05/2023;36000515639202300;-;FAF;INCREMENTO PAP;2E89;INCREMENTO TEMPORÁRIO AO CUSTEIO DOS SERVIÇOS DE ATENÇÃO PRIMÁRIA À SAÚDE - PAP;INCREMENTO DO PISO DA ATENÇÃO PRIMÁRIA À SAÚDE - PAP;08448753000176;FUNDO MUNICIPAL DE SAUDE - ALCANTIL PB;1029;28/07/2023;PROPOSTA PAGA;Proposta Paga;02/10/2023;R$200.000,00;R$200.000,00;R$200.000,00
2023;71160002;S.PART.;BANCADA DA PARAÍBA;não se aplica;não se aplica;PB;250360;CAICARA;MUNICIPAL;BANCADA OBRIGATÓRIA;CORRENTE;301;1001;1030150192E890025;08/05/2023;36000519053202300;-;FAF;INCREMENTO PAP;2E89;INCREMENTO TEMPORÁRIO AO CUSTEIO DOS SERVIÇOS DE ATENÇÃO PRIMÁRIA À SAÚDE - PAP;INCREMENTO DO PISO DA ATENÇÃO PRIMÁRIA À SAÚDE - PAP;17577160000109;FUNDO MUNICIPAL DE SAUDE DE CAICARA;1029;28/07/2023;PROPOSTA PAGA;Proposta Paga;02/10/2023;R$200.000,00;R$200.000,00;R$200.000,00
2023;71160002;S.PART.;BANCADA DA PARAÍBA;não se aplica;não se aplica;PB;250920;MASSARANDUBA;MUNICIPAL;BANCADA OBRIGATÓRIA;CORRENTE;301;1001;1030150192E890025;04/05/2023;36000517306202300;-;FAF;INCREMENTO PAP;2E89;INCREMENTO TEMPORÁRIO AO CUSTEIO DOS SERVIÇOS DE ATENÇÃO PRIMÁRIA À SAÚDE - PAP;INCREMENTO DO PISO DA ATENÇÃO PRIMÁRIA À SAÚDE - PAP;10948421000100;FUNDO MUNICIPAL DE SAUDE;782;04/07/2023;PROPOSTA PAGA;Proposta Paga;02/10/2023;R$1.200.000,00;R$1.200.000,00;R$1.200.000,00
2023;71160002;S.PART.;BANCADA DA PARAÍBA;não se aplica;não se aplica;PB;250090;ARARA;MUNICIPAL;BANCADA OBRIGATÓRIA;CORRENTE;301;1001;1030150192E890025;08/05/2023;36000519697202300;-;FAF;INCREMENTO PAP;2E89;INCREMENTO TEMPORÁRIO AO CUSTEIO DOS SERVIÇOS DE ATENÇÃO PRIMÁRIA À SAÚDE - PAP;INCREMENTO DO PISO DA ATENÇÃO PRIMÁRIA À SAÚDE - PAP;11898585000125;FUNDO MUNICIPAL DE SAUDE DO MUNICIPIO DE ARARA - PB;782;04/07/2023;PROPOSTA PAGA;Proposta Paga;02/10/2023;R$1.900.000,00;R$1.900.000,00;R$1.900.000,00
2023;71160001;S.PART.;BANCADA DA PARAÍBA;não se aplica;não se aplica;PB;251140;PICUI;MUNICIPAL;BANCADA OBRIGATÓRIA;CORRENTE;302;1001;1030250182E900025;04/05/2023;36000517672202300;-;FAF;INCREMENTO MAC;2E90;INCREMENTO TEMPORÁRIO - MAC;INCREMENTO DO CUSTEIO DA MÉDIA E ALTA COMPLEXIDADE (MAC);08619650000121;FUNDO MUNICIPAL DE SAUDE;811;03/07/2023;PROPOSTA PAGA;Proposta Paga;03/10/2023;R$300.000,00;R$300.000,00;R$300.000,00
2023;71160002;S.PART.;BANCADA DA PARAÍBA;não se aplica;não se aplica;PB;250490;CRUZ DO ESPIRITO SANTO;MUNICIPAL;BANCADA OBRIGATÓRIA;CORRENTE;301;1001;1030150192E890025;02/05/2023;36000516423202300;-;FAF;INCREMENTO PAP;2E89;INCREMENTO TEMPORÁRIO AO CUSTEIO DOS SERVIÇOS DE ATENÇÃO PRIMÁRIA À SAÚDE - PAP;INCREMENTO DO PISO DA ATENÇÃO PRIMÁRIA À SAÚDE - PAP;23014200000107;FUNDO MUNICIPAL DE SAUDE DE CRUZ DO ESPIRITO SANTO;782;04/07/2023;PROPOSTA PAGA;Proposta Paga;02/10/2023;R$3.160.000,00;R$3.160.000,00;R$3.160.000,00
2023;71160002;S.PART.;BANCADA DA PARAÍBA;não se aplica;não se aplica;PB;250510;CUITE;MUNICIPAL;BANCADA OBRIGATÓRIA;CORRENTE;301;1001;1030150192E890025;02/05/2023;36000515950202300;-;FAF;INCREMENTO PAP;2E89;INCREMENTO TEMPORÁRIO AO CUSTEIO DOS SERVIÇOS DE ATENÇÃO PRIMÁRIA À SAÚDE - PAP;INCREMENTO DO PISO DA ATENÇÃO PRIMÁRIA À SAÚDE - PAP;11404674000178;FUNDO MUNICIPAL DE SAUDE;782;04/07/2023;PROPOSTA PAGA;Proposta Paga;02/10/2023;R$3.275.875,00;R$3.275.875,00;R$3.275.875,00
2023;71160002;S.PART.;BANCADA DA PARAÍBA;não se aplica;não se aplica;PB;251280;RIACHO DOS CAVALOS;MUNICIPAL;BANCADA OBRIGATÓRIA;CORRENTE;301;1001;1030150192E890025;08/05/2023;36000519848202300;-;FAF;INCREMENTO PAP;2E89;INCREMENTO TEMPORÁRIO AO CUSTEIO DOS SERVIÇOS DE ATENÇÃO PRIMÁRIA À SAÚDE - PAP;INCREMENTO DO PISO DA ATENÇÃO PRIMÁRIA À SAÚDE - PAP;12081925000193;RIACHO DOS CAVALOS FUNDO MUNICIPAL DE SAUDE;1029;28/07/2023;PROPOSTA PAGA;Proposta Paga;02/10/2023;R$200.000,00;R$200.000,00;R$200.000,00
2023;71160002;S.PART.;BANCADA DA PARAÍBA;não se aplica;não se aplica;PB;251100;PEDRA BRANCA;MUNICIPAL;BANCADA OBRIGATÓRIA;CORRENTE;301;1001;1030150192E890025;20/12/2023;36000578293202300;-;FAF;INCREMENTO PAP;2E89;INCREMENTO TEMPORÁRIO AO CUSTEIO DOS SERVIÇOS DE ATENÇÃO PRIMÁRIA À SAÚDE - PAP;INCREMENTO DO PISO DA ATENÇÃO PRIMÁRIA À SAÚDE - PAP;12051399000119;FUNDO MUNICIPAL DE SAUDE DE PEDRA BRANCA;2726;27/12/2023;PROPOSTA PAGA;Proposta Paga;13/03/2024;R$98.407,00;R$98.407,00;R$98.407,00
2023;71160001;S.PART.;BANCADA DA PARAÍBA;não se aplica;não se aplica;PB;250933;MATINHAS;MUNICIPAL;BANCADA OBRIGATÓRIA;CORRENTE;302;1001;1030250182E900025;02/05/2023;36000516644202300;-;FAF;INCREMENTO MAC;2E90;INCREMENTO TEMPORÁRIO - MAC;INCREMENTO DO CUSTEIO DA MÉDIA E ALTA COMPLEXIDADE (MAC);12012166000107;FUNDO MUNICIPAL DE SAUDE;999;20/07/2023;PROPOSTA PAGA;Proposta Paga;03/10/2023;R$65.000,00;R$65.000,00;R$65.000,00
2023;71160001;S.PART.;BANCADA DA PARAÍBA;não se aplica;não se aplica;PB;250390;CAMALAU;MUNICIPAL;BANCADA OBRIGATÓRIA;CORRENTE;302;1001;1030250182E900025;10/05/2023;36000522534202300;-;FAF;INCREMENTO MAC;2E90;INCREMENTO TEMPORÁRIO - MAC;INCREMENTO DO CUSTEIO DA MÉDIA E ALTA COMPLEXIDADE (MAC);11417610000101;FUNDO MUNICIPAL DE SAUDE CAMALAU;999;20/07/2023;PROPOSTA PAGA;Proposta Paga;03/10/2023;R$100.000,00;R$100.000,00;R$100.000,00
2023;71160002;S.PART.;BANCADA DA PARAÍBA;não se aplica;não se aplica;PB;250670;IMACULADA;MUNICIPAL;BANCADA OBRIGATÓRIA;CORRENTE;301;1001;1030150192E890025;04/05/2023;36000517596202300;-;FAF;INCREMENTO PAP;2E89;INCREMENTO TEMPORÁRIO AO CUSTEIO DOS SERVIÇOS DE ATENÇÃO PRIMÁRIA À SAÚDE - PAP;INCREMENTO DO PISO DA ATENÇÃO PRIMÁRIA À SAÚDE - PAP;11838404000175;FUNDO MUNICIPAL DE SAUDE DO MUNICIPIO DE IMACULADA;970;20/07/2023;PROPOSTA PAGA;Proposta Paga;02/10/2023;R$150.000,00;R$150.000,00;R$150.000,00
2023;71160002;S.PART.;BANCADA DA PARAÍBA;não se aplica;não se aplica;PB;250100;ARARUNA;MUNICIPAL;BANCADA OBRIGATÓRIA;CORRENTE;301;1001;1030150192E890025;05/05/2023;36000518247202300;-;FAF;INCREMENTO PAP;2E89;INCREMENTO TEMPORÁRIO AO CUSTEIO DOS SERVIÇOS DE ATENÇÃO PRIMÁRIA À SAÚDE - PAP;INCREMENTO DO PISO DA ATENÇÃO PRIMÁRIA À SAÚDE - PAP;11667845000151;FUNDO MUNICIPAL DE SAUDE DE ARARUNA PARAIBA;782;04/07/2023;PROPOSTA PAGA;Proposta Paga;02/10/2023;R$400.000,00;R$400.000,00;R$400.000,00
2023;71160002;S.PART.;BANCADA DA PARAÍBA;não se aplica;não se aplica;PB;251170;PILOEZINHOS;MUNICIPAL;BANCADA OBRIGATÓRIA;CORRENTE;301;1001;1030150192E890025;02/05/2023;36000516149202300;-;FAF;INCREMENTO PAP;2E89;INCREMENTO TEMPORÁRIO AO CUSTEIO DOS SERVIÇOS DE ATENÇÃO PRIMÁRIA À SAÚDE - PAP;INCREMENTO DO PISO DA ATENÇÃO PRIMÁRIA À SAÚDE - PAP;12002118000138;FUNDO MUNICIPAL DE SAUDE - PILOEZINHOS-PB;970;20/07/2023;PROPOSTA PAGA;Proposta Paga;02/10/2023;R$155.904,00;R$155.904,00;R$155.904,00
2023;71160002;S.PART.;BANCADA DA PARAÍBA;não se aplica;não se aplica;PB;250205;BERNARDINO BATISTA;MUNICIPAL;BANCADA OBRIGATÓRIA;CORRENTE;301;1001;1030150192E890025;01/05/2023;36000515278202300;-;FAF;INCREMENTO PAP;2E89;INCREMENTO TEMPORÁRIO AO CUSTEIO DOS SERVIÇOS DE ATENÇÃO PRIMÁRIA À SAÚDE - PAP;INCREMENTO DO PISO DA ATENÇÃO PRIMÁRIA À SAÚDE - PAP;10484826000127;FUNDO MUNICIPAL DE SAUDE;1029;28/07/2023;PROPOSTA PAGA;Proposta Paga;02/10/2023;R$200.000,00;R$200.000,00;R$200.000,00
2023;71160002;S.PART.;BANCADA DA PARAÍBA;não se aplica;não se aplica;PB;251080;PATOS;MUNICIPAL;BANCADA OBRIGATÓRIA;CORRENTE;301;1001;1030150192E890025;09/05/2023;36000520442202300;-;FAF;INCREMENTO PAP;2E89;INCREMENTO TEMPORÁRIO AO CUSTEIO DOS SERVIÇOS DE ATENÇÃO PRIMÁRIA À SAÚDE - PAP;INCREMENTO DO PISO DA ATENÇÃO PRIMÁRIA À SAÚDE - PAP;11242822000103;FUNDO MUNICIPAL DE SAUDE;782;04/07/2023;PROPOSTA PAGA;Proposta Paga;02/10/2023;R$1.000.000,00;R$1.000.000,00;R$1.000.000,00
2023;71160002;S.PART.;BANCADA DA PARAÍBA;não se aplica;não se aplica;PB;250070;SAO JOAO DO RIO DO PEIXE;MUNICIPAL;BANCADA OBRIGATÓRIA;CORRENTE;301;1001;1030150192E890025;02/05/2023;36000515887202300;-;FAF;INCREMENTO PAP;2E89;INCREMENTO TEMPORÁRIO AO CUSTEIO DOS SERVIÇOS DE ATENÇÃO PRIMÁRIA À SAÚDE - PAP;INCREMENTO DO PISO DA ATENÇÃO PRIMÁRIA À SAÚDE - PAP;17648806000193;FUNDO MUNICIPAL DE SAUDE DE SAO JOAO DO RIO DO PEIXE;782;04/07/2023;PROPOSTA PAGA;Proposta Paga;02/10/2023;R$1.242.366,00;R$1.242.366,00;R$1.242.366,00
2023;71160001;S.PART.;BANCADA DA PARAÍBA;não se aplica;não se aplica;PB;250830;LAGOA SECA;MUNICIPAL;BANCADA OBRIGATÓRIA;CORRENTE;302;1001;1030250182E900025;02/05/2023;36000516090202300;-;FAF;INCREMENTO MAC;2E90;INCREMENTO TEMPORÁRIO - MAC;INCREMENTO DO CUSTEIO DA MÉDIA E ALTA COMPLEXIDADE (MAC);11264183000179;FUNDO MUNICIPAL DE SAUDE;811;03/07/2023;PROPOSTA PAGA;Proposta Paga;03/10/2023;R$500.000,00;R$500.000,00;R$500.000,00
2023;71160001;S.PART.;BANCADA DA PARAÍBA;não se aplica;não se aplica;PB;251210;POMBAL;MUNICIPAL;BANCADA OBRIGATÓRIA;CORRENTE;302;1001;1030250182E900025;01/09/2023;36000571963202300;-;FAF;INCREMENTO MAC;2E90;INCREMENTO TEMPORÁRIO - MAC;INCREMENTO DO CUSTEIO DA MÉDIA E ALTA COMPLEXIDADE (MAC);10602526000103;FUNDO MUNICIPAL DE SAUDE;1301;21/09/2023;PROPOSTA PAGA;Proposta Paga;08/11/2023;R$500.000,00;R$500.000,00;R$500.000,00
2023;71160002;S.PART.;BANCADA DA PARAÍBA;não se aplica;não se aplica;PB;251310;SALGADO DE SAO FELIX;MUNICIPAL;BANCADA OBRIGATÓRIA;CORRENTE;301;1001;1030150192E890025;08/05/2023;36000519233202300;-;FAF;INCREMENTO PAP;2E89;INCREMENTO TEMPORÁRIO AO CUSTEIO DOS SERVIÇOS DE ATENÇÃO PRIMÁRIA À SAÚDE - PAP;INCREMENTO DO PISO DA ATENÇÃO PRIMÁRIA À SAÚDE - PAP;11462050000107;FUNDO MUNICIPAL DE SAUDE DE SALGADO DE SAO FELIX;1029;28/07/2023;PROPOSTA PAGA;Proposta Paga;02/10/2023;R$200.000,00;R$200.000,00;R$200.000,00
2023;71160002;S.PART.;BANCADA DA PARAÍBA;não se aplica;não se aplica;PB;251455;SAO JOSE DE PRINCESA;MUNICIPAL;BANCADA OBRIGATÓRIA;CORRENTE;301;1001;1030150192E890025;03/05/2023;36000517104202300;-;FAF;INCREMENTO PAP;2E89;INCREMENTO TEMPORÁRIO AO CUSTEIO DOS SERVIÇOS DE ATENÇÃO PRIMÁRIA À SAÚDE - PAP;INCREMENTO DO PISO DA ATENÇÃO PRIMÁRIA À SAÚDE - PAP;10460712000147;FUNDO MUNICIPAL DE SAUDE DE SAO JOSE DE PRINCESA;1029;28/07/2023;PROPOSTA PAGA;Proposta Paga;02/10/2023;R$200.000,00;R$200.000,00;R$200.000,00
2023;71160001;S.PART.;BANCADA DA PARAÍBA;não se aplica;não se aplica;PB;250890;MAMANGUAPE;MUNICIPAL;BANCADA OBRIGATÓRIA;CORRENTE;302;1001;1030250182E900025;03/05/2023;36000516821202300;-;FAF;INCREMENTO MAC;2E90;INCREMENTO TEMPORÁRIO - MAC;INCREMENTO DO CUSTEIO DA MÉDIA E ALTA COMPLEXIDADE (MAC);08674396000164;FUNDO MUNICIPAL DE SAUDE DE MAMANGUAPE;811;03/07/2023;PROPOSTA PAGA;Proposta Paga;03/10/2023;R$1.300.000,00;R$1.300.000,00;R$1.300.000,00
2023;71160002;S.PART.;BANCADA DA PARAÍBA;não se aplica;não se aplica;PB;251650;TAPEROA;MUNICIPAL;BANCADA OBRIGATÓRIA;CORRENTE;301;1001;1030150192E890025;02/05/2023;36000516260202300;-;FAF;INCREMENTO PAP;2E89;INCREMENTO TEMPORÁRIO AO CUSTEIO DOS SERVIÇOS DE ATENÇÃO PRIMÁRIA À SAÚDE - PAP;INCREMENTO DO PISO DA ATENÇÃO PRIMÁRIA À SAÚDE - PAP;11850452000189;FUNDO MUNICIPAL DE SAUDE DE TAPEROA;1029;28/07/2023;PROPOSTA PAGA;Proposta Paga;02/10/2023;R$200.000,00;R$200.000,00;R$200.000,00
2023;71160002;S.PART.;BANCADA DA PARAÍBA;não se aplica;não se aplica;PB;250933;MATINHAS;MUNICIPAL;BANCADA OBRIGATÓRIA;CORRENTE;301;1001;1030150192E890025;02/05/2023;36000516641202300;-;FAF;INCREMENTO PAP;2E89;INCREMENTO TEMPORÁRIO AO CUSTEIO DOS SERVIÇOS DE ATENÇÃO PRIMÁRIA À SAÚDE - PAP;INCREMENTO DO PISO DA ATENÇÃO PRIMÁRIA À SAÚDE - PAP;12012166000107;FUNDO MUNICIPAL DE SAUDE;970;20/07/2023;PROPOSTA PAGA;Proposta Paga;02/10/2023;R$100.000,00;R$100.000,00;R$100.000,00
2023;71160002;S.PART.;BANCADA DA PARAÍBA;não se aplica;não se aplica;PB;250470;CONGO;MUNICIPAL;BANCADA OBRIGATÓRIA;CORRENTE;301;1001;1030150192E890025;10/05/2023;36000523625202300;-;FAF;INCREMENTO PAP;2E89;INCREMENTO TEMPORÁRIO AO CUSTEIO DOS SERVIÇOS DE ATENÇÃO PRIMÁRIA À SAÚDE - PAP;INCREMENTO DO PISO DA ATENÇÃO PRIMÁRIA À SAÚDE - PAP;11436548000103;FUNDO MUNICIPAL DE SAUDE - CONGO - PARAIBA;782;04/07/2023;PROPOSTA PAGA;Proposta Paga;02/10/2023;R$350.000,00;R$350.000,00;R$350.000,00
2023;71160002;S.PART.;BANCADA DA PARAÍBA;não se aplica;não se aplica;PB;251275;RIACHAO DO BACAMARTE;MUNICIPAL;BANCADA OBRIGATÓRIA;CORRENTE;301;1001;1030150192E890025;02/05/2023;36000516175202300;-;FAF;INCREMENTO PAP;2E89;INCREMENTO TEMPORÁRIO AO CUSTEIO DOS SERVIÇOS DE ATENÇÃO PRIMÁRIA À SAÚDE - PAP;INCREMENTO DO PISO DA ATENÇÃO PRIMÁRIA À SAÚDE - PAP;11565067000190;FUNDO MUNICIPAL DE SAUDE - RIACHAO DO BACAMARTE - PB;970;20/07/2023;PROPOSTA PAGA;Proposta Paga;02/10/2023;R$158.943,00;R$158.943,00;R$158.943,00
2023;71160002;S.PART.;BANCADA DA PARAÍBA;não se aplica;não se aplica;PB;250157;BARRA DE SANTANA;MUNICIPAL;BANCADA OBRIGATÓRIA;CORRENTE;301;1001;1030150192E890025;02/05/2023;36000515718202300;-;FAF;INCREMENTO PAP;2E89;INCREMENTO TEMPORÁRIO AO CUSTEIO DOS SERVIÇOS DE ATENÇÃO PRIMÁRIA À SAÚDE - PAP;INCREMENTO DO PISO DA ATENÇÃO PRIMÁRIA À SAÚDE - PAP;11109361000197;FUNDO MUNICIPAL DE SAUDE BARRA DE SANTANA;782;04/07/2023;PROPOSTA PAGA;Proposta Paga;02/10/2023;R$500.000,00;R$500.000,00;R$500.000,00
2023;71160002;S.PART.;BANCADA DA PARAÍBA;não se aplica;não se aplica;PB;250057;ALGODAO DE JANDAIRA;MUNICIPAL;BANCADA OBRIGATÓRIA;CORRENTE;301;1001;1030150192E890025;04/05/2023;36000517373202300;-;FAF;INCREMENTO PAP;2E89;INCREMENTO TEMPORÁRIO AO CUSTEIO DOS SERVIÇOS DE ATENÇÃO PRIMÁRIA À SAÚDE - PAP;INCREMENTO DO PISO DA ATENÇÃO PRIMÁRIA À SAÚDE - PAP;11903620000157;FUNDO MUNICIPAL DE SAUDE DO MUNICIPIO DE ALGODAO DE JANDAIRA;1029;28/07/2023;PROPOSTA PAGA;Proposta Paga;02/10/2023;R$200.000,00;R$200.000,00;R$200.000,00
2023;71160002;S.PART.;BANCADA DA PARAÍBA;não se aplica;não se aplica;PB;250157;BARRA DE SANTANA;MUNICIPAL;BANCADA OBRIGATÓRIA;CORRENTE;301;1001;1030150192E890025;31/10/2023;36000574856202300;-;FAF;INCREMENTO PAP;2E89;INCREMENTO TEMPORÁRIO AO CUSTEIO DOS SERVIÇOS DE ATENÇÃO PRIMÁRIA À SAÚDE - PAP;INCREMENTO DO PISO DA ATENÇÃO PRIMÁRIA À SAÚDE - PAP;11109361000197;FUNDO MUNICIPAL DE SAUDE BARRA DE SANTANA;1838;22/11/2023;PROPOSTA PAGA;Proposta Paga;20/12/2023;R$1.047.080,00;R$1.047.080,00;R$1.047.080,00
2023;71160001;S.PART.;BANCADA DA PARAÍBA;não se aplica;não se aplica;PB;250430;CATOLE DO ROCHA;MUNICIPAL;BANCADA OBRIGATÓRIA;CORRENTE;302;1001;1030250182E900025;31/08/2023;36000571688202300;-;FAF;INCREMENTO MAC;2E90;INCREMENTO TEMPORÁRIO - MAC;INCREMENTO DO CUSTEIO DA MÉDIA E ALTA COMPLEXIDADE (MAC);12784607000199;FUNDO MUNICIPAL DE SAUDE DE CATOLE DO ROCHA;1301;21/09/2023;PROPOSTA PAGA;Proposta Paga;08/11/2023;R$500.000,00;R$500.000,00;R$500.000,00
2023;71160001;S.PART.;BANCADA DA PARAÍBA;não se aplica;não se aplica;PB;251190;PITIMBU;MUNICIPAL;BANCADA OBRIGATÓRIA;CORRENTE;302;1000;1030250182E900025;16/12/2023;36000577943202300;-;FAF;INCREMENTO MAC;2E90;INCREMENTO TEMPORÁRIO - MAC;INCREMENTO DO CUSTEIO DA MÉDIA E ALTA COMPLEXIDADE (MAC);10557425000150;FUNDO MUNICIPAL DE SAUDE DE PITIMBU;2778;28/12/2023;PROPOSTA PAGA;Proposta Paga;13/03/2024;R$355.461,00;R$355.461,00;R$355.461,00
2023;71160001;S.PART.;BANCADA DA PARAÍBA;não se aplica;não se aplica;PB;250960;MONTE HOREBE;MUNICIPAL;BANCADA OBRIGATÓRIA;CORRENTE;302;1001;1030250182E900025;08/05/2023;36000519085202300;-;FAF;INCREMENTO MAC;2E90;INCREMENTO TEMPORÁRIO - MAC;INCREMENTO DO CUSTEIO DA MÉDIA E ALTA COMPLEXIDADE (MAC);12445872000142;FUNDO MUNICIPAL DE SAUDE DO MUNICIPIO DE MONTE HOREBE - PB;999;20/07/2023;PROPOSTA PAGA;Proposta Paga;03/10/2023;R$7.032,00;R$7.032,00;R$7.032,00
2023;71160002;S.PART.;BANCADA DA PARAÍBA;não se aplica;não se aplica;PB;250630;GUARABIRA;MUNICIPAL;BANCADA OBRIGATÓRIA;CORRENTE;301;1001;1030150192E890025;02/05/2023;36000515987202300;-;FAF;INCREMENTO PAP;2E89;INCREMENTO TEMPORÁRIO AO CUSTEIO DOS SERVIÇOS DE ATENÇÃO PRIMÁRIA À SAÚDE - PAP;INCREMENTO DO PISO DA ATENÇÃO PRIMÁRIA À SAÚDE - PAP;13844779000173;GUARABIRA FUNDO MUNICIPAL DE SAUDE;782;04/07/2023;PROPOSTA PAGA;Proposta Paga;02/10/2023;R$250.000,00;R$250.000,00;R$250.000,00
2023;71160001;S.PART.;BANCADA DA PARAÍBA;não se aplica;não se aplica;PB;250435;CATURITE;MUNICIPAL;BANCADA OBRIGATÓRIA;CORRENTE;302;1001;1030250182E900025;02/05/2023;36000515886202300;-;FAF;INCREMENTO MAC;2E90;INCREMENTO TEMPORÁRIO - MAC;INCREMENTO DO CUSTEIO DA MÉDIA E ALTA COMPLEXIDADE (MAC);11457024000190;FUNDO MUNICIPAL DE SAUDE CATURITE;999;20/07/2023;PROPOSTA PAGA;Proposta Paga;03/10/2023;R$31.000,00;R$31.000,00;R$31.000,00
2023;71160002;S.PART.;BANCADA DA PARAÍBA;não se aplica;não se aplica;PB;250500;CUBATI;MUNICIPAL;BANCADA OBRIGATÓRIA;CORRENTE;301;1001;1030150192E890025;25/08/2023;36000570784202300;-;FAF;INCREMENTO PAP;2E89;INCREMENTO TEMPORÁRIO AO CUSTEIO DOS SERVIÇOS DE ATENÇÃO PRIMÁRIA À SAÚDE - PAP;INCREMENTO DO PISO DA ATENÇÃO PRIMÁRIA À SAÚDE - PAP;08580325000100;FUNDO MUNICIPAL DE SAUDE DE CUBATI;1227;13/09/2023;PROPOSTA PAGA;Proposta Paga;08/11/2023;R$90.000,00;R$90.000,00;R$90.000,00
2023;71160002;S.PART.;BANCADA DA PARAÍBA;não se aplica;não se aplica;PB;251290;RIO TINTO;MUNICIPAL;BANCADA OBRIGATÓRIA;CORRENTE;301;1001;1030150192E890025;02/05/2023;36000516189202300;-;FAF;INCREMENTO PAP;2E89;INCREMENTO TEMPORÁRIO AO CUSTEIO DOS SERVIÇOS DE ATENÇÃO PRIMÁRIA À SAÚDE - PAP;INCREMENTO DO PISO DA ATENÇÃO PRIMÁRIA À SAÚDE - PAP;12457150000108;FUNDO MUNICIPAL DE SAUDE DE RIO TINTO;782;04/07/2023;PROPOSTA PAGA;Proposta Paga;02/10/2023;R$250.000,00;R$250.000,00;R$250.000,00
2023;71160002;S.PART.;BANCADA DA PARAÍBA;não se aplica;não se aplica;PB;251550;SERRA BRANCA;MUNICIPAL;BANCADA OBRIGATÓRIA;CORRENTE;301;1001;1030150192E890025;05/05/2023;36000518087202300;-;FAF;INCREMENTO PAP;2E89;INCREMENTO TEMPORÁRIO AO CUSTEIO DOS SERVIÇOS DE ATENÇÃO PRIMÁRIA À SAÚDE - PAP;INCREMENTO DO PISO DA ATENÇÃO PRIMÁRIA À SAÚDE - PAP;05456092000132;FUNDO MUNICIPAL DE SAUDE;782;04/07/2023;PROPOSTA PAGA;Proposta Paga;02/10/2023;R$250.000,00;R$250.000,00;R$250.000,00
2023;71160001;S.PART.;BANCADA DA PARAÍBA;não se aplica;não se aplica;PB;251394;SAO DOMINGOS DO CARIRI;MUNICIPAL;BANCADA OBRIGATÓRIA;CORRENTE;302;1001;1030250182E900025;02/05/2023;36000516217202300;-;FAF;INCREMENTO MAC;2E90;INCREMENTO TEMPORÁRIO - MAC;INCREMENTO DO CUSTEIO DA MÉDIA E ALTA COMPLEXIDADE (MAC);11836179000138;FUNDO MUNICIPAL DE SAUDE DE SAO DOMINGOS DO CARIRI;999;20/07/2023;PROPOSTA PAGA;Proposta Paga;03/10/2023;R$60.000,00;R$60.000,00;R$60.000,00
2023;71160001;S.PART.;BANCADA DA PARAÍBA;não se aplica;não se aplica;PB;250220;BOM JESUS;MUNICIPAL;BANCADA OBRIGATÓRIA;CORRENTE;302;1001;1030250182E900025;09/05/2023;36000520710202300;-;FAF;INCREMENTO MAC;2E90;INCREMENTO TEMPORÁRIO - MAC;INCREMENTO DO CUSTEIO DA MÉDIA E ALTA COMPLEXIDADE (MAC);11856862000137;FUNDO MUNICIPAL DE SAUDE DO MUNICIPIO DE BOM JESUS;999;20/07/2023;PROPOSTA PAGA;Proposta Paga;03/10/2023;R$68.000,00;R$68.000,00;R$68.000,00
2023;71160001;S.PART.;BANCADA DA PARAÍBA;não se aplica;não se aplica;PB;250140;BAIA DA TRAICAO;MUNICIPAL;BANCADA OBRIGATÓRIA;CORRENTE;302;1001;1030250182E900025;02/05/2023;36000515714202300;-;FAF;INCREMENTO MAC;2E90;INCREMENTO TEMPORÁRIO - MAC;INCREMENTO DO CUSTEIO DA MÉDIA E ALTA COMPLEXIDADE (MAC);13923732000103;FUNDO MUNICIPAL DE SAUDE DE BAIA DA TRAICAO-PB;999;20/07/2023;PROPOSTA PAGA;Proposta Paga;02/10/2023;R$80.000,00;R$80.000,00;R$80.000,00
2023;71160002;S.PART.;BANCADA DA PARAÍBA;não se aplica;não se aplica;PB;251700;UMBUZEIRO;MUNICIPAL;BANCADA OBRIGATÓRIA;CORRENTE;301;1001;1030150192E890025;08/12/2023;36000576991202300;-;FAF;INCREMENTO PAP;2E89;INCREMENTO TEMPORÁRIO AO CUSTEIO DOS SERVIÇOS DE ATENÇÃO PRIMÁRIA À SAÚDE - PAP;INCREMENTO DO PISO DA ATENÇÃO PRIMÁRIA À SAÚDE - PAP;09494245000197;FUNDO MUNICIPAL DE SAUDE;2426;19/12/2023;PROPOSTA PAGA;Proposta Paga;13/03/2024;R$126.601,00;R$126.601,00;R$126.601,00
2023;71160002;S.PART.;BANCADA DA PARAÍBA;não se aplica;não se aplica;PB;250050;ALAGOINHA;MUNICIPAL;BANCADA OBRIGATÓRIA;CORRENTE;301;1001;1030150192E890025;04/05/2023;36000517186202300;-;FAF;INCREMENTO PAP;2E89;INCREMENTO TEMPORÁRIO AO CUSTEIO DOS SERVIÇOS DE ATENÇÃO PRIMÁRIA À SAÚDE - PAP;INCREMENTO DO PISO DA ATENÇÃO PRIMÁRIA À SAÚDE - PAP;11757032000152;FUNDO MUNICIPAL DE SAUDE DE ALAGOINHA;970;20/07/2023;PROPOSTA PAGA;Proposta Paga;02/10/2023;R$150.000,00;R$150.000,00;R$150.000,00
2023;71160002;S.PART.;BANCADA DA PARAÍBA;não se aplica;não se aplica;PB;250710;ITAPOROROCA;MUNICIPAL;BANCADA OBRIGATÓRIA;CORRENTE;301;1001;1030150192E890025;02/05/2023;36000516460202300;-;FAF;INCREMENTO PAP;2E89;INCREMENTO TEMPORÁRIO AO CUSTEIO DOS SERVIÇOS DE ATENÇÃO PRIMÁRIA À SAÚDE - PAP;INCREMENTO DO PISO DA ATENÇÃO PRIMÁRIA À SAÚDE - PAP;12099621000153;FUNDO MUNICIPAL DE SAUDE;970;20/07/2023;PROPOSTA PAGA;Proposta Paga;02/10/2023;R$150.000,00;R$150.000,00;R$150.000,00
2023;71160002;S.PART.;BANCADA DA PARAÍBA;não se aplica;não se aplica;PB;250933;MATINHAS;MUNICIPAL;BANCADA OBRIGATÓRIA;CORRENTE;301;1001;1030150192E890025;02/05/2023;36000516653202300;-;FAF;INCREMENTO PAP;2E89;INCREMENTO TEMPORÁRIO AO CUSTEIO DOS SERVIÇOS DE ATENÇÃO PRIMÁRIA À SAÚDE - PAP;INCREMENTO DO PISO DA ATENÇÃO PRIMÁRIA À SAÚDE - PAP;12012166000107;FUNDO MUNICIPAL DE SAUDE;970;20/07/2023;PROPOSTA PAGA;Proposta Paga;02/10/2023;R$150.000,00;R$150.000,00;R$150.000,00
2023;71160002;S.PART.;BANCADA DA PARAÍBA;não se aplica;não se aplica;PB;251030;NOVA PALMEIRA;MUNICIPAL;BANCADA OBRIGATÓRIA;CORRENTE;301;1001;1030150192E890025;02/05/2023;36000516658202300;-;FAF;INCREMENTO PAP;2E89;INCREMENTO TEMPORÁRIO AO CUSTEIO DOS SERVIÇOS DE ATENÇÃO PRIMÁRIA À SAÚDE - PAP;INCREMENTO DO PISO DA ATENÇÃO PRIMÁRIA À SAÚDE - PAP;08579944000177;FUNDO MUNICIPAL DE SAUDE DE NOVA PALMEIRA;970;20/07/2023;PROPOSTA PAGA;Proposta Paga;02/10/2023;R$150.000,00;R$150.000,00;R$150.000,00
2023;71160001;S.PART.;BANCADA DA PARAÍBA;não se aplica;não se aplica;PB;250190;BELEM;MUNICIPAL;BANCADA OBRIGATÓRIA;CORRENTE;302;1001;1030250182E900025;04/05/2023;36000517580202300;-;FAF;INCREMENTO MAC;2E90;INCREMENTO TEMPORÁRIO - MAC;INCREMENTO DO CUSTEIO DA MÉDIA E ALTA COMPLEXIDADE (MAC);11429813000118;FUNDO MUNICIPAL DE SAUDE DE BELEM;1037;28/07/2023;PROPOSTA PAGA;Proposta Paga;02/10/2023;R$200.000,00;R$200.000,00;R$200.000,00
2023;71160002;S.PART.;BANCADA DA PARAÍBA;não se aplica;não se aplica;PB;251630;SUME;MUNICIPAL;BANCADA OBRIGATÓRIA;CORRENTE;301;1001;1030150192E890025;11/12/2023;36000577068202300;-;FAF;INCREMENTO PAP;2E89;INCREMENTO TEMPORÁRIO AO CUSTEIO DOS SERVIÇOS DE ATENÇÃO PRIMÁRIA À SAÚDE - PAP;INCREMENTO DO PISO DA ATENÇÃO PRIMÁRIA À SAÚDE - PAP;11285069000125;FUNDO MUNICIPAL DE SAUDE;2426;19/12/2023;PROPOSTA PAGA;Proposta Paga;13/03/2024;R$833.645,00;R$833.645,00;R$833.645,00
2023;71160002;S.PART.;BANCADA DA PARAÍBA;não se aplica;não se aplica;PB;250240;BONITO DE SANTA FE;MUNICIPAL;BANCADA OBRIGATÓRIA;CORRENTE;301;1001;1030150192E890025;02/05/2023;36000515757202300;-;FAF;INCREMENTO PAP;2E89;INCREMENTO TEMPORÁRIO AO CUSTEIO DOS SERVIÇOS DE ATENÇÃO PRIMÁRIA À SAÚDE - PAP;INCREMENTO DO PISO DA ATENÇÃO PRIMÁRIA À SAÚDE - PAP;11494230000170;FUNDO MUNICIPAL DE SAUDE BONITO DE SANTA FE;1029;28/07/2023;PROPOSTA PAGA;Proposta Paga;02/10/2023;R$200.000,00;R$200.000,00;R$200.000,00
2023;71160002;S.PART.;BANCADA DA PARAÍBA;não se aplica;não se aplica;PB;250870;MAE D'AGUA;MUNICIPAL;BANCADA OBRIGATÓRIA;CORRENTE;301;1001;1030150192E890025;02/05/2023;36000516477202300;-;FAF;INCREMENTO PAP;2E89;INCREMENTO TEMPORÁRIO AO CUSTEIO DOS SERVIÇOS DE ATENÇÃO PRIMÁRIA À SAÚDE - PAP;INCREMENTO DO PISO DA ATENÇÃO PRIMÁRIA À SAÚDE - PAP;03627760000111;FUNDO MUNICIPAL DE SAUDE DE MAE D AGUA;1029;28/07/2023;PROPOSTA PAGA;Proposta Paga;02/10/2023;R$200.000,00;R$200.000,00;R$200.000,00
2023;71160001;S.PART.;BANCADA DA PARAÍBA;não se aplica;não se aplica;PB;250890;MAMANGUAPE;MUNICIPAL;BANCADA OBRIGATÓRIA;CORRENTE;302;1001;1030250182E900025;03/05/2023;36000516820202300;-;FAF;INCREMENTO MAC;2E90;INCREMENTO TEMPORÁRIO - MAC;INCREMENTO DO CUSTEIO DA MÉDIA E ALTA COMPLEXIDADE (MAC);08674396000164;FUNDO MUNICIPAL DE SAUDE DE MAMANGUAPE;811;03/07/2023;PROPOSTA PAGA;Proposta Paga;03/10/2023;R$450.000,00;R$450.000,00;R$450.000,00
2023;71160001;S.PART.;BANCADA DA PARAÍBA;não se aplica;não se aplica;PB;250400;CAMPINA GRANDE;MUNICIPAL;BANCADA OBRIGATÓRIA;CORRENTE;302;1001;1030250182E900025;02/05/2023;36000516213202300;-;FAF;INCREMENTO MAC;2E90;INCREMENTO TEMPORÁRIO - MAC;INCREMENTO DO CUSTEIO DA MÉDIA E ALTA COMPLEXIDADE (MAC);24513574000121;FUNDO MUNICIPAL DE SAUDE DE CAMPINA GRANDE;811;03/07/2023;PROPOSTA PAGA;Proposta Paga;03/10/2023;R$500.000,00;R$500.000,00;R$500.000,00
2023;71160002;S.PART.;BANCADA DA PARAÍBA;não se aplica;não se aplica;PB;250250;BOQUEIRAO;MUNICIPAL;BANCADA OBRIGATÓRIA;CORRENTE;301;1001;1030150192E890025;02/05/2023;36000516676202300;-;FAF;INCREMENTO PAP;2E89;INCREMENTO TEMPORÁRIO AO CUSTEIO DOS SERVIÇOS DE ATENÇÃO PRIMÁRIA À SAÚDE - PAP;INCREMENTO DO PISO DA ATENÇÃO PRIMÁRIA À SAÚDE - PAP;11153600000106;FUNDO MUNICIPAL DE SAUDE;782;04/07/2023;PROPOSTA PAGA;Proposta Paga;02/10/2023;R$2.000.000,00;R$2.000.000,00;R$2.000.000,00
2023;71160002;S.PART.;BANCADA DA PARAÍBA;não se aplica;não se aplica;PB;250170;BARRA DE SAO MIGUEL;MUNICIPAL;BANCADA OBRIGATÓRIA;CORRENTE;301;1001;1030150192E890025;02/05/2023;36000516668202300;-;FAF;INCREMENTO PAP;2E89;INCREMENTO TEMPORÁRIO AO CUSTEIO DOS SERVIÇOS DE ATENÇÃO PRIMÁRIA À SAÚDE - PAP;INCREMENTO DO PISO DA ATENÇÃO PRIMÁRIA À SAÚDE - PAP;11228592000110;FUNDO MUNICIPAL DE SAUDE DE BARRA DE SAO MIGUEL;782;04/07/2023;PROPOSTA PAGA;Proposta Paga;02/10/2023;R$250.000,00;R$250.000,00;R$250.000,00
2023;71160002;S.PART.;BANCADA DA PARAÍBA;não se aplica;não se aplica;PB;251310;SALGADO DE SAO FELIX;MUNICIPAL;BANCADA OBRIGATÓRIA;CORRENTE;301;1001;1030150192E890025;18/12/2023;36000577963202300;-;FAF;INCREMENTO PAP;2E89;INCREMENTO TEMPORÁRIO AO CUSTEIO DOS SERVIÇOS DE ATENÇÃO PRIMÁRIA À SAÚDE - PAP;INCREMENTO DO PISO DA ATENÇÃO PRIMÁRIA À SAÚDE - PAP;11462050000107;FUNDO MUNICIPAL DE SAUDE DE SALGADO DE SAO FELIX;2544;21/12/2023;PROPOSTA PAGA;Proposta Paga;13/03/2024;R$26.098,00;R$26.098,00;R$26.098,00
2023;71160002;S.PART.;BANCADA DA PARAÍBA;não se aplica;não se aplica;PB;251230;PRINCESA ISABEL;MUNICIPAL;BANCADA OBRIGATÓRIA;CORRENTE;301;1001;1030150192E890025;03/05/2023;36000516901202300;-;FAF;INCREMENTO PAP;2E89;INCREMENTO TEMPORÁRIO AO CUSTEIO DOS SERVIÇOS DE ATENÇÃO PRIMÁRIA À SAÚDE - PAP;INCREMENTO DO PISO DA ATENÇÃO PRIMÁRIA À SAÚDE - PAP;10473821000107;FUNDO MUNICIPAL DE SAUDE DO MUNICIPIO DE PRINCESA ISABEL;782;04/07/2023;PROPOSTA PAGA;Proposta Paga;02/10/2023;R$250.000,00;R$250.000,00;R$250.000,00
2023;71160002;S.PART.;BANCADA DA PARAÍBA;não se aplica;não se aplica;PB;251380;SANTA TERESINHA;MUNICIPAL;BANCADA OBRIGATÓRIA;CORRENTE;301;1001;1030150192E890025;03/05/2023;36000516929202300;-;FAF;INCREMENTO PAP;2E89;INCREMENTO TEMPORÁRIO AO CUSTEIO DOS SERVIÇOS DE ATENÇÃO PRIMÁRIA À SAÚDE - PAP;INCREMENTO DO PISO DA ATENÇÃO PRIMÁRIA À SAÚDE - PAP;12447227000169;FUNDO MUNICIPAL DE SAUDE DE SANTA TEREZINHA;782;04/07/2023;PROPOSTA PAGA;Proposta Paga;02/10/2023;R$250.000,00;R$250.000,00;R$250.000,00
2023;71160001;S.PART.;BANCADA DA PARAÍBA;não se aplica;não se aplica;PB;251280;RIACHO DOS CAVALOS;MUNICIPAL;BANCADA OBRIGATÓRIA;CORRENTE;302;1001;1030250182E900025;08/05/2023;36000519858202300;-;FAF;INCREMENTO MAC;2E90;INCREMENTO TEMPORÁRIO - MAC;INCREMENTO DO CUSTEIO DA MÉDIA E ALTA COMPLEXIDADE (MAC);12081925000193;RIACHO DOS CAVALOS FUNDO MUNICIPAL DE SAUDE;999;20/07/2023;PROPOSTA PAGA;Proposta Paga;03/10/2023;R$88.000,00;R$88.000,00;R$88.000,00
2023;71160001;S.PART.;BANCADA DA PARAÍBA;não se aplica;não se aplica;PB;250010;AGUA BRANCA;MUNICIPAL;BANCADA OBRIGATÓRIA;CORRENTE;302;1001;1030250182E900025;03/05/2023;36000516904202300;-;FAF;INCREMENTO MAC;2E90;INCREMENTO TEMPORÁRIO - MAC;INCREMENTO DO CUSTEIO DA MÉDIA E ALTA COMPLEXIDADE (MAC);10502869000198;FUNDO MUNICIPAL DE SAUDE DE AGUA BRANCA;1024;28/07/2023;PROPOSTA PAGA;Proposta Paga;02/10/2023;R$100.000,00;R$100.000,00;R$100.000,00
2023;71160002;S.PART.;BANCADA DA PARAÍBA;não se aplica;não se aplica;PB;251660;TAVARES;MUNICIPAL;BANCADA OBRIGATÓRIA;CORRENTE;301;1001;1030150192E890025;02/05/2023;36000516267202300;-;FAF;INCREMENTO PAP;2E89;INCREMENTO TEMPORÁRIO AO CUSTEIO DOS SERVIÇOS DE ATENÇÃO PRIMÁRIA À SAÚDE - PAP;INCREMENTO DO PISO DA ATENÇÃO PRIMÁRIA À SAÚDE - PAP;10598364000179;FUNDO MUNICIPAL DE SAUDE DE TAVARES;782;04/07/2023;PROPOSTA PAGA;Proposta Paga;02/10/2023;R$300.000,00;R$300.000,00;R$300.000,00
2023;71160001;S.PART.;BANCADA DA PARAÍBA;não se aplica;não se aplica;PB;250360;CAICARA;MUNICIPAL;BANCADA OBRIGATÓRIA;CORRENTE;302;1001;1030250182E900025;04/05/2023;36000517368202300;-;FAF;INCREMENTO MAC;2E90;INCREMENTO TEMPORÁRIO - MAC;INCREMENTO DO CUSTEIO DA MÉDIA E ALTA COMPLEXIDADE (MAC);17577160000109;FUNDO MUNICIPAL DE SAUDE DE CAICARA;999;20/07/2023;PROPOSTA PAGA;Proposta Paga;03/10/2023;R$100.000,00;R$100.000,00;R$100.000,00
2023;71160002;S.PART.;BANCADA DA PARAÍBA;não se aplica;não se aplica;PB;250010;AGUA BRANCA;MUNICIPAL;BANCADA OBRIGATÓRIA;CORRENTE;301;1001;1030150192E890025;03/05/2023;36000516917202300;-;FAF;INCREMENTO PAP;2E89;INCREMENTO TEMPORÁRIO AO CUSTEIO DOS SERVIÇOS DE ATENÇÃO PRIMÁRIA À SAÚDE - PAP;INCREMENTO DO PISO DA ATENÇÃO PRIMÁRIA À SAÚDE - PAP;10502869000198;FUNDO MUNICIPAL DE SAUDE DE AGUA BRANCA;782;04/07/2023;PROPOSTA PAGA;Proposta Paga;02/10/2023;R$500.000,00;R$500.000,00;R$500.000,00
2023;71160001;S.PART.;BANCADA DA PARAÍBA;não se aplica;não se aplica;PB;250450;CONDADO;MUNICIPAL;BANCADA OBRIGATÓRIA;CORRENTE;302;1001;1030250182E900025;15/05/2023;36000526446202300;-;FAF;INCREMENTO MAC;2E90;INCREMENTO TEMPORÁRIO - MAC;INCREMENTO DO CUSTEIO DA MÉDIA E ALTA COMPLEXIDADE (MAC);04275034000140;FUNDO MUNICIPAL DE SAUDE;999;20/07/2023;PROPOSTA PAGA;Proposta Paga;03/10/2023;R$125.000,00;R$125.000,00;R$125.000,00
2023;71160001;S.PART.;BANCADA DA PARAÍBA;não se aplica;não se aplica;PB;250790;JURIPIRANGA;MUNICIPAL;BANCADA OBRIGATÓRIA;CORRENTE;302;1001;1030250182E900025;02/05/2023;36000516068202300;-;FAF;INCREMENTO MAC;2E90;INCREMENTO TEMPORÁRIO - MAC;INCREMENTO DO CUSTEIO DA MÉDIA E ALTA COMPLEXIDADE (MAC);11164805000197;FUNDO MUNICIPAL DE SAUDE;1037;28/07/2023;PROPOSTA PAGA;Proposta Paga;03/10/2023;R$200.000,00;R$200.000,00;R$200.000,00
2023;71160002;S.PART.;BANCADA DA PARAÍBA;não se aplica;não se aplica;PB;250240;BONITO DE SANTA FE;MUNICIPAL;BANCADA OBRIGATÓRIA;CORRENTE;301;1001;1030150192E890025;02/05/2023;36000515759202300;-;FAF;INCREMENTO PAP;2E89;INCREMENTO TEMPORÁRIO AO CUSTEIO DOS SERVIÇOS DE ATENÇÃO PRIMÁRIA À SAÚDE - PAP;INCREMENTO DO PISO DA ATENÇÃO PRIMÁRIA À SAÚDE - PAP;11494230000170;FUNDO MUNICIPAL DE SAUDE BONITO DE SANTA FE;782;04/07/2023;PROPOSTA PAGA;Proposta Paga;02/10/2023;R$1.000.000,00;R$1.000.000,00;R$1.000.000,00
2023;71160002;S.PART.;BANCADA DA PARAÍBA;não se aplica;não se aplica;PB;250510;CUITE;MUNICIPAL;BANCADA OBRIGATÓRIA;CORRENTE;301;1001;1030150192E890025;02/05/2023;36000515943202300;-;FAF;INCREMENTO PAP;2E89;INCREMENTO TEMPORÁRIO AO CUSTEIO DOS SERVIÇOS DE ATENÇÃO PRIMÁRIA À SAÚDE - PAP;INCREMENTO DO PISO DA ATENÇÃO PRIMÁRIA À SAÚDE - PAP;11404674000178;FUNDO MUNICIPAL DE SAUDE;1029;28/07/2023;PROPOSTA PAGA;Proposta Paga;02/10/2023;R$200.000,00;R$200.000,00;R$200.000,00
2023;71160001;S.PART.;BANCADA DA PARAÍBA;não se aplica;não se aplica;PB;250180;BAYEUX;MUNICIPAL;BANCADA OBRIGATÓRIA;CORRENTE;302;1001;1030250182E900025;02/05/2023;36000515740202300;-;FAF;INCREMENTO MAC;2E90;INCREMENTO TEMPORÁRIO - MAC;INCREMENTO DO CUSTEIO DA MÉDIA E ALTA COMPLEXIDADE (MAC);11685421000110;FUNDO MUNICIPAL DE SAUDE DE BAYEUX;811;03/07/2023;PROPOSTA PAGA;Proposta Paga;02/10/2023;R$706.203,00;R$706.203,00;R$706.203,00
2023;71160002;S.PART.;BANCADA DA PARAÍBA;não se aplica;não se aplica;PB;251360;SANTANA DOS GARROTES;MUNICIPAL;BANCADA OBRIGATÓRIA;CORRENTE;301;1001;1030150192E890025;02/05/2023;36000516397202300;-;FAF;INCREMENTO PAP;2E89;INCREMENTO TEMPORÁRIO AO CUSTEIO DOS SERVIÇOS DE ATENÇÃO PRIMÁRIA À SAÚDE - PAP;INCREMENTO DO PISO DA ATENÇÃO PRIMÁRIA À SAÚDE - PAP;12290612000145;FUNDO MUNICIPAL DE SAUDE DE SANTANA DOS GARROTES;782;04/07/2023;PROPOSTA PAGA;Proposta Paga;02/10/2023;R$250.000,00;R$250.000,00;R$250.000,00
2023;71160001;S.PART.;BANCADA DA PARAÍBA;não se aplica;não se aplica;PB;250060;ALHANDRA;MUNICIPAL;BANCADA OBRIGATÓRIA;CORRENTE;302;1001;1030250182E900025;03/05/2023;36000516858202300;-;FAF;INCREMENTO MAC;2E90;INCREMENTO TEMPORÁRIO - MAC;INCREMENTO DO CUSTEIO DA MÉDIA E ALTA COMPLEXIDADE (MAC);11490408000105;FUNDO MUNICIPAL DE SAUDE;1024;28/07/2023;PROPOSTA PAGA;Proposta Paga;02/10/2023;R$73.563,00;R$73.563,00;R$73.563,00
2023;71160001;S.PART.;BANCADA DA PARAÍBA;não se aplica;não se aplica;PB;251398;SAO FRANCISCO;MUNICIPAL;BANCADA OBRIGATÓRIA;CORRENTE;302;1001;1030250182E900025;26/12/2023;36000578815202300;-;FAF;INCREMENTO MAC;2E90;INCREMENTO TEMPORÁRIO - MAC;INCREMENTO DO CUSTEIO DA MÉDIA E ALTA COMPLEXIDADE (MAC);10398439000178;FUNDO MUNICIPAL DE SAUDE;2781;28/12/2023;PROPOSTA PAGA;Proposta Paga;13/03/2024;R$78.000,00;R$78.000,00;R$78.000,00
2023;71160002;S.PART.;BANCADA DA PARAÍBA;não se aplica;não se aplica;PB;250650;GURJAO;MUNICIPAL;BANCADA OBRIGATÓRIA;CORRENTE;301;1001;1030150192E890025;10/05/2023;36000521627202300;-;FAF;INCREMENTO PAP;2E89;INCREMENTO TEMPORÁRIO AO CUSTEIO DOS SERVIÇOS DE ATENÇÃO PRIMÁRIA À SAÚDE - PAP;INCREMENTO DO PISO DA ATENÇÃO PRIMÁRIA À SAÚDE - PAP;11432444000112;FUNDO MUNICIPAL DE SAUDE DE GURJAO;782;04/07/2023;PROPOSTA PAGA;Proposta Paga;02/10/2023;R$300.000,00;R$300.000,00;R$300.000,00
2023;71160001;S.PART.;BANCADA DA PARAÍBA;não se aplica;não se aplica;PB;250620;FREI MARTINHO;MUNICIPAL;BANCADA OBRIGATÓRIA;CORRENTE;302;1001;1030250182E900025;02/05/2023;36000516693202300;-;FAF;INCREMENTO MAC;2E90;INCREMENTO TEMPORÁRIO - MAC;INCREMENTO DO CUSTEIO DA MÉDIA E ALTA COMPLEXIDADE (MAC);11252030000101;FUNDO MUNICIPAL DE SAUDE DE FREI MARTINHO;999;20/07/2023;PROPOSTA PAGA;Proposta Paga;03/10/2023;R$100.000,00;R$100.000,00;R$100.000,00
2023;71160001;S.PART.;BANCADA DA PARAÍBA;não se aplica;não se aplica;PB;250710;ITAPOROROCA;MUNICIPAL;BANCADA OBRIGATÓRIA;CORRENTE;302;1001;1030250182E900025;02/05/2023;36000516456202300;-;FAF;INCREMENTO MAC;2E90;INCREMENTO TEMPORÁRIO - MAC;INCREMENTO DO CUSTEIO DA MÉDIA E ALTA COMPLEXIDADE (MAC);12099621000153;FUNDO MUNICIPAL DE SAUDE;999;20/07/2023;PROPOSTA PAGA;Proposta Paga;03/10/2023;R$100.000,00;R$100.000,00;R$100.000,00
2023;71160002;S.PART.;BANCADA DA PARAÍBA;não se aplica;não se aplica;PB;250680;INGA;MUNICIPAL;BANCADA OBRIGATÓRIA;CORRENTE;301;1001;1030150192E890025;09/05/2023;36000520769202300;-;FAF;INCREMENTO PAP;2E89;INCREMENTO TEMPORÁRIO AO CUSTEIO DOS SERVIÇOS DE ATENÇÃO PRIMÁRIA À SAÚDE - PAP;INCREMENTO DO PISO DA ATENÇÃO PRIMÁRIA À SAÚDE - PAP;08610110000187;FUNDO MUNICIPAL DE SAUDE DE INGA/PB;970;20/07/2023;PROPOSTA PAGA;Proposta Paga;02/10/2023;R$150.000,00;R$150.000,00;R$150.000,00
2023;71160002;S.PART.;BANCADA DA PARAÍBA;não se aplica;não se aplica;PB;250540;DESTERRO;MUNICIPAL;BANCADA OBRIGATÓRIA;CORRENTE;301;1001;1030150192E890025;02/05/2023;36000516690202300;-;FAF;INCREMENTO PAP;2E89;INCREMENTO TEMPORÁRIO AO CUSTEIO DOS SERVIÇOS DE ATENÇÃO PRIMÁRIA À SAÚDE - PAP;INCREMENTO DO PISO DA ATENÇÃO PRIMÁRIA À SAÚDE - PAP;10493355000113;FUNDO MUNICIPAL DE SAUDE DE DESTERRO;782;04/07/2023;PROPOSTA PAGA;Proposta Paga;02/10/2023;R$750.000,00;R$750.000,00;R$750.000,00
2023;71160001;S.PART.;BANCADA DA PARAÍBA;não se aplica;não se aplica;PB;250510;CUITE;MUNICIPAL;BANCADA OBRIGATÓRIA;CORRENTE;302;1001;1030250182E900025;02/05/2023;36000515957202300;-;FAF;INCREMENTO MAC;2E90;INCREMENTO TEMPORÁRIO - MAC;INCREMENTO DO CUSTEIO DA MÉDIA E ALTA COMPLEXIDADE (MAC);11404674000178;FUNDO MUNICIPAL DE SAUDE;1037;28/07/2023;PROPOSTA PAGA;Proposta Paga;03/10/2023;R$200.000,00;R$200.000,00;R$200.000,00
2023;71160002;S.PART.;BANCADA DA PARAÍBA;não se aplica;não se aplica;PB;250310;CABACEIRAS;MUNICIPAL;BANCADA OBRIGATÓRIA;CORRENTE;301;1001;1030150192E890025;02/05/2023;36000516361202300;-;FAF;INCREMENTO PAP;2E89;INCREMENTO TEMPORÁRIO AO CUSTEIO DOS SERVIÇOS DE ATENÇÃO PRIMÁRIA À SAÚDE - PAP;INCREMENTO DO PISO DA ATENÇÃO PRIMÁRIA À SAÚDE - PAP;11309134000105;FUNDO MUNICIPAL DE SAUDE - CABACEIRAS PB;1029;28/07/2023;PROPOSTA PAGA;Proposta Paga;02/10/2023;R$200.000,00;R$200.000,00;R$200.000,00
2023;71160002;S.PART.;BANCADA DA PARAÍBA;não se aplica;não se aplica;PB;250910;MARI;MUNICIPAL;BANCADA OBRIGATÓRIA;CORRENTE;301;1000;1030150192E890025;19/12/2023;36000578191202300;-;FAF;INCREMENTO PAP;2E89;INCREMENTO TEMPORÁRIO AO CUSTEIO DOS SERVIÇOS DE ATENÇÃO PRIMÁRIA À SAÚDE - PAP;INCREMENTO DO PISO DA ATENÇÃO PRIMÁRIA À SAÚDE - PAP;11400094000102;FUNDO MUNICIPAL DE SAUDE;2556;21/12/2023;PROPOSTA PAGA;Proposta Paga;13/03/2024;R$1.000.000,00;R$1.000.000,00;R$1.000.000,00
2023;71160002;S.PART.;BANCADA DA PARAÍBA;não se aplica;não se aplica;PB;251130;PIANCO;MUNICIPAL;BANCADA OBRIGATÓRIA;CORRENTE;301;1001;1030150192E890025;02/05/2023;36000516129202300;-;FAF;INCREMENTO PAP;2E89;INCREMENTO TEMPORÁRIO AO CUSTEIO DOS SERVIÇOS DE ATENÇÃO PRIMÁRIA À SAÚDE - PAP;INCREMENTO DO PISO DA ATENÇÃO PRIMÁRIA À SAÚDE - PAP;04827493000199;FUNDO MUNICIPAL DE SAUDE;782;04/07/2023;PROPOSTA PAGA;Proposta Paga;02/10/2023;R$250.000,00;R$250.000,00;R$250.000,00
2023;71160002;S.PART.;BANCADA DA PARAÍBA;não se aplica;não se aplica;PB;250090;ARARA;MUNICIPAL;BANCADA OBRIGATÓRIA;CORRENTE;301;1001;1030150192E890025;04/05/2023;36000517341202300;-;FAF;INCREMENTO PAP;2E89;INCREMENTO TEMPORÁRIO AO CUSTEIO DOS SERVIÇOS DE ATENÇÃO PRIMÁRIA À SAÚDE - PAP;INCREMENTO DO PISO DA ATENÇÃO PRIMÁRIA À SAÚDE - PAP;11898585000125;FUNDO MUNICIPAL DE SAUDE DO MUNICIPIO DE ARARA - PB;970;20/07/2023;PROPOSTA PAGA;Proposta Paga;02/10/2023;R$100.000,00;R$100.000,00;R$100.000,00
2023;71160002;S.PART.;BANCADA DA PARAÍBA;não se aplica;não se aplica;PB;250170;BARRA DE SAO MIGUEL;MUNICIPAL;BANCADA OBRIGATÓRIA;CORRENTE;301;1001;1030150192E890025;02/05/2023;36000516665202300;-;FAF;INCREMENTO PAP;2E89;INCREMENTO TEMPORÁRIO AO CUSTEIO DOS SERVIÇOS DE ATENÇÃO PRIMÁRIA À SAÚDE - PAP;INCREMENTO DO PISO DA ATENÇÃO PRIMÁRIA À SAÚDE - PAP;11228592000110;FUNDO MUNICIPAL DE SAUDE DE BARRA DE SAO MIGUEL;970;20/07/2023;PROPOSTA PAGA;Proposta Paga;02/10/2023;R$100.000,00;R$100.000,00;R$100.000,00
2023;71160002;S.PART.;BANCADA DA PARAÍBA;não se aplica;não se aplica;PB;251490;SAO MAMEDE;MUNICIPAL;BANCADA OBRIGATÓRIA;CORRENTE;301;1001;1030150192E890025;02/05/2023;36000515619202300;-;FAF;INCREMENTO PAP;2E89;INCREMENTO TEMPORÁRIO AO CUSTEIO DOS SERVIÇOS DE ATENÇÃO PRIMÁRIA À SAÚDE - PAP;INCREMENTO DO PISO DA ATENÇÃO PRIMÁRIA À SAÚDE - PAP;04223191000101;FUNDO MUN.DE SAUDE DE SAO MAMEDE-PB;782;04/07/2023;PROPOSTA PAGA;Proposta Paga;02/10/2023;R$250.000,00;R$250.000,00;R$250.000,00
2023;71160002;S.PART.;BANCADA DA PARAÍBA;não se aplica;não se aplica;PB;251610;SOLEDADE;MUNICIPAL;BANCADA OBRIGATÓRIA;CORRENTE;301;1001;1030150192E890025;05/05/2023;36000518045202300;-;FAF;INCREMENTO PAP;2E89;INCREMENTO TEMPORÁRIO AO CUSTEIO DOS SERVIÇOS DE ATENÇÃO PRIMÁRIA À SAÚDE - PAP;INCREMENTO DO PISO DA ATENÇÃO PRIMÁRIA À SAÚDE - PAP;02182502000106;FUNDO MUNICIPAL DE SAUDE DE SOLEDADE;782;04/07/2023;PROPOSTA PAGA;Proposta Paga;02/10/2023;R$250.000,00;R$250.000,00;R$250.000,00
2023;71160002;S.PART.;BANCADA DA PARAÍBA;não se aplica;não se aplica;PB;250020;AGUIAR;MUNICIPAL;BANCADA OBRIGATÓRIA;CORRENTE;301;1001;1030150192E890025;02/05/2023;36000515487202300;-;FAF;INCREMENTO PAP;2E89;INCREMENTO TEMPORÁRIO AO CUSTEIO DOS SERVIÇOS DE ATENÇÃO PRIMÁRIA À SAÚDE - PAP;INCREMENTO DO PISO DA ATENÇÃO PRIMÁRIA À SAÚDE - PAP;11267041000165;FUNDO MUNICIPAL DE SAUDE;782;04/07/2023;PROPOSTA PAGA;Proposta Paga;02/10/2023;R$300.000,00;R$300.000,00;R$300.000,00
2023;71160002;S.PART.;BANCADA DA PARAÍBA;não se aplica;não se aplica;PB;250330;CACHOEIRA DOS INDIOS;MUNICIPAL;BANCADA OBRIGATÓRIA;CORRENTE;301;1001;1030150192E890025;02/05/2023;36000516686202300;-;FAF;INCREMENTO PAP;2E89;INCREMENTO TEMPORÁRIO AO CUSTEIO DOS SERVIÇOS DE ATENÇÃO PRIMÁRIA À SAÚDE - PAP;INCREMENTO DO PISO DA ATENÇÃO PRIMÁRIA À SAÚDE - PAP;11332636000157;FUNDO MUNICIPAL DE SAUDE - FMSCI;782;04/07/2023;PROPOSTA PAGA;Proposta Paga;02/10/2023;R$300.000,00;R$300.000,00;R$300.000,00
2023;71160002;S.PART.;BANCADA DA PARAÍBA;não se aplica;não se aplica;PB;250050;ALAGOINHA;MUNICIPAL;BANCADA OBRIGATÓRIA;CORRENTE;301;1001;1030150192E890025;05/05/2023;36000517895202300;-;FAF;INCREMENTO PAP;2E89;INCREMENTO TEMPORÁRIO AO CUSTEIO DOS SERVIÇOS DE ATENÇÃO PRIMÁRIA À SAÚDE - PAP;INCREMENTO DO PISO DA ATENÇÃO PRIMÁRIA À SAÚDE - PAP;11757032000152;FUNDO MUNICIPAL DE SAUDE DE ALAGOINHA;970;20/07/2023;PROPOSTA PAGA;Proposta Paga;02/10/2023;R$150.000,00;R$150.000,00;R$150.000,00
2023;71160002;S.PART.;BANCADA DA PARAÍBA;não se aplica;não se aplica;PB;251700;UMBUZEIRO;MUNICIPAL;BANCADA OBRIGATÓRIA;CORRENTE;301;1001;1030150192E890025;03/05/2023;36000517107202300;-;FAF;INCREMENTO PAP;2E89;INCREMENTO TEMPORÁRIO AO CUSTEIO DOS SERVIÇOS DE ATENÇÃO PRIMÁRIA À SAÚDE - PAP;INCREMENTO DO PISO DA ATENÇÃO PRIMÁRIA À SAÚDE - PAP;09494245000197;FUNDO MUNICIPAL DE SAUDE;782;04/07/2023;PROPOSTA PAGA;Proposta Paga;02/10/2023;R$300.000,00;R$300.000,00;R$300.000,00
2023;71160002;S.PART.;BANCADA DA PARAÍBA;não se aplica;não se aplica;PB;251210;POMBAL;MUNICIPAL;BANCADA OBRIGATÓRIA;CORRENTE;301;1001;1030150192E890025;02/05/2023;36000516157202300;-;FAF;INCREMENTO PAP;2E89;INCREMENTO TEMPORÁRIO AO CUSTEIO DOS SERVIÇOS DE ATENÇÃO PRIMÁRIA À SAÚDE - PAP;INCREMENTO DO PISO DA ATENÇÃO PRIMÁRIA À SAÚDE - PAP;10602526000103;FUNDO MUNICIPAL DE SAUDE;782;04/07/2023;PROPOSTA PAGA;Proposta Paga;02/10/2023;R$350.000,00;R$350.000,00;R$350.000,00
2023;71160001;S.PART.;BANCADA DA PARAÍBA;não se aplica;não se aplica;PB;250670;IMACULADA;MUNICIPAL;BANCADA OBRIGATÓRIA;CORRENTE;302;1001;1030250182E900025;02/05/2023;36000516490202300;-;FAF;INCREMENTO MAC;2E90;INCREMENTO TEMPORÁRIO - MAC;INCREMENTO DO CUSTEIO DA MÉDIA E ALTA COMPLEXIDADE (MAC);11838404000175;FUNDO MUNICIPAL DE SAUDE DO MUNICIPIO DE IMACULADA;999;20/07/2023;PROPOSTA PAGA;Proposta Paga;03/10/2023;R$100.000,00;R$100.000,00;R$100.000,00
2023;71160001;S.PART.;BANCADA DA PARAÍBA;não se aplica;não se aplica;PB;250750;JOAO PESSOA;MUNICIPAL;BANCADA OBRIGATÓRIA;CORRENTE;302;1001;1030250182E900025;09/05/2023;36000521120202300;-;FAF;INCREMENTO MAC;2E90;INCREMENTO TEMPORÁRIO - MAC;INCREMENTO DO CUSTEIO DA MÉDIA E ALTA COMPLEXIDADE (MAC);08715618000140;FUNDO MUNICIPAL DE SAUDE;999;20/07/2023;PROPOSTA PAGA;Proposta Paga;03/10/2023;R$100.000,00;R$100.000,00;R$100.000,00
2023;71160001;S.PART.;BANCADA DA PARAÍBA;não se aplica;não se aplica;PB;251290;RIO TINTO;MUNICIPAL;BANCADA OBRIGATÓRIA;CORRENTE;302;1001;1030250182E900025;02/05/2023;36000516191202300;-;FAF;INCREMENTO MAC;2E90;INCREMENTO TEMPORÁRIO - MAC;INCREMENTO DO CUSTEIO DA MÉDIA E ALTA COMPLEXIDADE (MAC);12457150000108;FUNDO MUNICIPAL DE SAUDE DE RIO TINTO;999;20/07/2023;PROPOSTA PAGA;Proposta Paga;03/10/2023;R$100.000,00;R$100.000,00;R$100.000,00
2023;71160001;S.PART.;BANCADA DA PARAÍBA;não se aplica;não se aplica;PB;251610;SOLEDADE;MUNICIPAL;BANCADA OBRIGATÓRIA;CORRENTE;302;1001;1030250182E900025;05/05/2023;36000518055202300;-;FAF;INCREMENTO MAC;2E90;INCREMENTO TEMPORÁRIO - MAC;INCREMENTO DO CUSTEIO DA MÉDIA E ALTA COMPLEXIDADE (MAC);02182502000106;FUNDO MUNICIPAL DE SAUDE DE SOLEDADE;999;20/07/2023;PROPOSTA PAGA;Proposta Paga;02/10/2023;R$100.000,00;R$100.000,00;R$100.000,00
2023;71160001;S.PART.;BANCADA DA PARAÍBA;não se aplica;não se aplica;PB;250750;JOAO PESSOA;MUNICIPAL;BANCADA OBRIGATÓRIA;CORRENTE;302;1001;1030250182E900025;09/05/2023;36000521112202300;-;FAF;INCREMENTO MAC;2E90;INCREMENTO TEMPORÁRIO - MAC;INCREMENTO DO CUSTEIO DA MÉDIA E ALTA COMPLEXIDADE (MAC);08715618000140;FUNDO MUNICIPAL DE SAUDE;999;20/07/2023;PROPOSTA PAGA;Proposta Paga;03/10/2023;R$150.000,00;R$150.000,00;R$150.000,00
2023;71160002;S.PART.;BANCADA DA PARAÍBA;não se aplica;não se aplica;PB;250890;MAMANGUAPE;MUNICIPAL;BANCADA OBRIGATÓRIA;CORRENTE;301;1001;1030150192E890025;03/05/2023;36000516817202300;-;FAF;INCREMENTO PAP;2E89;INCREMENTO TEMPORÁRIO AO CUSTEIO DOS SERVIÇOS DE ATENÇÃO PRIMÁRIA À SAÚDE - PAP;INCREMENTO DO PISO DA ATENÇÃO PRIMÁRIA À SAÚDE - PAP;08674396000164;FUNDO MUNICIPAL DE SAUDE DE MAMANGUAPE;782;04/07/2023;PROPOSTA PAGA;Proposta Paga;02/10/2023;R$800.000,00;R$800.000,00;R$800.000,00
2023;71160001;S.PART.;BANCADA DA PARAÍBA;não se aplica;não se aplica;PB;251450;SAO JOSE DE PIRANHAS;MUNICIPAL;BANCADA OBRIGATÓRIA;CORRENTE;302;1001;1030250182E900025;02/05/2023;36000516414202300;-;FAF;INCREMENTO MAC;2E90;INCREMENTO TEMPORÁRIO - MAC;INCREMENTO DO CUSTEIO DA MÉDIA E ALTA COMPLEXIDADE (MAC);11602227000123;FUNDO MUNICIPAL DE SAUDE;1037;28/07/2023;PROPOSTA PAGA;Proposta Paga;03/10/2023;R$200.000,00;R$200.000,00;R$200.000,00
2023;71160001;S.PART.;BANCADA DA PARAÍBA;não se aplica;não se aplica;PB;250400;CAMPINA GRANDE;MUNICIPAL;BANCADA OBRIGATÓRIA;CORRENTE;302;1001;1030250182E900025;02/05/2023;36000516209202300;-;FAF;INCREMENTO MAC;2E90;INCREMENTO TEMPORÁRIO - MAC;INCREMENTO DO CUSTEIO DA MÉDIA E ALTA COMPLEXIDADE (MAC);24513574000121;FUNDO MUNICIPAL DE SAUDE DE CAMPINA GRANDE;811;03/07/2023;PROPOSTA PAGA;Proposta Paga;03/10/2023;R$300.000,00;R$300.000,00;R$300.000,00
2023;71160001;S.PART.;BANCADA DA PARAÍBA;não se aplica;não se aplica;PB;250750;JOAO PESSOA;MUNICIPAL;BANCADA OBRIGATÓRIA;CORRENTE;302;1001;1030250182E900025;09/05/2023;36000521068202300;-;FAF;INCREMENTO MAC;2E90;INCREMENTO TEMPORÁRIO - MAC;INCREMENTO DO CUSTEIO DA MÉDIA E ALTA COMPLEXIDADE (MAC);08715618000140;FUNDO MUNICIPAL DE SAUDE;811;03/07/2023;PROPOSTA PAGA;Proposta Paga;03/10/2023;R$400.000,00;R$400.000,00;R$400.000,00
2023;71160001;S.PART.;BANCADA DA PARAÍBA;não se aplica;não se aplica;PB;251500;SAO MIGUEL DE TAIPU;MUNICIPAL;BANCADA OBRIGATÓRIA;CORRENTE;302;1001;1030250182E900025;10/05/2023;36000522780202300;-;FAF;INCREMENTO MAC;2E90;INCREMENTO TEMPORÁRIO - MAC;INCREMENTO DO CUSTEIO DA MÉDIA E ALTA COMPLEXIDADE (MAC);11601645000104;FUNDO MUNICIPAL DE SAUDE;999;20/07/2023;PROPOSTA PAGA;Proposta Paga;03/10/2023;R$23.741,00;R$23.741,00;R$23.741,00
2023;71160001;S.PART.;BANCADA DA PARAÍBA;não se aplica;não se aplica;PB;251560;SERRA DA RAIZ;MUNICIPAL;BANCADA OBRIGATÓRIA;CORRENTE;302;1001;1030250182E900025;08/05/2023;36000519282202300;-;FAF;INCREMENTO MAC;2E90;INCREMENTO TEMPORÁRIO - MAC;INCREMENTO DO CUSTEIO DA MÉDIA E ALTA COMPLEXIDADE (MAC);11594437000117;FUNDO MUNICIPAL DE SAUDE;999;20/07/2023;PROPOSTA PAGA;Proposta Paga;03/10/2023;R$73.000,00;R$73.000,00;R$73.000,00
2023;71160002;S.PART.;BANCADA DA PARAÍBA;não se aplica;não se aplica;PB;251460;SAO JOSE DO BONFIM;MUNICIPAL;BANCADA OBRIGATÓRIA;CORRENTE;301;1001;1030150192E890025;04/05/2023;36000517356202300;-;FAF;INCREMENTO PAP;2E89;INCREMENTO TEMPORÁRIO AO CUSTEIO DOS SERVIÇOS DE ATENÇÃO PRIMÁRIA À SAÚDE - PAP;INCREMENTO DO PISO DA ATENÇÃO PRIMÁRIA À SAÚDE - PAP;12526644000105;FUNDO MUNICIPAL DE SAUDE DE SAO JOSE DO BONFIM PB;970;20/07/2023;PROPOSTA PAGA;Proposta Paga;02/10/2023;R$100.000,00;R$100.000,00;R$100.000,00
2023;71160002;S.PART.;BANCADA DA PARAÍBA;não se aplica;não se aplica;PB;250210;BOA VENTURA;MUNICIPAL;BANCADA OBRIGATÓRIA;CORRENTE;301;1001;1030150192E890025;02/05/2023;36000515738202300;-;FAF;INCREMENTO PAP;2E89;INCREMENTO TEMPORÁRIO AO CUSTEIO DOS SERVIÇOS DE ATENÇÃO PRIMÁRIA À SAÚDE - PAP;INCREMENTO DO PISO DA ATENÇÃO PRIMÁRIA À SAÚDE - PAP;10570295000195;FUNCO MUNICIPAL DE SAUDE DE BOA VENTURA;970;20/07/2023;PROPOSTA PAGA;Proposta Paga;02/10/2023;R$150.000,00;R$150.000,00;R$150.000,00
2023;71160002;S.PART.;BANCADA DA PARAÍBA;não se aplica;não se aplica;PB;250790;JURIPIRANGA;MUNICIPAL;BANCADA OBRIGATÓRIA;CORRENTE;301;1001;1030150192E890025;26/12/2023;36000578825202300;-;FAF;INCREMENTO PAP;2E89;INCREMENTO TEMPORÁRIO AO CUSTEIO DOS SERVIÇOS DE ATENÇÃO PRIMÁRIA À SAÚDE - PAP;INCREMENTO DO PISO DA ATENÇÃO PRIMÁRIA À SAÚDE - PAP;11164805000197;FUNDO MUNICIPAL DE SAUDE;2786;28/12/2023;PROPOSTA PAGA;Proposta Paga;13/03/2024;R$499.962,00;R$499.962,00;R$499.962,00
2023;71160001;S.PART.;BANCADA DA PARAÍBA;não se aplica;não se aplica;PB;250790;JURIPIRANGA;MUNICIPAL;BANCADA OBRIGATÓRIA;CORRENTE;302;1001;1030250182E900025;02/05/2023;36000516066202300;-;FAF;INCREMENTO MAC;2E90;INCREMENTO TEMPORÁRIO - MAC;INCREMENTO DO CUSTEIO DA MÉDIA E ALTA COMPLEXIDADE (MAC);11164805000197;FUNDO MUNICIPAL DE SAUDE;1037;28/07/2023;PROPOSTA PAGA;Proposta Paga;03/10/2023;R$200.000,00;R$200.000,00;R$200.000,00
2023;71160002;S.PART.;BANCADA DA PARAÍBA;não se aplica;não se aplica;PB;250800;JURU;MUNICIPAL;BANCADA OBRIGATÓRIA;CORRENTE;301;1001;1030150192E890025;02/05/2023;36000516348202300;-;FAF;INCREMENTO PAP;2E89;INCREMENTO TEMPORÁRIO AO CUSTEIO DOS SERVIÇOS DE ATENÇÃO PRIMÁRIA À SAÚDE - PAP;INCREMENTO DO PISO DA ATENÇÃO PRIMÁRIA À SAÚDE - PAP;10538747000151;FUNDO MUNICIPAL DE SAUDE;1029;28/07/2023;PROPOSTA PAGA;Proposta Paga;02/10/2023;R$200.000,00;R$200.000,00;R$200.000,00
2023;71160001;S.PART.;BANCADA DA PARAÍBA;não se aplica;não se aplica;PB;250970;MONTEIRO;MUNICIPAL;BANCADA OBRIGATÓRIA;CORRENTE;302;1001;1030250182E900025;08/05/2023;36000519334202300;-;FAF;INCREMENTO MAC;2E90;INCREMENTO TEMPORÁRIO - MAC;INCREMENTO DO CUSTEIO DA MÉDIA E ALTA COMPLEXIDADE (MAC);11214763000151;FUNDO MUNICIPAL DE SAUDE DE MONTEIRO;811;03/07/2023;PROPOSTA PAGA;Proposta Paga;03/10/2023;R$300.000,00;R$300.000,00;R$300.000,00
2023;71160001;S.PART.;BANCADA DA PARAÍBA;não se aplica;não se aplica;PB;251370;SANTA RITA;MUNICIPAL;BANCADA OBRIGATÓRIA;CORRENTE;302;1001;1030250182E900025;04/05/2023;36000517399202300;-;FAF;INCREMENTO MAC;2E90;INCREMENTO TEMPORÁRIO - MAC;INCREMENTO DO CUSTEIO DA MÉDIA E ALTA COMPLEXIDADE (MAC);08694222000163;FUNDO MUNICIPAL DE SAUDE DE SANTA RITA;811;03/07/2023;PROPOSTA PAGA;Proposta Paga;03/10/2023;R$750.000,00;R$750.000,00;R$750.000,00
2023;71160002;S.PART.;BANCADA DA PARAÍBA;não se aplica;não se aplica;PB;250485;COXIXOLA;MUNICIPAL;BANCADA OBRIGATÓRIA;CORRENTE;301;1001;1030150192E890025;02/05/2023;36000515929202300;-;FAF;INCREMENTO PAP;2E89;INCREMENTO TEMPORÁRIO AO CUSTEIO DOS SERVIÇOS DE ATENÇÃO PRIMÁRIA À SAÚDE - PAP;INCREMENTO DO PISO DA ATENÇÃO PRIMÁRIA À SAÚDE - PAP;11525246000101;FUNDO MUNICIPAL DE SAUDE;970;20/07/2023;PROPOSTA PAGA;Proposta Paga;02/10/2023;R$11.137,00;R$11.137,00;R$11.137,00
2023;71160002;S.PART.;BANCADA DA PARAÍBA;não se aplica;não se aplica;PB;251278;RIACHO DE SANTO ANTONIO;MUNICIPAL;BANCADA OBRIGATÓRIA;CORRENTE;301;1001;1030150192E890025;02/05/2023;36000516173202300;-;FAF;INCREMENTO PAP;2E89;INCREMENTO TEMPORÁRIO AO CUSTEIO DOS SERVIÇOS DE ATENÇÃO PRIMÁRIA À SAÚDE - PAP;INCREMENTO DO PISO DA ATENÇÃO PRIMÁRIA À SAÚDE - PAP;11170236000192;FUNDO MUNICIPAL DE SAUDE;970;20/07/2023;PROPOSTA PAGA;Proposta Paga;02/10/2023;R$29.471,00;R$29.471,00;R$29.471,00
2023;71160002;S.PART.;BANCADA DA PARAÍBA;não se aplica;não se aplica;PB;250860;LUCENA;MUNICIPAL;BANCADA OBRIGATÓRIA;CORRENTE;301;1001;1030150192E890025;02/05/2023;36000516095202300;-;FAF;INCREMENTO PAP;2E89;INCREMENTO TEMPORÁRIO AO CUSTEIO DOS SERVIÇOS DE ATENÇÃO PRIMÁRIA À SAÚDE - PAP;INCREMENTO DO PISO DA ATENÇÃO PRIMÁRIA À SAÚDE - PAP;11516231000179;FUNDO MUNICIPAL DE SAUDE DE LUCENA;782;04/07/2023;PROPOSTA PAGA;Proposta Paga;02/10/2023;R$250.000,00;R$250.000,00;R$250.000,00
2023;71160002;S.PART.;BANCADA DA PARAÍBA;não se aplica;não se aplica;PB;251392;SAO BENTINHO;MUNICIPAL;BANCADA OBRIGATÓRIA;CORRENTE;301;1001;1030150192E890025;02/05/2023;36000516203202300;-;FAF;INCREMENTO PAP;2E89;INCREMENTO TEMPORÁRIO AO CUSTEIO DOS SERVIÇOS DE ATENÇÃO PRIMÁRIA À SAÚDE - PAP;INCREMENTO DO PISO DA ATENÇÃO PRIMÁRIA À SAÚDE - PAP;10770716000121;FUNDO MUNICIPAL DE SAUDE DE SAO BENTINHO;782;04/07/2023;PROPOSTA PAGA;Proposta Paga;02/10/2023;R$250.000,00;R$250.000,00;R$250.000,00
2023;71160001;S.PART.;BANCADA DA PARAÍBA;não se aplica;não se aplica;PB;250160;BARRA DE SANTA ROSA;MUNICIPAL;BANCADA OBRIGATÓRIA;CORRENTE;302;1001;1030250182E900025;05/05/2023;36000518290202300;-;FAF;INCREMENTO MAC;2E90;INCREMENTO TEMPORÁRIO - MAC;INCREMENTO DO CUSTEIO DA MÉDIA E ALTA COMPLEXIDADE (MAC);11404690000160;FUNDO MUNICIPAL DE SAUDE;999;20/07/2023;PROPOSTA PAGA;Proposta Paga;02/10/2023;R$100.000,00;R$100.000,00;R$100.000,00
2023;71160001;S.PART.;BANCADA DA PARAÍBA;não se aplica;não se aplica;PB;250350;CACIMBA DE DENTRO;MUNICIPAL;BANCADA OBRIGATÓRIA;CORRENTE;302;1001;1030250182E900025;05/05/2023;36000518462202300;-;FAF;INCREMENTO MAC;2E90;INCREMENTO TEMPORÁRIO - MAC;INCREMENTO DO CUSTEIO DA MÉDIA E ALTA COMPLEXIDADE (MAC);12011663000190;FUNDO MUNICIPAL DE SAUDE DE CACIMBA DE DENTRO;999;20/07/2023;PROPOSTA PAGA;Proposta Paga;03/10/2023;R$100.000,00;R$100.000,00;R$100.000,00
2023;71160002;S.PART.;BANCADA DA PARAÍBA;não se aplica;não se aplica;PB;250710;ITAPOROROCA;MUNICIPAL;BANCADA OBRIGATÓRIA;CORRENTE;301;1001;1030150192E890025;02/05/2023;36000516458202300;-;FAF;INCREMENTO PAP;2E89;INCREMENTO TEMPORÁRIO AO CUSTEIO DOS SERVIÇOS DE ATENÇÃO PRIMÁRIA À SAÚDE - PAP;INCREMENTO DO PISO DA ATENÇÃO PRIMÁRIA À SAÚDE - PAP;12099621000153;FUNDO MUNICIPAL DE SAUDE;970;20/07/2023;PROPOSTA PAGA;Proposta Paga;02/10/2023;R$150.000,00;R$150.000,00;R$150.000,00
2023;71160002;S.PART.;BANCADA DA PARAÍBA;não se aplica;não se aplica;PB;250535;DAMIAO;MUNICIPAL;BANCADA OBRIGATÓRIA;CORRENTE;301;1001;1030150192E890025;02/05/2023;36000516648202300;-;FAF;INCREMENTO PAP;2E89;INCREMENTO TEMPORÁRIO AO CUSTEIO DOS SERVIÇOS DE ATENÇÃO PRIMÁRIA À SAÚDE - PAP;INCREMENTO DO PISO DA ATENÇÃO PRIMÁRIA À SAÚDE - PAP;11767841000145;FUNDO MUNICIPAL DE SAUDE DAMIAO PARAIBA;782;04/07/2023;PROPOSTA PAGA;Proposta Paga;02/10/2023;R$400.000,00;R$400.000,00;R$400.000,00
2023;71160002;S.PART.;BANCADA DA PARAÍBA;não se aplica;não se aplica;PB;251030;NOVA PALMEIRA;MUNICIPAL;BANCADA OBRIGATÓRIA;CORRENTE;301;1001;1030150192E890025;02/05/2023;36000516659202300;-;FAF;INCREMENTO PAP;2E89;INCREMENTO TEMPORÁRIO AO CUSTEIO DOS SERVIÇOS DE ATENÇÃO PRIMÁRIA À SAÚDE - PAP;INCREMENTO DO PISO DA ATENÇÃO PRIMÁRIA À SAÚDE - PAP;08579944000177;FUNDO MUNICIPAL DE SAUDE DE NOVA PALMEIRA;970;20/07/2023;PROPOSTA PAGA;Proposta Paga;02/10/2023;R$150.000,00;R$150.000,00;R$150.000,00
2023;71160001;S.PART.;BANCADA DA PARAÍBA;não se aplica;não se aplica;PB;251660;TAVARES;MUNICIPAL;BANCADA OBRIGATÓRIA;CORRENTE;302;1001;1030250182E900025;02/05/2023;36000516270202300;-;FAF;INCREMENTO MAC;2E90;INCREMENTO TEMPORÁRIO - MAC;INCREMENTO DO CUSTEIO DA MÉDIA E ALTA COMPLEXIDADE (MAC);10598364000179;FUNDO MUNICIPAL DE SAUDE DE TAVARES;999;20/07/2023;PROPOSTA PAGA;Proposta Paga;02/10/2023;R$159.614,00;R$159.614,00;R$159.614,00
2023;71160002;S.PART.;BANCADA DA PARAÍBA;não se aplica;não se aplica;PB;250360;CAICARA;MUNICIPAL;BANCADA OBRIGATÓRIA;CORRENTE;301;1001;1030150192E890025;18/05/2023;36000529213202300;-;FAF;INCREMENTO PAP;2E89;INCREMENTO TEMPORÁRIO AO CUSTEIO DOS SERVIÇOS DE ATENÇÃO PRIMÁRIA À SAÚDE - PAP;INCREMENTO DO PISO DA ATENÇÃO PRIMÁRIA À SAÚDE - PAP;17577160000109;FUNDO MUNICIPAL DE SAUDE DE CAICARA;782;04/07/2023;PROPOSTA PAGA;Proposta Paga;02/10/2023;R$500.000,00;R$500.000,00;R$500.000,00
2023;71160002;S.PART.;BANCADA DA PARAÍBA;não se aplica;não se aplica;PB;250370;CAJAZEIRAS;MUNICIPAL;BANCADA OBRIGATÓRIA;CORRENTE;301;1001;1030150192E890025;02/05/2023;36000515578202300;-;FAF;INCREMENTO PAP;2E89;INCREMENTO TEMPORÁRIO AO CUSTEIO DOS SERVIÇOS DE ATENÇÃO PRIMÁRIA À SAÚDE - PAP;INCREMENTO DO PISO DA ATENÇÃO PRIMÁRIA À SAÚDE - PAP;11902878000139;MUNICIPIO DE CAJAZEIRAS FUNDO MUNICIPAL DE SAUDE - FMS;782;04/07/2023;PROPOSTA PAGA;Proposta Paga;28/08/2023;R$840.000,00;R$840.000,00;R$840.000,00
2023;71160001;S.PART.;BANCADA DA PARAÍBA;não se aplica;não se aplica;PB;250750;JOAO PESSOA;MUNICIPAL;BANCADA OBRIGATÓRIA;CORRENTE;302;1001;1030250182E900025;09/05/2023;36000521096202300;-;FAF;INCREMENTO MAC;2E90;INCREMENTO TEMPORÁRIO - MAC;INCREMENTO DO CUSTEIO DA MÉDIA E ALTA COMPLEXIDADE (MAC);08715618000140;FUNDO MUNICIPAL DE SAUDE;811;03/07/2023;PROPOSTA PAGA;Proposta Paga;03/10/2023;R$250.000,00;R$250.000,00;R$250.000,00
2023;71160006;S.PART.;BANCADA DA PARAÍBA;não se aplica;não se aplica;PB;250400;CAMPINA GRANDE;MUNICIPAL;BANCADA OBRIGATÓRIA;CAPITAL;302;1001;10302501885358005;14/12/2023;92451323005;-;CONTRATO DE REPASSE;CONVÊNIO OBRA;8535;ATENÇÃO ESPECIALIZADA À SAÚDE;AMBULATÓRIO;24513574000121;FUNDO MUNICIPAL DE SAUDE DE CAMPINA GRANDE;954442;10/01/2024;EM ANALISE PELA ÁREA FINALÍSTICA;Proposta Empenhada aguardando Formalização;-;R$4.595.689,00;R$4.595.689,00;R$0,00
2023;71160002;S.PART.;BANCADA DA PARAÍBA;não se aplica;não se aplica;PB;251460;SAO JOSE DO BONFIM;MUNICIPAL;BANCADA OBRIGATÓRIA;CORRENTE;301;1001;1030150192E890025;04/05/2023;36000517370202300;-;FAF;INCREMENTO PAP;2E89;INCREMENTO TEMPORÁRIO AO CUSTEIO DOS SERVIÇOS DE ATENÇÃO PRIMÁRIA À SAÚDE - PAP;INCREMENTO DO PISO DA ATENÇÃO PRIMÁRIA À SAÚDE - PAP;12526644000105;FUNDO MUNICIPAL DE SAUDE DE SAO JOSE DO BONFIM PB;1029;28/07/2023;PROPOSTA PAGA;Proposta Paga;02/10/2023;R$200.000,00;R$200.000,00;R$200.000,00
2023;71160002;S.PART.;BANCADA DA PARAÍBA;não se aplica;não se aplica;PB;251720;VIEIROPOLIS;MUNICIPAL;BANCADA OBRIGATÓRIA;CORRENTE;301;1001;1030150192E890025;02/05/2023;36000515825202300;-;FAF;INCREMENTO PAP;2E89;INCREMENTO TEMPORÁRIO AO CUSTEIO DOS SERVIÇOS DE ATENÇÃO PRIMÁRIA À SAÚDE - PAP;INCREMENTO DO PISO DA ATENÇÃO PRIMÁRIA À SAÚDE - PAP;14688620000170;FUNDO MUNICIPAL DE SAUDE DE VIEIROPOLIS;1029;28/07/2023;PROPOSTA PAGA;Proposta Paga;02/10/2023;R$200.000,00;R$200.000,00;R$200.000,00
2023;71160002;S.PART.;BANCADA DA PARAÍBA;não se aplica;não se aplica;PB;250880;MALTA;MUNICIPAL;BANCADA OBRIGATÓRIA;CORRENTE;301;1001;1030150192E890025;02/05/2023;36000515755202300;-;FAF;INCREMENTO PAP;2E89;INCREMENTO TEMPORÁRIO AO CUSTEIO DOS SERVIÇOS DE ATENÇÃO PRIMÁRIA À SAÚDE - PAP;INCREMENTO DO PISO DA ATENÇÃO PRIMÁRIA À SAÚDE - PAP;12460136000163;FUNDO MUNICIPAL DE SAUDE DE MALTA;782;04/07/2023;PROPOSTA PAGA;Proposta Paga;02/10/2023;R$225.000,00;R$225.000,00;R$225.000,00
2023;71160001;S.PART.;BANCADA DA PARAÍBA;não se aplica;não se aplica;PB;251455;SAO JOSE DE PRINCESA;MUNICIPAL;BANCADA OBRIGATÓRIA;CORRENTE;302;1001;1030250182E900025;03/05/2023;36000517105202300;-;FAF;INCREMENTO MAC;2E90;INCREMENTO TEMPORÁRIO - MAC;INCREMENTO DO CUSTEIO DA MÉDIA E ALTA COMPLEXIDADE (MAC);10460712000147;FUNDO MUNICIPAL DE SAUDE DE SAO JOSE DE PRINCESA;999;20/07/2023;PROPOSTA PAGA;Proposta Paga;03/10/2023;R$10.000,00;R$10.000,00;R$10.000,00
2023;71160001;S.PART.;BANCADA DA PARAÍBA;não se aplica;não se aplica;PB;250020;AGUIAR;MUNICIPAL;BANCADA OBRIGATÓRIA;CORRENTE;302;1001;1030250182E900025;02/05/2023;36000515491202300;-;FAF;INCREMENTO MAC;2E90;INCREMENTO TEMPORÁRIO - MAC;INCREMENTO DO CUSTEIO DA MÉDIA E ALTA COMPLEXIDADE (MAC);11267041000165;FUNDO MUNICIPAL DE SAUDE;1024;28/07/2023;PROPOSTA PAGA;Proposta Paga;02/10/2023;R$21.305,00;R$21.305,00;R$21.305,00
2023;71160001;S.PART.;BANCADA DA PARAÍBA;não se aplica;não se aplica;PB;250990;NATUBA;MUNICIPAL;BANCADA OBRIGATÓRIA;CORRENTE;302;1001;1030250182E900025;02/05/2023;36000516020202300;-;FAF;INCREMENTO MAC;2E90;INCREMENTO TEMPORÁRIO - MAC;INCREMENTO DO CUSTEIO DA MÉDIA E ALTA COMPLEXIDADE (MAC);17975221000188;FUNDO MUNICIPAL DE SAUDE DE NATUBA;999;20/07/2023;PROPOSTA PAGA;Proposta Paga;03/10/2023;R$70.000,00;R$70.000,00;R$70.000,00
2023;71160002;S.PART.;BANCADA DA PARAÍBA;não se aplica;não se aplica;PB;251640;TACIMA;MUNICIPAL;BANCADA OBRIGATÓRIA;CORRENTE;301;1001;1030150192E890025;02/05/2023;36000516254202300;-;FAF;INCREMENTO PAP;2E89;INCREMENTO TEMPORÁRIO AO CUSTEIO DOS SERVIÇOS DE ATENÇÃO PRIMÁRIA À SAÚDE - PAP;INCREMENTO DO PISO DA ATENÇÃO PRIMÁRIA À SAÚDE - PAP;11907806000184;FUNDO MUNICIPAL DE SAUDE DE TACIMA;970;20/07/2023;PROPOSTA PAGA;Proposta Paga;02/10/2023;R$146.000,00;R$146.000,00;R$146.000,00
2023;71160002;S.PART.;BANCADA DA PARAÍBA;não se aplica;não se aplica;PB;250600;ESPERANCA;MUNICIPAL;BANCADA OBRIGATÓRIA;CORRENTE;301;1001;1030150192E890025;23/08/2023;36000570555202300;-;FAF;INCREMENTO PAP;2E89;INCREMENTO TEMPORÁRIO AO CUSTEIO DOS SERVIÇOS DE ATENÇÃO PRIMÁRIA À SAÚDE - PAP;INCREMENTO DO PISO DA ATENÇÃO PRIMÁRIA À SAÚDE - PAP;12011984000195;FUNDO MUNICIPAL DE SAUDE;1227;13/09/2023;PROPOSTA PAGA;Proposta Paga;08/11/2023;R$331.000,00;R$331.000,00;R$331.000,00
2023;71160002;S.PART.;BANCADA DA PARAÍBA;não se aplica;não se aplica;PB;251615;SOSSEGO;MUNICIPAL;BANCADA OBRIGATÓRIA;CORRENTE;301;1001;1030150192E890025;05/05/2023;36000518178202300;-;FAF;INCREMENTO PAP;2E89;INCREMENTO TEMPORÁRIO AO CUSTEIO DOS SERVIÇOS DE ATENÇÃO PRIMÁRIA À SAÚDE - PAP;INCREMENTO DO PISO DA ATENÇÃO PRIMÁRIA À SAÚDE - PAP;11404679000109;FUNDO MUNICIPAL DE SAUDE;970;20/07/2023;PROPOSTA PAGA;Proposta Paga;02/10/2023;R$150.000,00;R$150.000,00;R$150.000,00
2023;71160002;S.PART.;BANCADA DA PARAÍBA;não se aplica;não se aplica;PB;250060;ALHANDRA;MUNICIPAL;BANCADA OBRIGATÓRIA;CORRENTE;301;1001;1030150192E890025;26/12/2023;36000578801202300;-;FAF;INCREMENTO PAP;2E89;INCREMENTO TEMPORÁRIO AO CUSTEIO DOS SERVIÇOS DE ATENÇÃO PRIMÁRIA À SAÚDE - PAP;INCREMENTO DO PISO DA ATENÇÃO PRIMÁRIA À SAÚDE - PAP;11490408000105;FUNDO MUNICIPAL DE SAUDE;2786;28/12/2023;PROPOSTA PAGA;Proposta Paga;13/03/2024;R$200.000,00;R$200.000,00;R$200.000,00
2023;71160002;S.PART.;BANCADA DA PARAÍBA;não se aplica;não se aplica;PB;250930;MATARACA;MUNICIPAL;BANCADA OBRIGATÓRIA;CORRENTE;301;1001;1030150192E890025;08/05/2023;36000519687202300;-;FAF;INCREMENTO PAP;2E89;INCREMENTO TEMPORÁRIO AO CUSTEIO DOS SERVIÇOS DE ATENÇÃO PRIMÁRIA À SAÚDE - PAP;INCREMENTO DO PISO DA ATENÇÃO PRIMÁRIA À SAÚDE - PAP;13070749000157;FUNDO MUNICIPAL DE SAUDE DO MUNICIPIO DE MATARACA-PB;1029;28/07/2023;PROPOSTA PAGA;Proposta Paga;01/09/2023;R$200.000,00;R$200.000,00;R$200.000,00
2023;71160002;S.PART.;BANCADA DA PARAÍBA;não se aplica;não se aplica;PB;250550;VISTA SERRANA;MUNICIPAL;BANCADA OBRIGATÓRIA;CORRENTE;301;1001;1030150192E890025;02/05/2023;36000516277202300;-;FAF;INCREMENTO PAP;2E89;INCREMENTO TEMPORÁRIO AO CUSTEIO DOS SERVIÇOS DE ATENÇÃO PRIMÁRIA À SAÚDE - PAP;INCREMENTO DO PISO DA ATENÇÃO PRIMÁRIA À SAÚDE - PAP;11428853000145;FUNDO MUNICIPAL DE SAUDE;1029;28/07/2023;PROPOSTA PAGA;Proposta Paga;02/10/2023;R$200.000,00;R$200.000,00;R$200.000,00
2023;71160001;S.PART.;BANCADA DA PARAÍBA;não se aplica;não se aplica;PB;250485;COXIXOLA;MUNICIPAL;BANCADA OBRIGATÓRIA;CORRENTE;302;1001;1030250182E900025;08/11/2023;36000575445202300;-;FAF;INCREMENTO MAC;2E90;INCREMENTO TEMPORÁRIO - MAC;INCREMENTO DO CUSTEIO DA MÉDIA E ALTA COMPLEXIDADE (MAC);11525246000101;FUNDO MUNICIPAL DE SAUDE;1978;27/11/2023;PROPOSTA PAGA;Proposta Paga;20/12/2023;R$30.000,00;R$30.000,00;R$30.000,00
2023;71160002;S.PART.;BANCADA DA PARAÍBA;não se aplica;não se aplica;PB;251610;SOLEDADE;MUNICIPAL;BANCADA OBRIGATÓRIA;CORRENTE;301;1001;1030150192E890025;05/05/2023;36000518043202300;-;FAF;INCREMENTO PAP;2E89;INCREMENTO TEMPORÁRIO AO CUSTEIO DOS SERVIÇOS DE ATENÇÃO PRIMÁRIA À SAÚDE - PAP;INCREMENTO DO PISO DA ATENÇÃO PRIMÁRIA À SAÚDE - PAP;02182502000106;FUNDO MUNICIPAL DE SAUDE DE SOLEDADE;782;04/07/2023;PROPOSTA PAGA;Proposta Paga;02/10/2023;R$250.000,00;R$250.000,00;R$250.000,00
2023;71160001;S.PART.;BANCADA DA PARAÍBA;não se aplica;não se aplica;PB;250090;ARARA;MUNICIPAL;BANCADA OBRIGATÓRIA;CORRENTE;302;1001;1030250182E900025;04/05/2023;36000517347202300;-;FAF;INCREMENTO MAC;2E90;INCREMENTO TEMPORÁRIO - MAC;INCREMENTO DO CUSTEIO DA MÉDIA E ALTA COMPLEXIDADE (MAC);11898585000125;FUNDO MUNICIPAL DE SAUDE DO MUNICIPIO DE ARARA - PB;1024;28/07/2023;PROPOSTA PAGA;Proposta Paga;02/10/2023;R$90.137,00;R$90.137,00;R$90.137,00
2023;71160002;S.PART.;BANCADA DA PARAÍBA;não se aplica;não se aplica;PB;250170;BARRA DE SAO MIGUEL;MUNICIPAL;BANCADA OBRIGATÓRIA;CORRENTE;301;1001;1030150192E890025;02/05/2023;36000516666202300;-;FAF;INCREMENTO PAP;2E89;INCREMENTO TEMPORÁRIO AO CUSTEIO DOS SERVIÇOS DE ATENÇÃO PRIMÁRIA À SAÚDE - PAP;INCREMENTO DO PISO DA ATENÇÃO PRIMÁRIA À SAÚDE - PAP;11228592000110;FUNDO MUNICIPAL DE SAUDE DE BARRA DE SAO MIGUEL;970;20/07/2023;PROPOSTA PAGA;Proposta Paga;02/10/2023;R$150.000,00;R$150.000,00;R$150.000,00
2023;71160002;S.PART.;BANCADA DA PARAÍBA;não se aplica;não se aplica;PB;250190;BELEM;MUNICIPAL;BANCADA OBRIGATÓRIA;CORRENTE;301;1001;1030150192E890025;08/05/2023;36000519857202300;-;FAF;INCREMENTO PAP;2E89;INCREMENTO TEMPORÁRIO AO CUSTEIO DOS SERVIÇOS DE ATENÇÃO PRIMÁRIA À SAÚDE - PAP;INCREMENTO DO PISO DA ATENÇÃO PRIMÁRIA À SAÚDE - PAP;11429813000118;FUNDO MUNICIPAL DE SAUDE DE BELEM;970;20/07/2023;PROPOSTA PAGA;Proposta Paga;02/10/2023;R$150.000,00;R$150.000,00;R$150.000,00
2023;71160002;S.PART.;BANCADA DA PARAÍBA;não se aplica;não se aplica;PB;250310;CABACEIRAS;MUNICIPAL;BANCADA OBRIGATÓRIA;CORRENTE;301;1001;1030150192E890025;02/05/2023;36000516379202300;-;FAF;INCREMENTO PAP;2E89;INCREMENTO TEMPORÁRIO AO CUSTEIO DOS SERVIÇOS DE ATENÇÃO PRIMÁRIA À SAÚDE - PAP;INCREMENTO DO PISO DA ATENÇÃO PRIMÁRIA À SAÚDE - PAP;11309134000105;FUNDO MUNICIPAL DE SAUDE - CABACEIRAS PB;782;04/07/2023;PROPOSTA PAGA;Proposta Paga;02/10/2023;R$350.000,00;R$350.000,00;R$350.000,00
2023;71160001;S.PART.;BANCADA DA PARAÍBA;não se aplica;não se aplica;PB;250520;CUITEGI;MUNICIPAL;BANCADA OBRIGATÓRIA;CORRENTE;302;1001;1030250182E900025;02/05/2023;36000515977202300;-;FAF;INCREMENTO MAC;2E90;INCREMENTO TEMPORÁRIO - MAC;INCREMENTO DO CUSTEIO DA MÉDIA E ALTA COMPLEXIDADE (MAC);11780026000116;FUNDO MUNICIPAL DE SAUDE - CUITEGI-PB;999;20/07/2023;PROPOSTA PAGA;Proposta Paga;03/10/2023;R$100.000,00;R$100.000,00;R$100.000,00
2023;71160002;S.PART.;BANCADA DA PARAÍBA;não se aplica;não se aplica;PB;251580;SERRA REDONDA;MUNICIPAL;BANCADA OBRIGATÓRIA;CORRENTE;301;1001;1030150192E890025;25/05/2023;36000537024202300;-;FAF;INCREMENTO PAP;2E89;INCREMENTO TEMPORÁRIO AO CUSTEIO DOS SERVIÇOS DE ATENÇÃO PRIMÁRIA À SAÚDE - PAP;INCREMENTO DO PISO DA ATENÇÃO PRIMÁRIA À SAÚDE - PAP;97519352000190;FUNDO MUNICIPAL DE SAUDE;1029;28/07/2023;PROPOSTA PAGA;Proposta Paga;02/10/2023;R$400.000,00;R$400.000,00;R$400.000,00
2023;71160002;S.PART.;BANCADA DA PARAÍBA;não se aplica;não se aplica;PB;250130;AROEIRAS;MUNICIPAL;BANCADA OBRIGATÓRIA;CORRENTE;301;1001;1030150192E890025;04/05/2023;36000517357202300;-;FAF;INCREMENTO PAP;2E89;INCREMENTO TEMPORÁRIO AO CUSTEIO DOS SERVIÇOS DE ATENÇÃO PRIMÁRIA À SAÚDE - PAP;INCREMENTO DO PISO DA ATENÇÃO PRIMÁRIA À SAÚDE - PAP;10819820000163;FUNDO MUNICIPAL DE SAUDE;782;04/07/2023;PROPOSTA PAGA;Proposta Paga;02/10/2023;R$500.000,00;R$500.000,00;R$500.000,00
2023;71160001;S.PART.;BANCADA DA PARAÍBA;não se aplica;não se aplica;PB;251600;SOLANEA;MUNICIPAL;BANCADA OBRIGATÓRIA;CORRENTE;302;1001;1030250182E900025;02/05/2023;36000516249202300;-;FAF;INCREMENTO MAC;2E90;INCREMENTO TEMPORÁRIO - MAC;INCREMENTO DO CUSTEIO DA MÉDIA E ALTA COMPLEXIDADE (MAC);13857317000190;FUNDO MUNICIPAL DE SAUDE DE SOLANEA;999;20/07/2023;PROPOSTA PAGA;Proposta Paga;02/10/2023;R$150.000,00;R$150.000,00;R$150.000,00
2023;71160001;S.PART.;BANCADA DA PARAÍBA;não se aplica;não se aplica;PB;251220;PRATA;MUNICIPAL;BANCADA OBRIGATÓRIA;CORRENTE;302;1001;1030250182E900025;02/05/2023;36000516506202300;-;FAF;INCREMENTO MAC;2E90;INCREMENTO TEMPORÁRIO - MAC;INCREMENTO DO CUSTEIO DA MÉDIA E ALTA COMPLEXIDADE (MAC);11356674000140;FUNDO MUNICIPAL DE SAUDE DO MUNICIPIO DE PRATA;999;20/07/2023;PROPOSTA PAGA;Proposta Paga;03/10/2023;R$30.000,00;R$30.000,00;R$30.000,00
2023;71160002;S.PART.;BANCADA DA PARAÍBA;não se aplica;não se aplica;PB;250435;CATURITE;MUNICIPAL;BANCADA OBRIGATÓRIA;CORRENTE;301;1001;1030150192E890025;02/05/2023;36000515883202300;-;FAF;INCREMENTO PAP;2E89;INCREMENTO TEMPORÁRIO AO CUSTEIO DOS SERVIÇOS DE ATENÇÃO PRIMÁRIA À SAÚDE - PAP;INCREMENTO DO PISO DA ATENÇÃO PRIMÁRIA À SAÚDE - PAP;11457024000190;FUNDO MUNICIPAL DE SAUDE CATURITE;970;20/07/2023;PROPOSTA PAGA;Proposta Paga;01/09/2023;R$100.000,00;R$100.000,00;R$100.000,00
2023;71160002;S.PART.;BANCADA DA PARAÍBA;não se aplica;não se aplica;PB;250190;BELEM;MUNICIPAL;BANCADA OBRIGATÓRIA;CORRENTE;301;1001;1030150192E890025;04/05/2023;36000517592202300;-;FAF;INCREMENTO PAP;2E89;INCREMENTO TEMPORÁRIO AO CUSTEIO DOS SERVIÇOS DE ATENÇÃO PRIMÁRIA À SAÚDE - PAP;INCREMENTO DO PISO DA ATENÇÃO PRIMÁRIA À SAÚDE - PAP;11429813000118;FUNDO MUNICIPAL DE SAUDE DE BELEM;782;04/07/2023;PROPOSTA PAGA;Proposta Paga;02/10/2023;R$300.000,00;R$300.000,00;R$300.000,00
2023;71160002;S.PART.;BANCADA DA PARAÍBA;não se aplica;não se aplica;PB;251690;UIRAUNA;MUNICIPAL;BANCADA OBRIGATÓRIA;CORRENTE;301;1001;1030150192E890025;05/09/2023;36000572090202300;-;FAF;INCREMENTO PAP;2E89;INCREMENTO TEMPORÁRIO AO CUSTEIO DOS SERVIÇOS DE ATENÇÃO PRIMÁRIA À SAÚDE - PAP;INCREMENTO DO PISO DA ATENÇÃO PRIMÁRIA À SAÚDE - PAP;10435066000168;FUNDO MUNICIPAL DE SAUDE;1315;21/09/2023;PROPOSTA PAGA;Proposta Paga;08/11/2023;R$139.837,00;R$139.837,00;R$139.837,00
2023;71160001;S.PART.;BANCADA DA PARAÍBA;não se aplica;não se aplica;PB;250030;ALAGOA GRANDE;MUNICIPAL;BANCADA OBRIGATÓRIA;CORRENTE;302;1001;1030250182E900025;02/05/2023;36000515620202300;-;FAF;INCREMENTO MAC;2E90;INCREMENTO TEMPORÁRIO - MAC;INCREMENTO DO CUSTEIO DA MÉDIA E ALTA COMPLEXIDADE (MAC);17698753000115;FUNDO MUNICIPAL DE SAUDE DE ALAGOA GRANDE;1024;28/07/2023;PROPOSTA PAGA;Proposta Paga;02/10/2023;R$100.000,00;R$100.000,00;R$100.000,00
2023;71160001;S.PART.;BANCADA DA PARAÍBA;não se aplica;não se aplica;PB;250310;CABACEIRAS;MUNICIPAL;BANCADA OBRIGATÓRIA;CORRENTE;302;1001;1030250182E900025;02/05/2023;36000516372202300;-;FAF;INCREMENTO MAC;2E90;INCREMENTO TEMPORÁRIO - MAC;INCREMENTO DO CUSTEIO DA MÉDIA E ALTA COMPLEXIDADE (MAC);11309134000105;FUNDO MUNICIPAL DE SAUDE - CABACEIRAS PB;999;20/07/2023;PROPOSTA PAGA;Proposta Paga;03/10/2023;R$100.000,00;R$100.000,00;R$100.000,00
2023;71160002;S.PART.;BANCADA DA PARAÍBA;não se aplica;não se aplica;PB;250510;CUITE;MUNICIPAL;BANCADA OBRIGATÓRIA;CORRENTE;301;1001;1030150192E890025;02/05/2023;36000515947202300;-;FAF;INCREMENTO PAP;2E89;INCREMENTO TEMPORÁRIO AO CUSTEIO DOS SERVIÇOS DE ATENÇÃO PRIMÁRIA À SAÚDE - PAP;INCREMENTO DO PISO DA ATENÇÃO PRIMÁRIA À SAÚDE - PAP;11404674000178;FUNDO MUNICIPAL DE SAUDE;970;20/07/2023;PROPOSTA PAGA;Proposta Paga;02/10/2023;R$150.000,00;R$150.000,00;R$150.000,00
2023;71160002;S.PART.;BANCADA DA PARAÍBA;não se aplica;não se aplica;PB;250610;FAGUNDES;MUNICIPAL;BANCADA OBRIGATÓRIA;CORRENTE;301;1001;1030150192E890025;08/05/2023;36000519672202300;-;FAF;INCREMENTO PAP;2E89;INCREMENTO TEMPORÁRIO AO CUSTEIO DOS SERVIÇOS DE ATENÇÃO PRIMÁRIA À SAÚDE - PAP;INCREMENTO DO PISO DA ATENÇÃO PRIMÁRIA À SAÚDE - PAP;11307940000144;FUNDO MUNICIPAL DE SAUDE FAGUNDES PB;970;20/07/2023;PROPOSTA PAGA;Proposta Paga;02/10/2023;R$150.000,00;R$150.000,00;R$150.000,00
2023;71160002;S.PART.;BANCADA DA PARAÍBA;não se aplica;não se aplica;PB;250680;INGA;MUNICIPAL;BANCADA OBRIGATÓRIA;CORRENTE;301;1001;1030150192E890025;09/05/2023;36000520775202300;-;FAF;INCREMENTO PAP;2E89;INCREMENTO TEMPORÁRIO AO CUSTEIO DOS SERVIÇOS DE ATENÇÃO PRIMÁRIA À SAÚDE - PAP;INCREMENTO DO PISO DA ATENÇÃO PRIMÁRIA À SAÚDE - PAP;08610110000187;FUNDO MUNICIPAL DE SAUDE DE INGA/PB;970;20/07/2023;PROPOSTA PAGA;Proposta Paga;02/10/2023;R$150.000,00;R$150.000,00;R$150.000,00
2023;71160002;S.PART.;BANCADA DA PARAÍBA;não se aplica;não se aplica;PB;250840;LASTRO;MUNICIPAL;BANCADA OBRIGATÓRIA;CORRENTE;301;1001;1030150192E890025;02/05/2023;36000516484202300;-;FAF;INCREMENTO PAP;2E89;INCREMENTO TEMPORÁRIO AO CUSTEIO DOS SERVIÇOS DE ATENÇÃO PRIMÁRIA À SAÚDE - PAP;INCREMENTO DO PISO DA ATENÇÃO PRIMÁRIA À SAÚDE - PAP;11304889000117;FUNDO MUNICIPAL DE SAUDE DE LASTRO;970;20/07/2023;PROPOSTA PAGA;Proposta Paga;02/10/2023;R$150.000,00;R$150.000,00;R$150.000,00
2023;71160002;S.PART.;BANCADA DA PARAÍBA;não se aplica;não se aplica;PB;250500;CUBATI;MUNICIPAL;BANCADA OBRIGATÓRIA;CORRENTE;301;1001;1030150192E890025;02/05/2023;36000516688202300;-;FAF;INCREMENTO PAP;2E89;INCREMENTO TEMPORÁRIO AO CUSTEIO DOS SERVIÇOS DE ATENÇÃO PRIMÁRIA À SAÚDE - PAP;INCREMENTO DO PISO DA ATENÇÃO PRIMÁRIA À SAÚDE - PAP;08580325000100;FUNDO MUNICIPAL DE SAUDE DE CUBATI;782;04/07/2023;PROPOSTA PAGA;Proposta Paga;02/10/2023;R$400.000,00;R$400.000,00;R$400.000,00
2023;71160001;S.PART.;BANCADA DA PARAÍBA;não se aplica;não se aplica;PB;250920;MASSARANDUBA;MUNICIPAL;BANCADA OBRIGATÓRIA;CORRENTE;302;1001;1030250182E900025;04/05/2023;36000517299202300;-;FAF;INCREMENTO MAC;2E90;INCREMENTO TEMPORÁRIO - MAC;INCREMENTO DO CUSTEIO DA MÉDIA E ALTA COMPLEXIDADE (MAC);10948421000100;FUNDO MUNICIPAL DE SAUDE;999;20/07/2023;PROPOSTA PAGA;Proposta Paga;03/10/2023;R$100.000,00;R$100.000,00;R$100.000,00
2023;71160002;S.PART.;BANCADA DA PARAÍBA;não se aplica;não se aplica;PB;251276;RIACHAO DO POCO;MUNICIPAL;BANCADA OBRIGATÓRIA;CORRENTE;301;1001;1030150192E890025;05/05/2023;36000518270202300;-;FAF;INCREMENTO PAP;2E89;INCREMENTO TEMPORÁRIO AO CUSTEIO DOS SERVIÇOS DE ATENÇÃO PRIMÁRIA À SAÚDE - PAP;INCREMENTO DO PISO DA ATENÇÃO PRIMÁRIA À SAÚDE - PAP;11975218000188;FUNDO MUNICIPAL DE SAUDE DO MUNICIPIO DE RIACHAO DO POCO;782;04/07/2023;PROPOSTA PAGA;Proposta Paga;02/10/2023;R$450.000,00;R$450.000,00;R$450.000,00
2023;71160002;S.PART.;BANCADA DA PARAÍBA;não se aplica;não se aplica;PB;250110;AREIA;MUNICIPAL;BANCADA OBRIGATÓRIA;CORRENTE;301;1001;1030150192E890025;04/05/2023;36000517342202300;-;FAF;INCREMENTO PAP;2E89;INCREMENTO TEMPORÁRIO AO CUSTEIO DOS SERVIÇOS DE ATENÇÃO PRIMÁRIA À SAÚDE - PAP;INCREMENTO DO PISO DA ATENÇÃO PRIMÁRIA À SAÚDE - PAP;11268285000162;FUNDO MUNICIPAL DE SAUDE;782;04/07/2023;PROPOSTA PAGA;Proposta Paga;02/10/2023;R$500.000,00;R$500.000,00;R$500.000,00
2023;71160002;S.PART.;BANCADA DA PARAÍBA;não se aplica;não se aplica;PB;250435;CATURITE;MUNICIPAL;BANCADA OBRIGATÓRIA;CORRENTE;301;1001;1030150192E890025;02/05/2023;36000515881202300;-;FAF;INCREMENTO PAP;2E89;INCREMENTO TEMPORÁRIO AO CUSTEIO DOS SERVIÇOS DE ATENÇÃO PRIMÁRIA À SAÚDE - PAP;INCREMENTO DO PISO DA ATENÇÃO PRIMÁRIA À SAÚDE - PAP;11457024000190;FUNDO MUNICIPAL DE SAUDE CATURITE;970;20/07/2023;PROPOSTA PAGA;Proposta Paga;02/10/2023;R$169.000,00;R$169.000,00;R$169.000,00
2023;71160002;S.PART.;BANCADA DA PARAÍBA;não se aplica;não se aplica;PB;251445;SAO JOSE DOS RAMOS;MUNICIPAL;BANCADA OBRIGATÓRIA;CORRENTE;301;1001;1030150192E890025;10/05/2023;36000522801202300;-;FAF;INCREMENTO PAP;2E89;INCREMENTO TEMPORÁRIO AO CUSTEIO DOS SERVIÇOS DE ATENÇÃO PRIMÁRIA À SAÚDE - PAP;INCREMENTO DO PISO DA ATENÇÃO PRIMÁRIA À SAÚDE - PAP;11227813000135;FUNDO MUNICIPAL DE SAUDE DE SAO JOSE DOS RAMOS;782;04/07/2023;PROPOSTA PAGA;Proposta Paga;02/10/2023;R$500.000,00;R$500.000,00;R$500.000,00
2023;71160001;S.PART.;BANCADA DA PARAÍBA;não se aplica;não se aplica;PB;250750;JOAO PESSOA;MUNICIPAL;BANCADA OBRIGATÓRIA;CORRENTE;302;1001;1030250182E900025;09/05/2023;36000521104202300;-;FAF;INCREMENTO MAC;2E90;INCREMENTO TEMPORÁRIO - MAC;INCREMENTO DO CUSTEIO DA MÉDIA E ALTA COMPLEXIDADE (MAC);08715618000140;FUNDO MUNICIPAL DE SAUDE;1037;28/07/2023;PROPOSTA PAGA;Proposta Paga;03/10/2023;R$200.000,00;R$200.000,00;R$200.000,00
2023;71160002;S.PART.;BANCADA DA PARAÍBA;não se aplica;não se aplica;PB;250540;DESTERRO;MUNICIPAL;BANCADA OBRIGATÓRIA;CORRENTE;301;1001;1030150192E890025;22/08/2023;36000570405202300;-;FAF;INCREMENTO PAP;2E89;INCREMENTO TEMPORÁRIO AO CUSTEIO DOS SERVIÇOS DE ATENÇÃO PRIMÁRIA À SAÚDE - PAP;INCREMENTO DO PISO DA ATENÇÃO PRIMÁRIA À SAÚDE - PAP;10493355000113;FUNDO MUNICIPAL DE SAUDE DE DESTERRO;1227;13/09/2023;PROPOSTA PAGA;Proposta Paga;08/11/2023;R$200.000,00;R$200.000,00;R$200.000,00
2023;71160002;S.PART.;BANCADA DA PARAÍBA;não se aplica;não se aplica;PB;250030;ALAGOA GRANDE;MUNICIPAL;BANCADA OBRIGATÓRIA;CORRENTE;301;1001;1030150192E890025;02/05/2023;36000515616202300;-;FAF;INCREMENTO PAP;2E89;INCREMENTO TEMPORÁRIO AO CUSTEIO DOS SERVIÇOS DE ATENÇÃO PRIMÁRIA À SAÚDE - PAP;INCREMENTO DO PISO DA ATENÇÃO PRIMÁRIA À SAÚDE - PAP;17698753000115;FUNDO MUNICIPAL DE SAUDE DE ALAGOA GRANDE;782;04/07/2023;PROPOSTA PAGA;Proposta Paga;02/10/2023;R$1.650.000,00;R$1.650.000,00;R$1.650.000,00
2023;71160001;S.PART.;BANCADA DA PARAÍBA;não se aplica;não se aplica;PB;250750;JOAO PESSOA;MUNICIPAL;BANCADA OBRIGATÓRIA;CORRENTE;302;1001;1030250182E900025;10/05/2023;36000523291202300;-;FAF;INCREMENTO MAC;2E90;INCREMENTO TEMPORÁRIO - MAC;INCREMENTO DO CUSTEIO DA MÉDIA E ALTA COMPLEXIDADE (MAC);08715618000140;FUNDO MUNICIPAL DE SAUDE;811;03/07/2023;PROPOSTA PAGA;Proposta Paga;03/10/2023;R$523.799,00;R$523.799,00;R$523.799,00
2023;71160002;S.PART.;BANCADA DA PARAÍBA;não se aplica;não se aplica;PB;250270;BORBOREMA;MUNICIPAL;BANCADA OBRIGATÓRIA;CORRENTE;301;1000;1030150192E890025;20/12/2023;36000578382202300;-;FAF;INCREMENTO PAP;2E89;INCREMENTO TEMPORÁRIO AO CUSTEIO DOS SERVIÇOS DE ATENÇÃO PRIMÁRIA À SAÚDE - PAP;INCREMENTO DO PISO DA ATENÇÃO PRIMÁRIA À SAÚDE - PAP;11594451000110;FUNDO MUNICIPAL DE SAUDE DE BORBOREMA;2839;29/12/2023;PROPOSTA PAGA;Proposta Paga;13/03/2024;R$150.000,00;R$150.000,00;R$150.000,00
2023;71160002;S.PART.;BANCADA DA PARAÍBA;não se aplica;não se aplica;PB;251280;RIACHO DOS CAVALOS;MUNICIPAL;BANCADA OBRIGATÓRIA;CORRENTE;301;1001;1030150192E890025;08/05/2023;36000519855202300;-;FAF;INCREMENTO PAP;2E89;INCREMENTO TEMPORÁRIO AO CUSTEIO DOS SERVIÇOS DE ATENÇÃO PRIMÁRIA À SAÚDE - PAP;INCREMENTO DO PISO DA ATENÇÃO PRIMÁRIA À SAÚDE - PAP;12081925000193;RIACHO DOS CAVALOS FUNDO MUNICIPAL DE SAUDE;782;04/07/2023;PROPOSTA PAGA;Proposta Paga;02/10/2023;R$212.000,00;R$212.000,00;R$212.000,00
2023;71160001;S.PART.;BANCADA DA PARAÍBA;não se aplica;não se aplica;PB;250403;CAPIM;MUNICIPAL;BANCADA OBRIGATÓRIA;CORRENTE;302;1001;1030250182E900025;02/05/2023;36000515869202300;-;FAF;INCREMENTO MAC;2E90;INCREMENTO TEMPORÁRIO - MAC;INCREMENTO DO CUSTEIO DA MÉDIA E ALTA COMPLEXIDADE (MAC);08730943000181;FUNDO MUNICIPAL DE SAUDE;999;20/07/2023;PROPOSTA PAGA;Proposta Paga;03/10/2023;R$70.000,00;R$70.000,00;R$70.000,00
2023;71160002;S.PART.;BANCADA DA PARAÍBA;não se aplica;não se aplica;PB;250770;JUAZEIRINHO;MUNICIPAL;BANCADA OBRIGATÓRIA;CORRENTE;301;1001;1030150192E890025;02/05/2023;36000516051202300;-;FAF;INCREMENTO PAP;2E89;INCREMENTO TEMPORÁRIO AO CUSTEIO DOS SERVIÇOS DE ATENÇÃO PRIMÁRIA À SAÚDE - PAP;INCREMENTO DO PISO DA ATENÇÃO PRIMÁRIA À SAÚDE - PAP;11277311000119;FUNDO MUNICIPAL DE SAUDE DE JUAZEIRINHO;782;04/07/2023;PROPOSTA PAGA;Proposta Paga;02/10/2023;R$300.000,00;R$300.000,00;R$300.000,00
2023;71160001;S.PART.;BANCADA DA PARAÍBA;não se aplica;não se aplica;PB;250010;AGUA BRANCA;MUNICIPAL;BANCADA OBRIGATÓRIA;CORRENTE;302;1001;1030250182E900025;03/05/2023;36000516903202300;-;FAF;INCREMENTO MAC;2E90;INCREMENTO TEMPORÁRIO - MAC;INCREMENTO DO CUSTEIO DA MÉDIA E ALTA COMPLEXIDADE (MAC);10502869000198;FUNDO MUNICIPAL DE SAUDE DE AGUA BRANCA;1024;28/07/2023;PROPOSTA PAGA;Proposta Paga;02/10/2023;R$100.000,00;R$100.000,00;R$100.000,00
2023;71160002;S.PART.;BANCADA DA PARAÍBA;não se aplica;não se aplica;PB;251660;TAVARES;MUNICIPAL;BANCADA OBRIGATÓRIA;CORRENTE;301;1001;1030150192E890025;02/05/2023;36000516265202300;-;FAF;INCREMENTO PAP;2E89;INCREMENTO TEMPORÁRIO AO CUSTEIO DOS SERVIÇOS DE ATENÇÃO PRIMÁRIA À SAÚDE - PAP;INCREMENTO DO PISO DA ATENÇÃO PRIMÁRIA À SAÚDE - PAP;10598364000179;FUNDO MUNICIPAL DE SAUDE DE TAVARES;782;04/07/2023;PROPOSTA PAGA;Proposta Paga;02/10/2023;R$350.000,00;R$350.000,00;R$350.000,00
2023;71160002;S.PART.;BANCADA DA PARAÍBA;não se aplica;não se aplica;PB;250600;ESPERANCA;MUNICIPAL;BANCADA OBRIGATÓRIA;CORRENTE;301;1001;1030150192E890025;04/05/2023;36000517258202300;-;FAF;INCREMENTO PAP;2E89;INCREMENTO TEMPORÁRIO AO CUSTEIO DOS SERVIÇOS DE ATENÇÃO PRIMÁRIA À SAÚDE - PAP;INCREMENTO DO PISO DA ATENÇÃO PRIMÁRIA À SAÚDE - PAP;12011984000195;FUNDO MUNICIPAL DE SAUDE;782;04/07/2023;PROPOSTA PAGA;Proposta Paga;02/10/2023;R$388.000,00;R$388.000,00;R$388.000,00
2023;71160001;S.PART.;BANCADA DA PARAÍBA;não se aplica;não se aplica;PB;250860;LUCENA;MUNICIPAL;BANCADA OBRIGATÓRIA;CORRENTE;302;1001;1030250182E900025;02/05/2023;36000516100202300;-;FAF;INCREMENTO MAC;2E90;INCREMENTO TEMPORÁRIO - MAC;INCREMENTO DO CUSTEIO DA MÉDIA E ALTA COMPLEXIDADE (MAC);11516231000179;FUNDO MUNICIPAL DE SAUDE DE LUCENA;999;20/07/2023;PROPOSTA PAGA;Proposta Paga;03/10/2023;R$100.000,00;R$100.000,00;R$100.000,00
2023;71160001;S.PART.;BANCADA DA PARAÍBA;não se aplica;não se aplica;PB;250600;ESPERANCA;MUNICIPAL;BANCADA OBRIGATÓRIA;CORRENTE;302;1001;1030250182E900025;04/05/2023;36000517263202300;-;FAF;INCREMENTO MAC;2E90;INCREMENTO TEMPORÁRIO - MAC;INCREMENTO DO CUSTEIO DA MÉDIA E ALTA COMPLEXIDADE (MAC);12011984000195;FUNDO MUNICIPAL DE SAUDE;999;20/07/2023;PROPOSTA PAGA;Proposta Paga;03/10/2023;R$175.000,00;R$175.000,00;R$175.000,00
2023;71160002;S.PART.;BANCADA DA PARAÍBA;não se aplica;não se aplica;PB;251260;QUIXABA;MUNICIPAL;BANCADA OBRIGATÓRIA;CORRENTE;301;1001;1030150192E890025;02/05/2023;36000516417202300;-;FAF;INCREMENTO PAP;2E89;INCREMENTO TEMPORÁRIO AO CUSTEIO DOS SERVIÇOS DE ATENÇÃO PRIMÁRIA À SAÚDE - PAP;INCREMENTO DO PISO DA ATENÇÃO PRIMÁRIA À SAÚDE - PAP;12335016000134;FUNDO MUNICIPAL DE SAUDE DE QUIXABA;970;20/07/2023;PROPOSTA PAGA;Proposta Paga;02/10/2023;R$184.900,00;R$184.900,00;R$184.900,00
2023;71160002;S.PART.;BANCADA DA PARAÍBA;não se aplica;não se aplica;PB;250010;AGUA BRANCA;MUNICIPAL;BANCADA OBRIGATÓRIA;CORRENTE;301;1001;1030150192E890025;03/05/2023;36000516916202300;-;FAF;INCREMENTO PAP;2E89;INCREMENTO TEMPORÁRIO AO CUSTEIO DOS SERVIÇOS DE ATENÇÃO PRIMÁRIA À SAÚDE - PAP;INCREMENTO DO PISO DA ATENÇÃO PRIMÁRIA À SAÚDE - PAP;10502869000198;FUNDO MUNICIPAL DE SAUDE DE AGUA BRANCA;1029;28/07/2023;PROPOSTA PAGA;Proposta Paga;02/10/2023;R$200.000,00;R$200.000,00;R$200.000,00
2023;71160002;S.PART.;BANCADA DA PARAÍBA;não se aplica;não se aplica;PB;250100;ARARUNA;MUNICIPAL;BANCADA OBRIGATÓRIA;CORRENTE;301;1001;1030150192E890025;05/05/2023;36000518243202300;-;FAF;INCREMENTO PAP;2E89;INCREMENTO TEMPORÁRIO AO CUSTEIO DOS SERVIÇOS DE ATENÇÃO PRIMÁRIA À SAÚDE - PAP;INCREMENTO DO PISO DA ATENÇÃO PRIMÁRIA À SAÚDE - PAP;11667845000151;FUNDO MUNICIPAL DE SAUDE DE ARARUNA PARAIBA;1029;28/07/2023;PROPOSTA PAGA;Proposta Paga;02/10/2023;R$200.000,00;R$200.000,00;R$200.000,00
2023;71160002;S.PART.;BANCADA DA PARAÍBA;não se aplica;não se aplica;PB;250390;CAMALAU;MUNICIPAL;BANCADA OBRIGATÓRIA;CORRENTE;301;1001;1030150192E890025;10/05/2023;36000522531202300;-;FAF;INCREMENTO PAP;2E89;INCREMENTO TEMPORÁRIO AO CUSTEIO DOS SERVIÇOS DE ATENÇÃO PRIMÁRIA À SAÚDE - PAP;INCREMENTO DO PISO DA ATENÇÃO PRIMÁRIA À SAÚDE - PAP;11417610000101;FUNDO MUNICIPAL DE SAUDE CAMALAU;782;04/07/2023;PROPOSTA PAGA;Proposta Paga;02/10/2023;R$600.000,00;R$600.000,00;R$600.000,00
2023;71160002;S.PART.;BANCADA DA PARAÍBA;não se aplica;não se aplica;PB;251110;PEDRA LAVRADA;MUNICIPAL;BANCADA OBRIGATÓRIA;CORRENTE;301;1001;1030150192E890025;06/11/2023;36000575308202300;-;FAF;INCREMENTO PAP;2E89;INCREMENTO TEMPORÁRIO AO CUSTEIO DOS SERVIÇOS DE ATENÇÃO PRIMÁRIA À SAÚDE - PAP;INCREMENTO DO PISO DA ATENÇÃO PRIMÁRIA À SAÚDE - PAP;08932293000157;FUNDO MUNICIPAL DE SAUDE DE PEDRA LAVRADA;1912;22/11/2023;PROPOSTA PAGA;Proposta Paga;20/12/2023;R$840.000,00;R$840.000,00;R$840.000,00
2023;71160002;S.PART.;BANCADA DA PARAÍBA;não se aplica;não se aplica;PB;250990;NATUBA;MUNICIPAL;BANCADA OBRIGATÓRIA;CORRENTE;301;1001;1030150192E890025;02/05/2023;36000516017202300;-;FAF;INCREMENTO PAP;2E89;INCREMENTO TEMPORÁRIO AO CUSTEIO DOS SERVIÇOS DE ATENÇÃO PRIMÁRIA À SAÚDE - PAP;INCREMENTO DO PISO DA ATENÇÃO PRIMÁRIA À SAÚDE - PAP;17975221000188;FUNDO MUNICIPAL DE SAUDE DE NATUBA;1029;28/07/2023;PROPOSTA PAGA;Proposta Paga;02/10/2023;R$200.000,00;R$200.000,00;R$200.000,00
2023;71160002;S.PART.;BANCADA DA PARAÍBA;não se aplica;não se aplica;PB;250150;BANANEIRAS;MUNICIPAL;BANCADA OBRIGATÓRIA;CORRENTE;301;1001;1030150192E890025;02/05/2023;36000515497202300;-;FAF;INCREMENTO PAP;2E89;INCREMENTO TEMPORÁRIO AO CUSTEIO DOS SERVIÇOS DE ATENÇÃO PRIMÁRIA À SAÚDE - PAP;INCREMENTO DO PISO DA ATENÇÃO PRIMÁRIA À SAÚDE - PAP;18730452000194;BANANEIRAS - FUNDO MUNICIPAL DE SAUDE;782;04/07/2023;PROPOSTA PAGA;Proposta Paga;02/10/2023;R$3.500.000,00;R$3.500.000,00;R$3.500.000,00
2023;71160001;S.PART.;BANCADA DA PARAÍBA;não se aplica;não se aplica;PB;250430;CATOLE DO ROCHA;MUNICIPAL;BANCADA OBRIGATÓRIA;CORRENTE;302;1001;1030250182E900025;02/05/2023;36000516228202300;-;FAF;INCREMENTO MAC;2E90;INCREMENTO TEMPORÁRIO - MAC;INCREMENTO DO CUSTEIO DA MÉDIA E ALTA COMPLEXIDADE (MAC);12784607000199;FUNDO MUNICIPAL DE SAUDE DE CATOLE DO ROCHA;811;03/07/2023;PROPOSTA PAGA;Proposta Paga;03/10/2023;R$500.000,00;R$500.000,00;R$500.000,00
2023;71160001;S.PART.;BANCADA DA PARAÍBA;não se aplica;não se aplica;PB;250750;JOAO PESSOA;MUNICIPAL;BANCADA OBRIGATÓRIA;CORRENTE;302;1001;1030250182E900025;09/05/2023;36000521138202300;-;FAF;INCREMENTO MAC;2E90;INCREMENTO TEMPORÁRIO - MAC;INCREMENTO DO CUSTEIO DA MÉDIA E ALTA COMPLEXIDADE (MAC);08715618000140;FUNDO MUNICIPAL DE SAUDE;811;03/07/2023;PROPOSTA PAGA;Proposta Paga;03/10/2023;R$1.476.201,00;R$1.476.201,00;R$1.476.201,00
2023;71160002;S.PART.;BANCADA DA PARAÍBA;não se aplica;não se aplica;PB;250910;MARI;MUNICIPAL;BANCADA OBRIGATÓRIA;CORRENTE;301;1001;1030150192E890025;22/05/2023;36000532798202300;-;FAF;INCREMENTO PAP;2E89;INCREMENTO TEMPORÁRIO AO CUSTEIO DOS SERVIÇOS DE ATENÇÃO PRIMÁRIA À SAÚDE - PAP;INCREMENTO DO PISO DA ATENÇÃO PRIMÁRIA À SAÚDE - PAP;11400094000102;FUNDO MUNICIPAL DE SAUDE;782;04/07/2023;PROPOSTA PAGA;Proposta Paga;02/10/2023;R$250.000,00;R$250.000,00;R$250.000,00
2023;71160002;S.PART.;BANCADA DA PARAÍBA;não se aplica;não se aplica;PB;250930;MATARACA;MUNICIPAL;BANCADA OBRIGATÓRIA;CORRENTE;301;1001;1030150192E890025;22/12/2023;36000578596202300;-;FAF;INCREMENTO PAP;2E89;INCREMENTO TEMPORÁRIO AO CUSTEIO DOS SERVIÇOS DE ATENÇÃO PRIMÁRIA À SAÚDE - PAP;INCREMENTO DO PISO DA ATENÇÃO PRIMÁRIA À SAÚDE - PAP;13070749000157;FUNDO MUNICIPAL DE SAUDE DO MUNICIPIO DE MATARACA-PB;2726;27/12/2023;PROPOSTA PAGA;Proposta Paga;13/03/2024;R$250.000,00;R$250.000,00;R$250.000,00
2023;71160001;S.PART.;BANCADA DA PARAÍBA;não se aplica;não se aplica;PB;250400;CAMPINA GRANDE;MUNICIPAL;BANCADA OBRIGATÓRIA;CORRENTE;302;1001;1030250182E900025;02/05/2023;36000516082202300;-;FAF;INCREMENTO MAC;2E90;INCREMENTO TEMPORÁRIO - MAC;INCREMENTO DO CUSTEIO DA MÉDIA E ALTA COMPLEXIDADE (MAC);24513574000121;FUNDO MUNICIPAL DE SAUDE DE CAMPINA GRANDE;999;20/07/2023;PROPOSTA PAGA;Proposta Paga;03/10/2023;R$100.000,00;R$100.000,00;R$100.000,00
2023;71160001;S.PART.;BANCADA DA PARAÍBA;não se aplica;não se aplica;PB;250470;CONGO;MUNICIPAL;BANCADA OBRIGATÓRIA;CORRENTE;302;1001;1030250182E900025;10/05/2023;36000523624202300;-;FAF;INCREMENTO MAC;2E90;INCREMENTO TEMPORÁRIO - MAC;INCREMENTO DO CUSTEIO DA MÉDIA E ALTA COMPLEXIDADE (MAC);11436548000103;FUNDO MUNICIPAL DE SAUDE - CONGO - PARAIBA;999;20/07/2023;PROPOSTA PAGA;Proposta Paga;03/10/2023;R$100.000,00;R$100.000,00;R$100.000,00
2023;71160002;S.PART.;BANCADA DA PARAÍBA;não se aplica;não se aplica;PB;250050;ALAGOINHA;MUNICIPAL;BANCADA OBRIGATÓRIA;CORRENTE;301;1001;1030150192E890025;05/05/2023;36000517896202300;-;FAF;INCREMENTO PAP;2E89;INCREMENTO TEMPORÁRIO AO CUSTEIO DOS SERVIÇOS DE ATENÇÃO PRIMÁRIA À SAÚDE - PAP;INCREMENTO DO PISO DA ATENÇÃO PRIMÁRIA À SAÚDE - PAP;11757032000152;FUNDO MUNICIPAL DE SAUDE DE ALAGOINHA;782;04/07/2023;PROPOSTA PAGA;Proposta Paga;02/10/2023;R$500.000,00;R$500.000,00;R$500.000,00
2023;71160002;S.PART.;BANCADA DA PARAÍBA;não se aplica;não se aplica;PB;250230;BOM SUCESSO;MUNICIPAL;BANCADA OBRIGATÓRIA;CORRENTE;301;1001;1030150192E890025;02/05/2023;36000515555202300;-;FAF;INCREMENTO PAP;2E89;INCREMENTO TEMPORÁRIO AO CUSTEIO DOS SERVIÇOS DE ATENÇÃO PRIMÁRIA À SAÚDE - PAP;INCREMENTO DO PISO DA ATENÇÃO PRIMÁRIA À SAÚDE - PAP;12403050000107;FUNDO MUNICIPAL DE SAUDE - FMS;782;04/07/2023;PROPOSTA PAGA;Proposta Paga;02/10/2023;R$500.000,00;R$500.000,00;R$500.000,00
2023;71160002;S.PART.;BANCADA DA PARAÍBA;não se aplica;não se aplica;PB;251120;PEDRAS DE FOGO;MUNICIPAL;BANCADA OBRIGATÓRIA;CORRENTE;301;1001;1030150192E890025;10/05/2023;36000522708202300;-;FAF;INCREMENTO PAP;2E89;INCREMENTO TEMPORÁRIO AO CUSTEIO DOS SERVIÇOS DE ATENÇÃO PRIMÁRIA À SAÚDE - PAP;INCREMENTO DO PISO DA ATENÇÃO PRIMÁRIA À SAÚDE - PAP;10490987000123;FUNDO MUNICIPAL DE SAUDE;782;04/07/2023;PROPOSTA PAGA;Proposta Paga;02/10/2023;R$500.000,00;R$500.000,00;R$500.000,00
2023;71160002;S.PART.;BANCADA DA PARAÍBA;não se aplica;não se aplica;PB;251280;RIACHO DOS CAVALOS;MUNICIPAL;BANCADA OBRIGATÓRIA;CORRENTE;301;1001;1030150192E890025;01/09/2023;36000571969202300;-;FAF;INCREMENTO PAP;2E89;INCREMENTO TEMPORÁRIO AO CUSTEIO DOS SERVIÇOS DE ATENÇÃO PRIMÁRIA À SAÚDE - PAP;INCREMENTO DO PISO DA ATENÇÃO PRIMÁRIA À SAÚDE - PAP;12081925000193;RIACHO DOS CAVALOS FUNDO MUNICIPAL DE SAUDE;1315;21/09/2023;PROPOSTA PAGA;Proposta Paga;08/11/2023;R$521.254,00;R$521.254,00;R$521.254,00
2023;71160002;S.PART.;BANCADA DA PARAÍBA;não se aplica;não se aplica;PB;250160;BARRA DE SANTA ROSA;MUNICIPAL;BANCADA OBRIGATÓRIA;CORRENTE;301;1001;1030150192E890025;05/05/2023;36000518292202300;-;FAF;INCREMENTO PAP;2E89;INCREMENTO TEMPORÁRIO AO CUSTEIO DOS SERVIÇOS DE ATENÇÃO PRIMÁRIA À SAÚDE - PAP;INCREMENTO DO PISO DA ATENÇÃO PRIMÁRIA À SAÚDE - PAP;11404690000160;FUNDO MUNICIPAL DE SAUDE;1029;28/07/2023;PROPOSTA PAGA;Proposta Paga;02/10/2023;R$200.000,00;R$200.000,00;R$200.000,00
2023;71160002;S.PART.;BANCADA DA PARAÍBA;não se aplica;não se aplica;PB;251530;SAPE;MUNICIPAL;BANCADA OBRIGATÓRIA;CORRENTE;301;1001;1030150192E890025;02/05/2023;36000516294202300;-;FAF;INCREMENTO PAP;2E89;INCREMENTO TEMPORÁRIO AO CUSTEIO DOS SERVIÇOS DE ATENÇÃO PRIMÁRIA À SAÚDE - PAP;INCREMENTO DO PISO DA ATENÇÃO PRIMÁRIA À SAÚDE - PAP;08036438000131;FUNDO MUNICIPAL DE SAUDE DE SAPE;782;04/07/2023;PROPOSTA PAGA;Proposta Paga;02/10/2023;R$8.323.571,00;R$8.323.571,00;R$8.323.571,00
2023;71160001;S.PART.;BANCADA DA PARAÍBA;não se aplica;não se aplica;PB;250370;CAJAZEIRAS;MUNICIPAL;BANCADA OBRIGATÓRIA;CORRENTE;302;1001;1030250182E900025;02/05/2023;36000515584202300;-;FAF;INCREMENTO MAC;2E90;INCREMENTO TEMPORÁRIO - MAC;INCREMENTO DO CUSTEIO DA MÉDIA E ALTA COMPLEXIDADE (MAC);11902878000139;MUNICIPIO DE CAJAZEIRAS FUNDO MUNICIPAL DE SAUDE - FMS;811;03/07/2023;PROPOSTA PAGA;Proposta Paga;28/08/2023;R$766.366,00;R$766.366,00;R$766.366,00
2023;71160002;S.PART.;BANCADA DA PARAÍBA;não se aplica;não se aplica;PB;250355;CACIMBAS;MUNICIPAL;BANCADA OBRIGATÓRIA;CORRENTE;301;1001;1030150192E890025;02/05/2023;36000516195202300;-;FAF;INCREMENTO PAP;2E89;INCREMENTO TEMPORÁRIO AO CUSTEIO DOS SERVIÇOS DE ATENÇÃO PRIMÁRIA À SAÚDE - PAP;INCREMENTO DO PISO DA ATENÇÃO PRIMÁRIA À SAÚDE - PAP;10541009000163;FUNDO MUNICIPAL DE SAUDE DE CACIMBAS;782;04/07/2023;PROPOSTA PAGA;Proposta Paga;02/10/2023;R$250.000,00;R$250.000,00;R$250.000,00
2023;71160002;S.PART.;BANCADA DA PARAÍBA;não se aplica;não se aplica;PB;250215;BOA VISTA;MUNICIPAL;BANCADA OBRIGATÓRIA;CORRENTE;301;1001;1030150192E890025;05/05/2023;36000518338202300;-;FAF;INCREMENTO PAP;2E89;INCREMENTO TEMPORÁRIO AO CUSTEIO DOS SERVIÇOS DE ATENÇÃO PRIMÁRIA À SAÚDE - PAP;INCREMENTO DO PISO DA ATENÇÃO PRIMÁRIA À SAÚDE - PAP;12868705000104;FUNDO MUNICIPAL DE SAUDE;970;20/07/2023;PROPOSTA PAGA;Proposta Paga;02/10/2023;R$50.000,00;R$50.000,00;R$50.000,00
2023;71160002;S.PART.;BANCADA DA PARAÍBA;não se aplica;não se aplica;PB;251450;SAO JOSE DE PIRANHAS;MUNICIPAL;BANCADA OBRIGATÓRIA;CORRENTE;301;1001;1030150192E890025;02/05/2023;36000516401202300;-;FAF;INCREMENTO PAP;2E89;INCREMENTO TEMPORÁRIO AO CUSTEIO DOS SERVIÇOS DE ATENÇÃO PRIMÁRIA À SAÚDE - PAP;INCREMENTO DO PISO DA ATENÇÃO PRIMÁRIA À SAÚDE - PAP;11602227000123;FUNDO MUNICIPAL DE SAUDE;782;04/07/2023;PROPOSTA PAGA;Proposta Paga;02/10/2023;R$250.000,00;R$250.000,00;R$250.000,00
2023;71160001;S.PART.;BANCADA DA PARAÍBA;não se aplica;não se aplica;PB;250205;BERNARDINO BATISTA;MUNICIPAL;BANCADA OBRIGATÓRIA;CORRENTE;302;1001;1030250182E900025;02/05/2023;36000516194202300;-;FAF;INCREMENTO MAC;2E90;INCREMENTO TEMPORÁRIO - MAC;INCREMENTO DO CUSTEIO DA MÉDIA E ALTA COMPLEXIDADE (MAC);10484826000127;FUNDO MUNICIPAL DE SAUDE;999;20/07/2023;PROPOSTA PAGA;Proposta Paga;02/10/2023;R$68.000,00;R$68.000,00;R$68.000,00
2023;71160001;S.PART.;BANCADA DA PARAÍBA;não se aplica;não se aplica;PB;250580;DUAS ESTRADAS;MUNICIPAL;BANCADA OBRIGATÓRIA;CORRENTE;302;1001;1030250182E900025;03/05/2023;36000517025202300;-;FAF;INCREMENTO MAC;2E90;INCREMENTO TEMPORÁRIO - MAC;INCREMENTO DO CUSTEIO DA MÉDIA E ALTA COMPLEXIDADE (MAC);11814527000176;FUNDO MUNICIPAL DE SAUDE DE DUAS ESTRADAS;999;20/07/2023;PROPOSTA PAGA;Proposta Paga;03/10/2023;R$75.000,00;R$75.000,00;R$75.000,00
2023;71160002;S.PART.;BANCADA DA PARAÍBA;não se aplica;não se aplica;PB;250920;MASSARANDUBA;MUNICIPAL;BANCADA OBRIGATÓRIA;CORRENTE;301;1001;1030150192E890025;04/05/2023;36000517303202300;-;FAF;INCREMENTO PAP;2E89;INCREMENTO TEMPORÁRIO AO CUSTEIO DOS SERVIÇOS DE ATENÇÃO PRIMÁRIA À SAÚDE - PAP;INCREMENTO DO PISO DA ATENÇÃO PRIMÁRIA À SAÚDE - PAP;10948421000100;FUNDO MUNICIPAL DE SAUDE;782;04/07/2023;PROPOSTA PAGA;Proposta Paga;02/10/2023;R$300.000,00;R$300.000,00;R$300.000,00
2023;71160002;S.PART.;BANCADA DA PARAÍBA;não se aplica;não se aplica;PB;251394;SAO DOMINGOS DO CARIRI;MUNICIPAL;BANCADA OBRIGATÓRIA;CORRENTE;301;1001;1030150192E890025;02/05/2023;36000516216202300;-;FAF;INCREMENTO PAP;2E89;INCREMENTO TEMPORÁRIO AO CUSTEIO DOS SERVIÇOS DE ATENÇÃO PRIMÁRIA À SAÚDE - PAP;INCREMENTO DO PISO DA ATENÇÃO PRIMÁRIA À SAÚDE - PAP;11836179000138;FUNDO MUNICIPAL DE SAUDE DE SAO DOMINGOS DO CARIRI;782;04/07/2023;PROPOSTA PAGA;Proposta Paga;02/10/2023;R$300.163,00;R$300.163,00;R$300.163,00
2023;71160002;S.PART.;BANCADA DA PARAÍBA;não se aplica;não se aplica;PB;251430;SAO JOSE DE CAIANA;MUNICIPAL;BANCADA OBRIGATÓRIA;CORRENTE;301;1001;1030150192E890025;27/12/2023;36000578850202300;-;FAF;INCREMENTO PAP;2E89;INCREMENTO TEMPORÁRIO AO CUSTEIO DOS SERVIÇOS DE ATENÇÃO PRIMÁRIA À SAÚDE - PAP;INCREMENTO DO PISO DA ATENÇÃO PRIMÁRIA À SAÚDE - PAP;10785644000196;FUNDO MUNICIPAL DE SAUDE DE SAO JOSE DE CAIANA;2839;29/12/2023;PROPOSTA PAGA;Proposta Paga;13/03/2024;R$309.151,00;R$309.151,00;R$309.151,00
2023;71160002;S.PART.;BANCADA DA PARAÍBA;não se aplica;não se aplica;PB;250270;BORBOREMA;MUNICIPAL;BANCADA OBRIGATÓRIA;CORRENTE;301;1001;1030150192E890025;02/05/2023;36000516681202300;-;FAF;INCREMENTO PAP;2E89;INCREMENTO TEMPORÁRIO AO CUSTEIO DOS SERVIÇOS DE ATENÇÃO PRIMÁRIA À SAÚDE - PAP;INCREMENTO DO PISO DA ATENÇÃO PRIMÁRIA À SAÚDE - PAP;11594451000110;FUNDO MUNICIPAL DE SAUDE DE BORBOREMA;970;20/07/2023;PROPOSTA PAGA;Proposta Paga;02/10/2023;R$150.000,00;R$150.000,00;R$150.000,00
2023;71160002;S.PART.;BANCADA DA PARAÍBA;não se aplica;não se aplica;PB;250157;BARRA DE SANTANA;MUNICIPAL;BANCADA OBRIGATÓRIA;CORRENTE;301;1001;1030150192E890025;02/05/2023;36000515719202300;-;FAF;INCREMENTO PAP;2E89;INCREMENTO TEMPORÁRIO AO CUSTEIO DOS SERVIÇOS DE ATENÇÃO PRIMÁRIA À SAÚDE - PAP;INCREMENTO DO PISO DA ATENÇÃO PRIMÁRIA À SAÚDE - PAP;11109361000197;FUNDO MUNICIPAL DE SAUDE BARRA DE SANTANA;1029;28/07/2023;PROPOSTA PAGA;Proposta Paga;02/10/2023;R$200.000,00;R$200.000,00;R$200.000,00
2023;71160002;S.PART.;BANCADA DA PARAÍBA;não se aplica;não se aplica;PB;250110;AREIA;MUNICIPAL;BANCADA OBRIGATÓRIA;CORRENTE;301;1001;1030150192E890025;04/05/2023;36000517344202300;-;FAF;INCREMENTO PAP;2E89;INCREMENTO TEMPORÁRIO AO CUSTEIO DOS SERVIÇOS DE ATENÇÃO PRIMÁRIA À SAÚDE - PAP;INCREMENTO DO PISO DA ATENÇÃO PRIMÁRIA À SAÚDE - PAP;11268285000162;FUNDO MUNICIPAL DE SAUDE;782;04/07/2023;PROPOSTA PAGA;Proposta Paga;02/10/2023;R$800.000,00;R$800.000,00;R$800.000,00
2023;71160002;S.PART.;BANCADA DA PARAÍBA;não se aplica;não se aplica;PB;250920;MASSARANDUBA;MUNICIPAL;BANCADA OBRIGATÓRIA;CORRENTE;301;1001;1030150192E890025;04/05/2023;36000517304202300;-;FAF;INCREMENTO PAP;2E89;INCREMENTO TEMPORÁRIO AO CUSTEIO DOS SERVIÇOS DE ATENÇÃO PRIMÁRIA À SAÚDE - PAP;INCREMENTO DO PISO DA ATENÇÃO PRIMÁRIA À SAÚDE - PAP;10948421000100;FUNDO MUNICIPAL DE SAUDE;1029;28/07/2023;PROPOSTA PAGA;Proposta Paga;02/10/2023;R$200.000,00;R$200.000,00;R$200.000,00
2023;71160001;S.PART.;BANCADA DA PARAÍBA;não se aplica;não se aplica;PB;250180;BAYEUX;MUNICIPAL;BANCADA OBRIGATÓRIA;CORRENTE;302;1001;1030250182E900025;14/06/2023;36000552223202300;-;FAF;INCREMENTO MAC;2E90;INCREMENTO TEMPORÁRIO - MAC;INCREMENTO DO CUSTEIO DA MÉDIA E ALTA COMPLEXIDADE (MAC);11685421000110;FUNDO MUNICIPAL DE SAUDE DE BAYEUX;1037;28/07/2023;PROPOSTA PAGA;Proposta Paga;02/10/2023;R$1.293.797,00;R$1.293.797,00;R$1.293.797,00
2023;71160001;S.PART.;BANCADA DA PARAÍBA;não se aplica;não se aplica;PB;250400;CAMPINA GRANDE;MUNICIPAL;BANCADA OBRIGATÓRIA;CORRENTE;302;1001;1030250182E900025;02/05/2023;36000516210202300;-;FAF;INCREMENTO MAC;2E90;INCREMENTO TEMPORÁRIO - MAC;INCREMENTO DO CUSTEIO DA MÉDIA E ALTA COMPLEXIDADE (MAC);24513574000121;FUNDO MUNICIPAL DE SAUDE DE CAMPINA GRANDE;811;03/07/2023;PROPOSTA PAGA;Proposta Paga;03/10/2023;R$2.700.000,00;R$2.700.000,00;R$2.700.000,00
2023;71160001;S.PART.;BANCADA DA PARAÍBA;não se aplica;não se aplica;PB;250750;JOAO PESSOA;ESTADUAL;BANCADA OBRIGATÓRIA;CORRENTE;302;1001;1030250182E900025;02/05/2023;36000516596202300;-;FAF;INCREMENTO MAC;2E90;INCREMENTO TEMPORÁRIO - MAC;INCREMENTO DO CUSTEIO DA MÉDIA E ALTA COMPLEXIDADE (MAC);03609595000175;FUNDO ESTADUAL DE SAUDE DO ESTADO DA PARAIBA - FESEP;811;03/07/2023;PROPOSTA PAGA;Proposta Paga;03/10/2023;R$2.300.000,00;R$2.300.000,00;R$2.300.000,00
2023;71160001;S.PART.;BANCADA DA PARAÍBA;não se aplica;não se aplica;PB;251710;VARZEA;MUNICIPAL;BANCADA OBRIGATÓRIA;CORRENTE;302;1001;1030250182E900025;03/05/2023;36000517108202300;-;FAF;INCREMENTO MAC;2E90;INCREMENTO TEMPORÁRIO - MAC;INCREMENTO DO CUSTEIO DA MÉDIA E ALTA COMPLEXIDADE (MAC);11228615000196;FUNDO MUNICIPAL DE SAUDE;999;20/07/2023;PROPOSTA PAGA;Proposta Paga;02/10/2023;R$28.832,00;R$28.832,00;R$28.832,00
2023;71160001;S.PART.;BANCADA DA PARAÍBA;não se aplica;não se aplica;PB;251640;TACIMA;MUNICIPAL;BANCADA OBRIGATÓRIA;CORRENTE;302;1001;1030250182E900025;02/05/2023;36000516259202300;-;FAF;INCREMENTO MAC;2E90;INCREMENTO TEMPORÁRIO - MAC;INCREMENTO DO CUSTEIO DA MÉDIA E ALTA COMPLEXIDADE (MAC);11907806000184;FUNDO MUNICIPAL DE SAUDE DE TACIMA;999;20/07/2023;PROPOSTA PAGA;Proposta Paga;02/10/2023;R$54.000,00;R$54.000,00;R$54.000,00
2023;71160002;S.PART.;BANCADA DA PARAÍBA;não se aplica;não se aplica;PB;251460;SAO JOSE DO BONFIM;MUNICIPAL;BANCADA OBRIGATÓRIA;CORRENTE;301;1001;1030150192E890025;04/05/2023;36000517363202300;-;FAF;INCREMENTO PAP;2E89;INCREMENTO TEMPORÁRIO AO CUSTEIO DOS SERVIÇOS DE ATENÇÃO PRIMÁRIA À SAÚDE - PAP;INCREMENTO DO PISO DA ATENÇÃO PRIMÁRIA À SAÚDE - PAP;12526644000105;FUNDO MUNICIPAL DE SAUDE DE SAO JOSE DO BONFIM PB;970;20/07/2023;PROPOSTA PAGA;Proposta Paga;02/10/2023;R$100.000,00;R$100.000,00;R$100.000,00
2023;71160002;S.PART.;BANCADA DA PARAÍBA;não se aplica;não se aplica;PB;251390;SAO BENTO;MUNICIPAL;BANCADA OBRIGATÓRIA;CORRENTE;301;1001;1030150192E890025;25/09/2023;36000572671202300;-;FAF;INCREMENTO PAP;2E89;INCREMENTO TEMPORÁRIO AO CUSTEIO DOS SERVIÇOS DE ATENÇÃO PRIMÁRIA À SAÚDE - PAP;INCREMENTO DO PISO DA ATENÇÃO PRIMÁRIA À SAÚDE - PAP;02015756000130;FUNDO MINICIPAL DE SAUDE;1755;13/11/2023;PROPOSTA PAGA;Proposta Paga;20/12/2023;R$296.705,00;R$296.705,00;R$296.705,00
2023;71160001;S.PART.;BANCADA DA PARAÍBA;não se aplica;não se aplica;PB;250030;ALAGOA GRANDE;MUNICIPAL;BANCADA OBRIGATÓRIA;CORRENTE;302;1001;1030250182E900025;02/05/2023;36000515617202300;-;FAF;INCREMENTO MAC;2E90;INCREMENTO TEMPORÁRIO - MAC;INCREMENTO DO CUSTEIO DA MÉDIA E ALTA COMPLEXIDADE (MAC);17698753000115;FUNDO MUNICIPAL DE SAUDE DE ALAGOA GRANDE;1024;28/07/2023;PROPOSTA PAGA;Proposta Paga;02/10/2023;R$100.000,00;R$100.000,00;R$100.000,00
2023;71160002;S.PART.;BANCADA DA PARAÍBA;não se aplica;não se aplica;PB;250350;CACIMBA DE DENTRO;MUNICIPAL;BANCADA OBRIGATÓRIA;CORRENTE;301;1001;1030150192E890025;08/05/2023;36000519499202300;-;FAF;INCREMENTO PAP;2E89;INCREMENTO TEMPORÁRIO AO CUSTEIO DOS SERVIÇOS DE ATENÇÃO PRIMÁRIA À SAÚDE - PAP;INCREMENTO DO PISO DA ATENÇÃO PRIMÁRIA À SAÚDE - PAP;12011663000190;FUNDO MUNICIPAL DE SAUDE DE CACIMBA DE DENTRO;782;04/07/2023;PROPOSTA PAGA;Proposta Paga;02/10/2023;R$400.000,00;R$400.000,00;R$400.000,00
2023;71160002;S.PART.;BANCADA DA PARAÍBA;não se aplica;não se aplica;PB;251550;SERRA BRANCA;MUNICIPAL;BANCADA OBRIGATÓRIA;CORRENTE;301;1001;1030150192E890025;05/05/2023;36000518091202300;-;FAF;INCREMENTO PAP;2E89;INCREMENTO TEMPORÁRIO AO CUSTEIO DOS SERVIÇOS DE ATENÇÃO PRIMÁRIA À SAÚDE - PAP;INCREMENTO DO PISO DA ATENÇÃO PRIMÁRIA À SAÚDE - PAP;05456092000132;FUNDO MUNICIPAL DE SAUDE;970;20/07/2023;PROPOSTA PAGA;Proposta Paga;02/10/2023;R$150.000,00;R$150.000,00;R$150.000,00
2023;71160002;S.PART.;BANCADA DA PARAÍBA;não se aplica;não se aplica;PB;251470;SAO JOSE DO SABUGI;MUNICIPAL;BANCADA OBRIGATÓRIA;CORRENTE;301;1001;1030150192E890025;02/05/2023;36000516356202300;-;FAF;INCREMENTO PAP;2E89;INCREMENTO TEMPORÁRIO AO CUSTEIO DOS SERVIÇOS DE ATENÇÃO PRIMÁRIA À SAÚDE - PAP;INCREMENTO DO PISO DA ATENÇÃO PRIMÁRIA À SAÚDE - PAP;11850135000162;FUNDO MUNICIPAL DE SAUDE DO MUNICIPIO DE SAO JOSE DO SABUGI;782;04/07/2023;PROPOSTA PAGA;Proposta Paga;02/10/2023;R$500.000,00;R$500.000,00;R$500.000,00
2023;71160001;S.PART.;BANCADA DA PARAÍBA;não se aplica;não se aplica;PB;250730;JACARAU;MUNICIPAL;BANCADA OBRIGATÓRIA;CORRENTE;302;1001;1030250182E900025;02/05/2023;36000516422202300;-;FAF;INCREMENTO MAC;2E90;INCREMENTO TEMPORÁRIO - MAC;INCREMENTO DO CUSTEIO DA MÉDIA E ALTA COMPLEXIDADE (MAC);10486210000195;FUNDO MUNICIPAL DE SAUDE DE JACARAU;999;20/07/2023;PROPOSTA PAGA;Proposta Paga;03/10/2023;R$193.461,00;R$193.461,00;R$193.461,00
2023;71160001;S.PART.;BANCADA DA PARAÍBA;não se aplica;não se aplica;PB;251270;REMIGIO;MUNICIPAL;BANCADA OBRIGATÓRIA;CORRENTE;302;1001;1030250182E900025;08/05/2023;36000519056202300;-;FAF;INCREMENTO MAC;2E90;INCREMENTO TEMPORÁRIO - MAC;INCREMENTO DO CUSTEIO DA MÉDIA E ALTA COMPLEXIDADE (MAC);11376311000176;FUNDO MUNICIPAL DE SAUDE - REMIGIO - PB;999;20/07/2023;PROPOSTA PAGA;Proposta Paga;03/10/2023;R$195.503,00;R$195.503,00;R$195.503,00
2023;71160002;S.PART.;BANCADA DA PARAÍBA;não se aplica;não se aplica;PB;251370;SANTA RITA;MUNICIPAL;BANCADA OBRIGATÓRIA;CORRENTE;301;1001;1030150192E890025;04/05/2023;36000517396202300;-;FAF;INCREMENTO PAP;2E89;INCREMENTO TEMPORÁRIO AO CUSTEIO DOS SERVIÇOS DE ATENÇÃO PRIMÁRIA À SAÚDE - PAP;INCREMENTO DO PISO DA ATENÇÃO PRIMÁRIA À SAÚDE - PAP;08694222000163;FUNDO MUNICIPAL DE SAUDE DE SANTA RITA;782;04/07/2023;PROPOSTA PAGA;Proposta Paga;02/10/2023;R$1.000.000,00;R$1.000.000,00;R$1.000.000,00
2023;71160002;S.PART.;BANCADA DA PARAÍBA;não se aplica;não se aplica;PB;250860;LUCENA;MUNICIPAL;BANCADA OBRIGATÓRIA;CORRENTE;301;1001;1030150192E890025;02/05/2023;36000516093202300;-;FAF;INCREMENTO PAP;2E89;INCREMENTO TEMPORÁRIO AO CUSTEIO DOS SERVIÇOS DE ATENÇÃO PRIMÁRIA À SAÚDE - PAP;INCREMENTO DO PISO DA ATENÇÃO PRIMÁRIA À SAÚDE - PAP;11516231000179;FUNDO MUNICIPAL DE SAUDE DE LUCENA;1029;28/07/2023;PROPOSTA PAGA;Proposta Paga;02/10/2023;R$200.000,00;R$200.000,00;R$200.000,00
2023;71160002;S.PART.;BANCADA DA PARAÍBA;não se aplica;não se aplica;PB;250900;MANAIRA;MUNICIPAL;BANCADA OBRIGATÓRIA;CORRENTE;301;1001;1030150192E890025;28/08/2023;36000570957202300;-;FAF;INCREMENTO PAP;2E89;INCREMENTO TEMPORÁRIO AO CUSTEIO DOS SERVIÇOS DE ATENÇÃO PRIMÁRIA À SAÚDE - PAP;INCREMENTO DO PISO DA ATENÇÃO PRIMÁRIA À SAÚDE - PAP;10522238000130;FUNDO MUNICIPAL DE SAUDE DE MANAIRA;1227;13/09/2023;PROPOSTA PAGA;Proposta Paga;08/11/2023;R$200.000,00;R$200.000,00;R$200.000,00
2023;71160002;S.PART.;BANCADA DA PARAÍBA;não se aplica;não se aplica;PB;250910;MARI;MUNICIPAL;BANCADA OBRIGATÓRIA;CORRENTE;301;1001;1030150192E890025;08/05/2023;36000519525202300;-;FAF;INCREMENTO PAP;2E89;INCREMENTO TEMPORÁRIO AO CUSTEIO DOS SERVIÇOS DE ATENÇÃO PRIMÁRIA À SAÚDE - PAP;INCREMENTO DO PISO DA ATENÇÃO PRIMÁRIA À SAÚDE - PAP;11400094000102;FUNDO MUNICIPAL DE SAUDE;1029;28/07/2023;PROPOSTA PAGA;Proposta Paga;02/10/2023;R$200.000,00;R$200.000,00;R$200.000,00
2023;71160002;S.PART.;BANCADA DA PARAÍBA;não se aplica;não se aplica;PB;250550;VISTA SERRANA;MUNICIPAL;BANCADA OBRIGATÓRIA;CORRENTE;301;1000;1030150192E890025;20/12/2023;36000578364202300;-;FAF;INCREMENTO PAP;2E89;INCREMENTO TEMPORÁRIO AO CUSTEIO DOS SERVIÇOS DE ATENÇÃO PRIMÁRIA À SAÚDE - PAP;INCREMENTO DO PISO DA ATENÇÃO PRIMÁRIA À SAÚDE - PAP;11428853000145;FUNDO MUNICIPAL DE SAUDE;2839;29/12/2023;PROPOSTA PAGA;Proposta Paga;13/03/2024;R$150.000,00;R$150.000,00;R$150.000,00
2023;71160002;S.PART.;BANCADA DA PARAÍBA;não se aplica;não se aplica;PB;251335;SANTA INES;MUNICIPAL;BANCADA OBRIGATÓRIA;CORRENTE;301;1001;1030150192E890025;02/08/2023;36000566957202300;-;FAF;INCREMENTO PAP;2E89;INCREMENTO TEMPORÁRIO AO CUSTEIO DOS SERVIÇOS DE ATENÇÃO PRIMÁRIA À SAÚDE - PAP;INCREMENTO DO PISO DA ATENÇÃO PRIMÁRIA À SAÚDE - PAP;14418667000113;FUNDO MUNICIPAL DE SAUDE;1227;13/09/2023;PROPOSTA PAGA;Proposta Paga;08/11/2023;R$3.295,00;R$3.295,00;R$3.295,00
2023;71160002;S.PART.;BANCADA DA PARAÍBA;não se aplica;não se aplica;PB;251020;NOVA OLINDA;MUNICIPAL;BANCADA OBRIGATÓRIA;CORRENTE;301;1001;1030150192E890025;02/05/2023;36000516435202300;-;FAF;INCREMENTO PAP;2E89;INCREMENTO TEMPORÁRIO AO CUSTEIO DOS SERVIÇOS DE ATENÇÃO PRIMÁRIA À SAÚDE - PAP;INCREMENTO DO PISO DA ATENÇÃO PRIMÁRIA À SAÚDE - PAP;11268720000159;FUNDO MUNICIPAL DE SAUDE_NOVA OLINDA;970;20/07/2023;PROPOSTA PAGA;Proposta Paga;02/10/2023;R$27.896,00;R$27.896,00;R$27.896,00
2023;71160002;S.PART.;BANCADA DA PARAÍBA;não se aplica;não se aplica;PB;250420;CATINGUEIRA;MUNICIPAL;BANCADA OBRIGATÓRIA;CORRENTE;301;1001;1030150192E890025;02/05/2023;36000516167202300;-;FAF;INCREMENTO PAP;2E89;INCREMENTO TEMPORÁRIO AO CUSTEIO DOS SERVIÇOS DE ATENÇÃO PRIMÁRIA À SAÚDE - PAP;INCREMENTO DO PISO DA ATENÇÃO PRIMÁRIA À SAÚDE - PAP;12401524000173;FUNDO MUNICIPAL DE SAUDE;970;20/07/2023;PROPOSTA PAGA;Proposta Paga;02/10/2023;R$77.380,00;R$77.380,00;R$77.380,00
2023;71160002;S.PART.;BANCADA DA PARAÍBA;não se aplica;não se aplica;PB;250933;MATINHAS;MUNICIPAL;BANCADA OBRIGATÓRIA;CORRENTE;301;1001;1030150192E890025;02/05/2023;36000516640202300;-;FAF;INCREMENTO PAP;2E89;INCREMENTO TEMPORÁRIO AO CUSTEIO DOS SERVIÇOS DE ATENÇÃO PRIMÁRIA À SAÚDE - PAP;INCREMENTO DO PISO DA ATENÇÃO PRIMÁRIA À SAÚDE - PAP;12012166000107;FUNDO MUNICIPAL DE SAUDE;970;20/07/2023;PROPOSTA PAGA;Proposta Paga;02/10/2023;R$135.000,00;R$135.000,00;R$135.000,00
2023;71160002;S.PART.;BANCADA DA PARAÍBA;não se aplica;não se aplica;PB;251207;POCO DE JOSE DE MOURA;MUNICIPAL;BANCADA OBRIGATÓRIA;CORRENTE;301;1001;1030150192E890025;01/05/2023;36000515280202300;-;FAF;INCREMENTO PAP;2E89;INCREMENTO TEMPORÁRIO AO CUSTEIO DOS SERVIÇOS DE ATENÇÃO PRIMÁRIA À SAÚDE - PAP;INCREMENTO DO PISO DA ATENÇÃO PRIMÁRIA À SAÚDE - PAP;11472830000138;FUNDO MUNICIPAL DE SAUDE DE POCO DE JOSE DE MOURA;782;04/07/2023;PROPOSTA PAGA;Proposta Paga;02/10/2023;R$300.000,00;R$300.000,00;R$300.000,00
2023;71160002;S.PART.;BANCADA DA PARAÍBA;não se aplica;não se aplica;PB;250060;ALHANDRA;MUNICIPAL;BANCADA OBRIGATÓRIA;CORRENTE;301;1001;1030150192E890025;03/05/2023;36000516853202300;-;FAF;INCREMENTO PAP;2E89;INCREMENTO TEMPORÁRIO AO CUSTEIO DOS SERVIÇOS DE ATENÇÃO PRIMÁRIA À SAÚDE - PAP;INCREMENTO DO PISO DA ATENÇÃO PRIMÁRIA À SAÚDE - PAP;11490408000105;FUNDO MUNICIPAL DE SAUDE;970;20/07/2023;PROPOSTA PAGA;Proposta Paga;02/10/2023;R$150.000,00;R$150.000,00;R$150.000,00
2023;71160002;S.PART.;BANCADA DA PARAÍBA;não se aplica;não se aplica;PB;251340;SANTA LUZIA;MUNICIPAL;BANCADA OBRIGATÓRIA;CORRENTE;301;1001;1030150192E890025;02/05/2023;36000516382202300;-;FAF;INCREMENTO PAP;2E89;INCREMENTO TEMPORÁRIO AO CUSTEIO DOS SERVIÇOS DE ATENÇÃO PRIMÁRIA À SAÚDE - PAP;INCREMENTO DO PISO DA ATENÇÃO PRIMÁRIA À SAÚDE - PAP;10425754000147;FUNDO MUNICIPAL DE SAUDE DE SANTA LUZIA;782;04/07/2023;PROPOSTA PAGA;Proposta Paga;02/10/2023;R$300.000,00;R$300.000,00;R$300.000,00
2023;71160002;S.PART.;BANCADA DA PARAÍBA;não se aplica;não se aplica;PB;250050;ALAGOINHA;MUNICIPAL;BANCADA OBRIGATÓRIA;CORRENTE;301;1001;1030150192E890025;04/05/2023;36000517184202300;-;FAF;INCREMENTO PAP;2E89;INCREMENTO TEMPORÁRIO AO CUSTEIO DOS SERVIÇOS DE ATENÇÃO PRIMÁRIA À SAÚDE - PAP;INCREMENTO DO PISO DA ATENÇÃO PRIMÁRIA À SAÚDE - PAP;11757032000152;FUNDO MUNICIPAL DE SAUDE DE ALAGOINHA;782;04/07/2023;PROPOSTA PAGA;Proposta Paga;02/10/2023;R$320.000,00;R$320.000,00;R$320.000,00
2023;71160001;S.PART.;BANCADA DA PARAÍBA;não se aplica;não se aplica;PB;250400;CAMPINA GRANDE;MUNICIPAL;BANCADA OBRIGATÓRIA;CORRENTE;302;1001;1030250182E900025;02/05/2023;36000516073202300;-;FAF;INCREMENTO MAC;2E90;INCREMENTO TEMPORÁRIO - MAC;INCREMENTO DO CUSTEIO DA MÉDIA E ALTA COMPLEXIDADE (MAC);24513574000121;FUNDO MUNICIPAL DE SAUDE DE CAMPINA GRANDE;999;20/07/2023;PROPOSTA PAGA;Proposta Paga;03/10/2023;R$100.000,00;R$100.000,00;R$100.000,00
2023;71160002;S.PART.;BANCADA DA PARAÍBA;não se aplica;não se aplica;PB;250320;CABEDELO;MUNICIPAL;BANCADA OBRIGATÓRIA;CORRENTE;301;1001;1030150192E890025;02/05/2023;36000516394202300;-;FAF;INCREMENTO PAP;2E89;INCREMENTO TEMPORÁRIO AO CUSTEIO DOS SERVIÇOS DE ATENÇÃO PRIMÁRIA À SAÚDE - PAP;INCREMENTO DO PISO DA ATENÇÃO PRIMÁRIA À SAÚDE - PAP;04849697000120;FUNDO MUNICIPAL DE SAUDE DE CABEDELO;782;04/07/2023;PROPOSTA PAGA;Proposta Paga;02/10/2023;R$400.000,00;R$400.000,00;R$400.000,00
2023;71160001;S.PART.;BANCADA DA PARAÍBA;não se aplica;não se aplica;PB;251550;SERRA BRANCA;MUNICIPAL;BANCADA OBRIGATÓRIA;CORRENTE;302;1001;1030250182E900025;05/05/2023;36000518097202300;-;FAF;INCREMENTO MAC;2E90;INCREMENTO TEMPORÁRIO - MAC;INCREMENTO DO CUSTEIO DA MÉDIA E ALTA COMPLEXIDADE (MAC);05456092000132;FUNDO MUNICIPAL DE SAUDE;999;20/07/2023;PROPOSTA PAGA;Proposta Paga;03/10/2023;R$100.000,00;R$100.000,00;R$100.000,00
2023;71160002;S.PART.;BANCADA DA PARAÍBA;não se aplica;não se aplica;PB;251335;SANTA INES;MUNICIPAL;BANCADA OBRIGATÓRIA;CORRENTE;301;1001;1030150192E890025;03/05/2023;36000516892202300;-;FAF;INCREMENTO PAP;2E89;INCREMENTO TEMPORÁRIO AO CUSTEIO DOS SERVIÇOS DE ATENÇÃO PRIMÁRIA À SAÚDE - PAP;INCREMENTO DO PISO DA ATENÇÃO PRIMÁRIA À SAÚDE - PAP;14418667000113;FUNDO MUNICIPAL DE SAUDE;970;20/07/2023;PROPOSTA PAGA;Proposta Paga;02/10/2023;R$150.000,00;R$150.000,00;R$150.000,00
2023;71160001;S.PART.;BANCADA DA PARAÍBA;não se aplica;não se aplica;PB;250250;BOQUEIRAO;MUNICIPAL;BANCADA OBRIGATÓRIA;CORRENTE;302;1001;1030250182E900025;02/05/2023;36000516679202300;-;FAF;INCREMENTO MAC;2E90;INCREMENTO TEMPORÁRIO - MAC;INCREMENTO DO CUSTEIO DA MÉDIA E ALTA COMPLEXIDADE (MAC);11153600000106;FUNDO MUNICIPAL DE SAUDE;999;20/07/2023;PROPOSTA PAGA;Proposta Paga;03/10/2023;R$150.000,00;R$150.000,00;R$150.000,00
2023;71160002;S.PART.;BANCADA DA PARAÍBA;não se aplica;não se aplica;PB;251640;TACIMA;MUNICIPAL;BANCADA OBRIGATÓRIA;CORRENTE;301;1001;1030150192E890025;02/05/2023;36000516255202300;-;FAF;INCREMENTO PAP;2E89;INCREMENTO TEMPORÁRIO AO CUSTEIO DOS SERVIÇOS DE ATENÇÃO PRIMÁRIA À SAÚDE - PAP;INCREMENTO DO PISO DA ATENÇÃO PRIMÁRIA À SAÚDE - PAP;11907806000184;FUNDO MUNICIPAL DE SAUDE DE TACIMA;970;20/07/2023;PROPOSTA PAGA;Proposta Paga;02/10/2023;R$150.000,00;R$150.000,00;R$150.000,00
2023;71160002;S.PART.;BANCADA DA PARAÍBA;não se aplica;não se aplica;PB;250770;JUAZEIRINHO;MUNICIPAL;BANCADA OBRIGATÓRIA;CORRENTE;301;1001;1030150192E890025;02/05/2023;36000516053202300;-;FAF;INCREMENTO PAP;2E89;INCREMENTO TEMPORÁRIO AO CUSTEIO DOS SERVIÇOS DE ATENÇÃO PRIMÁRIA À SAÚDE - PAP;INCREMENTO DO PISO DA ATENÇÃO PRIMÁRIA À SAÚDE - PAP;11277311000119;FUNDO MUNICIPAL DE SAUDE DE JUAZEIRINHO;782;04/07/2023;PROPOSTA PAGA;Proposta Paga;02/10/2023;R$2.000.000,00;R$2.000.000,00;R$2.000.000,00
2023;71160001;S.PART.;BANCADA DA PARAÍBA;não se aplica;não se aplica;PB;250300;CAAPORA;MUNICIPAL;BANCADA OBRIGATÓRIA;CORRENTE;302;1000;1030250182E900025;19/12/2023;36000578135202300;-;FAF;INCREMENTO MAC;2E90;INCREMENTO TEMPORÁRIO - MAC;INCREMENTO DO CUSTEIO DA MÉDIA E ALTA COMPLEXIDADE (MAC);10975044000190;FUNDO MUNICIPAL DE SAUDE - FMS;2778;28/12/2023;PROPOSTA PAGA;Proposta Paga;13/03/2024;R$400.000,00;R$400.000,00;R$400.000,00
2023;71160002;S.PART.;BANCADA DA PARAÍBA;não se aplica;não se aplica;PB;250300;CAAPORA;MUNICIPAL;BANCADA OBRIGATÓRIA;CORRENTE;301;1000;1030150192E890025;19/12/2023;36000578134202300;-;FAF;INCREMENTO PAP;2E89;INCREMENTO TEMPORÁRIO AO CUSTEIO DOS SERVIÇOS DE ATENÇÃO PRIMÁRIA À SAÚDE - PAP;INCREMENTO DO PISO DA ATENÇÃO PRIMÁRIA À SAÚDE - PAP;10975044000190;FUNDO MUNICIPAL DE SAUDE - FMS;2556;21/12/2023;PROPOSTA PAGA;Proposta Paga;13/03/2024;R$1.600.000,00;R$1.600.000,00;R$1.600.000,00
2023;71160002;S.PART.;BANCADA DA PARAÍBA;não se aplica;não se aplica;PB;251550;SERRA BRANCA;MUNICIPAL;BANCADA OBRIGATÓRIA;CORRENTE;301;1001;1030150192E890025;05/05/2023;36000518094202300;-;FAF;INCREMENTO PAP;2E89;INCREMENTO TEMPORÁRIO AO CUSTEIO DOS SERVIÇOS DE ATENÇÃO PRIMÁRIA À SAÚDE - PAP;INCREMENTO DO PISO DA ATENÇÃO PRIMÁRIA À SAÚDE - PAP;05456092000132;FUNDO MUNICIPAL DE SAUDE;970;20/07/2023;PROPOSTA PAGA;Proposta Paga;02/10/2023;R$50.000,00;R$50.000,00;R$50.000,00
2023;71160002;S.PART.;BANCADA DA PARAÍBA;não se aplica;não se aplica;PB;251385;SANTO ANDRE;MUNICIPAL;BANCADA OBRIGATÓRIA;CORRENTE;301;1001;1030150192E890025;10/05/2023;36000522336202300;-;FAF;INCREMENTO PAP;2E89;INCREMENTO TEMPORÁRIO AO CUSTEIO DOS SERVIÇOS DE ATENÇÃO PRIMÁRIA À SAÚDE - PAP;INCREMENTO DO PISO DA ATENÇÃO PRIMÁRIA À SAÚDE - PAP;11411482000199;FUNDO MUNICIPAL DE SAUDE DE SANTO ANDRE;970;20/07/2023;PROPOSTA PAGA;Proposta Paga;02/10/2023;R$100.000,00;R$100.000,00;R$100.000,00
2023;71160002;S.PART.;BANCADA DA PARAÍBA;não se aplica;não se aplica;PB;251210;POMBAL;MUNICIPAL;BANCADA OBRIGATÓRIA;CORRENTE;301;1001;1030150192E890025;02/05/2023;36000516160202300;-;FAF;INCREMENTO PAP;2E89;INCREMENTO TEMPORÁRIO AO CUSTEIO DOS SERVIÇOS DE ATENÇÃO PRIMÁRIA À SAÚDE - PAP;INCREMENTO DO PISO DA ATENÇÃO PRIMÁRIA À SAÚDE - PAP;10602526000103;FUNDO MUNICIPAL DE SAUDE;782;04/07/2023;PROPOSTA PAGA;Proposta Paga;02/10/2023;R$300.000,00;R$300.000,00;R$300.000,00
2023;71160002;S.PART.;BANCADA DA PARAÍBA;não se aplica;não se aplica;PB;250980;MULUNGU;MUNICIPAL;BANCADA OBRIGATÓRIA;CORRENTE;301;1001;1030150192E890025;04/05/2023;36000517364202300;-;FAF;INCREMENTO PAP;2E89;INCREMENTO TEMPORÁRIO AO CUSTEIO DOS SERVIÇOS DE ATENÇÃO PRIMÁRIA À SAÚDE - PAP;INCREMENTO DO PISO DA ATENÇÃO PRIMÁRIA À SAÚDE - PAP;18767963000180;FUNDO MUNICIPAL DE SAUDE MULUNGU;970;20/07/2023;PROPOSTA PAGA;Proposta Paga;02/10/2023;R$150.000,00;R$150.000,00;R$150.000,00
2023;71160002;S.PART.;BANCADA DA PARAÍBA;não se aplica;não se aplica;PB;250980;MULUNGU;MUNICIPAL;BANCADA OBRIGATÓRIA;CORRENTE;301;1001;1030150192E890025;04/05/2023;36000517349202300;-;FAF;INCREMENTO PAP;2E89;INCREMENTO TEMPORÁRIO AO CUSTEIO DOS SERVIÇOS DE ATENÇÃO PRIMÁRIA À SAÚDE - PAP;INCREMENTO DO PISO DA ATENÇÃO PRIMÁRIA À SAÚDE - PAP;18767963000180;FUNDO MUNICIPAL DE SAUDE MULUNGU;1029;28/07/2023;PROPOSTA PAGA;Proposta Paga;02/10/2023;R$200.000,00;R$200.000,00;R$200.000,00
2023;71160011;S.PART.;BANCADA DA PARAÍBA;não se aplica;não se aplica;PB;250400;CAMPINA GRANDE;PRIVADA;BANCADA OBRIGATÓRIA;CORRENTE;302;1001;10302501885358006;04/05/2023;90610123005;-;CONTRATO DE REPASSE;CONVÊNIO OBRA;8535;ATENÇÃO ESPECIALIZADA À SAÚDE;HOSPITAL;06101061000121;FUNDACAO PEDRO AMERICO;944202;24/11/2023;EM ANALISE PELA ÁREA FINALÍSTICA;Proposta Empenhada aguardando Formalização;24/04/2024;R$4.079.490,00;R$4.079.490,00;R$2.122.966,60
2023;71160001;S.PART.;BANCADA DA PARAÍBA;não se aplica;não se aplica;PB;251080;PATOS;MUNICIPAL;BANCADA OBRIGATÓRIA;CORRENTE;302;1001;1030250182E900025;09/05/2023;36000520445202300;-;FAF;INCREMENTO MAC;2E90;INCREMENTO TEMPORÁRIO - MAC;INCREMENTO DO CUSTEIO DA MÉDIA E ALTA COMPLEXIDADE (MAC);11242822000103;FUNDO MUNICIPAL DE SAUDE;811;03/07/2023;PROPOSTA PAGA;Proposta Paga;03/10/2023;R$1.000.000,00;R$1.000.000,00;R$1.000.000,00
2023;71160002;S.PART.;BANCADA DA PARAÍBA;não se aplica;não se aplica;PB;251410;SAO JOAO DO TIGRE;MUNICIPAL;BANCADA OBRIGATÓRIA;CORRENTE;301;1001;1030150192E890025;02/05/2023;36000516223202300;-;FAF;INCREMENTO PAP;2E89;INCREMENTO TEMPORÁRIO AO CUSTEIO DOS SERVIÇOS DE ATENÇÃO PRIMÁRIA À SAÚDE - PAP;INCREMENTO DO PISO DA ATENÇÃO PRIMÁRIA À SAÚDE - PAP;12899907000113;FUNDO MUNICIPAL DE SAUDE;782;04/07/2023;PROPOSTA PAGA;Proposta Paga;02/10/2023;R$250.000,00;R$250.000,00;R$250.000,00
2023;71160001;S.PART.;BANCADA DA PARAÍBA;não se aplica;não se aplica;PB;251615;SOSSEGO;MUNICIPAL;BANCADA OBRIGATÓRIA;CORRENTE;302;1001;1030250182E900025;05/05/2023;36000518191202300;-;FAF;INCREMENTO MAC;2E90;INCREMENTO TEMPORÁRIO - MAC;INCREMENTO DO CUSTEIO DA MÉDIA E ALTA COMPLEXIDADE (MAC);11404679000109;FUNDO MUNICIPAL DE SAUDE;999;20/07/2023;PROPOSTA PAGA;Proposta Paga;02/10/2023;R$80.000,00;R$80.000,00;R$80.000,00
2023;71160002;S.PART.;BANCADA DA PARAÍBA;não se aplica;não se aplica;PB;250600;ESPERANCA;MUNICIPAL;BANCADA OBRIGATÓRIA;CORRENTE;301;1001;1030150192E890025;04/05/2023;36000517260202300;-;FAF;INCREMENTO PAP;2E89;INCREMENTO TEMPORÁRIO AO CUSTEIO DOS SERVIÇOS DE ATENÇÃO PRIMÁRIA À SAÚDE - PAP;INCREMENTO DO PISO DA ATENÇÃO PRIMÁRIA À SAÚDE - PAP;12011984000195;FUNDO MUNICIPAL DE SAUDE;782;04/07/2023;PROPOSTA PAGA;Proposta Paga;02/10/2023;R$300.000,00;R$300.000,00;R$300.000,00
2023;71160002;S.PART.;BANCADA DA PARAÍBA;não se aplica;não se aplica;PB;250270;BORBOREMA;MUNICIPAL;BANCADA OBRIGATÓRIA;CORRENTE;301;1001;1030150192E890025;02/05/2023;36000516682202300;-;FAF;INCREMENTO PAP;2E89;INCREMENTO TEMPORÁRIO AO CUSTEIO DOS SERVIÇOS DE ATENÇÃO PRIMÁRIA À SAÚDE - PAP;INCREMENTO DO PISO DA ATENÇÃO PRIMÁRIA À SAÚDE - PAP;11594451000110;FUNDO MUNICIPAL DE SAUDE DE BORBOREMA;970;20/07/2023;PROPOSTA PAGA;Proposta Paga;02/10/2023;R$150.000,00;R$150.000,00;R$150.000,00
2023;71160002;S.PART.;BANCADA DA PARAÍBA;não se aplica;não se aplica;PB;251315;SANTA CECILIA;MUNICIPAL;BANCADA OBRIGATÓRIA;CORRENTE;301;1001;1030150192E890025;03/05/2023;36000516921202300;-;FAF;INCREMENTO PAP;2E89;INCREMENTO TEMPORÁRIO AO CUSTEIO DOS SERVIÇOS DE ATENÇÃO PRIMÁRIA À SAÚDE - PAP;INCREMENTO DO PISO DA ATENÇÃO PRIMÁRIA À SAÚDE - PAP;08698105000178;FUNDO MUNICIPAL DE SAUDE SANTA CECILIA;970;20/07/2023;PROPOSTA PAGA;Proposta Paga;02/10/2023;R$150.000,00;R$150.000,00;R$150.000,00
2023;71160002;S.PART.;BANCADA DA PARAÍBA;não se aplica;não se aplica;PB;251398;SAO FRANCISCO;MUNICIPAL;BANCADA OBRIGATÓRIA;CORRENTE;301;1001;1030150192E890025;03/05/2023;36000517102202300;-;FAF;INCREMENTO PAP;2E89;INCREMENTO TEMPORÁRIO AO CUSTEIO DOS SERVIÇOS DE ATENÇÃO PRIMÁRIA À SAÚDE - PAP;INCREMENTO DO PISO DA ATENÇÃO PRIMÁRIA À SAÚDE - PAP;10398439000178;FUNDO MUNICIPAL DE SAUDE;970;20/07/2023;PROPOSTA PAGA;Proposta Paga;02/10/2023;R$150.000,00;R$150.000,00;R$150.000,00
2023;71160002;S.PART.;BANCADA DA PARAÍBA;não se aplica;não se aplica;PB;250410;CARRAPATEIRA;MUNICIPAL;BANCADA OBRIGATÓRIA;CORRENTE;301;1001;1030150192E890025;02/05/2023;36000516499202300;-;FAF;INCREMENTO PAP;2E89;INCREMENTO TEMPORÁRIO AO CUSTEIO DOS SERVIÇOS DE ATENÇÃO PRIMÁRIA À SAÚDE - PAP;INCREMENTO DO PISO DA ATENÇÃO PRIMÁRIA À SAÚDE - PAP;11579536000120;FUNDO MUNICIPAL DE SAUDE;970;20/07/2023;PROPOSTA PAGA;Proposta Paga;02/10/2023;R$160.163,00;R$160.163,00;R$160.163,00
2023;71160002;S.PART.;BANCADA DA PARAÍBA;não se aplica;não se aplica;PB;250290;BREJO DOS SANTOS;MUNICIPAL;BANCADA OBRIGATÓRIA;CORRENTE;301;1001;1030150192E890025;02/05/2023;36000515855202300;-;FAF;INCREMENTO PAP;2E89;INCREMENTO TEMPORÁRIO AO CUSTEIO DOS SERVIÇOS DE ATENÇÃO PRIMÁRIA À SAÚDE - PAP;INCREMENTO DO PISO DA ATENÇÃO PRIMÁRIA À SAÚDE - PAP;18000776000177;FUNDO MUNICIPAL DE SAUDE DE BREJO DOS SANTOS;782;04/07/2023;PROPOSTA PAGA;Proposta Paga;02/10/2023;R$500.000,00;R$500.000,00;R$500.000,00
2023;71160001;S.PART.;BANCADA DA PARAÍBA;não se aplica;não se aplica;PB;250190;BELEM;MUNICIPAL;BANCADA OBRIGATÓRIA;CORRENTE;302;1001;1030250182E900025;08/05/2023;36000519846202300;-;FAF;INCREMENTO MAC;2E90;INCREMENTO TEMPORÁRIO - MAC;INCREMENTO DO CUSTEIO DA MÉDIA E ALTA COMPLEXIDADE (MAC);11429813000118;FUNDO MUNICIPAL DE SAUDE DE BELEM;1037;28/07/2023;PROPOSTA PAGA;Proposta Paga;02/10/2023;R$200.000,00;R$200.000,00;R$200.000,00
2023;71160002;S.PART.;BANCADA DA PARAÍBA;não se aplica;não se aplica;PB;250710;ITAPOROROCA;MUNICIPAL;BANCADA OBRIGATÓRIA;CORRENTE;301;1001;1030150192E890025;02/05/2023;36000516468202300;-;FAF;INCREMENTO PAP;2E89;INCREMENTO TEMPORÁRIO AO CUSTEIO DOS SERVIÇOS DE ATENÇÃO PRIMÁRIA À SAÚDE - PAP;INCREMENTO DO PISO DA ATENÇÃO PRIMÁRIA À SAÚDE - PAP;12099621000153;FUNDO MUNICIPAL DE SAUDE;782;04/07/2023;PROPOSTA PAGA;Proposta Paga;02/10/2023;R$1.042.366,00;R$1.042.366,00;R$1.042.366,00
2023;71160002;S.PART.;BANCADA DA PARAÍBA;não se aplica;não se aplica;PB;251390;SAO BENTO;MUNICIPAL;BANCADA OBRIGATÓRIA;CORRENTE;301;1001;1030150192E890025;02/05/2023;36000516198202300;-;FAF;INCREMENTO PAP;2E89;INCREMENTO TEMPORÁRIO AO CUSTEIO DOS SERVIÇOS DE ATENÇÃO PRIMÁRIA À SAÚDE - PAP;INCREMENTO DO PISO DA ATENÇÃO PRIMÁRIA À SAÚDE - PAP;02015756000130;FUNDO MINICIPAL DE SAUDE;782;04/07/2023;PROPOSTA PAGA;Proposta Paga;02/10/2023;R$1.092.368,00;R$1.092.368,00;R$1.092.368,00
2023;71160002;S.PART.;BANCADA DA PARAÍBA;não se aplica;não se aplica;PB;251150;PILAR;MUNICIPAL;BANCADA OBRIGATÓRIA;CORRENTE;301;1001;1030150192E890025;05/05/2023;36000517889202300;-;FAF;INCREMENTO PAP;2E89;INCREMENTO TEMPORÁRIO AO CUSTEIO DOS SERVIÇOS DE ATENÇÃO PRIMÁRIA À SAÚDE - PAP;INCREMENTO DO PISO DA ATENÇÃO PRIMÁRIA À SAÚDE - PAP;11171199000137;FUNDO MUNICIPAL DE SAUDE DO MUNICIPIO DE PILAR;1029;28/07/2023;PROPOSTA PAGA;Proposta Paga;02/10/2023;R$200.000,00;R$200.000,00;R$200.000,00
2023;71160001;S.PART.;BANCADA DA PARAÍBA;não se aplica;não se aplica;PB;250960;MONTE HOREBE;MUNICIPAL;BANCADA OBRIGATÓRIA;CORRENTE;302;1001;1030250182E900025;01/08/2023;36000566204202300;-;FAF;INCREMENTO MAC;2E90;INCREMENTO TEMPORÁRIO - MAC;INCREMENTO DO CUSTEIO DA MÉDIA E ALTA COMPLEXIDADE (MAC);12445872000142;FUNDO MUNICIPAL DE SAUDE DO MUNICIPIO DE MONTE HOREBE - PB;1158;21/08/2023;PROPOSTA PAGA;Proposta Paga;03/10/2023;R$42.575,00;R$42.575,00;R$42.575,00
2023;71160002;S.PART.;BANCADA DA PARAÍBA;não se aplica;não se aplica;PB;250360;CAICARA;MUNICIPAL;BANCADA OBRIGATÓRIA;CORRENTE;301;1001;1030150192E890025;08/05/2023;36000519054202300;-;FAF;INCREMENTO PAP;2E89;INCREMENTO TEMPORÁRIO AO CUSTEIO DOS SERVIÇOS DE ATENÇÃO PRIMÁRIA À SAÚDE - PAP;INCREMENTO DO PISO DA ATENÇÃO PRIMÁRIA À SAÚDE - PAP;17577160000109;FUNDO MUNICIPAL DE SAUDE DE CAICARA;970;20/07/2023;PROPOSTA PAGA;Proposta Paga;02/10/2023;R$100.000,00;R$100.000,00;R$100.000,00
2023;71160002;S.PART.;BANCADA DA PARAÍBA;não se aplica;não se aplica;PB;251385;SANTO ANDRE;MUNICIPAL;BANCADA OBRIGATÓRIA;CORRENTE;301;1001;1030150192E890025;10/05/2023;36000522340202300;-;FAF;INCREMENTO PAP;2E89;INCREMENTO TEMPORÁRIO AO CUSTEIO DOS SERVIÇOS DE ATENÇÃO PRIMÁRIA À SAÚDE - PAP;INCREMENTO DO PISO DA ATENÇÃO PRIMÁRIA À SAÚDE - PAP;11411482000199;FUNDO MUNICIPAL DE SAUDE DE SANTO ANDRE;970;20/07/2023;PROPOSTA PAGA;Proposta Paga;02/10/2023;R$131.000,00;R$131.000,00;R$131.000,00
2023;71160002;S.PART.;BANCADA DA PARAÍBA;não se aplica;não se aplica;PB;250030;ALAGOA GRANDE;MUNICIPAL;BANCADA OBRIGATÓRIA;CORRENTE;301;1001;1030150192E890025;02/05/2023;36000515614202300;-;FAF;INCREMENTO PAP;2E89;INCREMENTO TEMPORÁRIO AO CUSTEIO DOS SERVIÇOS DE ATENÇÃO PRIMÁRIA À SAÚDE - PAP;INCREMENTO DO PISO DA ATENÇÃO PRIMÁRIA À SAÚDE - PAP;17698753000115;FUNDO MUNICIPAL DE SAUDE DE ALAGOA GRANDE;782;04/07/2023;PROPOSTA PAGA;Proposta Paga;02/10/2023;R$400.000,00;R$400.000,00;R$400.000,00
2023;71160001;S.PART.;BANCADA DA PARAÍBA;não se aplica;não se aplica;PB;250750;JOAO PESSOA;MUNICIPAL;BANCADA OBRIGATÓRIA;CORRENTE;302;1001;1030250182E900025;09/05/2023;36000521125202300;-;FAF;INCREMENTO MAC;2E90;INCREMENTO TEMPORÁRIO - MAC;INCREMENTO DO CUSTEIO DA MÉDIA E ALTA COMPLEXIDADE (MAC);08715618000140;FUNDO MUNICIPAL DE SAUDE;999;20/07/2023;PROPOSTA PAGA;Proposta Paga;03/10/2023;R$100.000,00;R$100.000,00;R$100.000,00
2023;71160001;S.PART.;BANCADA DA PARAÍBA;não se aplica;não se aplica;PB;250800;JURU;MUNICIPAL;BANCADA OBRIGATÓRIA;CORRENTE;302;1001;1030250182E900025;02/05/2023;36000516341202300;-;FAF;INCREMENTO MAC;2E90;INCREMENTO TEMPORÁRIO - MAC;INCREMENTO DO CUSTEIO DA MÉDIA E ALTA COMPLEXIDADE (MAC);10538747000151;FUNDO MUNICIPAL DE SAUDE;999;20/07/2023;PROPOSTA PAGA;Proposta Paga;03/10/2023;R$100.000,00;R$100.000,00;R$100.000,00
2023;71160002;S.PART.;BANCADA DA PARAÍBA;não se aplica;não se aplica;PB;250460;CONDE;MUNICIPAL;BANCADA OBRIGATÓRIA;CORRENTE;301;1001;1030150192E890025;02/05/2023;36000515914202300;-;FAF;INCREMENTO PAP;2E89;INCREMENTO TEMPORÁRIO AO CUSTEIO DOS SERVIÇOS DE ATENÇÃO PRIMÁRIA À SAÚDE - PAP;INCREMENTO DO PISO DA ATENÇÃO PRIMÁRIA À SAÚDE - PAP;11570107000191;FUNDO MUNICIPAL DE SAUDE;782;04/07/2023;PROPOSTA PAGA;Proposta Paga;02/10/2023;R$400.000,00;R$400.000,00;R$400.000,00
2023;71160001;S.PART.;BANCADA DA PARAÍBA;não se aplica;não se aplica;PB;250070;SAO JOAO DO RIO DO PEIXE;MUNICIPAL;BANCADA OBRIGATÓRIA;CORRENTE;302;1001;1030250182E900025;08/05/2023;36000519213202300;-;FAF;INCREMENTO MAC;2E90;INCREMENTO TEMPORÁRIO - MAC;INCREMENTO DO CUSTEIO DA MÉDIA E ALTA COMPLEXIDADE (MAC);17648806000193;FUNDO MUNICIPAL DE SAUDE DE SAO JOAO DO RIO DO PEIXE;999;20/07/2023;PROPOSTA PAGA;Proposta Paga;03/10/2023;R$195.324,00;R$195.324,00;R$195.324,00
2023;71160001;S.PART.;BANCADA DA PARAÍBA;não se aplica;não se aplica;PB;250070;SAO JOAO DO RIO DO PEIXE;MUNICIPAL;BANCADA OBRIGATÓRIA;CORRENTE;302;1001;1030250182E900025;08/05/2023;36000519181202300;-;FAF;INCREMENTO MAC;2E90;INCREMENTO TEMPORÁRIO - MAC;INCREMENTO DO CUSTEIO DA MÉDIA E ALTA COMPLEXIDADE (MAC);17648806000193;FUNDO MUNICIPAL DE SAUDE DE SAO JOAO DO RIO DO PEIXE;1037;28/07/2023;PROPOSTA PAGA;Proposta Paga;03/10/2023;R$200.000,00;R$200.000,00;R$200.000,00
2023;71160002;S.PART.;BANCADA DA PARAÍBA;não se aplica;não se aplica;PB;251100;PEDRA BRANCA;MUNICIPAL;BANCADA OBRIGATÓRIA;CORRENTE;301;1000;1030150192E890025;20/12/2023;36000578292202300;-;FAF;INCREMENTO PAP;2E89;INCREMENTO TEMPORÁRIO AO CUSTEIO DOS SERVIÇOS DE ATENÇÃO PRIMÁRIA À SAÚDE - PAP;INCREMENTO DO PISO DA ATENÇÃO PRIMÁRIA À SAÚDE - PAP;12051399000119;FUNDO MUNICIPAL DE SAUDE DE PEDRA BRANCA;2726;27/12/2023;PROPOSTA PAGA;Proposta Paga;13/03/2024;R$51.593,00;R$51.593,00;R$51.593,00
2023;71160001;S.PART.;BANCADA DA PARAÍBA;não se aplica;não se aplica;PB;251385;SANTO ANDRE;MUNICIPAL;BANCADA OBRIGATÓRIA;CORRENTE;302;1001;1030250182E900025;10/05/2023;36000522330202300;-;FAF;INCREMENTO MAC;2E90;INCREMENTO TEMPORÁRIO - MAC;INCREMENTO DO CUSTEIO DA MÉDIA E ALTA COMPLEXIDADE (MAC);11411482000199;FUNDO MUNICIPAL DE SAUDE DE SANTO ANDRE;999;20/07/2023;PROPOSTA PAGA;Proposta Paga;03/10/2023;R$69.000,00;R$69.000,00;R$69.000,00
2023;71160002;S.PART.;BANCADA DA PARAÍBA;não se aplica;não se aplica;PB;251560;SERRA DA RAIZ;MUNICIPAL;BANCADA OBRIGATÓRIA;CORRENTE;301;1001;1030150192E890025;08/05/2023;36000519261202300;-;FAF;INCREMENTO PAP;2E89;INCREMENTO TEMPORÁRIO AO CUSTEIO DOS SERVIÇOS DE ATENÇÃO PRIMÁRIA À SAÚDE - PAP;INCREMENTO DO PISO DA ATENÇÃO PRIMÁRIA À SAÚDE - PAP;11594437000117;FUNDO MUNICIPAL DE SAUDE;970;20/07/2023;PROPOSTA PAGA;Proposta Paga;02/10/2023;R$100.000,00;R$100.000,00;R$100.000,00
2023;71160002;S.PART.;BANCADA DA PARAÍBA;não se aplica;não se aplica;PB;250060;ALHANDRA;MUNICIPAL;BANCADA OBRIGATÓRIA;CORRENTE;301;1001;1030150192E890025;03/05/2023;36000516850202300;-;FAF;INCREMENTO PAP;2E89;INCREMENTO TEMPORÁRIO AO CUSTEIO DOS SERVIÇOS DE ATENÇÃO PRIMÁRIA À SAÚDE - PAP;INCREMENTO DO PISO DA ATENÇÃO PRIMÁRIA À SAÚDE - PAP;11490408000105;FUNDO MUNICIPAL DE SAUDE;782;04/07/2023;PROPOSTA PAGA;Proposta Paga;02/10/2023;R$300.000,00;R$300.000,00;R$300.000,00
2023;71160001;S.PART.;BANCADA DA PARAÍBA;não se aplica;não se aplica;PB;250230;BOM SUCESSO;MUNICIPAL;BANCADA OBRIGATÓRIA;CORRENTE;302;1001;1030250182E900025;02/05/2023;36000515566202300;-;FAF;INCREMENTO MAC;2E90;INCREMENTO TEMPORÁRIO - MAC;INCREMENTO DO CUSTEIO DA MÉDIA E ALTA COMPLEXIDADE (MAC);12403050000107;FUNDO MUNICIPAL DE SAUDE - FMS;999;20/07/2023;PROPOSTA PAGA;Proposta Paga;03/10/2023;R$88.685,00;R$88.685,00;R$88.685,00
2023;71160002;S.PART.;BANCADA DA PARAÍBA;não se aplica;não se aplica;PB;250250;BOQUEIRAO;MUNICIPAL;BANCADA OBRIGATÓRIA;CORRENTE;301;1001;1030150192E890025;02/05/2023;36000516675202300;-;FAF;INCREMENTO PAP;2E89;INCREMENTO TEMPORÁRIO AO CUSTEIO DOS SERVIÇOS DE ATENÇÃO PRIMÁRIA À SAÚDE - PAP;INCREMENTO DO PISO DA ATENÇÃO PRIMÁRIA À SAÚDE - PAP;11153600000106;FUNDO MUNICIPAL DE SAUDE;970;20/07/2023;PROPOSTA PAGA;Proposta Paga;02/10/2023;R$150.000,00;R$150.000,00;R$150.000,00
2023;71160002;S.PART.;BANCADA DA PARAÍBA;não se aplica;não se aplica;PB;250910;MARI;MUNICIPAL;BANCADA OBRIGATÓRIA;CORRENTE;301;1001;1030150192E890025;03/08/2023;36000567492202300;-;FAF;INCREMENTO PAP;2E89;INCREMENTO TEMPORÁRIO AO CUSTEIO DOS SERVIÇOS DE ATENÇÃO PRIMÁRIA À SAÚDE - PAP;INCREMENTO DO PISO DA ATENÇÃO PRIMÁRIA À SAÚDE - PAP;11400094000102;FUNDO MUNICIPAL DE SAUDE;1227;13/09/2023;PROPOSTA PAGA;Proposta Paga;08/11/2023;R$370.000,00;R$370.000,00;R$370.000,00
2023;71160002;S.PART.;BANCADA DA PARAÍBA;não se aplica;não se aplica;PB;250905;MARCACAO;MUNICIPAL;BANCADA OBRIGATÓRIA;CORRENTE;301;1001;1030150192E890025;02/05/2023;36000516636202300;-;FAF;INCREMENTO PAP;2E89;INCREMENTO TEMPORÁRIO AO CUSTEIO DOS SERVIÇOS DE ATENÇÃO PRIMÁRIA À SAÚDE - PAP;INCREMENTO DO PISO DA ATENÇÃO PRIMÁRIA À SAÚDE - PAP;12370254000180;MARCACAO - FUNDO MUNICIPAL DE SAUDE;970;20/07/2023;PROPOSTA PAGA;Proposta Paga;02/10/2023;R$150.000,00;R$150.000,00;R$150.000,00
2023;71160002;S.PART.;BANCADA DA PARAÍBA;não se aplica;não se aplica;PB;250933;MATINHAS;MUNICIPAL;BANCADA OBRIGATÓRIA;CORRENTE;301;1001;1030150192E890025;02/05/2023;36000516652202300;-;FAF;INCREMENTO PAP;2E89;INCREMENTO TEMPORÁRIO AO CUSTEIO DOS SERVIÇOS DE ATENÇÃO PRIMÁRIA À SAÚDE - PAP;INCREMENTO DO PISO DA ATENÇÃO PRIMÁRIA À SAÚDE - PAP;12012166000107;FUNDO MUNICIPAL DE SAUDE;970;20/07/2023;PROPOSTA PAGA;Proposta Paga;02/10/2023;R$150.000,00;R$150.000,00;R$150.000,00
2023;71160001;S.PART.;BANCADA DA PARAÍBA;não se aplica;não se aplica;PB;251150;PILAR;MUNICIPAL;BANCADA OBRIGATÓRIA;CORRENTE;302;1001;1030250182E900025;05/05/2023;36000517890202300;-;FAF;INCREMENTO MAC;2E90;INCREMENTO TEMPORÁRIO - MAC;INCREMENTO DO CUSTEIO DA MÉDIA E ALTA COMPLEXIDADE (MAC);11171199000137;FUNDO MUNICIPAL DE SAUDE DO MUNICIPIO DE PILAR;999;20/07/2023;PROPOSTA PAGA;Proposta Paga;03/10/2023;R$100.000,00;R$100.000,00;R$100.000,00
2023;71160002;S.PART.;BANCADA DA PARAÍBA;não se aplica;não se aplica;PB;250540;DESTERRO;MUNICIPAL;BANCADA OBRIGATÓRIA;CORRENTE;301;1001;1030150192E890025;31/08/2023;36000571660202300;-;FAF;INCREMENTO PAP;2E89;INCREMENTO TEMPORÁRIO AO CUSTEIO DOS SERVIÇOS DE ATENÇÃO PRIMÁRIA À SAÚDE - PAP;INCREMENTO DO PISO DA ATENÇÃO PRIMÁRIA À SAÚDE - PAP;10493355000113;FUNDO MUNICIPAL DE SAUDE DE DESTERRO;1227;13/09/2023;PROPOSTA PAGA;Proposta Paga;08/11/2023;R$478.746,00;R$478.746,00;R$478.746,00
2023;71160001;S.PART.;BANCADA DA PARAÍBA;não se aplica;não se aplica;PB;251550;SERRA BRANCA;MUNICIPAL;BANCADA OBRIGATÓRIA;CORRENTE;302;1001;1030250182E900025;05/05/2023;36000518102202300;-;FAF;INCREMENTO MAC;2E90;INCREMENTO TEMPORÁRIO - MAC;INCREMENTO DO CUSTEIO DA MÉDIA E ALTA COMPLEXIDADE (MAC);05456092000132;FUNDO MUNICIPAL DE SAUDE;999;20/07/2023;PROPOSTA PAGA;Proposta Paga;03/10/2023;R$150.000,00;R$150.000,00;R$150.000,00
2023;71160002;S.PART.;BANCADA DA PARAÍBA;não se aplica;não se aplica;PB;250153;BARAUNA;MUNICIPAL;BANCADA OBRIGATÓRIA;CORRENTE;301;1001;1030150192E890025;04/05/2023;36000517385202300;-;FAF;INCREMENTO PAP;2E89;INCREMENTO TEMPORÁRIO AO CUSTEIO DOS SERVIÇOS DE ATENÇÃO PRIMÁRIA À SAÚDE - PAP;INCREMENTO DO PISO DA ATENÇÃO PRIMÁRIA À SAÚDE - PAP;01691513000159;FUNDO MUNICIPAL DE SAUDE - BARAUNA;1029;28/07/2023;PROPOSTA PAGA;Proposta Paga;02/10/2023;R$200.000,00;R$200.000,00;R$200.000,00
2023;71160002;S.PART.;BANCADA DA PARAÍBA;não se aplica;não se aplica;PB;250485;COXIXOLA;MUNICIPAL;BANCADA OBRIGATÓRIA;CORRENTE;301;1001;1030150192E890025;02/05/2023;36000515917202300;-;FAF;INCREMENTO PAP;2E89;INCREMENTO TEMPORÁRIO AO CUSTEIO DOS SERVIÇOS DE ATENÇÃO PRIMÁRIA À SAÚDE - PAP;INCREMENTO DO PISO DA ATENÇÃO PRIMÁRIA À SAÚDE - PAP;11525246000101;FUNDO MUNICIPAL DE SAUDE;1029;28/07/2023;PROPOSTA PAGA;Proposta Paga;02/10/2023;R$200.000,00;R$200.000,00;R$200.000,00
2023;71160001;S.PART.;BANCADA DA PARAÍBA;não se aplica;não se aplica;PB;250400;CAMPINA GRANDE;MUNICIPAL;BANCADA OBRIGATÓRIA;CORRENTE;302;1001;1030250182E900025;08/08/2023;36000568316202300;-;FAF;INCREMENTO MAC;2E90;INCREMENTO TEMPORÁRIO - MAC;INCREMENTO DO CUSTEIO DA MÉDIA E ALTA COMPLEXIDADE (MAC);24513574000121;FUNDO MUNICIPAL DE SAUDE DE CAMPINA GRANDE;1301;21/09/2023;PROPOSTA PAGA;Proposta Paga;08/11/2023;R$304.497,00;R$304.497,00;R$304.497,00
2023;71160001;S.PART.;BANCADA DA PARAÍBA;não se aplica;não se aplica;PB;251530;SAPE;MUNICIPAL;BANCADA OBRIGATÓRIA;CORRENTE;302;1001;1030250182E900025;04/05/2023;36000517470202300;-;FAF;INCREMENTO MAC;2E90;INCREMENTO TEMPORÁRIO - MAC;INCREMENTO DO CUSTEIO DA MÉDIA E ALTA COMPLEXIDADE (MAC);08036438000131;FUNDO MUNICIPAL DE SAUDE DE SAPE;811;03/07/2023;PROPOSTA PAGA;Proposta Paga;03/10/2023;R$379.000,00;R$379.000,00;R$379.000,00
2023;71160001;S.PART.;BANCADA DA PARAÍBA;não se aplica;não se aplica;PB;250400;CAMPINA GRANDE;MUNICIPAL;BANCADA OBRIGATÓRIA;CORRENTE;302;1001;1030250182E900025;02/05/2023;36000516080202300;-;FAF;INCREMENTO MAC;2E90;INCREMENTO TEMPORÁRIO - MAC;INCREMENTO DO CUSTEIO DA MÉDIA E ALTA COMPLEXIDADE (MAC);24513574000121;FUNDO MUNICIPAL DE SAUDE DE CAMPINA GRANDE;811;03/07/2023;PROPOSTA PAGA;Proposta Paga;03/10/2023;R$500.000,00;R$500.000,00;R$500.000,00
2023;71160011;S.PART.;BANCADA DA PARAÍBA;não se aplica;não se aplica;PB;250400;CAMPINA GRANDE;PRIVADA;BANCADA OBRIGATÓRIA;CAPITAL;302;1001;10302501885358006;04/05/2023;90610123003;-;CONVENIO;CONVÊNIO EQUIPAMENTO;8535;REDE CEGONHA - IMPLEMENTAÇÃO DE POLÍTICAS PARA A REDE CEGONHA;LEITOS DE UTIN - UNIDADE DE TERAPIA INTENSIVA NEONATAL;06101061000121;FUNDACAO PEDRO AMERICO;947239;27/11/2023;EM ANALISE PELA ÁREA FINALÍSTICA;Proposta Empenhada aguardando Formalização;24/06/2024;R$227.577,00;R$227.577,00;R$144.987,11
2023;71160002;S.PART.;BANCADA DA PARAÍBA;não se aplica;não se aplica;PB;251610;SOLEDADE;MUNICIPAL;BANCADA OBRIGATÓRIA;CORRENTE;301;1001;1030150192E890025;05/05/2023;36000518049202300;-;FAF;INCREMENTO PAP;2E89;INCREMENTO TEMPORÁRIO AO CUSTEIO DOS SERVIÇOS DE ATENÇÃO PRIMÁRIA À SAÚDE - PAP;INCREMENTO DO PISO DA ATENÇÃO PRIMÁRIA À SAÚDE - PAP;02182502000106;FUNDO MUNICIPAL DE SAUDE DE SOLEDADE;1029;28/07/2023;PROPOSTA PAGA;Proposta Paga;02/10/2023;R$200.000,00;R$200.000,00;R$200.000,00
2023;71160002;S.PART.;BANCADA DA PARAÍBA;não se aplica;não se aplica;PB;250120;AREIAL;MUNICIPAL;BANCADA OBRIGATÓRIA;CORRENTE;301;1001;1030150192E890025;02/05/2023;36000516662202300;-;FAF;INCREMENTO PAP;2E89;INCREMENTO TEMPORÁRIO AO CUSTEIO DOS SERVIÇOS DE ATENÇÃO PRIMÁRIA À SAÚDE - PAP;INCREMENTO DO PISO DA ATENÇÃO PRIMÁRIA À SAÚDE - PAP;13876013000170;FUNDO MUNICIPAL DE SAUDE DE AREIAL;782;04/07/2023;PROPOSTA PAGA;Proposta Paga;02/10/2023;R$250.000,00;R$250.000,00;R$250.000,00
2023;71160001;S.PART.;BANCADA DA PARAÍBA;não se aplica;não se aplica;PB;251700;UMBUZEIRO;MUNICIPAL;BANCADA OBRIGATÓRIA;CORRENTE;302;1001;1030250182E900025;08/12/2023;36000576995202300;-;FAF;INCREMENTO MAC;2E90;INCREMENTO TEMPORÁRIO - MAC;INCREMENTO DO CUSTEIO DA MÉDIA E ALTA COMPLEXIDADE (MAC);09494245000197;FUNDO MUNICIPAL DE SAUDE;2389;18/12/2023;PROPOSTA PAGA;Proposta Paga;13/03/2024;R$91.168,00;R$91.168,00;R$91.168,00
2023;71160002;S.PART.;BANCADA DA PARAÍBA;não se aplica;não se aplica;PB;251440;SAO JOSE DE ESPINHARAS;MUNICIPAL;BANCADA OBRIGATÓRIA;CORRENTE;301;1001;1030150192E890025;02/05/2023;36000516366202300;-;FAF;INCREMENTO PAP;2E89;INCREMENTO TEMPORÁRIO AO CUSTEIO DOS SERVIÇOS DE ATENÇÃO PRIMÁRIA À SAÚDE - PAP;INCREMENTO DO PISO DA ATENÇÃO PRIMÁRIA À SAÚDE - PAP;11418606000168;FUNDO MUNICIPAL DE SAUDE;782;04/07/2023;PROPOSTA PAGA;Proposta Paga;02/10/2023;R$300.000,00;R$300.000,00;R$300.000,00
2023;71160001;S.PART.;BANCADA DA PARAÍBA;não se aplica;não se aplica;PB;250415;CASSERENGUE;MUNICIPAL;BANCADA OBRIGATÓRIA;CORRENTE;302;1001;1030250182E900025;22/05/2023;36000532745202300;-;FAF;INCREMENTO MAC;2E90;INCREMENTO TEMPORÁRIO - MAC;INCREMENTO DO CUSTEIO DA MÉDIA E ALTA COMPLEXIDADE (MAC);12431437000169;FUNDO MUNICIPAL DE SAUDE;999;20/07/2023;PROPOSTA PAGA;Proposta Paga;03/10/2023;R$100.000,00;R$100.000,00;R$100.000,00
2023;71160001;S.PART.;BANCADA DA PARAÍBA;não se aplica;não se aplica;PB;250440;CONCEICAO;MUNICIPAL;BANCADA OBRIGATÓRIA;CORRENTE;302;1001;1030250182E900025;04/05/2023;36000517334202300;-;FAF;INCREMENTO MAC;2E90;INCREMENTO TEMPORÁRIO - MAC;INCREMENTO DO CUSTEIO DA MÉDIA E ALTA COMPLEXIDADE (MAC);05497410000103;FUNDO MUNICIPAL DE SAUDE DE CONCEICAO;999;20/07/2023;PROPOSTA PAGA;Proposta Paga;03/10/2023;R$100.000,00;R$100.000,00;R$100.000,00
2023;71160002;S.PART.;BANCADA DA PARAÍBA;não se aplica;não se aplica;PB;250680;INGA;MUNICIPAL;BANCADA OBRIGATÓRIA;CORRENTE;301;1001;1030150192E890025;09/05/2023;36000520778202300;-;FAF;INCREMENTO PAP;2E89;INCREMENTO TEMPORÁRIO AO CUSTEIO DOS SERVIÇOS DE ATENÇÃO PRIMÁRIA À SAÚDE - PAP;INCREMENTO DO PISO DA ATENÇÃO PRIMÁRIA À SAÚDE - PAP;08610110000187;FUNDO MUNICIPAL DE SAUDE DE INGA/PB;970;20/07/2023;PROPOSTA PAGA;Proposta Paga;02/10/2023;R$150.000,00;R$150.000,00;R$150.000,00
2023;71160002;S.PART.;BANCADA DA PARAÍBA;não se aplica;não se aplica;PB;250450;CONDADO;MUNICIPAL;BANCADA OBRIGATÓRIA;CORRENTE;301;1001;1030150192E890025;15/05/2023;36000526440202300;-;FAF;INCREMENTO PAP;2E89;INCREMENTO TEMPORÁRIO AO CUSTEIO DOS SERVIÇOS DE ATENÇÃO PRIMÁRIA À SAÚDE - PAP;INCREMENTO DO PISO DA ATENÇÃO PRIMÁRIA À SAÚDE - PAP;04275034000140;FUNDO MUNICIPAL DE SAUDE;1029;28/07/2023;PROPOSTA PAGA;Proposta Paga;02/10/2023;R$200.000,00;R$200.000,00;R$200.000,00
2023;71160001;S.PART.;BANCADA DA PARAÍBA;não se aplica;não se aplica;PB;251390;SAO BENTO;MUNICIPAL;BANCADA OBRIGATÓRIA;CORRENTE;302;1001;1030250182E900025;26/12/2023;36000578826202300;-;FAF;INCREMENTO MAC;2E90;INCREMENTO TEMPORÁRIO - MAC;INCREMENTO DO CUSTEIO DA MÉDIA E ALTA COMPLEXIDADE (MAC);02015756000130;FUNDO MINICIPAL DE SAUDE;2781;28/12/2023;PROPOSTA PAGA;Proposta Paga;13/03/2024;R$225.000,00;R$225.000,00;R$225.000,00
2023;71160001;S.PART.;BANCADA DA PARAÍBA;não se aplica;não se aplica;PB;251590;SERRARIA;MUNICIPAL;BANCADA OBRIGATÓRIA;CORRENTE;302;1001;1030250182E900025;08/05/2023;36000519298202300;-;FAF;INCREMENTO MAC;2E90;INCREMENTO TEMPORÁRIO - MAC;INCREMENTO DO CUSTEIO DA MÉDIA E ALTA COMPLEXIDADE (MAC);12011652000100;SSFUNDO MUNICIPAL DE SAUDE DE SERRARIA - PB;811;03/07/2023;PROPOSTA PAGA;Proposta Paga;02/10/2023;R$270.000,00;R$270.000,00;R$270.000,00
2023;71160001;S.PART.;BANCADA DA PARAÍBA;não se aplica;não se aplica;PB;251200;POCINHOS;MUNICIPAL;BANCADA OBRIGATÓRIA;CORRENTE;302;1001;1030250182E900025;03/05/2023;36000516889202300;-;FAF;INCREMENTO MAC;2E90;INCREMENTO TEMPORÁRIO - MAC;INCREMENTO DO CUSTEIO DA MÉDIA E ALTA COMPLEXIDADE (MAC);09505246000190;FUNDO MUNICIPAL DE SAUDE - POCINHOS - PARAIBA;811;03/07/2023;PROPOSTA PAGA;Proposta Paga;03/10/2023;R$530.000,00;R$530.000,00;R$530.000,00
2023;71160002;S.PART.;BANCADA DA PARAÍBA;não se aplica;não se aplica;PB;251675;TENORIO;MUNICIPAL;BANCADA OBRIGATÓRIA;CORRENTE;301;1001;1030150192E890025;06/05/2023;36000518736202300;-;FAF;INCREMENTO PAP;2E89;INCREMENTO TEMPORÁRIO AO CUSTEIO DOS SERVIÇOS DE ATENÇÃO PRIMÁRIA À SAÚDE - PAP;INCREMENTO DO PISO DA ATENÇÃO PRIMÁRIA À SAÚDE - PAP;11793042000143;FUNDO MUNICIPAL DE SAUDE DE TENORIO;1029;28/07/2023;PROPOSTA PAGA;Proposta Paga;02/10/2023;R$200.000,00;R$200.000,00;R$200.000,00
2023;71160002;S.PART.;BANCADA DA PARAÍBA;não se aplica;não se aplica;PB;251310;SALGADO DE SAO FELIX;MUNICIPAL;BANCADA OBRIGATÓRIA;CORRENTE;301;1000;1030150192E890025;18/12/2023;36000577962202300;-;FAF;INCREMENTO PAP;2E89;INCREMENTO TEMPORÁRIO AO CUSTEIO DOS SERVIÇOS DE ATENÇÃO PRIMÁRIA À SAÚDE - PAP;INCREMENTO DO PISO DA ATENÇÃO PRIMÁRIA À SAÚDE - PAP;11462050000107;FUNDO MUNICIPAL DE SAUDE DE SALGADO DE SAO FELIX;2544;21/12/2023;PROPOSTA PAGA;Proposta Paga;13/03/2024;R$503.539,00;R$503.539,00;R$503.539,00
2023;71160002;S.PART.;BANCADA DA PARAÍBA;não se aplica;não se aplica;PB;251190;PITIMBU;MUNICIPAL;BANCADA OBRIGATÓRIA;CORRENTE;301;1000;1030150192E890025;15/12/2023;36000577920202300;-;FAF;INCREMENTO PAP;2E89;INCREMENTO TEMPORÁRIO AO CUSTEIO DOS SERVIÇOS DE ATENÇÃO PRIMÁRIA À SAÚDE - PAP;INCREMENTO DO PISO DA ATENÇÃO PRIMÁRIA À SAÚDE - PAP;10557425000150;FUNDO MUNICIPAL DE SAUDE DE PITIMBU;2544;21/12/2023;PROPOSTA PAGA;Proposta Paga;13/03/2024;R$2.000.000,00;R$2.000.000,00;R$2.000.000,00
2023;71160001;S.PART.;BANCADA DA PARAÍBA;não se aplica;não se aplica;PB;250260;IGARACY;MUNICIPAL;BANCADA OBRIGATÓRIA;CORRENTE;302;1001;1030250182E900025;02/05/2023;36000515989202300;-;FAF;INCREMENTO MAC;2E90;INCREMENTO TEMPORÁRIO - MAC;INCREMENTO DO CUSTEIO DA MÉDIA E ALTA COMPLEXIDADE (MAC);11463951000113;FUNDO MUNICIPAL DE SAUDE DE IGARACY;999;20/07/2023;PROPOSTA PAGA;Proposta Paga;03/10/2023;R$7.653,00;R$7.653,00;R$7.653,00
2023;71160001;S.PART.;BANCADA DA PARAÍBA;não se aplica;não se aplica;PB;250625;GADO BRAVO;MUNICIPAL;BANCADA OBRIGATÓRIA;CORRENTE;302;1001;1030250182E900025;02/05/2023;36000516439202300;-;FAF;INCREMENTO MAC;2E90;INCREMENTO TEMPORÁRIO - MAC;INCREMENTO DO CUSTEIO DA MÉDIA E ALTA COMPLEXIDADE (MAC);11136097000180;FUNDO MUNICIPAL DE SAUDE GADO BRAVO;999;20/07/2023;PROPOSTA PAGA;Proposta Paga;03/10/2023;R$8.781,00;R$8.781,00;R$8.781,00
2023;71160001;S.PART.;BANCADA DA PARAÍBA;não se aplica;não se aplica;PB;251470;SAO JOSE DO SABUGI;MUNICIPAL;BANCADA OBRIGATÓRIA;CORRENTE;302;1001;1030250182E900025;26/12/2023;36000578803202300;-;FAF;INCREMENTO MAC;2E90;INCREMENTO TEMPORÁRIO - MAC;INCREMENTO DO CUSTEIO DA MÉDIA E ALTA COMPLEXIDADE (MAC);11850135000162;FUNDO MUNICIPAL DE SAUDE DO MUNICIPIO DE SAO JOSE DO SABUGI;2781;28/12/2023;PROPOSTA PAGA;Proposta Paga;13/03/2024;R$22.000,00;R$22.000,00;R$22.000,00
2023;71160002;S.PART.;BANCADA DA PARAÍBA;não se aplica;não se aplica;PB;251360;SANTANA DOS GARROTES;MUNICIPAL;BANCADA OBRIGATÓRIA;CORRENTE;301;1001;1030150192E890025;23/08/2023;36000570509202300;-;FAF;INCREMENTO PAP;2E89;INCREMENTO TEMPORÁRIO AO CUSTEIO DOS SERVIÇOS DE ATENÇÃO PRIMÁRIA À SAÚDE - PAP;INCREMENTO DO PISO DA ATENÇÃO PRIMÁRIA À SAÚDE - PAP;12290612000145;FUNDO MUNICIPAL DE SAUDE DE SANTANA DOS GARROTES;1227;13/09/2023;PROPOSTA PAGA;Proposta Paga;08/11/2023;R$55.463,00;R$55.463,00;R$55.463,00
2023;71160001;S.PART.;BANCADA DA PARAÍBA;não se aplica;não se aplica;PB;250053;ALCANTIL;MUNICIPAL;BANCADA OBRIGATÓRIA;CORRENTE;302;1001;1030250182E900025;02/05/2023;36000515641202300;-;FAF;INCREMENTO MAC;2E90;INCREMENTO TEMPORÁRIO - MAC;INCREMENTO DO CUSTEIO DA MÉDIA E ALTA COMPLEXIDADE (MAC);08448753000176;FUNDO MUNICIPAL DE SAUDE - ALCANTIL PB;1024;28/07/2023;PROPOSTA PAGA;Proposta Paga;02/10/2023;R$90.000,00;R$90.000,00;R$90.000,00
2023;71160001;S.PART.;BANCADA DA PARAÍBA;não se aplica;não se aplica;PB;250380;CALDAS BRANDAO;MUNICIPAL;BANCADA OBRIGATÓRIA;CORRENTE;302;1001;1030250182E900025;04/05/2023;36000517397202300;-;FAF;INCREMENTO MAC;2E90;INCREMENTO TEMPORÁRIO - MAC;INCREMENTO DO CUSTEIO DA MÉDIA E ALTA COMPLEXIDADE (MAC);11238753000156;FUNDO MUNICIPAL DE SAUDE CALDAS BRANDAO;999;20/07/2023;PROPOSTA PAGA;Proposta Paga;03/10/2023;R$100.000,00;R$100.000,00;R$100.000,00
2023;71160001;S.PART.;BANCADA DA PARAÍBA;não se aplica;não se aplica;PB;250770;JUAZEIRINHO;MUNICIPAL;BANCADA OBRIGATÓRIA;CORRENTE;302;1001;1030250182E900025;02/05/2023;36000516055202300;-;FAF;INCREMENTO MAC;2E90;INCREMENTO TEMPORÁRIO - MAC;INCREMENTO DO CUSTEIO DA MÉDIA E ALTA COMPLEXIDADE (MAC);11277311000119;FUNDO MUNICIPAL DE SAUDE DE JUAZEIRINHO;999;20/07/2023;PROPOSTA PAGA;Proposta Paga;03/10/2023;R$100.000,00;R$100.000,00;R$100.000,00
2023;71160002;S.PART.;BANCADA DA PARAÍBA;não se aplica;não se aplica;PB;250860;LUCENA;MUNICIPAL;BANCADA OBRIGATÓRIA;CORRENTE;301;1001;1030150192E890025;02/05/2023;36000516096202300;-;FAF;INCREMENTO PAP;2E89;INCREMENTO TEMPORÁRIO AO CUSTEIO DOS SERVIÇOS DE ATENÇÃO PRIMÁRIA À SAÚDE - PAP;INCREMENTO DO PISO DA ATENÇÃO PRIMÁRIA À SAÚDE - PAP;11516231000179;FUNDO MUNICIPAL DE SAUDE DE LUCENA;970;20/07/2023;PROPOSTA PAGA;Proposta Paga;02/10/2023;R$150.000,00;R$150.000,00;R$150.000,00
2023;71160001;S.PART.;BANCADA DA PARAÍBA;não se aplica;não se aplica;PB;251315;SANTA CECILIA;MUNICIPAL;BANCADA OBRIGATÓRIA;CORRENTE;302;1001;1030250182E900025;03/05/2023;36000516922202300;-;FAF;INCREMENTO MAC;2E90;INCREMENTO TEMPORÁRIO - MAC;INCREMENTO DO CUSTEIO DA MÉDIA E ALTA COMPLEXIDADE (MAC);08698105000178;FUNDO MUNICIPAL DE SAUDE SANTA CECILIA;999;20/07/2023;PROPOSTA PAGA;Proposta Paga;03/10/2023;R$100.000,00;R$100.000,00;R$100.000,00
2023;71160001;S.PART.;BANCADA DA PARAÍBA;não se aplica;não se aplica;PB;250527;CURRAL DE CIMA;MUNICIPAL;BANCADA OBRIGATÓRIA;CORRENTE;302;1001;1030250182E900025;02/05/2023;36000516684202300;-;FAF;INCREMENTO MAC;2E90;INCREMENTO TEMPORÁRIO - MAC;INCREMENTO DO CUSTEIO DA MÉDIA E ALTA COMPLEXIDADE (MAC);17945598000194;FUNDO MUNICIPAL DE SAUDE DE CURRAL DE CIMA;999;20/07/2023;PROPOSTA PAGA;Proposta Paga;03/10/2023;R$108.000,00;R$108.000,00;R$108.000,00
2023;71160001;S.PART.;BANCADA DA PARAÍBA;não se aplica;não se aplica;PB;251450;SAO JOSE DE PIRANHAS;MUNICIPAL;BANCADA OBRIGATÓRIA;CORRENTE;302;1001;1030250182E900025;02/05/2023;36000516418202300;-;FAF;INCREMENTO MAC;2E90;INCREMENTO TEMPORÁRIO - MAC;INCREMENTO DO CUSTEIO DA MÉDIA E ALTA COMPLEXIDADE (MAC);11602227000123;FUNDO MUNICIPAL DE SAUDE;999;20/07/2023;PROPOSTA PAGA;Proposta Paga;03/10/2023;R$167.000,00;R$167.000,00;R$167.000,00
2023;71160002;S.PART.;BANCADA DA PARAÍBA;não se aplica;não se aplica;PB;250440;CONCEICAO;MUNICIPAL;BANCADA OBRIGATÓRIA;CORRENTE;301;1001;1030150192E890025;04/05/2023;36000517485202300;-;FAF;INCREMENTO PAP;2E89;INCREMENTO TEMPORÁRIO AO CUSTEIO DOS SERVIÇOS DE ATENÇÃO PRIMÁRIA À SAÚDE - PAP;INCREMENTO DO PISO DA ATENÇÃO PRIMÁRIA À SAÚDE - PAP;05497410000103;FUNDO MUNICIPAL DE SAUDE DE CONCEICAO;782;04/07/2023;PROPOSTA PAGA;Proposta Paga;02/10/2023;R$1.000.000,00;R$1.000.000,00;R$1.000.000,00
2023;71160002;S.PART.;BANCADA DA PARAÍBA;não se aplica;não se aplica;PB;251190;PITIMBU;MUNICIPAL;BANCADA OBRIGATÓRIA;CORRENTE;301;1001;1030150192E890025;07/05/2023;36000518931202300;-;FAF;INCREMENTO PAP;2E89;INCREMENTO TEMPORÁRIO AO CUSTEIO DOS SERVIÇOS DE ATENÇÃO PRIMÁRIA À SAÚDE - PAP;INCREMENTO DO PISO DA ATENÇÃO PRIMÁRIA À SAÚDE - PAP;10557425000150;FUNDO MUNICIPAL DE SAUDE DE PITIMBU;782;04/07/2023;PROPOSTA PAGA;Proposta Paga;02/10/2023;R$1.100.000,00;R$1.100.000,00;R$1.100.000,00
2023;71160002;S.PART.;BANCADA DA PARAÍBA;não se aplica;não se aplica;PB;250939;MATUREIA;MUNICIPAL;BANCADA OBRIGATÓRIA;CORRENTE;301;1001;1030150192E890025;02/05/2023;36000515602202300;-;FAF;INCREMENTO PAP;2E89;INCREMENTO TEMPORÁRIO AO CUSTEIO DOS SERVIÇOS DE ATENÇÃO PRIMÁRIA À SAÚDE - PAP;INCREMENTO DO PISO DA ATENÇÃO PRIMÁRIA À SAÚDE - PAP;11209770000165;FUNDO MUNICIPAL DE SAUDE;1029;28/07/2023;PROPOSTA PAGA;Proposta Paga;02/10/2023;R$200.000,00;R$200.000,00;R$200.000,00
2023;71160002;S.PART.;BANCADA DA PARAÍBA;não se aplica;não se aplica;PB;251050;OLIVEDOS;MUNICIPAL;BANCADA OBRIGATÓRIA;CORRENTE;301;1001;1030150192E890025;03/05/2023;36000516886202300;-;FAF;INCREMENTO PAP;2E89;INCREMENTO TEMPORÁRIO AO CUSTEIO DOS SERVIÇOS DE ATENÇÃO PRIMÁRIA À SAÚDE - PAP;INCREMENTO DO PISO DA ATENÇÃO PRIMÁRIA À SAÚDE - PAP;17739771000106;FUNDO MUNICIPAL DE SAUDE DE OLIVEDOS;782;04/07/2023;PROPOSTA PAGA;Proposta Paga;02/10/2023;R$225.000,00;R$225.000,00;R$225.000,00
2023;71160002;S.PART.;BANCADA DA PARAÍBA;não se aplica;não se aplica;PB;251420;SAO JOSE DA LAGOA TAPADA;MUNICIPAL;BANCADA OBRIGATÓRIA;CORRENTE;301;1001;1030150192E890025;22/08/2023;36000570375202300;-;FAF;INCREMENTO PAP;2E89;INCREMENTO TEMPORÁRIO AO CUSTEIO DOS SERVIÇOS DE ATENÇÃO PRIMÁRIA À SAÚDE - PAP;INCREMENTO DO PISO DA ATENÇÃO PRIMÁRIA À SAÚDE - PAP;11420422000132;FUNDO MUNIC DE SAUDE DE JOSE DA LAGOA TAPADA;1227;13/09/2023;PROPOSTA PAGA;Proposta Paga;08/11/2023;R$55.400,00;R$55.400,00;R$55.400,00
2023;71160001;S.PART.;BANCADA DA PARAÍBA;não se aplica;não se aplica;PB;251440;SAO JOSE DE ESPINHARAS;MUNICIPAL;BANCADA OBRIGATÓRIA;CORRENTE;302;1001;1030250182E900025;02/05/2023;36000516369202300;-;FAF;INCREMENTO MAC;2E90;INCREMENTO TEMPORÁRIO - MAC;INCREMENTO DO CUSTEIO DA MÉDIA E ALTA COMPLEXIDADE (MAC);11418606000168;FUNDO MUNICIPAL DE SAUDE;999;20/07/2023;PROPOSTA PAGA;Proposta Paga;03/10/2023;R$36.000,00;R$36.000,00;R$36.000,00
2023;71160002;S.PART.;BANCADA DA PARAÍBA;não se aplica;não se aplica;PB;251160;PILOES;MUNICIPAL;BANCADA OBRIGATÓRIA;CORRENTE;301;1001;1030150192E890025;26/12/2023;36000578808202300;-;FAF;INCREMENTO PAP;2E89;INCREMENTO TEMPORÁRIO AO CUSTEIO DOS SERVIÇOS DE ATENÇÃO PRIMÁRIA À SAÚDE - PAP;INCREMENTO DO PISO DA ATENÇÃO PRIMÁRIA À SAÚDE - PAP;12044868000172;FUNDO MUNICIPAL DE SAUDE - PILOES-PB;2786;28/12/2023;PROPOSTA PAGA;Proposta Paga;13/03/2024;R$149.000,00;R$149.000,00;R$149.000,00
2023;71160002;S.PART.;BANCADA DA PARAÍBA;não se aplica;não se aplica;PB;251290;RIO TINTO;MUNICIPAL;BANCADA OBRIGATÓRIA;CORRENTE;301;1001;1030150192E890025;02/05/2023;36000516188202300;-;FAF;INCREMENTO PAP;2E89;INCREMENTO TEMPORÁRIO AO CUSTEIO DOS SERVIÇOS DE ATENÇÃO PRIMÁRIA À SAÚDE - PAP;INCREMENTO DO PISO DA ATENÇÃO PRIMÁRIA À SAÚDE - PAP;12457150000108;FUNDO MUNICIPAL DE SAUDE DE RIO TINTO;782;04/07/2023;PROPOSTA PAGA;Proposta Paga;02/10/2023;R$300.000,00;R$300.000,00;R$300.000,00
2023;71160002;S.PART.;BANCADA DA PARAÍBA;não se aplica;não se aplica;PB;251140;PICUI;MUNICIPAL;BANCADA OBRIGATÓRIA;CORRENTE;301;1001;1030150192E890025;04/05/2023;36000517662202300;-;FAF;INCREMENTO PAP;2E89;INCREMENTO TEMPORÁRIO AO CUSTEIO DOS SERVIÇOS DE ATENÇÃO PRIMÁRIA À SAÚDE - PAP;INCREMENTO DO PISO DA ATENÇÃO PRIMÁRIA À SAÚDE - PAP;08619650000121;FUNDO MUNICIPAL DE SAUDE;970;20/07/2023;PROPOSTA PAGA;Proposta Paga;02/10/2023;R$150.000,00;R$150.000,00;R$150.000,00
2023;71160002;S.PART.;BANCADA DA PARAÍBA;não se aplica;não se aplica;PB;250980;MULUNGU;MUNICIPAL;BANCADA OBRIGATÓRIA;CORRENTE;301;1001;1030150192E890025;04/05/2023;36000517366202300;-;FAF;INCREMENTO PAP;2E89;INCREMENTO TEMPORÁRIO AO CUSTEIO DOS SERVIÇOS DE ATENÇÃO PRIMÁRIA À SAÚDE - PAP;INCREMENTO DO PISO DA ATENÇÃO PRIMÁRIA À SAÚDE - PAP;18767963000180;FUNDO MUNICIPAL DE SAUDE MULUNGU;782;04/07/2023;PROPOSTA PAGA;Proposta Paga;02/10/2023;R$450.000,00;R$450.000,00;R$450.000,00
2023;71160002;S.PART.;BANCADA DA PARAÍBA;não se aplica;não se aplica;PB;250440;CONCEICAO;MUNICIPAL;BANCADA OBRIGATÓRIA;CORRENTE;301;1001;1030150192E890025;26/12/2023;36000578817202300;-;FAF;INCREMENTO PAP;2E89;INCREMENTO TEMPORÁRIO AO CUSTEIO DOS SERVIÇOS DE ATENÇÃO PRIMÁRIA À SAÚDE - PAP;INCREMENTO DO PISO DA ATENÇÃO PRIMÁRIA À SAÚDE - PAP;05497410000103;FUNDO MUNICIPAL DE SAUDE DE CONCEICAO;2786;28/12/2023;PROPOSTA PAGA;Proposta Paga;13/03/2024;R$457.000,00;R$457.000,00;R$457.000,00
2023;71160001;S.PART.;BANCADA DA PARAÍBA;não se aplica;não se aplica;PB;250830;LAGOA SECA;MUNICIPAL;BANCADA OBRIGATÓRIA;CORRENTE;302;1001;1030250182E900025;26/12/2023;36000578800202300;-;FAF;INCREMENTO MAC;2E90;INCREMENTO TEMPORÁRIO - MAC;INCREMENTO DO CUSTEIO DA MÉDIA E ALTA COMPLEXIDADE (MAC);11264183000179;FUNDO MUNICIPAL DE SAUDE;2781;28/12/2023;PROPOSTA PAGA;Proposta Paga;13/03/2024;R$200.000,00;R$200.000,00;R$200.000,00
2023;71160002;S.PART.;BANCADA DA PARAÍBA;não se aplica;não se aplica;PB;250350;CACIMBA DE DENTRO;MUNICIPAL;BANCADA OBRIGATÓRIA;CORRENTE;301;1001;1030150192E890025;05/05/2023;36000518458202300;-;FAF;INCREMENTO PAP;2E89;INCREMENTO TEMPORÁRIO AO CUSTEIO DOS SERVIÇOS DE ATENÇÃO PRIMÁRIA À SAÚDE - PAP;INCREMENTO DO PISO DA ATENÇÃO PRIMÁRIA À SAÚDE - PAP;12011663000190;FUNDO MUNICIPAL DE SAUDE DE CACIMBA DE DENTRO;1029;28/07/2023;PROPOSTA PAGA;Proposta Paga;02/10/2023;R$200.000,00;R$200.000,00;R$200.000,00
2023;71160001;S.PART.;BANCADA DA PARAÍBA;não se aplica;não se aplica;PB;251510;SAO SEBASTIAO DE LAGOA DE ROCA;MUNICIPAL;BANCADA OBRIGATÓRIA;CORRENTE;302;1001;1030250182E900025;08/11/2023;36000575447202300;-;FAF;INCREMENTO MAC;2E90;INCREMENTO TEMPORÁRIO - MAC;INCREMENTO DO CUSTEIO DA MÉDIA E ALTA COMPLEXIDADE (MAC);11143891000151;FUNDO MUNICIPAL DE SAUDE SAO SEBASTIAO DE LAGOA DE ROCA;1978;27/11/2023;PROPOSTA PAGA;Proposta Paga;20/12/2023;R$270.000,00;R$270.000,00;R$270.000,00
2023;71160002;S.PART.;BANCADA DA PARAÍBA;não se aplica;não se aplica;PB;250790;JURIPIRANGA;MUNICIPAL;BANCADA OBRIGATÓRIA;CORRENTE;301;1001;1030150192E890025;02/05/2023;36000516063202300;-;FAF;INCREMENTO PAP;2E89;INCREMENTO TEMPORÁRIO AO CUSTEIO DOS SERVIÇOS DE ATENÇÃO PRIMÁRIA À SAÚDE - PAP;INCREMENTO DO PISO DA ATENÇÃO PRIMÁRIA À SAÚDE - PAP;11164805000197;FUNDO MUNICIPAL DE SAUDE;1029;28/07/2023;PROPOSTA PAGA;Proposta Paga;02/10/2023;R$200.000,00;R$200.000,00;R$200.000,00
2023;71160002;S.PART.;BANCADA DA PARAÍBA;não se aplica;não se aplica;PB;251410;SAO JOAO DO TIGRE;MUNICIPAL;BANCADA OBRIGATÓRIA;CORRENTE;301;1001;1030150192E890025;02/05/2023;36000516226202300;-;FAF;INCREMENTO PAP;2E89;INCREMENTO TEMPORÁRIO AO CUSTEIO DOS SERVIÇOS DE ATENÇÃO PRIMÁRIA À SAÚDE - PAP;INCREMENTO DO PISO DA ATENÇÃO PRIMÁRIA À SAÚDE - PAP;12899907000113;FUNDO MUNICIPAL DE SAUDE;1029;28/07/2023;PROPOSTA PAGA;Proposta Paga;02/10/2023;R$200.000,00;R$200.000,00;R$200.000,00
2023;71160001;S.PART.;BANCADA DA PARAÍBA;não se aplica;não se aplica;PB;250400;CAMPINA GRANDE;MUNICIPAL;BANCADA OBRIGATÓRIA;CORRENTE;302;1001;1030250182E900025;12/11/2023;36000575716202300;-;FAF;INCREMENTO MAC;2E90;INCREMENTO TEMPORÁRIO - MAC;INCREMENTO DO CUSTEIO DA MÉDIA E ALTA COMPLEXIDADE (MAC);24513574000121;FUNDO MUNICIPAL DE SAUDE DE CAMPINA GRANDE;1978;27/11/2023;PROPOSTA PAGA;Proposta Paga;20/12/2023;R$1.000.000,00;R$1.000.000,00;R$1.000.000,00
2023;71160002;S.PART.;BANCADA DA PARAÍBA;não se aplica;não se aplica;PB;250460;CONDE;MUNICIPAL;BANCADA OBRIGATÓRIA;CORRENTE;301;1001;1030150192E890025;02/05/2023;36000515915202300;-;FAF;INCREMENTO PAP;2E89;INCREMENTO TEMPORÁRIO AO CUSTEIO DOS SERVIÇOS DE ATENÇÃO PRIMÁRIA À SAÚDE - PAP;INCREMENTO DO PISO DA ATENÇÃO PRIMÁRIA À SAÚDE - PAP;11570107000191;FUNDO MUNICIPAL DE SAUDE;782;04/07/2023;PROPOSTA PAGA;Proposta Paga;02/10/2023;R$250.000,00;R$250.000,00;R$250.000,00
2023;71160002;S.PART.;BANCADA DA PARAÍBA;não se aplica;não se aplica;PB;250855;LOGRADOURO;MUNICIPAL;BANCADA OBRIGATÓRIA;CORRENTE;301;1001;1030150192E890025;10/05/2023;36000523614202300;-;FAF;INCREMENTO PAP;2E89;INCREMENTO TEMPORÁRIO AO CUSTEIO DOS SERVIÇOS DE ATENÇÃO PRIMÁRIA À SAÚDE - PAP;INCREMENTO DO PISO DA ATENÇÃO PRIMÁRIA À SAÚDE - PAP;11268139000137;FUNDO MUNICIPAL DE SAUDE DE LOGRADOURO;970;20/07/2023;PROPOSTA PAGA;Proposta Paga;02/10/2023;R$74.659,00;R$74.659,00;R$74.659,00
2023;71160001;S.PART.;BANCADA DA PARAÍBA;não se aplica;não se aplica;PB;250310;CABACEIRAS;MUNICIPAL;BANCADA OBRIGATÓRIA;CORRENTE;302;1001;1030250182E900025;02/05/2023;36000516386202300;-;FAF;INCREMENTO MAC;2E90;INCREMENTO TEMPORÁRIO - MAC;INCREMENTO DO CUSTEIO DA MÉDIA E ALTA COMPLEXIDADE (MAC);11309134000105;FUNDO MUNICIPAL DE SAUDE - CABACEIRAS PB;999;20/07/2023;PROPOSTA PAGA;Proposta Paga;03/10/2023;R$87.000,00;R$87.000,00;R$87.000,00
2023;71160002;S.PART.;BANCADA DA PARAÍBA;não se aplica;não se aplica;PB;250670;IMACULADA;MUNICIPAL;BANCADA OBRIGATÓRIA;CORRENTE;301;1001;1030150192E890025;04/05/2023;36000517595202300;-;FAF;INCREMENTO PAP;2E89;INCREMENTO TEMPORÁRIO AO CUSTEIO DOS SERVIÇOS DE ATENÇÃO PRIMÁRIA À SAÚDE - PAP;INCREMENTO DO PISO DA ATENÇÃO PRIMÁRIA À SAÚDE - PAP;11838404000175;FUNDO MUNICIPAL DE SAUDE DO MUNICIPIO DE IMACULADA;782;04/07/2023;PROPOSTA PAGA;Proposta Paga;02/10/2023;R$300.000,00;R$300.000,00;R$300.000,00
2023;71160002;S.PART.;BANCADA DA PARAÍBA;não se aplica;não se aplica;PB;251140;PICUI;MUNICIPAL;BANCADA OBRIGATÓRIA;CORRENTE;301;1001;1030150192E890025;04/05/2023;36000517663202300;-;FAF;INCREMENTO PAP;2E89;INCREMENTO TEMPORÁRIO AO CUSTEIO DOS SERVIÇOS DE ATENÇÃO PRIMÁRIA À SAÚDE - PAP;INCREMENTO DO PISO DA ATENÇÃO PRIMÁRIA À SAÚDE - PAP;08619650000121;FUNDO MUNICIPAL DE SAUDE;970;20/07/2023;PROPOSTA PAGA;Proposta Paga;02/10/2023;R$150.000,00;R$150.000,00;R$150.000,00
2023;71160001;S.PART.;BANCADA DA PARAÍBA;não se aplica;não se aplica;PB;250250;BOQUEIRAO;MUNICIPAL;BANCADA OBRIGATÓRIA;CORRENTE;302;1001;1030250182E900025;02/05/2023;36000516678202300;-;FAF;INCREMENTO MAC;2E90;INCREMENTO TEMPORÁRIO - MAC;INCREMENTO DO CUSTEIO DA MÉDIA E ALTA COMPLEXIDADE (MAC);11153600000106;FUNDO MUNICIPAL DE SAUDE;811;03/07/2023;PROPOSTA PAGA;Proposta Paga;03/10/2023;R$250.000,00;R$250.000,00;R$250.000,00
2023;71160002;S.PART.;BANCADA DA PARAÍBA;não se aplica;não se aplica;PB;251120;PEDRAS DE FOGO;MUNICIPAL;BANCADA OBRIGATÓRIA;CORRENTE;301;1001;1030150192E890025;08/12/2023;36000576978202300;-;FAF;INCREMENTO PAP;2E89;INCREMENTO TEMPORÁRIO AO CUSTEIO DOS SERVIÇOS DE ATENÇÃO PRIMÁRIA À SAÚDE - PAP;INCREMENTO DO PISO DA ATENÇÃO PRIMÁRIA À SAÚDE - PAP;10490987000123;FUNDO MUNICIPAL DE SAUDE;2426;19/12/2023;PROPOSTA PAGA;Proposta Paga;13/03/2024;R$200.000,00;R$200.000,00;R$200.000,00
2023;71160002;S.PART.;BANCADA DA PARAÍBA;não se aplica;não se aplica;PB;250340;CACIMBA DE AREIA;MUNICIPAL;BANCADA OBRIGATÓRIA;CORRENTE;301;1001;1030150192E890025;02/05/2023;36000516084202300;-;FAF;INCREMENTO PAP;2E89;INCREMENTO TEMPORÁRIO AO CUSTEIO DOS SERVIÇOS DE ATENÇÃO PRIMÁRIA À SAÚDE - PAP;INCREMENTO DO PISO DA ATENÇÃO PRIMÁRIA À SAÚDE - PAP;10460927000168;FUNDO MUNICIPAL DE SAUDE DE CACIMBA DE AREIA;782;04/07/2023;PROPOSTA PAGA;Proposta Paga;02/10/2023;R$250.000,00;R$250.000,00;R$250.000,00
2023;71160001;S.PART.;BANCADA DA PARAÍBA;não se aplica;não se aplica;PB;251593;SERTAOZINHO;MUNICIPAL;BANCADA OBRIGATÓRIA;CORRENTE;302;1001;1030250182E900025;02/05/2023;36000516240202300;-;FAF;INCREMENTO MAC;2E90;INCREMENTO TEMPORÁRIO - MAC;INCREMENTO DO CUSTEIO DA MÉDIA E ALTA COMPLEXIDADE (MAC);11958034000100;FUNDO MUNICIPAL DE SAUDE DO MUNICIPIO DE SERTAOZINHO-PB;999;20/07/2023;PROPOSTA PAGA;Proposta Paga;02/10/2023;R$15.000,00;R$15.000,00;R$15.000,00
2023;71160002;S.PART.;BANCADA DA PARAÍBA;não se aplica;não se aplica;PB;250900;MANAIRA;MUNICIPAL;BANCADA OBRIGATÓRIA;CORRENTE;301;1001;1030150192E890025;04/05/2023;36000517533202300;-;FAF;INCREMENTO PAP;2E89;INCREMENTO TEMPORÁRIO AO CUSTEIO DOS SERVIÇOS DE ATENÇÃO PRIMÁRIA À SAÚDE - PAP;INCREMENTO DO PISO DA ATENÇÃO PRIMÁRIA À SAÚDE - PAP;10522238000130;FUNDO MUNICIPAL DE SAUDE DE MANAIRA;782;04/07/2023;PROPOSTA PAGA;Proposta Paga;02/10/2023;R$250.000,00;R$250.000,00;R$250.000,00
2023;71160001;S.PART.;BANCADA DA PARAÍBA;não se aplica;não se aplica;PB;251160;PILOES;MUNICIPAL;BANCADA OBRIGATÓRIA;CORRENTE;302;1001;1030250182E900025;10/05/2023;36000523637202300;-;FAF;INCREMENTO MAC;2E90;INCREMENTO TEMPORÁRIO - MAC;INCREMENTO DO CUSTEIO DA MÉDIA E ALTA COMPLEXIDADE (MAC);12044868000172;FUNDO MUNICIPAL DE SAUDE - PILOES-PB;999;20/07/2023;PROPOSTA PAGA;Proposta Paga;03/10/2023;R$54.000,00;R$54.000,00;R$54.000,00
2023;71160002;S.PART.;BANCADA DA PARAÍBA;não se aplica;não se aplica;PB;251060;OURO VELHO;MUNICIPAL;BANCADA OBRIGATÓRIA;CORRENTE;301;1001;1030150192E890025;06/11/2023;36000575313202300;-;FAF;INCREMENTO PAP;2E89;INCREMENTO TEMPORÁRIO AO CUSTEIO DOS SERVIÇOS DE ATENÇÃO PRIMÁRIA À SAÚDE - PAP;INCREMENTO DO PISO DA ATENÇÃO PRIMÁRIA À SAÚDE - PAP;11348410000144;FUNDO MUNICIPAL DE SAUDE DE OURO VELHO;1912;22/11/2023;PROPOSTA PAGA;Proposta Paga;20/12/2023;R$80.000,00;R$80.000,00;R$80.000,00
2023;71160001;S.PART.;BANCADA DA PARAÍBA;não se aplica;não se aplica;PB;251060;OURO VELHO;MUNICIPAL;BANCADA OBRIGATÓRIA;CORRENTE;302;1001;1030250182E900025;06/11/2023;36000575314202300;-;FAF;INCREMENTO MAC;2E90;INCREMENTO TEMPORÁRIO - MAC;INCREMENTO DO CUSTEIO DA MÉDIA E ALTA COMPLEXIDADE (MAC);11348410000144;FUNDO MUNICIPAL DE SAUDE DE OURO VELHO;1978;27/11/2023;PROPOSTA PAGA;Proposta Paga;20/12/2023;R$80.000,00;R$80.000,00;R$80.000,00
2023;71160002;S.PART.;BANCADA DA PARAÍBA;não se aplica;não se aplica;PB;251394;SAO DOMINGOS DO CARIRI;MUNICIPAL;BANCADA OBRIGATÓRIA;CORRENTE;301;1001;1030150192E890025;02/05/2023;36000516215202300;-;FAF;INCREMENTO PAP;2E89;INCREMENTO TEMPORÁRIO AO CUSTEIO DOS SERVIÇOS DE ATENÇÃO PRIMÁRIA À SAÚDE - PAP;INCREMENTO DO PISO DA ATENÇÃO PRIMÁRIA À SAÚDE - PAP;11836179000138;FUNDO MUNICIPAL DE SAUDE DE SAO DOMINGOS DO CARIRI;970;20/07/2023;PROPOSTA PAGA;Proposta Paga;02/10/2023;R$140.000,00;R$140.000,00;R$140.000,00
2023;71160001;S.PART.;BANCADA DA PARAÍBA;não se aplica;não se aplica;PB;250077;APARECIDA;MUNICIPAL;BANCADA OBRIGATÓRIA;CORRENTE;302;1001;1030250182E900025;09/05/2023;36000520594202300;-;FAF;INCREMENTO MAC;2E90;INCREMENTO TEMPORÁRIO - MAC;INCREMENTO DO CUSTEIO DA MÉDIA E ALTA COMPLEXIDADE (MAC);11956816000100;FUNDO MUNICIPAL DE SAUDE DE APARECIDA;1024;28/07/2023;PROPOSTA PAGA;Proposta Paga;02/10/2023;R$100.000,00;R$100.000,00;R$100.000,00
2023;71160002;S.PART.;BANCADA DA PARAÍBA;não se aplica;não se aplica;PB;250050;ALAGOINHA;MUNICIPAL;BANCADA OBRIGATÓRIA;CORRENTE;301;1001;1030150192E890025;04/05/2023;36000517187202300;-;FAF;INCREMENTO PAP;2E89;INCREMENTO TEMPORÁRIO AO CUSTEIO DOS SERVIÇOS DE ATENÇÃO PRIMÁRIA À SAÚDE - PAP;INCREMENTO DO PISO DA ATENÇÃO PRIMÁRIA À SAÚDE - PAP;11757032000152;FUNDO MUNICIPAL DE SAUDE DE ALAGOINHA;970;20/07/2023;PROPOSTA PAGA;Proposta Paga;02/10/2023;R$150.000,00;R$150.000,00;R$150.000,00
2023;71160001;S.PART.;BANCADA DA PARAÍBA;não se aplica;não se aplica;PB;250440;CONCEICAO;MUNICIPAL;BANCADA OBRIGATÓRIA;CORRENTE;302;1001;1030250182E900025;04/05/2023;36000517335202300;-;FAF;INCREMENTO MAC;2E90;INCREMENTO TEMPORÁRIO - MAC;INCREMENTO DO CUSTEIO DA MÉDIA E ALTA COMPLEXIDADE (MAC);05497410000103;FUNDO MUNICIPAL DE SAUDE DE CONCEICAO;999;20/07/2023;PROPOSTA PAGA;Proposta Paga;03/10/2023;R$100.000,00;R$100.000,00;R$100.000,00
2023;71160002;S.PART.;BANCADA DA PARAÍBA;não se aplica;não se aplica;PB;250610;FAGUNDES;MUNICIPAL;BANCADA OBRIGATÓRIA;CORRENTE;301;1001;1030150192E890025;08/05/2023;36000519671202300;-;FAF;INCREMENTO PAP;2E89;INCREMENTO TEMPORÁRIO AO CUSTEIO DOS SERVIÇOS DE ATENÇÃO PRIMÁRIA À SAÚDE - PAP;INCREMENTO DO PISO DA ATENÇÃO PRIMÁRIA À SAÚDE - PAP;11307940000144;FUNDO MUNICIPAL DE SAUDE FAGUNDES PB;970;20/07/2023;PROPOSTA PAGA;Proposta Paga;02/10/2023;R$150.000,00;R$150.000,00;R$150.000,00
2023;71160002;S.PART.;BANCADA DA PARAÍBA;não se aplica;não se aplica;PB;250690;ITABAIANA;MUNICIPAL;BANCADA OBRIGATÓRIA;CORRENTE;301;1001;1030150192E890025;02/05/2023;36000516654202300;-;FAF;INCREMENTO PAP;2E89;INCREMENTO TEMPORÁRIO AO CUSTEIO DOS SERVIÇOS DE ATENÇÃO PRIMÁRIA À SAÚDE - PAP;INCREMENTO DO PISO DA ATENÇÃO PRIMÁRIA À SAÚDE - PAP;07615929000174;FUNDO MUNICIPAL DE SAUDE;782;04/07/2023;PROPOSTA PAGA;Proposta Paga;02/10/2023;R$400.000,00;R$400.000,00;R$400.000,00
2023;71160001;S.PART.;BANCADA DA PARAÍBA;não se aplica;não se aplica;PB;250900;MANAIRA;MUNICIPAL;BANCADA OBRIGATÓRIA;CORRENTE;302;1001;1030250182E900025;26/12/2023;36000578821202300;-;FAF;INCREMENTO MAC;2E90;INCREMENTO TEMPORÁRIO - MAC;INCREMENTO DO CUSTEIO DA MÉDIA E ALTA COMPLEXIDADE (MAC);10522238000130;FUNDO MUNICIPAL DE SAUDE DE MANAIRA;2781;28/12/2023;PROPOSTA PAGA;Proposta Paga;13/03/2024;R$107.000,00;R$107.000,00;R$107.000,00
2023;71160002;S.PART.;BANCADA DA PARAÍBA;não se aplica;não se aplica;PB;251660;TAVARES;MUNICIPAL;BANCADA OBRIGATÓRIA;CORRENTE;301;1001;1030150192E890025;26/12/2023;36000578810202300;-;FAF;INCREMENTO PAP;2E89;INCREMENTO TEMPORÁRIO AO CUSTEIO DOS SERVIÇOS DE ATENÇÃO PRIMÁRIA À SAÚDE - PAP;INCREMENTO DO PISO DA ATENÇÃO PRIMÁRIA À SAÚDE - PAP;10598364000179;FUNDO MUNICIPAL DE SAUDE DE TAVARES;2786;28/12/2023;PROPOSTA PAGA;Proposta Paga;13/03/2024;R$160.000,00;R$160.000,00;R$160.000,00
2023;71160002;S.PART.;BANCADA DA PARAÍBA;não se aplica;não se aplica;PB;250970;MONTEIRO;MUNICIPAL;BANCADA OBRIGATÓRIA;CORRENTE;301;1001;1030150192E890025;08/05/2023;36000519330202300;-;FAF;INCREMENTO PAP;2E89;INCREMENTO TEMPORÁRIO AO CUSTEIO DOS SERVIÇOS DE ATENÇÃO PRIMÁRIA À SAÚDE - PAP;INCREMENTO DO PISO DA ATENÇÃO PRIMÁRIA À SAÚDE - PAP;11214763000151;FUNDO MUNICIPAL DE SAUDE DE MONTEIRO;782;04/07/2023;PROPOSTA PAGA;Proposta Paga;02/10/2023;R$500.000,00;R$500.000,00;R$500.000,00
2023;71160002;S.PART.;BANCADA DA PARAÍBA;não se aplica;não se aplica;PB;251680;TRIUNFO;MUNICIPAL;BANCADA OBRIGATÓRIA;CORRENTE;301;1001;1030150192E890025;01/05/2023;36000515282202300;-;FAF;INCREMENTO PAP;2E89;INCREMENTO TEMPORÁRIO AO CUSTEIO DOS SERVIÇOS DE ATENÇÃO PRIMÁRIA À SAÚDE - PAP;INCREMENTO DO PISO DA ATENÇÃO PRIMÁRIA À SAÚDE - PAP;12794460000118;FUNDO MUNICIPAL DE SAUDE DE TRIUNFO;782;04/07/2023;PROPOSTA PAGA;Proposta Paga;02/10/2023;R$796.019,00;R$796.019,00;R$796.019,00
2023;71160002;S.PART.;BANCADA DA PARAÍBA;não se aplica;não se aplica;PB;250570;DONA INES;MUNICIPAL;BANCADA OBRIGATÓRIA;CORRENTE;301;1001;1030150192E890025;02/05/2023;36000515839202300;-;FAF;INCREMENTO PAP;2E89;INCREMENTO TEMPORÁRIO AO CUSTEIO DOS SERVIÇOS DE ATENÇÃO PRIMÁRIA À SAÚDE - PAP;INCREMENTO DO PISO DA ATENÇÃO PRIMÁRIA À SAÚDE - PAP;11420456000127;DONA INES - FUNDO MUNICIPAL DE SAUDE;1029;28/07/2023;PROPOSTA PAGA;Proposta Paga;02/10/2023;R$200.000,00;R$200.000,00;R$200.000,00
2023;71160002;S.PART.;BANCADA DA PARAÍBA;não se aplica;não se aplica;PB;250680;INGA;MUNICIPAL;BANCADA OBRIGATÓRIA;CORRENTE;301;1001;1030150192E890025;09/05/2023;36000520781202300;-;FAF;INCREMENTO PAP;2E89;INCREMENTO TEMPORÁRIO AO CUSTEIO DOS SERVIÇOS DE ATENÇÃO PRIMÁRIA À SAÚDE - PAP;INCREMENTO DO PISO DA ATENÇÃO PRIMÁRIA À SAÚDE - PAP;08610110000187;FUNDO MUNICIPAL DE SAUDE DE INGA/PB;782;04/07/2023;PROPOSTA PAGA;Proposta Paga;02/10/2023;R$1.432.920,00;R$1.432.920,00;R$1.432.920,00
2023;71160002;S.PART.;BANCADA DA PARAÍBA;não se aplica;não se aplica;PB;251060;OURO VELHO;MUNICIPAL;BANCADA OBRIGATÓRIA;CORRENTE;301;1001;1030150192E890025;02/05/2023;36000515784202300;-;FAF;INCREMENTO PAP;2E89;INCREMENTO TEMPORÁRIO AO CUSTEIO DOS SERVIÇOS DE ATENÇÃO PRIMÁRIA À SAÚDE - PAP;INCREMENTO DO PISO DA ATENÇÃO PRIMÁRIA À SAÚDE - PAP;11348410000144;FUNDO MUNICIPAL DE SAUDE DE OURO VELHO;1029;28/07/2023;PROPOSTA PAGA;Proposta Paga;02/10/2023;R$200.000,00;R$200.000,00;R$200.000,00
2023;71160001;S.PART.;BANCADA DA PARAÍBA;não se aplica;não se aplica;PB;251210;POMBAL;MUNICIPAL;BANCADA OBRIGATÓRIA;CORRENTE;302;1001;1030250182E900025;02/05/2023;36000516161202300;-;FAF;INCREMENTO MAC;2E90;INCREMENTO TEMPORÁRIO - MAC;INCREMENTO DO CUSTEIO DA MÉDIA E ALTA COMPLEXIDADE (MAC);10602526000103;FUNDO MUNICIPAL DE SAUDE;811;03/07/2023;PROPOSTA PAGA;Proposta Paga;03/10/2023;R$650.000,00;R$650.000,00;R$650.000,00
