Ano;N° Emenda;Partido;Parlamentar;Cód. Parlamentar Solicitante (a partir de 2025);Parlamentar Solicitante (a partir de 2025);UF;Cód. Município IBGE;Municipio;Esfera Administrativa;Tipo de Emenda;Grupo de Despesa;Subfunção;Fonte;Funcional;Data Inicio Proposta;N° Instrumento;TGov Parceria;Tipo de Repasse;Tipo de Instrumento;Ação Orç.;Programa Estratégico;Componente;CNPJ Beneficiário;Beneficiário;Nr. Portaria;Data Portaria;Situação (Portal FNS);Situação (DS PROPOSTA);Data Último Pgto;Instrumento (R$);Empenhado (R$);Pago (R$)
2026;50410001;S.PART.;COMISSÃO DA SAÚDE;1271 / 2712 / 2715 / 4317 / 4436;CABO GILBERTO SILVA / HUGO MOTTA / LUIZ COUTO / MURILO GALDINO / RUY CARNEIRO;PB;250750;JOAO PESSOA;ESTADUAL;COMISSAO;CORRENTE;302;1000;1030251182E900001;26/05/2026;36000809389202600;202600037996;FAF;INCREMENTO MAC;2E90;ATENÇÃO ESPECIALIZADA À SAÚDE;INCREMENTO TEMPORÁRIO DO TETO DA MÉDIA E ALTA COMPLEXIDADE - MAC;03609595000175;FUNDO ESTADUAL DE SAUDE DO ESTADO DA PARAIBA - FESEP;11468;29/05/2026;PROPOSTA PAGA;Proposta Paga;25/06/2026;R$1.000.000,00;R$1.000.000,00;R$1.000.000,00
2026;50410002;S.PART.;COMISSÃO DA SAÚDE;2712 / 3997;GERVÁSIO MAIA / HUGO MOTTA;PB;251272;PEDRO REGIS;MUNICIPAL;COMISSAO;CORRENTE;301;1000;1030151192E890001;20/05/2026;36000807307202600;202600037400;FAF;INCREMENTO PAP;2E89;ATENÇÃO PRIMÁRIA À SAÚDE;INCREMENTO DO PISO DA ATENÇÃO PRIMÁRIA À SAÚDE - PAP;13072341000114;PEDRO REGIS FUNDO MUNICIPAL DE SAUDE;11414;26/05/2026;PROPOSTA PAGA;Proposta Paga;11/06/2026;R$250.000,00;R$250.000,00;R$250.000,00
2026;50410002;S.PART.;COMISSÃO DA SAÚDE;2712;HUGO MOTTA;PB;250270;BORBOREMA;MUNICIPAL;COMISSAO;CORRENTE;301;1000;1030151192E890001;12/05/2026;36000804375202600;202600033009;FAF;INCREMENTO PAP;2E89;ATENÇÃO PRIMÁRIA À SAÚDE;INCREMENTO DO PISO DA ATENÇÃO PRIMÁRIA À SAÚDE - PAP;11594451000110;FUNDO MUNICIPAL DE SAUDE DE BORBOREMA;11237;15/05/2026;PROPOSTA PAGA;Proposta Paga;26/05/2026;R$750.000,00;R$750.000,00;R$750.000,00
2026;50410002;S.PART.;COMISSÃO DA SAÚDE;2718 / 4317;AUGUSTO COUTINHO / CABO GILBERTO SILVA;PB;250860;LUCENA;MUNICIPAL;COMISSAO;CORRENTE;301;1000;1030151192E890001;01/06/2026;36000812083202600;202600040140;FAF;INCREMENTO PAP;2E89;ATENÇÃO PRIMÁRIA À SAÚDE;INCREMENTO DO PISO DA ATENÇÃO PRIMÁRIA À SAÚDE - PAP;11516231000179;FUNDO MUNICIPAL DE SAUDE DE LUCENA;11610;19/06/2026;PROPOSTA PAGA;Proposta Paga;29/06/2026;R$2.000.000,00;R$2.000.000,00;R$2.000.000,00
2026;50410002;S.PART.;COMISSÃO DA SAÚDE;1271 / 2712;HUGO MOTTA / LUIZ COUTO;PB;250625;GADO BRAVO;MUNICIPAL;COMISSAO;CORRENTE;301;1000;1030151192E890001;18/05/2026;36000806939202600;202600037394;FAF;INCREMENTO PAP;2E89;ATENÇÃO PRIMÁRIA À SAÚDE;INCREMENTO DO PISO DA ATENÇÃO PRIMÁRIA À SAÚDE - PAP;11136097000180;FUNDO MUNICIPAL DE SAUDE GADO BRAVO;11403;26/05/2026;PROPOSTA PAGA;Proposta Paga;11/06/2026;R$2.110.833,00;R$2.110.833,00;R$2.110.833,00
2026;50410002;S.PART.;COMISSÃO DA SAÚDE;1271 / 2712;HUGO MOTTA / LUIZ COUTO;PB;250937;MATO GROSSO;MUNICIPAL;COMISSAO;CORRENTE;301;1000;1030151192E890001;06/05/2026;36000801453202600;202600033067;FAF;INCREMENTO PAP;2E89;ATENÇÃO PRIMÁRIA À SAÚDE;INCREMENTO DO PISO DA ATENÇÃO PRIMÁRIA À SAÚDE - PAP;11951131000170;FUNDO MUNICIPAL DE SAUDE DE MATO GROSSO PB;11222;15/05/2026;PROPOSTA PAGA;Proposta Paga;11/06/2026;R$100.000,00;R$100.000,00;R$100.000,00
2026;50410001;S.PART.;COMISSÃO DA SAÚDE;4317 / 4432;CABO GILBERTO SILVA / MERSINHO LUCENA;PB;250370;CAJAZEIRAS;MUNICIPAL;COMISSAO;CORRENTE;302;1000;1030251182E900001;11/06/2026;36000813797202600;202600039778;FAF;INCREMENTO MAC;2E90;ATENÇÃO ESPECIALIZADA À SAÚDE;INCREMENTO TEMPORÁRIO DO TETO DA MÉDIA E ALTA COMPLEXIDADE - MAC;11902878000139;MUNICIPIO DE CAJAZEIRAS FUNDO MUNICIPAL DE SAUDE - FMS;11600;18/06/2026;EM ANALISE PELA ÁREA FINALÍSTICA;Proposta Empenhada aguardando Formalização;-;R$1.000.000,00;R$1.000.000,00;R$0,00
2026;50410001;S.PART.;COMISSÃO DA SAÚDE;2718;AUGUSTO COUTINHO;PB;250010;AGUA BRANCA;MUNICIPAL;COMISSAO;CORRENTE;302;1000;1030251182E900001;07/05/2026;36000802023202600;202600036870;FAF;INCREMENTO MAC;2E90;ATENÇÃO ESPECIALIZADA À SAÚDE;INCREMENTO TEMPORÁRIO DO TETO DA MÉDIA E ALTA COMPLEXIDADE - MAC;10502869000198;FUNDO MUNICIPAL DE SAUDE DE AGUA BRANCA;11443;28/05/2026;PROPOSTA PAGA;Proposta Paga;29/06/2026;R$2.500.000,00;R$2.500.000,00;R$2.500.000,00
2026;60060001;S.PART.;COMISSÃO DE ASSUNTOS SOCIAIS - CAS;4270;EFRAIM FILHO;PB;251190;PITIMBU;MUNICIPAL;COMISSAO;CORRENTE;301;1000;1030151192E890001;30/03/2026;36000781841202600;202600033090;FAF;INCREMENTO PAP;2E89;ATENÇÃO PRIMÁRIA À SAÚDE;INCREMENTO DO PISO DA ATENÇÃO PRIMÁRIA À SAÚDE - PAP;10557425000150;FUNDO MUNICIPAL DE SAUDE DE PITIMBU;11195;13/05/2026;PROPOSTA PAGA;Proposta Paga;26/05/2026;R$1.000.000,00;R$1.000.000,00;R$1.000.000,00
2026;60060002;S.PART.;COMISSÃO DE ASSUNTOS SOCIAIS - CAS;4088;VENEZIANO VITAL DO RÊGO;PB;250930;MATARACA;MUNICIPAL;COMISSAO;CORRENTE;302;1000;1030251182E900001;14/04/2026;36000792532202600;202600031745;FAF;INCREMENTO MAC;2E90;ATENÇÃO ESPECIALIZADA À SAÚDE;INCREMENTO TEMPORÁRIO DO TETO DA MÉDIA E ALTA COMPLEXIDADE - MAC;13070749000157;FUNDO MUNICIPAL DE SAUDE DO MUNICIPIO DE MATARACA-PB;11072;11/05/2026;EM ANALISE PELA ÁREA FINALÍSTICA;Proposta Empenhada aguardando Formalização;-;R$100.000,00;R$100.000,00;R$0,00
2026;60060002;S.PART.;COMISSÃO DE ASSUNTOS SOCIAIS - CAS;4088 / 4270;EFRAIM FILHO / VENEZIANO VITAL DO RÊGO;PB;251350;SANTANA DE MANGUEIRA;MUNICIPAL;COMISSAO;CORRENTE;302;1000;1030251182E900001;08/04/2026;36000791278202600;202600031770;FAF;INCREMENTO MAC;2E90;ATENÇÃO ESPECIALIZADA À SAÚDE;INCREMENTO TEMPORÁRIO DO TETO DA MÉDIA E ALTA COMPLEXIDADE - MAC;11285050000189;FUNDO MUNICIPAL DE SAUDE;11072;11/05/2026;PROPOSTA PAGA;Proposta Paga;28/05/2026;R$100.000,00;R$100.000,00;R$100.000,00
2026;60060001;S.PART.;COMISSÃO DE ASSUNTOS SOCIAIS - CAS;4088;VENEZIANO VITAL DO RÊGO;PB;251365;JOCA CLAUDINO;MUNICIPAL;COMISSAO;CORRENTE;301;1000;1030151192E890001;24/03/2026;36000774088202600;202600033048;FAF;INCREMENTO PAP;2E89;ATENÇÃO PRIMÁRIA À SAÚDE;INCREMENTO DO PISO DA ATENÇÃO PRIMÁRIA À SAÚDE - PAP;11332661000130;FUNDO MUNICIPAL DE SAUDE;11195;13/05/2026;PROPOSTA PAGA;Proposta Paga;26/05/2026;R$100.000,00;R$100.000,00;R$100.000,00
2026;60060001;S.PART.;COMISSÃO DE ASSUNTOS SOCIAIS - CAS;4088;VENEZIANO VITAL DO RÊGO;PB;250905;MARCACAO;MUNICIPAL;COMISSAO;CORRENTE;301;1000;1030151192E890001;24/03/2026;36000774831202600;202600033058;FAF;INCREMENTO PAP;2E89;ATENÇÃO PRIMÁRIA À SAÚDE;INCREMENTO DO PISO DA ATENÇÃO PRIMÁRIA À SAÚDE - PAP;12370254000180;MARCACAO - FUNDO MUNICIPAL DE SAUDE;11195;13/05/2026;PROPOSTA PAGA;Proposta Paga;26/05/2026;R$100.000,00;R$100.000,00;R$100.000,00
2026;60060001;S.PART.;COMISSÃO DE ASSUNTOS SOCIAIS - CAS;4088;VENEZIANO VITAL DO RÊGO;PB;251315;SANTA CECILIA;MUNICIPAL;COMISSAO;CORRENTE;301;1000;1030151192E890001;30/03/2026;36000783361202600;202600033092;FAF;INCREMENTO PAP;2E89;ATENÇÃO PRIMÁRIA À SAÚDE;INCREMENTO DO PISO DA ATENÇÃO PRIMÁRIA À SAÚDE - PAP;08698105000178;FUNDO MUNICIPAL DE SAUDE SANTA CECILIA;11195;13/05/2026;PROPOSTA PAGA;Proposta Paga;26/05/2026;R$100.000,00;R$100.000,00;R$100.000,00
2026;60060001;S.PART.;COMISSÃO DE ASSUNTOS SOCIAIS - CAS;4088 / 4270;EFRAIM FILHO / VENEZIANO VITAL DO RÊGO;PB;251335;SANTA INES;MUNICIPAL;COMISSAO;CORRENTE;301;1000;1030151192E890001;07/04/2026;36000790788202600;202600033099;FAF;INCREMENTO PAP;2E89;ATENÇÃO PRIMÁRIA À SAÚDE;INCREMENTO DO PISO DA ATENÇÃO PRIMÁRIA À SAÚDE - PAP;14418667000113;FUNDO MUNICIPAL DE SAUDE;11195;13/05/2026;PROPOSTA PAGA;Proposta Paga;26/05/2026;R$100.000,00;R$100.000,00;R$100.000,00
2026;60060001;S.PART.;COMISSÃO DE ASSUNTOS SOCIAIS - CAS;4088;VENEZIANO VITAL DO RÊGO;PB;251410;SAO JOAO DO TIGRE;MUNICIPAL;COMISSAO;CORRENTE;301;1000;1030151192E890001;25/03/2026;36000776728202600;202600033101;FAF;INCREMENTO PAP;2E89;ATENÇÃO PRIMÁRIA À SAÚDE;INCREMENTO DO PISO DA ATENÇÃO PRIMÁRIA À SAÚDE - PAP;12899907000113;FUNDO MUNICIPAL DE SAUDE;11195;13/05/2026;PROPOSTA PAGA;Proposta Paga;26/05/2026;R$100.000,00;R$100.000,00;R$100.000,00
2026;50410002;S.PART.;COMISSÃO DA SAÚDE;2715;RUY CARNEIRO;PB;250720;ITATUBA;MUNICIPAL;COMISSAO;CORRENTE;301;1000;1030151192E890001;04/05/2026;36000799769202600;202600033047;FAF;INCREMENTO PAP;2E89;ATENÇÃO PRIMÁRIA À SAÚDE;INCREMENTO DO PISO DA ATENÇÃO PRIMÁRIA À SAÚDE - PAP;12306005000126;FUNDO MUNICIPAL DE SAUDE;11222;15/05/2026;PROPOSTA PAGA;Proposta Paga;26/05/2026;R$200.000,00;R$200.000,00;R$200.000,00
2026;50410002;S.PART.;COMISSÃO DA SAÚDE;1283;WILSON SANTIAGO;PB;251365;JOCA CLAUDINO;MUNICIPAL;COMISSAO;CORRENTE;301;1000;1030151192E890001;18/06/2026;36000815493202600;202600041942;FAF;INCREMENTO PAP;2E89;ATENÇÃO PRIMÁRIA À SAÚDE;INCREMENTO DO PISO DA ATENÇÃO PRIMÁRIA À SAÚDE - PAP;11332661000130;FUNDO MUNICIPAL DE SAUDE;11766;30/06/2026;EM ANALISE PELA ÁREA FINALÍSTICA;Proposta Empenhada aguardando Formalização;-;R$200.000,00;R$200.000,00;R$0,00
2026;50410002;S.PART.;COMISSÃO DA SAÚDE;1277;WELLINGTON ROBERTO;PB;251320;SANTA CRUZ;MUNICIPAL;COMISSAO;CORRENTE;301;1000;1030151192E890001;09/06/2026;36000813155202600;202600040147;FAF;INCREMENTO PAP;2E89;ATENÇÃO PRIMÁRIA À SAÚDE;INCREMENTO DO PISO DA ATENÇÃO PRIMÁRIA À SAÚDE - PAP;11181651000141;FUNDO MUNICIPAL DE SAUDE DE SANTA CRUZ - PB;11610;19/06/2026;PROPOSTA PAGA;Proposta Paga;29/06/2026;R$200.000,00;R$200.000,00;R$200.000,00
2026;50410004;S.PART.;COMISSÃO DA SAÚDE;2712;HUGO MOTTA;PB;250157;BARRA DE SANTANA;MUNICIPAL;COMISSAO;CAPITAL;301;1000;10301511985810001;07/05/2026;11109361000126003;202600034759;FAF;EQUIPAMENTO;8581;ATENÇÃO PRIMÁRIA À SAÚDE;EQUIPAMENTOS - UBS;11109361000197;FUNDO MUNICIPAL DE SAUDE BARRA DE SANTANA;11339;20/05/2026;PROPOSTA PAGA;Proposta Paga;16/06/2026;R$280.144,00;R$280.144,00;R$280.144,00
2026;50410002;S.PART.;COMISSÃO DA SAÚDE;2712;HUGO MOTTA;PB;251460;SAO JOSE DO BONFIM;MUNICIPAL;COMISSAO;CORRENTE;301;1000;1030151192E890001;08/05/2026;36000802701202600;202600033113;FAF;INCREMENTO PAP;2E89;ATENÇÃO PRIMÁRIA À SAÚDE;INCREMENTO DO PISO DA ATENÇÃO PRIMÁRIA À SAÚDE - PAP;12526644000105;FUNDO MUNICIPAL DE SAUDE DE SAO JOSE DO BONFIM PB;11222;15/05/2026;PROPOSTA PAGA;Proposta Paga;26/05/2026;R$1.000.000,00;R$1.000.000,00;R$1.000.000,00
2026;50410002;S.PART.;COMISSÃO DA SAÚDE;2714 / 2718 / 4317;AUGUSTO COUTINHO / CABO GILBERTO SILVA / ROMERO RODRIGUES;PB;250940;MOGEIRO;MUNICIPAL;COMISSAO;CORRENTE;301;1000;1030151192E890001;17/05/2026;36000806462202600;202600037395;FAF;INCREMENTO PAP;2E89;ATENÇÃO PRIMÁRIA À SAÚDE;INCREMENTO DO PISO DA ATENÇÃO PRIMÁRIA À SAÚDE - PAP;10664047000103;FUNDO MUNICIPAL DE SAUDE DE MOGEIRO;11414;26/05/2026;PROPOSTA PAGA;Proposta Paga;29/06/2026;R$934.413,00;R$934.413,00;R$934.413,00
2026;50410002;S.PART.;COMISSÃO DA SAÚDE;1283 / 2712 / 2714;HUGO MOTTA / ROMERO RODRIGUES / WILSON SANTIAGO;PB;251120;PEDRAS DE FOGO;MUNICIPAL;COMISSAO;CORRENTE;301;1000;1030151192E890001;12/05/2026;36000804648202600;202600033085;FAF;INCREMENTO PAP;2E89;ATENÇÃO PRIMÁRIA À SAÚDE;INCREMENTO DO PISO DA ATENÇÃO PRIMÁRIA À SAÚDE - PAP;10490987000123;FUNDO MUNICIPAL DE SAUDE;11237;15/05/2026;PROPOSTA PAGA;Proposta Paga;26/05/2026;R$500.000,00;R$500.000,00;R$500.000,00
2026;50410002;S.PART.;COMISSÃO DA SAÚDE;1283;WILSON SANTIAGO;PB;251280;RIACHO DOS CAVALOS;MUNICIPAL;COMISSAO;CORRENTE;301;1000;1030151192E890001;06/05/2026;36000801187202600;202600036615;FAF;INCREMENTO PAP;2E89;ATENÇÃO PRIMÁRIA À SAÚDE;INCREMENTO DO PISO DA ATENÇÃO PRIMÁRIA À SAÚDE - PAP;12081925000193;RIACHO DOS CAVALOS FUNDO MUNICIPAL DE SAUDE;11414;26/05/2026;PROPOSTA PAGA;Proposta Paga;29/06/2026;R$500.000,00;R$500.000,00;R$500.000,00
2026;50410002;S.PART.;COMISSÃO DA SAÚDE;2712 / 2714;HUGO MOTTA / ROMERO RODRIGUES;PB;250053;ALCANTIL;MUNICIPAL;COMISSAO;CORRENTE;301;1000;1030151192E890001;11/05/2026;36000804145202600;202600032986;FAF;INCREMENTO PAP;2E89;ATENÇÃO PRIMÁRIA À SAÚDE;INCREMENTO DO PISO DA ATENÇÃO PRIMÁRIA À SAÚDE - PAP;08448753000176;FUNDO MUNICIPAL DE SAUDE - ALCANTIL PB;11237;15/05/2026;PROPOSTA PAGA;Proposta Paga;16/06/2026;R$398.000,00;R$398.000,00;R$398.000,00
2026;50410002;S.PART.;COMISSÃO DA SAÚDE;1271 / 1283;LUIZ COUTO / WILSON SANTIAGO;PB;250200;BELEM DO BREJO DO CRUZ;MUNICIPAL;COMISSAO;CORRENTE;301;1000;1030151192E890001;08/05/2026;36000803035202600;202600037053;FAF;INCREMENTO PAP;2E89;ATENÇÃO PRIMÁRIA À SAÚDE;INCREMENTO DO PISO DA ATENÇÃO PRIMÁRIA À SAÚDE - PAP;12461113000173;FUNDO MUNICIPAL DE SAUDE DE BELEM DO BREJO DO CRUZ;11488;01/06/2026;PROPOSTA PAGA;Proposta Paga;16/06/2026;R$1.000.000,00;R$1.000.000,00;R$1.000.000,00
2026;50410002;S.PART.;COMISSÃO DA SAÚDE;1271 / 2712;HUGO MOTTA / LUIZ COUTO;PB;250480;COREMAS;MUNICIPAL;COMISSAO;CORRENTE;301;1000;1030151192E890001;22/05/2026;36000808651202600;202600037392;FAF;INCREMENTO PAP;2E89;ATENÇÃO PRIMÁRIA À SAÚDE;INCREMENTO DO PISO DA ATENÇÃO PRIMÁRIA À SAÚDE - PAP;11161210000188;FUNDO MUNICIPAL DE SAUDE;11414;26/05/2026;PROPOSTA PAGA;Proposta Paga;11/06/2026;R$100.000,00;R$100.000,00;R$100.000,00
2026;50410001;S.PART.;COMISSÃO DA SAÚDE;4317 / 4432;CABO GILBERTO SILVA / MERSINHO LUCENA;PB;250370;CAJAZEIRAS;MUNICIPAL;COMISSAO;CORRENTE;302;1000;1030251182E900001;30/04/2026;36000799131202600;202600034362;FAF;INCREMENTO MAC;2E90;ATENÇÃO ESPECIALIZADA À SAÚDE;INCREMENTO TEMPORÁRIO DO TETO DA MÉDIA E ALTA COMPLEXIDADE - MAC;11902878000139;MUNICIPIO DE CAJAZEIRAS FUNDO MUNICIPAL DE SAUDE - FMS;11269;18/05/2026;PROPOSTA PAGA;Proposta Paga;19/06/2026;R$1.000.000,00;R$1.000.000,00;R$1.000.000,00
2026;50410001;S.PART.;COMISSÃO DA SAÚDE;2712;HUGO MOTTA;PB;251600;SOLANEA;MUNICIPAL;COMISSAO;CORRENTE;302;1000;1030251182E900001;07/05/2026;36000801875202600;202600031793;FAF;INCREMENTO MAC;2E90;ATENÇÃO ESPECIALIZADA À SAÚDE;INCREMENTO TEMPORÁRIO DO TETO DA MÉDIA E ALTA COMPLEXIDADE - MAC;13857317000190;FUNDO MUNICIPAL DE SAUDE DE SOLANEA;11225;15/05/2026;PROPOSTA PAGA;Proposta Paga;26/05/2026;R$1.000.000,00;R$1.000.000,00;R$1.000.000,00
2026;50410001;S.PART.;COMISSÃO DA SAÚDE;2714;ROMERO RODRIGUES;PB;251510;SAO SEBASTIAO DE LAGOA DE ROCA;MUNICIPAL;COMISSAO;CORRENTE;302;1000;1030251182E900001;15/05/2026;36000806159202600;202600036387;FAF;INCREMENTO MAC;2E90;ATENÇÃO ESPECIALIZADA À SAÚDE;INCREMENTO TEMPORÁRIO DO TETO DA MÉDIA E ALTA COMPLEXIDADE - MAC;11143891000151;FUNDO MUNICIPAL DE SAUDE SAO SEBASTIAO DE LAGOA DE ROCA;11401;26/05/2026;PROPOSTA PAGA;Proposta Paga;16/06/2026;R$434.000,00;R$434.000,00;R$434.000,00
2026;60060002;S.PART.;COMISSÃO DE ASSUNTOS SOCIAIS - CAS;4088;VENEZIANO VITAL DO RÊGO;PB;250215;BOA VISTA;MUNICIPAL;COMISSAO;CORRENTE;302;1000;1030251182E900001;23/03/2026;36000771868202600;202600031697;FAF;INCREMENTO MAC;2E90;ATENÇÃO ESPECIALIZADA À SAÚDE;INCREMENTO TEMPORÁRIO DO TETO DA MÉDIA E ALTA COMPLEXIDADE - MAC;12868705000104;FUNDO MUNICIPAL DE SAUDE;11072;11/05/2026;PROPOSTA PAGA;Proposta Paga;12/06/2026;R$100.000,00;R$100.000,00;R$100.000,00
2026;60060002;S.PART.;COMISSÃO DE ASSUNTOS SOCIAIS - CAS;4088 / 4270;EFRAIM FILHO / VENEZIANO VITAL DO RÊGO;PB;250800;JURU;MUNICIPAL;COMISSAO;CORRENTE;302;1000;1030251182E900001;15/04/2026;36000793406202600;202600031733;FAF;INCREMENTO MAC;2E90;ATENÇÃO ESPECIALIZADA À SAÚDE;INCREMENTO TEMPORÁRIO DO TETO DA MÉDIA E ALTA COMPLEXIDADE - MAC;10538747000151;FUNDO MUNICIPAL DE SAUDE;11072;11/05/2026;PROPOSTA PAGA;Proposta Paga;26/05/2026;R$250.000,00;R$250.000,00;R$250.000,00
2026;60060001;S.PART.;COMISSÃO DE ASSUNTOS SOCIAIS - CAS;4088 / 4141;DANIELLA RIBEIRO / VENEZIANO VITAL DO RÊGO;PB;250057;ALGODAO DE JANDAIRA;MUNICIPAL;COMISSAO;CORRENTE;301;1000;1030151192E890001;24/04/2026;36000797044202600;202600032989;FAF;INCREMENTO PAP;2E89;ATENÇÃO PRIMÁRIA À SAÚDE;INCREMENTO DO PISO DA ATENÇÃO PRIMÁRIA À SAÚDE - PAP;11903620000157;FUNDO MUNICIPAL DE SAUDE DO MUNICIPIO DE ALGODAO DE JANDAIRA;11195;13/05/2026;PROPOSTA PAGA;Proposta Paga;11/06/2026;R$300.000,00;R$300.000,00;R$300.000,00
2026;60060002;S.PART.;COMISSÃO DE ASSUNTOS SOCIAIS - CAS;4088;VENEZIANO VITAL DO RÊGO;PB;251450;SAO JOSE DE PIRANHAS;MUNICIPAL;COMISSAO;CORRENTE;302;1000;1030251182E900001;24/03/2026;36000773018202600;202600031780;FAF;INCREMENTO MAC;2E90;ATENÇÃO ESPECIALIZADA À SAÚDE;INCREMENTO TEMPORÁRIO DO TETO DA MÉDIA E ALTA COMPLEXIDADE - MAC;11602227000123;FUNDO MUNICIPAL DE SAUDE;11072;11/05/2026;PROPOSTA PAGA;Proposta Paga;28/05/2026;R$100.000,00;R$100.000,00;R$100.000,00
2026;60060002;S.PART.;COMISSÃO DE ASSUNTOS SOCIAIS - CAS;4088;VENEZIANO VITAL DO RÊGO;PB;251550;SERRA BRANCA;MUNICIPAL;COMISSAO;CORRENTE;302;1000;1030251182E900001;25/03/2026;36000774963202600;202600031789;FAF;INCREMENTO MAC;2E90;ATENÇÃO ESPECIALIZADA À SAÚDE;INCREMENTO TEMPORÁRIO DO TETO DA MÉDIA E ALTA COMPLEXIDADE - MAC;05456092000132;FUNDO MUNICIPAL DE SAUDE;11072;11/05/2026;PROPOSTA PAGA;Proposta Paga;12/06/2026;R$100.000,00;R$100.000,00;R$100.000,00
2026;60060001;S.PART.;COMISSÃO DE ASSUNTOS SOCIAIS - CAS;4088;VENEZIANO VITAL DO RÊGO;PB;250440;CONCEICAO;MUNICIPAL;COMISSAO;CORRENTE;301;1000;1030151192E890001;23/03/2026;36000771669202600;202600033025;FAF;INCREMENTO PAP;2E89;ATENÇÃO PRIMÁRIA À SAÚDE;INCREMENTO DO PISO DA ATENÇÃO PRIMÁRIA À SAÚDE - PAP;05497410000103;FUNDO MUNICIPAL DE SAUDE DE CONCEICAO;11195;13/05/2026;PROPOSTA PAGA;Proposta Paga;26/05/2026;R$100.000,00;R$100.000,00;R$100.000,00
2026;60060001;S.PART.;COMISSÃO DE ASSUNTOS SOCIAIS - CAS;4088;VENEZIANO VITAL DO RÊGO;PB;250860;LUCENA;MUNICIPAL;COMISSAO;CORRENTE;301;1000;1030151192E890001;24/03/2026;36000772935202600;202600033057;FAF;INCREMENTO PAP;2E89;ATENÇÃO PRIMÁRIA À SAÚDE;INCREMENTO DO PISO DA ATENÇÃO PRIMÁRIA À SAÚDE - PAP;11516231000179;FUNDO MUNICIPAL DE SAUDE DE LUCENA;11195;13/05/2026;PROPOSTA PAGA;Proposta Paga;26/05/2026;R$100.000,00;R$100.000,00;R$100.000,00
2026;60060001;S.PART.;COMISSÃO DE ASSUNTOS SOCIAIS - CAS;4088;VENEZIANO VITAL DO RÊGO;PB;250407;CARAUBAS;MUNICIPAL;COMISSAO;CORRENTE;301;1000;1030151192E890001;22/03/2026;36000770607202600;202600033022;FAF;INCREMENTO PAP;2E89;ATENÇÃO PRIMÁRIA À SAÚDE;INCREMENTO DO PISO DA ATENÇÃO PRIMÁRIA À SAÚDE - PAP;11431018000164;FUNDO MUNICIPAL DE SAUDE;11195;13/05/2026;PROPOSTA PAGA;Proposta Paga;26/05/2026;R$200.000,00;R$200.000,00;R$200.000,00
2026;60060001;S.PART.;COMISSÃO DE ASSUNTOS SOCIAIS - CAS;4088 / 4141;DANIELLA RIBEIRO / VENEZIANO VITAL DO RÊGO;PB;251480;SAO JOSE DOS CORDEIROS;MUNICIPAL;COMISSAO;CORRENTE;301;1000;1030151192E890001;30/03/2026;36000784132202600;202600033119;FAF;INCREMENTO PAP;2E89;ATENÇÃO PRIMÁRIA À SAÚDE;INCREMENTO DO PISO DA ATENÇÃO PRIMÁRIA À SAÚDE - PAP;13491027000176;FUNDO MUNICIPAL DE SAUDE DE SAO JOSE DOS CORDEIROS - PB;11195;13/05/2026;PROPOSTA PAGA;Proposta Paga;26/05/2026;R$100.000,00;R$100.000,00;R$100.000,00
2026;60060001;S.PART.;COMISSÃO DE ASSUNTOS SOCIAIS - CAS;4088;VENEZIANO VITAL DO RÊGO;PB;251670;TEIXEIRA;MUNICIPAL;COMISSAO;CORRENTE;301;1000;1030151192E890001;14/04/2026;36000792756202600;202600033135;FAF;INCREMENTO PAP;2E89;ATENÇÃO PRIMÁRIA À SAÚDE;INCREMENTO DO PISO DA ATENÇÃO PRIMÁRIA À SAÚDE - PAP;11229326000101;FUNDO MUNICIPAL DE SAUDE;11195;13/05/2026;PROPOSTA PAGA;Proposta Paga;26/05/2026;R$100.000,00;R$100.000,00;R$100.000,00
2026;50410002;S.PART.;COMISSÃO DA SAÚDE;1271 / 2712 / 3997;GERVÁSIO MAIA / HUGO MOTTA / LUIZ COUTO;PB;250415;CASSERENGUE;MUNICIPAL;COMISSAO;CORRENTE;301;1000;1030151192E890001;28/05/2026;36000810850202600;202600038619;FAF;INCREMENTO PAP;2E89;ATENÇÃO PRIMÁRIA À SAÚDE;INCREMENTO DO PISO DA ATENÇÃO PRIMÁRIA À SAÚDE - PAP;12431437000169;FUNDO MUNICIPAL DE SAUDE;11530;09/06/2026;PROPOSTA PAGA;Proposta Paga;16/06/2026;R$1.000.000,00;R$1.000.000,00;R$1.000.000,00
2026;50410002;S.PART.;COMISSÃO DA SAÚDE;2712;HUGO MOTTA;PB;251590;SERRARIA;MUNICIPAL;COMISSAO;CORRENTE;301;1000;1030151192E890001;20/05/2026;36000807337202600;202600037710;FAF;INCREMENTO PAP;2E89;ATENÇÃO PRIMÁRIA À SAÚDE;INCREMENTO DO PISO DA ATENÇÃO PRIMÁRIA À SAÚDE - PAP;12011652000100;SSFUNDO MUNICIPAL DE SAUDE DE SERRARIA - PB;11414;26/05/2026;PROPOSTA PAGA;Proposta Paga;16/06/2026;R$1.000.000,00;R$1.000.000,00;R$1.000.000,00
2026;50410002;S.PART.;COMISSÃO DA SAÚDE;2718;AUGUSTO COUTINHO;PB;250640;GURINHEM;MUNICIPAL;COMISSAO;CORRENTE;301;1000;1030151192E890001;12/05/2026;36000804557202600;202600038620;FAF;INCREMENTO PAP;2E89;ATENÇÃO PRIMÁRIA À SAÚDE;INCREMENTO DO PISO DA ATENÇÃO PRIMÁRIA À SAÚDE - PAP;11739873000137;FMS DE GURINHEM;11530;09/06/2026;PROPOSTA PAGA;Proposta Paga;29/06/2026;R$1.500.000,00;R$1.500.000,00;R$1.500.000,00
2026;50410002;S.PART.;COMISSÃO DA SAÚDE;1283 / 4436;MURILO GALDINO / WILSON SANTIAGO;PB;250130;AROEIRAS;MUNICIPAL;COMISSAO;CORRENTE;301;1000;1030151192E890001;20/05/2026;36000807367202600;202600037051;FAF;INCREMENTO PAP;2E89;ATENÇÃO PRIMÁRIA À SAÚDE;INCREMENTO DO PISO DA ATENÇÃO PRIMÁRIA À SAÚDE - PAP;10819820000163;FUNDO MUNICIPAL DE SAUDE;11488;01/06/2026;PROPOSTA PAGA;Proposta Paga;29/06/2026;R$3.000.000,00;R$3.000.000,00;R$3.000.000,00
2026;50410002;S.PART.;COMISSÃO DA SAÚDE;2715;RUY CARNEIRO;PB;251275;RIACHAO DO BACAMARTE;MUNICIPAL;COMISSAO;CORRENTE;301;1000;1030151192E890001;07/05/2026;36000802185202600;202600033096;FAF;INCREMENTO PAP;2E89;ATENÇÃO PRIMÁRIA À SAÚDE;INCREMENTO DO PISO DA ATENÇÃO PRIMÁRIA À SAÚDE - PAP;11565067000190;FUNDO MUNICIPAL DE SAUDE - RIACHAO DO BACAMARTE - PB;11222;15/05/2026;PROPOSTA PAGA;Proposta Paga;26/05/2026;R$600.000,00;R$600.000,00;R$600.000,00
2026;50410002;S.PART.;COMISSÃO DA SAÚDE;1277;WELLINGTON ROBERTO;PB;250523;CUITE DE MAMANGUAPE;MUNICIPAL;COMISSAO;CORRENTE;301;1000;1030151192E890001;04/06/2026;36000812582202600;202600041941;FAF;INCREMENTO PAP;2E89;ATENÇÃO PRIMÁRIA À SAÚDE;INCREMENTO DO PISO DA ATENÇÃO PRIMÁRIA À SAÚDE - PAP;13099820000124;CUITE DE MAMANGUAPE FUNDO MUNICIPAL DE SAUDE;11766;30/06/2026;EM ANALISE PELA ÁREA FINALÍSTICA;Proposta Empenhada aguardando Formalização;-;R$601.000,00;R$601.000,00;R$0,00
2026;50410003;S.PART.;COMISSÃO DA SAÚDE;1283;WILSON SANTIAGO;PB;251700;UMBUZEIRO;MUNICIPAL;COMISSAO;CAPITAL;302;1000;10302511885350001;25/05/2026;09494245000126010;202600042624;FAF;EQUIPAMENTO;8535;ATENÇÃO ESPECIALIZADA À SAÚDE;Políticas de Atenção Ambulatorial Especializada e Serviços Hospitalares de Alta Complexidade - Ambulatório;09494245000197;FUNDO MUNICIPAL DE SAUDE;11928;06/07/2026;EM ANALISE PELA ÁREA FINALÍSTICA;Proposta Empenhada aguardando Formalização;-;R$438.037,00;R$438.037,00;R$0,00
2026;50410003;S.PART.;COMISSÃO DA SAÚDE;2715;RUY CARNEIRO;PB;250600;ESPERANCA;MUNICIPAL;COMISSAO;CAPITAL;302;1000;10302511885350001;05/06/2026;12011984000126001;202600042272;FAF;EQUIPAMENTO;8535;ATENÇÃO ESPECIALIZADA À SAÚDE;Rede de Atenção Hospitalar - Hospital Geral;12011984000195;FUNDO MUNICIPAL DE SAUDE;11776;01/07/2026;EM ANALISE PELA ÁREA FINALÍSTICA;Proposta Empenhada aguardando Formalização;-;R$499.210,00;R$499.210,00;R$0,00
2026;50410001;S.PART.;COMISSÃO DA SAÚDE;2718 / 4317 / 4436;AUGUSTO COUTINHO / CABO GILBERTO SILVA / MURILO GALDINO;PB;250680;INGA;MUNICIPAL;COMISSAO;CORRENTE;302;1000;1030251182E900001;20/05/2026;36000807224202600;202600036781;FAF;INCREMENTO MAC;2E90;ATENÇÃO ESPECIALIZADA À SAÚDE;INCREMENTO TEMPORÁRIO DO TETO DA MÉDIA E ALTA COMPLEXIDADE - MAC;08610110000187;FUNDO MUNICIPAL DE SAUDE DE INGA/PB;11422;27/05/2026;PROPOSTA PAGA;Proposta Paga;29/06/2026;R$1.500.000,00;R$1.500.000,00;R$1.500.000,00
2026;50410001;S.PART.;COMISSÃO DA SAÚDE;1283 / 2712;HUGO MOTTA / WILSON SANTIAGO;PB;251230;PRINCESA ISABEL;MUNICIPAL;COMISSAO;CORRENTE;302;1000;1030251182E900001;12/05/2026;36000804644202600;202600031764;FAF;INCREMENTO MAC;2E90;ATENÇÃO ESPECIALIZADA À SAÚDE;INCREMENTO TEMPORÁRIO DO TETO DA MÉDIA E ALTA COMPLEXIDADE - MAC;10473821000107;FUNDO MUNICIPAL DE SAUDE DO MUNICIPIO DE PRINCESA ISABEL;11231;15/05/2026;PROPOSTA PAGA;Proposta Paga;16/06/2026;R$2.500.000,00;R$2.500.000,00;R$2.500.000,00
2026;50410001;S.PART.;COMISSÃO DA SAÚDE;4436;MURILO GALDINO;PB;250800;JURU;MUNICIPAL;COMISSAO;CORRENTE;302;1000;1030251182E900001;08/05/2026;36000802926202600;202600035186;FAF;INCREMENTO MAC;2E90;ATENÇÃO ESPECIALIZADA À SAÚDE;INCREMENTO TEMPORÁRIO DO TETO DA MÉDIA E ALTA COMPLEXIDADE - MAC;10538747000151;FUNDO MUNICIPAL DE SAUDE;11344;20/05/2026;PROPOSTA PAGA;Proposta Paga;29/06/2026;R$300.000,00;R$300.000,00;R$300.000,00
2026;60060001;S.PART.;COMISSÃO DE ASSUNTOS SOCIAIS - CAS;4088 / 4270;EFRAIM FILHO / VENEZIANO VITAL DO RÊGO;PB;251335;SANTA INES;MUNICIPAL;COMISSAO;CORRENTE;301;1000;1030151192E890001;22/05/2026;36000808589202600;202600037401;FAF;INCREMENTO PAP;2E89;ATENÇÃO PRIMÁRIA À SAÚDE;INCREMENTO DO PISO DA ATENÇÃO PRIMÁRIA À SAÚDE - PAP;14418667000113;FUNDO MUNICIPAL DE SAUDE;11414;26/05/2026;PROPOSTA PAGA;Proposta Paga;11/06/2026;R$655.000,00;R$655.000,00;R$655.000,00
2026;60060002;S.PART.;COMISSÃO DE ASSUNTOS SOCIAIS - CAS;4088;VENEZIANO VITAL DO RÊGO;PB;250355;CACIMBAS;MUNICIPAL;COMISSAO;CORRENTE;302;1000;1030251182E900001;21/05/2026;36000808131202600;202600036779;FAF;INCREMENTO MAC;2E90;ATENÇÃO ESPECIALIZADA À SAÚDE;INCREMENTO TEMPORÁRIO DO TETO DA MÉDIA E ALTA COMPLEXIDADE - MAC;10541009000163;FUNDO MUNICIPAL DE SAUDE DE CACIMBAS;11422;27/05/2026;PROPOSTA PAGA;Proposta Paga;16/06/2026;R$119.311,00;R$119.311,00;R$119.311,00
2026;60060002;S.PART.;COMISSÃO DE ASSUNTOS SOCIAIS - CAS;4088 / 4270;EFRAIM FILHO / VENEZIANO VITAL DO RÊGO;PB;250540;DESTERRO;MUNICIPAL;COMISSAO;CORRENTE;302;1000;1030251182E900001;23/03/2026;36000771700202600;202600031716;FAF;INCREMENTO MAC;2E90;ATENÇÃO ESPECIALIZADA À SAÚDE;INCREMENTO TEMPORÁRIO DO TETO DA MÉDIA E ALTA COMPLEXIDADE - MAC;10493355000113;FUNDO MUNICIPAL DE SAUDE DE DESTERRO;11072;11/05/2026;PROPOSTA PAGA;Proposta Paga;23/06/2026;R$200.000,00;R$200.000,00;R$200.000,00
2026;60060002;S.PART.;COMISSÃO DE ASSUNTOS SOCIAIS - CAS;4088;VENEZIANO VITAL DO RÊGO;PB;250260;IGARACY;MUNICIPAL;COMISSAO;CORRENTE;302;1000;1030251182E900001;23/03/2026;36000772410202600;202600031725;FAF;INCREMENTO MAC;2E90;ATENÇÃO ESPECIALIZADA À SAÚDE;INCREMENTO TEMPORÁRIO DO TETO DA MÉDIA E ALTA COMPLEXIDADE - MAC;11463951000113;FUNDO MUNICIPAL DE SAUDE DE IGARACY;11072;11/05/2026;PROPOSTA PAGA;Proposta Paga;12/06/2026;R$200.000,00;R$200.000,00;R$200.000,00
2026;60060001;S.PART.;COMISSÃO DE ASSUNTOS SOCIAIS - CAS;4141;DANIELLA RIBEIRO;PB;250640;GURINHEM;MUNICIPAL;COMISSAO;CORRENTE;301;1000;1030151192E890001;26/03/2026;36000777940202600;202600033043;FAF;INCREMENTO PAP;2E89;ATENÇÃO PRIMÁRIA À SAÚDE;INCREMENTO DO PISO DA ATENÇÃO PRIMÁRIA À SAÚDE - PAP;11739873000137;FMS DE GURINHEM;11195;13/05/2026;PROPOSTA PAGA;Proposta Paga;16/06/2026;R$1.675.000,00;R$1.675.000,00;R$1.675.000,00
2026;60060002;S.PART.;COMISSÃO DE ASSUNTOS SOCIAIS - CAS;4088;VENEZIANO VITAL DO RÊGO;PB;250053;ALCANTIL;MUNICIPAL;COMISSAO;CORRENTE;302;1000;1030251182E900001;26/03/2026;36000776839202600;202600034359;FAF;INCREMENTO MAC;2E90;ATENÇÃO ESPECIALIZADA À SAÚDE;INCREMENTO TEMPORÁRIO DO TETO DA MÉDIA E ALTA COMPLEXIDADE - MAC;08448753000176;FUNDO MUNICIPAL DE SAUDE - ALCANTIL PB;11269;18/05/2026;PROPOSTA PAGA;Proposta Paga;12/06/2026;R$100.000,00;R$100.000,00;R$100.000,00
2026;60060002;S.PART.;COMISSÃO DE ASSUNTOS SOCIAIS - CAS;4088;VENEZIANO VITAL DO RÊGO;PB;250840;LASTRO;MUNICIPAL;COMISSAO;CORRENTE;302;1000;1030251182E900001;27/03/2026;36000780196202600;202600031736;FAF;INCREMENTO MAC;2E90;ATENÇÃO ESPECIALIZADA À SAÚDE;INCREMENTO TEMPORÁRIO DO TETO DA MÉDIA E ALTA COMPLEXIDADE - MAC;11304889000117;FUNDO MUNICIPAL DE SAUDE DE LASTRO;11072;11/05/2026;PROPOSTA PAGA;Proposta Paga;26/05/2026;R$100.000,00;R$100.000,00;R$100.000,00
2026;60060002;S.PART.;COMISSÃO DE ASSUNTOS SOCIAIS - CAS;4088;VENEZIANO VITAL DO RÊGO;PB;251570;SERRA GRANDE;MUNICIPAL;COMISSAO;CORRENTE;302;1000;1030251182E900001;25/03/2026;36000775961202600;202600031790;FAF;INCREMENTO MAC;2E90;ATENÇÃO ESPECIALIZADA À SAÚDE;INCREMENTO TEMPORÁRIO DO TETO DA MÉDIA E ALTA COMPLEXIDADE - MAC;11588202000112;FUNDO MUNICIPAL DE SAUDE DE SERRA GRANDE;11072;11/05/2026;PROPOSTA PAGA;Proposta Paga;28/05/2026;R$100.000,00;R$100.000,00;R$100.000,00
2026;50410001;S.PART.;COMISSÃO DA SAÚDE;1271 / 2712 / 2715 / 4317 / 4436;CABO GILBERTO SILVA / HUGO MOTTA / LUIZ COUTO / MURILO GALDINO / RUY CARNEIRO;PB;250750;JOAO PESSOA;ESTADUAL;COMISSAO;CORRENTE;302;1000;1030251182E900001;26/05/2026;36000809398202600;202600037997;FAF;INCREMENTO MAC;2E90;ATENÇÃO ESPECIALIZADA À SAÚDE;INCREMENTO TEMPORÁRIO DO TETO DA MÉDIA E ALTA COMPLEXIDADE - MAC;03609595000175;FUNDO ESTADUAL DE SAUDE DO ESTADO DA PARAIBA - FESEP;11468;29/05/2026;PROPOSTA PAGA;Proposta Paga;25/06/2026;R$1.000.000,00;R$1.000.000,00;R$1.000.000,00
2026;60060001;S.PART.;COMISSÃO DE ASSUNTOS SOCIAIS - CAS;4141;DANIELLA RIBEIRO;PB;251220;PRATA;MUNICIPAL;COMISSAO;CORRENTE;301;1000;1030151192E890001;22/03/2026;36000770820202600;202600033093;FAF;INCREMENTO PAP;2E89;ATENÇÃO PRIMÁRIA À SAÚDE;INCREMENTO DO PISO DA ATENÇÃO PRIMÁRIA À SAÚDE - PAP;11356674000140;FUNDO MUNICIPAL DE SAUDE DO MUNICIPIO DE PRATA;11195;13/05/2026;PROPOSTA PAGA;Proposta Paga;26/05/2026;R$200.000,00;R$200.000,00;R$200.000,00
2026;50410004;S.PART.;COMISSÃO DA SAÚDE;1283;WILSON SANTIAGO;PB;251680;TRIUNFO;MUNICIPAL;COMISSAO;CAPITAL;301;1000;10301511985810001;24/05/2026;12794460000126005;202600039889;FAF;EQUIPAMENTO;8581;ATENÇÃO PRIMÁRIA À SAÚDE;EQUIPAMENTOS - UBS;12794460000118;FUNDO MUNICIPAL DE SAUDE DE TRIUNFO;11531;09/06/2026;EM ANALISE PELA ÁREA FINALÍSTICA;Proposta Empenhada aguardando Formalização;-;R$49.051,00;R$49.051,00;R$0,00
2026;50410002;S.PART.;COMISSÃO DA SAÚDE;2712;HUGO MOTTA;PB;251276;RIACHAO DO POCO;MUNICIPAL;COMISSAO;CORRENTE;301;1000;1030151192E890001;17/06/2026;36000814951202600;202600040451;FAF;INCREMENTO PAP;2E89;ATENÇÃO PRIMÁRIA À SAÚDE;INCREMENTO DO PISO DA ATENÇÃO PRIMÁRIA À SAÚDE - PAP;11975218000188;FUNDO MUNICIPAL DE SAUDE DO MUNICIPIO DE RIACHAO DO POCO;11629;22/06/2026;PROPOSTA PAGA;Proposta Paga;29/06/2026;R$500.000,00;R$500.000,00;R$500.000,00
2026;50410002;S.PART.;COMISSÃO DA SAÚDE;2712;HUGO MOTTA;PB;251430;SAO JOSE DE CAIANA;MUNICIPAL;COMISSAO;CORRENTE;301;1000;1030151192E890001;30/04/2026;36000798762202600;202600033107;FAF;INCREMENTO PAP;2E89;ATENÇÃO PRIMÁRIA À SAÚDE;INCREMENTO DO PISO DA ATENÇÃO PRIMÁRIA À SAÚDE - PAP;10785644000196;FUNDO MUNICIPAL DE SAUDE DE SAO JOSE DE CAIANA;11222;15/05/2026;PROPOSTA PAGA;Proposta Paga;26/05/2026;R$500.000,00;R$500.000,00;R$500.000,00
2026;50410004;S.PART.;COMISSÃO DA SAÚDE;2715;RUY CARNEIRO;PB;250407;CARAUBAS;MUNICIPAL;COMISSAO;CAPITAL;301;1000;10301511985810001;20/05/2026;11431018000126001;202600036312;FAF;EQUIPAMENTO;8581;ATENÇÃO PRIMÁRIA À SAÚDE;EQUIPAMENTOS - UBS;11431018000164;FUNDO MUNICIPAL DE SAUDE;11415;26/05/2026;PROPOSTA PAGA;Proposta Paga;16/06/2026;R$199.972,00;R$199.972,00;R$199.972,00
2026;50410002;S.PART.;COMISSÃO DA SAÚDE;1283 / 4436;MURILO GALDINO / WILSON SANTIAGO;PB;250130;AROEIRAS;MUNICIPAL;COMISSAO;CORRENTE;301;1000;1030151192E890001;20/05/2026;36000807374202600;202600037391;FAF;INCREMENTO PAP;2E89;ATENÇÃO PRIMÁRIA À SAÚDE;INCREMENTO DO PISO DA ATENÇÃO PRIMÁRIA À SAÚDE - PAP;10819820000163;FUNDO MUNICIPAL DE SAUDE;11488;01/06/2026;PROPOSTA PAGA;Proposta Paga;29/06/2026;R$501.000,00;R$501.000,00;R$501.000,00
2026;50410002;S.PART.;COMISSÃO DA SAÚDE;1271;LUIZ COUTO;PB;251090;PAULISTA;MUNICIPAL;COMISSAO;CORRENTE;301;1000;1030151192E890001;04/05/2026;36000799876202600;202600035585;FAF;INCREMENTO PAP;2E89;ATENÇÃO PRIMÁRIA À SAÚDE;INCREMENTO DO PISO DA ATENÇÃO PRIMÁRIA À SAÚDE - PAP;11247833000178;FUNDO MUNICIPAL DE SAUDE;11335;20/05/2026;PROPOSTA PAGA;Proposta Paga;11/06/2026;R$100.000,00;R$100.000,00;R$100.000,00
2026;50410001;S.PART.;COMISSÃO DA SAÚDE;4317;CABO GILBERTO SILVA;PB;251380;SANTA TERESINHA;MUNICIPAL;COMISSAO;CORRENTE;302;1000;1030251182E900001;12/06/2026;36000814013202600;202600039783;FAF;INCREMENTO MAC;2E90;ATENÇÃO ESPECIALIZADA À SAÚDE;INCREMENTO TEMPORÁRIO DO TETO DA MÉDIA E ALTA COMPLEXIDADE - MAC;12447227000169;FUNDO MUNICIPAL DE SAUDE DE SANTA TEREZINHA;11600;18/06/2026;PROPOSTA PAGA;Proposta Paga;29/06/2026;R$400.000,00;R$400.000,00;R$400.000,00
2026;60060002;S.PART.;COMISSÃO DE ASSUNTOS SOCIAIS - CAS;4088;VENEZIANO VITAL DO RÊGO;PB;251396;SAO DOMINGOS;MUNICIPAL;COMISSAO;CORRENTE;302;1000;1030251182E900001;17/04/2026;36000794628202600;202600031773;FAF;INCREMENTO MAC;2E90;ATENÇÃO ESPECIALIZADA À SAÚDE;INCREMENTO TEMPORÁRIO DO TETO DA MÉDIA E ALTA COMPLEXIDADE - MAC;17792379000112;FUNDO MUNICIPAL DE SAUDE DE SAO DOMINGOS;11072;11/05/2026;PROPOSTA PAGA;Proposta Paga;28/05/2026;R$66.253,00;R$66.253,00;R$66.253,00
2026;60060002;S.PART.;COMISSÃO DE ASSUNTOS SOCIAIS - CAS;4088;VENEZIANO VITAL DO RÊGO;PB;250850;LIVRAMENTO;MUNICIPAL;COMISSAO;CORRENTE;302;1000;1030251182E900001;08/04/2026;36000791293202600;202600031737;FAF;INCREMENTO MAC;2E90;ATENÇÃO ESPECIALIZADA À SAÚDE;INCREMENTO TEMPORÁRIO DO TETO DA MÉDIA E ALTA COMPLEXIDADE - MAC;11188530000121;FUNDO MUNICIPAL DE SAUDE;11072;11/05/2026;PROPOSTA PAGA;Proposta Paga;26/05/2026;R$100.000,00;R$100.000,00;R$100.000,00
2026;60060001;S.PART.;COMISSÃO DE ASSUNTOS SOCIAIS - CAS;4088;VENEZIANO VITAL DO RÊGO;PB;250160;BARRA DE SANTA ROSA;MUNICIPAL;COMISSAO;CORRENTE;301;1000;1030151192E890001;30/03/2026;36000783292202600;202600032995;FAF;INCREMENTO PAP;2E89;ATENÇÃO PRIMÁRIA À SAÚDE;INCREMENTO DO PISO DA ATENÇÃO PRIMÁRIA À SAÚDE - PAP;11404690000160;FUNDO MUNICIPAL DE SAUDE;11195;13/05/2026;PROPOSTA PAGA;Proposta Paga;26/05/2026;R$100.000,00;R$100.000,00;R$100.000,00
2026;60060001;S.PART.;COMISSÃO DE ASSUNTOS SOCIAIS - CAS;4088;VENEZIANO VITAL DO RÊGO;PB;250205;BERNARDINO BATISTA;MUNICIPAL;COMISSAO;CORRENTE;301;1000;1030151192E890001;21/03/2026;36000770253202600;202600033005;FAF;INCREMENTO PAP;2E89;ATENÇÃO PRIMÁRIA À SAÚDE;INCREMENTO DO PISO DA ATENÇÃO PRIMÁRIA À SAÚDE - PAP;10484826000127;FUNDO MUNICIPAL DE SAUDE;11195;13/05/2026;PROPOSTA PAGA;Proposta Paga;26/05/2026;R$100.000,00;R$100.000,00;R$100.000,00
2026;60060001;S.PART.;COMISSÃO DE ASSUNTOS SOCIAIS - CAS;4088;VENEZIANO VITAL DO RÊGO;PB;250980;MULUNGU;MUNICIPAL;COMISSAO;CORRENTE;301;1000;1030151192E890001;01/04/2026;36000788144202600;202600033068;FAF;INCREMENTO PAP;2E89;ATENÇÃO PRIMÁRIA À SAÚDE;INCREMENTO DO PISO DA ATENÇÃO PRIMÁRIA À SAÚDE - PAP;18767963000180;FUNDO MUNICIPAL DE SAUDE MULUNGU;11195;13/05/2026;PROPOSTA PAGA;Proposta Paga;26/05/2026;R$100.000,00;R$100.000,00;R$100.000,00
2026;60060001;S.PART.;COMISSÃO DE ASSUNTOS SOCIAIS - CAS;4088;VENEZIANO VITAL DO RÊGO;PB;251100;PEDRA BRANCA;MUNICIPAL;COMISSAO;CORRENTE;301;1000;1030151192E890001;23/03/2026;36000772812202600;202600033082;FAF;INCREMENTO PAP;2E89;ATENÇÃO PRIMÁRIA À SAÚDE;INCREMENTO DO PISO DA ATENÇÃO PRIMÁRIA À SAÚDE - PAP;12051399000119;FUNDO MUNICIPAL DE SAUDE DE PEDRA BRANCA;11195;13/05/2026;PROPOSTA PAGA;Proposta Paga;26/05/2026;R$100.000,00;R$100.000,00;R$100.000,00
2026;50410004;S.PART.;COMISSÃO DA SAÚDE;2712;HUGO MOTTA;PB;250157;BARRA DE SANTANA;MUNICIPAL;COMISSAO;CAPITAL;301;1000;10301511985810001;14/05/2026;11109361000126004;202600038559;FAF;EQUIPAMENTO;8581;ATENÇÃO PRIMÁRIA À SAÚDE;TRANSPORTE ELETIVO EM SAÚDE;11109361000197;FUNDO MUNICIPAL DE SAUDE BARRA DE SANTANA;11533;09/06/2026;PROPOSTA PAGA;Proposta Paga;22/06/2026;R$719.582,00;R$719.582,00;R$719.582,00
2026;50410002;S.PART.;COMISSÃO DA SAÚDE;1271;LUIZ COUTO;PB;251020;NOVA OLINDA;MUNICIPAL;COMISSAO;CORRENTE;301;1000;1030151192E890001;14/05/2026;36000805460202600;202600035576;FAF;INCREMENTO PAP;2E89;ATENÇÃO PRIMÁRIA À SAÚDE;INCREMENTO DO PISO DA ATENÇÃO PRIMÁRIA À SAÚDE - PAP;11268720000159;FUNDO MUNICIPAL DE SAUDE_NOVA OLINDA;11335;20/05/2026;PROPOSTA PAGA;Proposta Paga;11/06/2026;R$150.000,00;R$150.000,00;R$150.000,00
2026;50410002;S.PART.;COMISSÃO DA SAÚDE;2714;ROMERO RODRIGUES;PB;250073;AMPARO;MUNICIPAL;COMISSAO;CORRENTE;301;1000;1030151192E890001;09/05/2026;36000803241202600;202600032992;FAF;INCREMENTO PAP;2E89;ATENÇÃO PRIMÁRIA À SAÚDE;INCREMENTO DO PISO DA ATENÇÃO PRIMÁRIA À SAÚDE - PAP;08612869000107;FUNDO MUNICIPAL DE SAUDE DE AMPARO-PB;11237;15/05/2026;PROPOSTA PAGA;Proposta Paga;26/05/2026;R$200.000,00;R$200.000,00;R$200.000,00
2026;50410002;S.PART.;COMISSÃO DA SAÚDE;2712;HUGO MOTTA;PB;251560;SERRA DA RAIZ;MUNICIPAL;COMISSAO;CORRENTE;301;1000;1030151192E890001;18/05/2026;36000806941202600;202600036630;FAF;INCREMENTO PAP;2E89;ATENÇÃO PRIMÁRIA À SAÚDE;INCREMENTO DO PISO DA ATENÇÃO PRIMÁRIA À SAÚDE - PAP;11594437000117;FUNDO MUNICIPAL DE SAUDE;11414;26/05/2026;PROPOSTA PAGA;Proposta Paga;16/06/2026;R$864.369,00;R$864.369,00;R$864.369,00
2026;50410002;S.PART.;COMISSÃO DA SAÚDE;1283 / 2712 / 2714;HUGO MOTTA / ROMERO RODRIGUES / WILSON SANTIAGO;PB;251120;PEDRAS DE FOGO;MUNICIPAL;COMISSAO;CORRENTE;301;1000;1030151192E890001;12/05/2026;36000804307202600;202600033081;FAF;INCREMENTO PAP;2E89;ATENÇÃO PRIMÁRIA À SAÚDE;INCREMENTO DO PISO DA ATENÇÃO PRIMÁRIA À SAÚDE - PAP;10490987000123;FUNDO MUNICIPAL DE SAUDE;11237;15/05/2026;PROPOSTA PAGA;Proposta Paga;26/05/2026;R$4.000.000,00;R$4.000.000,00;R$4.000.000,00
2026;50410002;S.PART.;COMISSÃO DA SAÚDE;2718 / 3997;AUGUSTO COUTINHO / GERVÁSIO MAIA;PB;250290;BREJO DOS SANTOS;MUNICIPAL;COMISSAO;CORRENTE;301;1000;1030151192E890001;13/05/2026;36000804960202600;202600035523;FAF;INCREMENTO PAP;2E89;ATENÇÃO PRIMÁRIA À SAÚDE;INCREMENTO DO PISO DA ATENÇÃO PRIMÁRIA À SAÚDE - PAP;18000776000177;FUNDO MUNICIPAL DE SAUDE DE BREJO DOS SANTOS;11335;20/05/2026;PROPOSTA PAGA;Proposta Paga;11/06/2026;R$300.000,00;R$300.000,00;R$300.000,00
2026;50410002;S.PART.;COMISSÃO DA SAÚDE;1277;WELLINGTON ROBERTO;PB;250850;LIVRAMENTO;MUNICIPAL;COMISSAO;CORRENTE;301;1000;1030151192E890001;07/06/2026;36000812679202600;202600041944;FAF;INCREMENTO PAP;2E89;ATENÇÃO PRIMÁRIA À SAÚDE;INCREMENTO DO PISO DA ATENÇÃO PRIMÁRIA À SAÚDE - PAP;11188530000121;FUNDO MUNICIPAL DE SAUDE;11766;30/06/2026;EM ANALISE PELA ÁREA FINALÍSTICA;Proposta Empenhada aguardando Formalização;-;R$300.000,00;R$300.000,00;R$0,00
2026;50410003;S.PART.;COMISSÃO DA SAÚDE;1271;LUIZ COUTO;PB;251610;SOLEDADE;MUNICIPAL;COMISSAO;CAPITAL;302;1000;10302511885350001;01/06/2026;02182502000126002;202600041694;FAF;EQUIPAMENTO;8535;ATENÇÃO ESPECIALIZADA À SAÚDE;Rede de Atenção Hospitalar - Ambulância de Transporte Tipo A - Remoção Simples - Eletiva;02182502000106;FUNDO MUNICIPAL DE SAUDE DE SOLEDADE;11759;30/06/2026;PROPOSTA PAGA;Proposta Paga;03/07/2026;R$260.998,00;R$260.998,00;R$260.998,00
2026;50410001;S.PART.;COMISSÃO DA SAÚDE;4436;MURILO GALDINO;PB;250980;MULUNGU;MUNICIPAL;COMISSAO;CORRENTE;302;1000;1030251182E900001;28/05/2026;36000811269202600;202600039372;FAF;INCREMENTO MAC;2E90;ATENÇÃO ESPECIALIZADA À SAÚDE;INCREMENTO TEMPORÁRIO DO TETO DA MÉDIA E ALTA COMPLEXIDADE - MAC;18767963000180;FUNDO MUNICIPAL DE SAUDE MULUNGU;11570;16/06/2026;PROPOSTA PAGA;Proposta Paga;29/06/2026;R$200.000,00;R$200.000,00;R$200.000,00
2026;50410001;S.PART.;COMISSÃO DA SAÚDE;2712;HUGO MOTTA;PB;250375;CAJAZEIRINHAS;MUNICIPAL;COMISSAO;CORRENTE;302;1000;1030251182E900001;05/05/2026;36000800836202600;202600031705;FAF;INCREMENTO MAC;2E90;ATENÇÃO ESPECIALIZADA À SAÚDE;INCREMENTO TEMPORÁRIO DO TETO DA MÉDIA E ALTA COMPLEXIDADE - MAC;10461231000156;FUNDO MUNICIPAL DE SAUDE DE CAJAZEIRINHAS;11225;15/05/2026;PROPOSTA PAGA;Proposta Paga;26/05/2026;R$300.000,00;R$300.000,00;R$300.000,00
2026;60060001;S.PART.;COMISSÃO DE ASSUNTOS SOCIAIS - CAS;4088 / 4270;EFRAIM FILHO / VENEZIANO VITAL DO RÊGO;PB;250710;ITAPOROROCA;MUNICIPAL;COMISSAO;CORRENTE;301;1000;1030151192E890001;24/03/2026;36000772963202600;202600033044;FAF;INCREMENTO PAP;2E89;ATENÇÃO PRIMÁRIA À SAÚDE;INCREMENTO DO PISO DA ATENÇÃO PRIMÁRIA À SAÚDE - PAP;12099621000153;FUNDO MUNICIPAL DE SAUDE;11195;13/05/2026;PROPOSTA PAGA;Proposta Paga;26/05/2026;R$100.000,00;R$100.000,00;R$100.000,00
2026;60060001;S.PART.;COMISSÃO DE ASSUNTOS SOCIAIS - CAS;4088;VENEZIANO VITAL DO RÊGO;PB;250760;JUAREZ TAVORA;MUNICIPAL;COMISSAO;CORRENTE;301;1000;1030151192E890001;28/04/2026;36000797930202600;202600033052;FAF;INCREMENTO PAP;2E89;ATENÇÃO PRIMÁRIA À SAÚDE;INCREMENTO DO PISO DA ATENÇÃO PRIMÁRIA À SAÚDE - PAP;11908594000150;FUNDO MUNICIPAL DE SAUDE DE JUAREZ TAVORA;11195;13/05/2026;PROPOSTA PAGA;Proposta Paga;26/05/2026;R$100.000,00;R$100.000,00;R$100.000,00
2026;60060001;S.PART.;COMISSÃO DE ASSUNTOS SOCIAIS - CAS;4088;VENEZIANO VITAL DO RÊGO;PB;250070;SAO JOAO DO RIO DO PEIXE;MUNICIPAL;COMISSAO;CORRENTE;301;1000;1030151192E890001;05/04/2026;36000790137202600;202600033103;FAF;INCREMENTO PAP;2E89;ATENÇÃO PRIMÁRIA À SAÚDE;INCREMENTO DO PISO DA ATENÇÃO PRIMÁRIA À SAÚDE - PAP;17648806000193;FUNDO MUNICIPAL DE SAUDE DE SAO JOAO DO RIO DO PEIXE;11195;13/05/2026;PROPOSTA PAGA;Proposta Paga;26/05/2026;R$100.000,00;R$100.000,00;R$100.000,00
2026;60060001;S.PART.;COMISSÃO DE ASSUNTOS SOCIAIS - CAS;4088;VENEZIANO VITAL DO RÊGO;PB;250403;CAPIM;MUNICIPAL;COMISSAO;CORRENTE;301;1000;1030151192E890001;25/03/2026;36000775588202600;202600033017;FAF;INCREMENTO PAP;2E89;ATENÇÃO PRIMÁRIA À SAÚDE;INCREMENTO DO PISO DA ATENÇÃO PRIMÁRIA À SAÚDE - PAP;08730943000181;FUNDO MUNICIPAL DE SAUDE;11195;13/05/2026;PROPOSTA PAGA;Proposta Paga;26/05/2026;R$200.000,00;R$200.000,00;R$200.000,00
2026;60060001;S.PART.;COMISSÃO DE ASSUNTOS SOCIAIS - CAS;4141;DANIELLA RIBEIRO;PB;250620;FREI MARTINHO;MUNICIPAL;COMISSAO;CORRENTE;301;1000;1030151192E890001;22/03/2026;36000770821202600;202600033037;FAF;INCREMENTO PAP;2E89;ATENÇÃO PRIMÁRIA À SAÚDE;INCREMENTO DO PISO DA ATENÇÃO PRIMÁRIA À SAÚDE - PAP;11252030000101;FUNDO MUNICIPAL DE SAUDE DE FREI MARTINHO;11195;13/05/2026;PROPOSTA PAGA;Proposta Paga;26/05/2026;R$200.000,00;R$200.000,00;R$200.000,00
2026;50410002;S.PART.;COMISSÃO DA SAÚDE;2718;AUGUSTO COUTINHO;PB;251270;REMIGIO;MUNICIPAL;COMISSAO;CORRENTE;301;1000;1030151192E890001;25/05/2026;36000809169202600;202600037069;FAF;INCREMENTO PAP;2E89;ATENÇÃO PRIMÁRIA À SAÚDE;INCREMENTO DO PISO DA ATENÇÃO PRIMÁRIA À SAÚDE - PAP;11376311000176;FUNDO MUNICIPAL DE SAUDE - REMIGIO - PB;11488;01/06/2026;PROPOSTA PAGA;Proposta Paga;29/06/2026;R$1.500.000,00;R$1.500.000,00;R$1.500.000,00
2026;50410002;S.PART.;COMISSÃO DA SAÚDE;4436;MURILO GALDINO;PB;250770;JUAZEIRINHO;MUNICIPAL;COMISSAO;CORRENTE;301;1000;1030151192E890001;01/05/2026;36000799255202600;202600035550;FAF;INCREMENTO PAP;2E89;ATENÇÃO PRIMÁRIA À SAÚDE;INCREMENTO DO PISO DA ATENÇÃO PRIMÁRIA À SAÚDE - PAP;11277311000119;FUNDO MUNICIPAL DE SAUDE DE JUAZEIRINHO;11335;20/05/2026;PROPOSTA PAGA;Proposta Paga;29/06/2026;R$3.000.000,00;R$3.000.000,00;R$3.000.000,00
2026;50410002;S.PART.;COMISSÃO DA SAÚDE;2712;HUGO MOTTA;PB;250810;LAGOA;MUNICIPAL;COMISSAO;CORRENTE;301;1000;1030151192E890001;05/05/2026;36000800582202600;202600033053;FAF;INCREMENTO PAP;2E89;ATENÇÃO PRIMÁRIA À SAÚDE;INCREMENTO DO PISO DA ATENÇÃO PRIMÁRIA À SAÚDE - PAP;12319873000140;FUNDO MUNICIPAL DE SAUDE - FMS;11222;15/05/2026;PROPOSTA PAGA;Proposta Paga;26/05/2026;R$500.000,00;R$500.000,00;R$500.000,00
2026;50410002;S.PART.;COMISSÃO DA SAÚDE;4581;VALDIR TRINDADE;PB;251203;POCO DANTAS;MUNICIPAL;COMISSAO;CORRENTE;301;1000;1030151192E890001;18/06/2026;36000815256202600;202600040999;FAF;INCREMENTO PAP;2E89;ATENÇÃO PRIMÁRIA À SAÚDE;INCREMENTO DO PISO DA ATENÇÃO PRIMÁRIA À SAÚDE - PAP;08743272000193;FUNDO MUNICIPAL DE SAUDE;11629;22/06/2026;EM ANALISE PELA ÁREA FINALÍSTICA;Proposta Empenhada aguardando Formalização;-;R$400.000,00;R$400.000,00;R$0,00
2026;50410002;S.PART.;COMISSÃO DA SAÚDE;1271 / 2712;HUGO MOTTA / LUIZ COUTO;PB;250220;BOM JESUS;MUNICIPAL;COMISSAO;CORRENTE;301;1000;1030151192E890001;05/05/2026;36000800783202600;202600033006;FAF;INCREMENTO PAP;2E89;ATENÇÃO PRIMÁRIA À SAÚDE;INCREMENTO DO PISO DA ATENÇÃO PRIMÁRIA À SAÚDE - PAP;11856862000137;FUNDO MUNICIPAL DE SAUDE DO MUNICIPIO DE BOM JESUS;11222;15/05/2026;PROPOSTA PAGA;Proposta Paga;26/05/2026;R$55.000,00;R$55.000,00;R$55.000,00
2026;50410001;S.PART.;COMISSÃO DA SAÚDE;1283;WILSON SANTIAGO;PB;250510;CUITE;MUNICIPAL;COMISSAO;CORRENTE;302;1000;1030251182E900001;03/05/2026;36000799409202600;202600031714;FAF;INCREMENTO MAC;2E90;ATENÇÃO ESPECIALIZADA À SAÚDE;INCREMENTO TEMPORÁRIO DO TETO DA MÉDIA E ALTA COMPLEXIDADE - MAC;11404674000178;FUNDO MUNICIPAL DE SAUDE;11225;15/05/2026;PROPOSTA PAGA;Proposta Paga;29/06/2026;R$3.000.000,00;R$3.000.000,00;R$3.000.000,00
2026;50410001;S.PART.;COMISSÃO DA SAÚDE;2712 / 4317;CABO GILBERTO SILVA / HUGO MOTTA;PB;251150;PILAR;MUNICIPAL;COMISSAO;CORRENTE;302;1000;1030251182E900001;01/05/2026;36000799272202600;202600036386;FAF;INCREMENTO MAC;2E90;ATENÇÃO ESPECIALIZADA À SAÚDE;INCREMENTO TEMPORÁRIO DO TETO DA MÉDIA E ALTA COMPLEXIDADE - MAC;11171199000137;FUNDO MUNICIPAL DE SAUDE DO MUNICIPIO DE PILAR;11401;26/05/2026;PROPOSTA PAGA;Proposta Paga;16/06/2026;R$500.000,00;R$500.000,00;R$500.000,00
2026;60060002;S.PART.;COMISSÃO DE ASSUNTOS SOCIAIS - CAS;4141 / 4270;DANIELLA RIBEIRO / EFRAIM FILHO;PB;250750;JOAO PESSOA;ESTADUAL;COMISSAO;CORRENTE;302;1000;1030251182E900001;25/03/2026;36000775531202600;202600031729;FAF;INCREMENTO MAC;2E90;ATENÇÃO ESPECIALIZADA À SAÚDE;INCREMENTO TEMPORÁRIO DO TETO DA MÉDIA E ALTA COMPLEXIDADE - MAC;03609595000175;FUNDO ESTADUAL DE SAUDE DO ESTADO DA PARAIBA - FESEP;11072;11/05/2026;PROPOSTA PAGA;Proposta Paga;26/05/2026;R$5.942.923,00;R$5.942.923,00;R$5.942.923,00
2026;60060002;S.PART.;COMISSÃO DE ASSUNTOS SOCIAIS - CAS;4088;VENEZIANO VITAL DO RÊGO;PB;251220;PRATA;MUNICIPAL;COMISSAO;CORRENTE;302;1000;1030251182E900001;22/03/2026;36000770824202600;202600031762;FAF;INCREMENTO MAC;2E90;ATENÇÃO ESPECIALIZADA À SAÚDE;INCREMENTO TEMPORÁRIO DO TETO DA MÉDIA E ALTA COMPLEXIDADE - MAC;11356674000140;FUNDO MUNICIPAL DE SAUDE DO MUNICIPIO DE PRATA;11072;11/05/2026;PROPOSTA PAGA;Proposta Paga;28/05/2026;R$150.000,00;R$150.000,00;R$150.000,00
2026;60060002;S.PART.;COMISSÃO DE ASSUNTOS SOCIAIS - CAS;4088;VENEZIANO VITAL DO RÊGO;PB;250900;MANAIRA;MUNICIPAL;COMISSAO;CORRENTE;302;1000;1030251182E900001;27/03/2026;36000780295202600;202600031740;FAF;INCREMENTO MAC;2E90;ATENÇÃO ESPECIALIZADA À SAÚDE;INCREMENTO TEMPORÁRIO DO TETO DA MÉDIA E ALTA COMPLEXIDADE - MAC;10522238000130;FUNDO MUNICIPAL DE SAUDE DE MANAIRA;11072;11/05/2026;PROPOSTA PAGA;Proposta Paga;16/06/2026;R$100.000,00;R$100.000,00;R$100.000,00
2026;60060002;S.PART.;COMISSÃO DE ASSUNTOS SOCIAIS - CAS;4088;VENEZIANO VITAL DO RÊGO;PB;251030;NOVA PALMEIRA;MUNICIPAL;COMISSAO;CORRENTE;302;1000;1030251182E900001;23/03/2026;36000771804202600;202600031750;FAF;INCREMENTO MAC;2E90;ATENÇÃO ESPECIALIZADA À SAÚDE;INCREMENTO TEMPORÁRIO DO TETO DA MÉDIA E ALTA COMPLEXIDADE - MAC;08579944000177;FUNDO MUNICIPAL DE SAUDE DE NOVA PALMEIRA;11072;11/05/2026;PROPOSTA PAGA;Proposta Paga;28/05/2026;R$100.000,00;R$100.000,00;R$100.000,00
2026;60060002;S.PART.;COMISSÃO DE ASSUNTOS SOCIAIS - CAS;4088 / 4270;EFRAIM FILHO / VENEZIANO VITAL DO RÊGO;PB;251430;SAO JOSE DE CAIANA;MUNICIPAL;COMISSAO;CORRENTE;302;1000;1030251182E900001;23/03/2026;36000772824202600;202600031778;FAF;INCREMENTO MAC;2E90;ATENÇÃO ESPECIALIZADA À SAÚDE;INCREMENTO TEMPORÁRIO DO TETO DA MÉDIA E ALTA COMPLEXIDADE - MAC;10785644000196;FUNDO MUNICIPAL DE SAUDE DE SAO JOSE DE CAIANA;11072;11/05/2026;PROPOSTA PAGA;Proposta Paga;28/05/2026;R$100.000,00;R$100.000,00;R$100.000,00
2026;60060002;S.PART.;COMISSÃO DE ASSUNTOS SOCIAIS - CAS;4088;VENEZIANO VITAL DO RÊGO;PB;251540;SAO VICENTE DO SERIDO;MUNICIPAL;COMISSAO;CORRENTE;302;1000;1030251182E900001;31/03/2026;36000784588202600;202600031788;FAF;INCREMENTO MAC;2E90;ATENÇÃO ESPECIALIZADA À SAÚDE;INCREMENTO TEMPORÁRIO DO TETO DA MÉDIA E ALTA COMPLEXIDADE - MAC;08573654000116;FUNDO MUNICIPAL DE SAUDE;11072;11/05/2026;PROPOSTA PAGA;Proposta Paga;28/05/2026;R$100.000,00;R$100.000,00;R$100.000,00
2026;50410001;S.PART.;COMISSÃO DA SAÚDE;1271 / 2712 / 2715 / 4317 / 4436;CABO GILBERTO SILVA / HUGO MOTTA / LUIZ COUTO / MURILO GALDINO / RUY CARNEIRO;PB;250750;JOAO PESSOA;ESTADUAL;COMISSAO;CORRENTE;302;1000;1030251182E900001;15/06/2026;36000814612202600;202600039780;FAF;INCREMENTO MAC;2E90;ATENÇÃO ESPECIALIZADA À SAÚDE;INCREMENTO TEMPORÁRIO DO TETO DA MÉDIA E ALTA COMPLEXIDADE - MAC;03609595000175;FUNDO ESTADUAL DE SAUDE DO ESTADO DA PARAIBA - FESEP;11598;18/06/2026;PROPOSTA PAGA;Proposta Paga;03/07/2026;R$1.488.700,00;R$1.488.700,00;R$1.488.700,00
2026;60060001;S.PART.;COMISSÃO DE ASSUNTOS SOCIAIS - CAS;4088;VENEZIANO VITAL DO RÊGO;PB;250140;BAIA DA TRAICAO;MUNICIPAL;COMISSAO;CORRENTE;301;1000;1030151192E890001;25/03/2026;36000775901202600;202600032999;FAF;INCREMENTO PAP;2E89;ATENÇÃO PRIMÁRIA À SAÚDE;INCREMENTO DO PISO DA ATENÇÃO PRIMÁRIA À SAÚDE - PAP;13923732000103;FUNDO MUNICIPAL DE SAUDE DE BAIA DA TRAICAO-PB;11195;13/05/2026;PROPOSTA PAGA;Proposta Paga;26/05/2026;R$100.000,00;R$100.000,00;R$100.000,00
2026;60060001;S.PART.;COMISSÃO DE ASSUNTOS SOCIAIS - CAS;4088;VENEZIANO VITAL DO RÊGO;PB;250530;CURRAL VELHO;MUNICIPAL;COMISSAO;CORRENTE;301;1000;1030151192E890001;01/04/2026;36000788556202600;202600033029;FAF;INCREMENTO PAP;2E89;ATENÇÃO PRIMÁRIA À SAÚDE;INCREMENTO DO PISO DA ATENÇÃO PRIMÁRIA À SAÚDE - PAP;10472943000170;FUNDO MUNICIPAL DE SAUDE DE CURRAL VELHO;11195;13/05/2026;PROPOSTA PAGA;Proposta Paga;26/05/2026;R$100.000,00;R$100.000,00;R$100.000,00
2026;60060001;S.PART.;COMISSÃO DE ASSUNTOS SOCIAIS - CAS;4088;VENEZIANO VITAL DO RÊGO;PB;250960;MONTE HOREBE;MUNICIPAL;COMISSAO;CORRENTE;301;1000;1030151192E890001;05/05/2026;36000800464202600;202600033070;FAF;INCREMENTO PAP;2E89;ATENÇÃO PRIMÁRIA À SAÚDE;INCREMENTO DO PISO DA ATENÇÃO PRIMÁRIA À SAÚDE - PAP;12445872000142;FUNDO MUNICIPAL DE SAUDE DO MUNICIPIO DE MONTE HOREBE - PB;11195;13/05/2026;PROPOSTA PAGA;Proposta Paga;26/05/2026;R$200.000,00;R$200.000,00;R$200.000,00
2026;60060001;S.PART.;COMISSÃO DE ASSUNTOS SOCIAIS - CAS;4088 / 4141 / 4270;DANIELLA RIBEIRO / EFRAIM FILHO / VENEZIANO VITAL DO RÊGO;PB;251430;SAO JOSE DE CAIANA;MUNICIPAL;COMISSAO;CORRENTE;301;1000;1030151192E890001;31/03/2026;36000785891202600;202600033109;FAF;INCREMENTO PAP;2E89;ATENÇÃO PRIMÁRIA À SAÚDE;INCREMENTO DO PISO DA ATENÇÃO PRIMÁRIA À SAÚDE - PAP;10785644000196;FUNDO MUNICIPAL DE SAUDE DE SAO JOSE DE CAIANA;11195;13/05/2026;PROPOSTA PAGA;Proposta Paga;26/05/2026;R$200.000,00;R$200.000,00;R$200.000,00
2026;50410002;S.PART.;COMISSÃO DA SAÚDE;2714;ROMERO RODRIGUES;PB;250485;COXIXOLA;MUNICIPAL;COMISSAO;CORRENTE;301;1000;1030151192E890001;20/05/2026;36000807577202600;202600037057;FAF;INCREMENTO PAP;2E89;ATENÇÃO PRIMÁRIA À SAÚDE;INCREMENTO DO PISO DA ATENÇÃO PRIMÁRIA À SAÚDE - PAP;11525246000101;FUNDO MUNICIPAL DE SAUDE;11488;01/06/2026;PROPOSTA PAGA;Proposta Paga;16/06/2026;R$200.000,00;R$200.000,00;R$200.000,00
2026;50410002;S.PART.;COMISSÃO DA SAÚDE;1283;WILSON SANTIAGO;PB;251675;TENORIO;MUNICIPAL;COMISSAO;CORRENTE;301;1000;1030151192E890001;06/05/2026;36000801651202600;202600033140;FAF;INCREMENTO PAP;2E89;ATENÇÃO PRIMÁRIA À SAÚDE;INCREMENTO DO PISO DA ATENÇÃO PRIMÁRIA À SAÚDE - PAP;11793042000143;FUNDO MUNICIPAL DE SAUDE DE TENORIO;11222;15/05/2026;PROPOSTA PAGA;Proposta Paga;26/05/2026;R$1.000.000,00;R$1.000.000,00;R$1.000.000,00
2026;50410002;S.PART.;COMISSÃO DA SAÚDE;2712 / 2718;AUGUSTO COUTINHO / HUGO MOTTA;PB;250730;JACARAU;MUNICIPAL;COMISSAO;CORRENTE;301;1000;1030151192E890001;25/05/2026;36000808973202600;202600040136;FAF;INCREMENTO PAP;2E89;ATENÇÃO PRIMÁRIA À SAÚDE;INCREMENTO DO PISO DA ATENÇÃO PRIMÁRIA À SAÚDE - PAP;10486210000195;FUNDO MUNICIPAL DE SAUDE DE JACARAU;11610;19/06/2026;PROPOSTA PAGA;Proposta Paga;29/06/2026;R$2.966.940,00;R$2.966.940,00;R$2.966.940,00
2026;50410002;S.PART.;COMISSÃO DA SAÚDE;4436;MURILO GALDINO;PB;251250;QUEIMADAS;MUNICIPAL;COMISSAO;CORRENTE;301;1000;1030151192E890001;18/05/2026;36000806905202600;202600037708;FAF;INCREMENTO PAP;2E89;ATENÇÃO PRIMÁRIA À SAÚDE;INCREMENTO DO PISO DA ATENÇÃO PRIMÁRIA À SAÚDE - PAP;11162629000154;FUNDO MUNICIPAL DE SAUDE;11403;26/05/2026;PROPOSTA PAGA;Proposta Paga;29/06/2026;R$494.000,00;R$494.000,00;R$494.000,00
2026;50410003;S.PART.;COMISSÃO DA SAÚDE;2712;HUGO MOTTA;PB;250070;SAO JOAO DO RIO DO PEIXE;MUNICIPAL;COMISSAO;CAPITAL;302;1000;10302511885350001;30/05/2026;17648806000126007;202600041372;FAF;EQUIPAMENTO;8535;ATENÇÃO ESPECIALIZADA À SAÚDE;Rede de Atenção Hospitalar - Hospital Geral;17648806000193;FUNDO MUNICIPAL DE SAUDE DE SAO JOAO DO RIO DO PEIXE;11736;29/06/2026;PROPOSTA PAGA;Proposta Paga;03/07/2026;R$499.909,00;R$499.909,00;R$499.909,00
2026;50410002;S.PART.;COMISSÃO DA SAÚDE;2712;HUGO MOTTA;PB;251260;QUIXABA;MUNICIPAL;COMISSAO;CORRENTE;301;1000;1030151192E890001;06/05/2026;36000801154202600;202600033091;FAF;INCREMENTO PAP;2E89;ATENÇÃO PRIMÁRIA À SAÚDE;INCREMENTO DO PISO DA ATENÇÃO PRIMÁRIA À SAÚDE - PAP;12335016000134;FUNDO MUNICIPAL DE SAUDE DE QUIXABA;11222;15/05/2026;PROPOSTA PAGA;Proposta Paga;26/06/2026;R$203.000,00;R$203.000,00;R$203.000,00
2026;50410001;S.PART.;COMISSÃO DA SAÚDE;2718 / 4317 / 4436;AUGUSTO COUTINHO / CABO GILBERTO SILVA / MURILO GALDINO;PB;250680;INGA;MUNICIPAL;COMISSAO;CORRENTE;302;1000;1030251182E900001;20/05/2026;36000807226202600;202600037995;FAF;INCREMENTO MAC;2E90;ATENÇÃO ESPECIALIZADA À SAÚDE;INCREMENTO TEMPORÁRIO DO TETO DA MÉDIA E ALTA COMPLEXIDADE - MAC;08610110000187;FUNDO MUNICIPAL DE SAUDE DE INGA/PB;11422;27/05/2026;PROPOSTA PAGA;Proposta Paga;29/06/2026;R$201.000,00;R$201.000,00;R$201.000,00
2026;60060002;S.PART.;COMISSÃO DE ASSUNTOS SOCIAIS - CAS;4088;VENEZIANO VITAL DO RÊGO;PB;250780;JUNCO DO SERIDO;MUNICIPAL;COMISSAO;CORRENTE;302;1000;1030251182E900001;23/03/2026;36000772467202600;202600031731;FAF;INCREMENTO MAC;2E90;ATENÇÃO ESPECIALIZADA À SAÚDE;INCREMENTO TEMPORÁRIO DO TETO DA MÉDIA E ALTA COMPLEXIDADE - MAC;13069201000197;FUNDO MUNICIPAL DE SAUDE DE JUNCO DO SERIDO-PB;11072;11/05/2026;PROPOSTA PAGA;Proposta Paga;26/05/2026;R$100.000,00;R$100.000,00;R$100.000,00
2026;60060002;S.PART.;COMISSÃO DE ASSUNTOS SOCIAIS - CAS;4088;VENEZIANO VITAL DO RÊGO;PB;250830;LAGOA SECA;MUNICIPAL;COMISSAO;CORRENTE;302;1000;1030251182E900001;28/03/2026;36000781141202600;202600031735;FAF;INCREMENTO MAC;2E90;ATENÇÃO ESPECIALIZADA À SAÚDE;INCREMENTO TEMPORÁRIO DO TETO DA MÉDIA E ALTA COMPLEXIDADE - MAC;11264183000179;FUNDO MUNICIPAL DE SAUDE;11072;11/05/2026;PROPOSTA PAGA;Proposta Paga;26/05/2026;R$100.000,00;R$100.000,00;R$100.000,00
2026;60060002;S.PART.;COMISSÃO DE ASSUNTOS SOCIAIS - CAS;4088;VENEZIANO VITAL DO RÊGO;PB;250070;SAO JOAO DO RIO DO PEIXE;MUNICIPAL;COMISSAO;CORRENTE;302;1000;1030251182E900001;05/04/2026;36000790134202600;202600031775;FAF;INCREMENTO MAC;2E90;ATENÇÃO ESPECIALIZADA À SAÚDE;INCREMENTO TEMPORÁRIO DO TETO DA MÉDIA E ALTA COMPLEXIDADE - MAC;17648806000193;FUNDO MUNICIPAL DE SAUDE DE SAO JOAO DO RIO DO PEIXE;11072;11/05/2026;PROPOSTA PAGA;Proposta Paga;28/05/2026;R$100.000,00;R$100.000,00;R$100.000,00
2026;60060001;S.PART.;COMISSÃO DE ASSUNTOS SOCIAIS - CAS;4088;VENEZIANO VITAL DO RÊGO;PB;251396;SAO DOMINGOS;MUNICIPAL;COMISSAO;CORRENTE;301;1000;1030151192E890001;01/04/2026;36000787983202600;202600033102;FAF;INCREMENTO PAP;2E89;ATENÇÃO PRIMÁRIA À SAÚDE;INCREMENTO DO PISO DA ATENÇÃO PRIMÁRIA À SAÚDE - PAP;17792379000112;FUNDO MUNICIPAL DE SAUDE DE SAO DOMINGOS;11195;13/05/2026;PROPOSTA PAGA;Proposta Paga;26/05/2026;R$100.000,00;R$100.000,00;R$100.000,00
2026;60060001;S.PART.;COMISSÃO DE ASSUNTOS SOCIAIS - CAS;4088;VENEZIANO VITAL DO RÊGO;PB;251490;SAO MAMEDE;MUNICIPAL;COMISSAO;CORRENTE;301;1000;1030151192E890001;24/03/2026;36000773664202600;202600033117;FAF;INCREMENTO PAP;2E89;ATENÇÃO PRIMÁRIA À SAÚDE;INCREMENTO DO PISO DA ATENÇÃO PRIMÁRIA À SAÚDE - PAP;04223191000101;FUNDO MUN.DE SAUDE DE SAO MAMEDE-PB;11195;13/05/2026;PROPOSTA PAGA;Proposta Paga;11/06/2026;R$100.000,00;R$100.000,00;R$100.000,00
2026;60060001;S.PART.;COMISSÃO DE ASSUNTOS SOCIAIS - CAS;4141;DANIELLA RIBEIRO;PB;250740;JERICO;MUNICIPAL;COMISSAO;CORRENTE;301;1000;1030151192E890001;30/03/2026;36000781842202600;202600033049;FAF;INCREMENTO PAP;2E89;ATENÇÃO PRIMÁRIA À SAÚDE;INCREMENTO DO PISO DA ATENÇÃO PRIMÁRIA À SAÚDE - PAP;12009325000114;FUNDO MUNICIPAL DE SAUDE - FMS;11195;13/05/2026;PROPOSTA PAGA;Proposta Paga;29/06/2026;R$200.000,00;R$200.000,00;R$200.000,00
2026;60060001;S.PART.;COMISSÃO DE ASSUNTOS SOCIAIS - CAS;4088;VENEZIANO VITAL DO RÊGO;PB;250680;INGA;MUNICIPAL;COMISSAO;CORRENTE;301;1000;1030151192E890001;14/04/2026;36000792565202600;202600033046;FAF;INCREMENTO PAP;2E89;ATENÇÃO PRIMÁRIA À SAÚDE;INCREMENTO DO PISO DA ATENÇÃO PRIMÁRIA À SAÚDE - PAP;08610110000187;FUNDO MUNICIPAL DE SAUDE DE INGA/PB;11195;13/05/2026;PROPOSTA PAGA;Proposta Paga;26/05/2026;R$150.000,00;R$150.000,00;R$150.000,00
2026;50410002;S.PART.;COMISSÃO DA SAÚDE;1283;WILSON SANTIAGO;PB;250490;CRUZ DO ESPIRITO SANTO;MUNICIPAL;COMISSAO;CORRENTE;301;1000;1030151192E890001;18/05/2026;36000806826202600;202600036588;FAF;INCREMENTO PAP;2E89;ATENÇÃO PRIMÁRIA À SAÚDE;INCREMENTO DO PISO DA ATENÇÃO PRIMÁRIA À SAÚDE - PAP;23014200000107;FUNDO MUNICIPAL DE SAUDE DE CRUZ DO ESPIRITO SANTO;11403;26/05/2026;PROPOSTA PAGA;Proposta Paga;29/06/2026;R$2.500.000,00;R$2.500.000,00;R$2.500.000,00
2026;50410002;S.PART.;COMISSÃO DA SAÚDE;1283;WILSON SANTIAGO;PB;251280;RIACHO DOS CAVALOS;MUNICIPAL;COMISSAO;CORRENTE;301;1000;1030151192E890001;06/05/2026;36000801632202600;202600036616;FAF;INCREMENTO PAP;2E89;ATENÇÃO PRIMÁRIA À SAÚDE;INCREMENTO DO PISO DA ATENÇÃO PRIMÁRIA À SAÚDE - PAP;12081925000193;RIACHO DOS CAVALOS FUNDO MUNICIPAL DE SAUDE;11414;26/05/2026;PROPOSTA PAGA;Proposta Paga;29/06/2026;R$1.000.000,00;R$1.000.000,00;R$1.000.000,00
2026;50410002;S.PART.;COMISSÃO DA SAÚDE;2712 / 2718;AUGUSTO COUTINHO / HUGO MOTTA;PB;250030;ALAGOA GRANDE;MUNICIPAL;COMISSAO;CORRENTE;301;1000;1030151192E890001;18/06/2026;36000815591202600;202600041933;FAF;INCREMENTO PAP;2E89;ATENÇÃO PRIMÁRIA À SAÚDE;INCREMENTO DO PISO DA ATENÇÃO PRIMÁRIA À SAÚDE - PAP;17698753000115;FUNDO MUNICIPAL DE SAUDE DE ALAGOA GRANDE;11766;30/06/2026;PROPOSTA PAGA;Proposta Paga;02/07/2026;R$3.500.000,00;R$3.500.000,00;R$3.500.000,00
2026;50410002;S.PART.;COMISSÃO DA SAÚDE;2712;HUGO MOTTA;PB;251160;PILOES;MUNICIPAL;COMISSAO;CORRENTE;301;1000;1030151192E890001;09/06/2026;36000813092202600;202600040145;FAF;INCREMENTO PAP;2E89;ATENÇÃO PRIMÁRIA À SAÚDE;INCREMENTO DO PISO DA ATENÇÃO PRIMÁRIA À SAÚDE - PAP;12044868000172;FUNDO MUNICIPAL DE SAUDE - PILOES-PB;11610;19/06/2026;PROPOSTA PAGA;Proposta Paga;29/06/2026;R$500.000,00;R$500.000,00;R$500.000,00
2026;50410002;S.PART.;COMISSÃO DA SAÚDE;2712 / 2715;HUGO MOTTA / RUY CARNEIRO;PB;250830;LAGOA SECA;MUNICIPAL;COMISSAO;CORRENTE;301;1000;1030151192E890001;18/05/2026;36000806847202600;202600036600;FAF;INCREMENTO PAP;2E89;ATENÇÃO PRIMÁRIA À SAÚDE;INCREMENTO DO PISO DA ATENÇÃO PRIMÁRIA À SAÚDE - PAP;11264183000179;FUNDO MUNICIPAL DE SAUDE;11403;26/05/2026;PROPOSTA PAGA;Proposta Paga;16/06/2026;R$2.003.300,00;R$2.003.300,00;R$2.003.300,00
2026;50410001;S.PART.;COMISSÃO DA SAÚDE;2718 / 4317 / 4436;AUGUSTO COUTINHO / CABO GILBERTO SILVA / MURILO GALDINO;PB;250680;INGA;MUNICIPAL;COMISSAO;CORRENTE;302;1000;1030251182E900001;15/06/2026;36000814521202600;202600040831;FAF;INCREMENTO MAC;2E90;ATENÇÃO ESPECIALIZADA À SAÚDE;INCREMENTO TEMPORÁRIO DO TETO DA MÉDIA E ALTA COMPLEXIDADE - MAC;08610110000187;FUNDO MUNICIPAL DE SAUDE DE INGA/PB;11679;24/06/2026;EM ANALISE PELA ÁREA FINALÍSTICA;Proposta Empenhada aguardando Formalização;-;R$1.500.000,00;R$1.500.000,00;R$0,00
2026;50410001;S.PART.;COMISSÃO DA SAÚDE;3997;GERVÁSIO MAIA;PB;250090;ARARA;MUNICIPAL;COMISSAO;CORRENTE;302;1000;1030251182E900001;11/05/2026;36000804174202600;202600035181;FAF;INCREMENTO MAC;2E90;ATENÇÃO ESPECIALIZADA À SAÚDE;INCREMENTO TEMPORÁRIO DO TETO DA MÉDIA E ALTA COMPLEXIDADE - MAC;11898585000125;FUNDO MUNICIPAL DE SAUDE DO MUNICIPIO DE ARARA - PB;11344;20/05/2026;PROPOSTA PAGA;Proposta Paga;12/06/2026;R$500.000,00;R$500.000,00;R$500.000,00
2026;50410001;S.PART.;COMISSÃO DA SAÚDE;3997;GERVÁSIO MAIA;PB;250930;MATARACA;MUNICIPAL;COMISSAO;CORRENTE;302;1000;1030251182E900001;15/05/2026;36000805958202600;202600036122;FAF;INCREMENTO MAC;2E90;ATENÇÃO ESPECIALIZADA À SAÚDE;INCREMENTO TEMPORÁRIO DO TETO DA MÉDIA E ALTA COMPLEXIDADE - MAC;13070749000157;FUNDO MUNICIPAL DE SAUDE DO MUNICIPIO DE MATARACA-PB;11374;22/05/2026;PROPOSTA PAGA;Proposta Paga;12/06/2026;R$200.000,00;R$200.000,00;R$200.000,00
2026;50410001;S.PART.;COMISSÃO DA SAÚDE;4436;MURILO GALDINO;PB;251190;PITIMBU;MUNICIPAL;COMISSAO;CORRENTE;302;1000;1030251182E900001;27/05/2026;36000809855202600;202600039389;FAF;INCREMENTO MAC;2E90;ATENÇÃO ESPECIALIZADA À SAÚDE;INCREMENTO TEMPORÁRIO DO TETO DA MÉDIA E ALTA COMPLEXIDADE - MAC;10557425000150;FUNDO MUNICIPAL DE SAUDE DE PITIMBU;11570;16/06/2026;PROPOSTA PAGA;Proposta Paga;29/06/2026;R$300.000,00;R$300.000,00;R$300.000,00
2026;60060002;S.PART.;COMISSÃO DE ASSUNTOS SOCIAIS - CAS;4088;VENEZIANO VITAL DO RÊGO;PB;251390;SAO BENTO;MUNICIPAL;COMISSAO;CORRENTE;302;1000;1030251182E900001;25/03/2026;36000774986202600;202600031771;FAF;INCREMENTO MAC;2E90;ATENÇÃO ESPECIALIZADA À SAÚDE;INCREMENTO TEMPORÁRIO DO TETO DA MÉDIA E ALTA COMPLEXIDADE - MAC;02015756000130;FUNDO MINICIPAL DE SAUDE;11072;11/05/2026;PROPOSTA PAGA;Proposta Paga;28/05/2026;R$257.307,00;R$257.307,00;R$257.307,00
2026;60060002;S.PART.;COMISSÃO DE ASSUNTOS SOCIAIS - CAS;4088;VENEZIANO VITAL DO RÊGO;PB;250060;ALHANDRA;MUNICIPAL;COMISSAO;CORRENTE;302;1000;1030251182E900001;10/04/2026;36000791985202600;202600036956;FAF;INCREMENTO MAC;2E90;ATENÇÃO ESPECIALIZADA À SAÚDE;INCREMENTO TEMPORÁRIO DO TETO DA MÉDIA E ALTA COMPLEXIDADE - MAC;11490408000105;FUNDO MUNICIPAL DE SAUDE;11468;29/05/2026;PROPOSTA PAGA;Proposta Paga;23/06/2026;R$150.000,00;R$150.000,00;R$150.000,00
2026;60060001;S.PART.;COMISSÃO DE ASSUNTOS SOCIAIS - CAS;4088;VENEZIANO VITAL DO RÊGO;PB;250040;ALAGOA NOVA;MUNICIPAL;COMISSAO;CORRENTE;301;1000;1030151192E890001;26/03/2026;36000776845202600;202600032981;FAF;INCREMENTO PAP;2E89;ATENÇÃO PRIMÁRIA À SAÚDE;INCREMENTO DO PISO DA ATENÇÃO PRIMÁRIA À SAÚDE - PAP;11838096000188;FUNDO MUNICIPAL DE SAUDE DE ALAGOA NOVA;11195;13/05/2026;PROPOSTA PAGA;Proposta Paga;26/05/2026;R$100.000,00;R$100.000,00;R$100.000,00
2026;60060001;S.PART.;COMISSÃO DE ASSUNTOS SOCIAIS - CAS;4088 / 4270;EFRAIM FILHO / VENEZIANO VITAL DO RÊGO;PB;250280;BREJO DO CRUZ;MUNICIPAL;COMISSAO;CORRENTE;301;1000;1030151192E890001;20/04/2026;36000795367202600;202600033012;FAF;INCREMENTO PAP;2E89;ATENÇÃO PRIMÁRIA À SAÚDE;INCREMENTO DO PISO DA ATENÇÃO PRIMÁRIA À SAÚDE - PAP;12452534000138;FUNDO MUNICIPAL DE SAUDE DE BREJO DO CRUZ;11195;13/05/2026;PROPOSTA PAGA;Proposta Paga;11/06/2026;R$100.000,00;R$100.000,00;R$100.000,00
2026;60060001;S.PART.;COMISSÃO DE ASSUNTOS SOCIAIS - CAS;4088;VENEZIANO VITAL DO RÊGO;PB;250625;GADO BRAVO;MUNICIPAL;COMISSAO;CORRENTE;301;1000;1030151192E890001;22/04/2026;36000795547202600;202600033040;FAF;INCREMENTO PAP;2E89;ATENÇÃO PRIMÁRIA À SAÚDE;INCREMENTO DO PISO DA ATENÇÃO PRIMÁRIA À SAÚDE - PAP;11136097000180;FUNDO MUNICIPAL DE SAUDE GADO BRAVO;11195;13/05/2026;PROPOSTA PAGA;Proposta Paga;11/06/2026;R$100.000,00;R$100.000,00;R$100.000,00
2026;60060001;S.PART.;COMISSÃO DE ASSUNTOS SOCIAIS - CAS;4088;VENEZIANO VITAL DO RÊGO;PB;251070;PASSAGEM;MUNICIPAL;COMISSAO;CORRENTE;301;1000;1030151192E890001;24/03/2026;36000774378202600;202600033077;FAF;INCREMENTO PAP;2E89;ATENÇÃO PRIMÁRIA À SAÚDE;INCREMENTO DO PISO DA ATENÇÃO PRIMÁRIA À SAÚDE - PAP;12383333000126;FUNDO MUNICIPAL DE SAUDE DE PASSAGEM PB;11195;13/05/2026;PROPOSTA PAGA;Proposta Paga;26/05/2026;R$100.000,00;R$100.000,00;R$100.000,00
2026;50410002;S.PART.;COMISSÃO DA SAÚDE;2718;AUGUSTO COUTINHO;PB;250330;CACHOEIRA DOS INDIOS;MUNICIPAL;COMISSAO;CORRENTE;301;1000;1030151192E890001;21/05/2026;36000808108202600;202600036583;FAF;INCREMENTO PAP;2E89;ATENÇÃO PRIMÁRIA À SAÚDE;INCREMENTO DO PISO DA ATENÇÃO PRIMÁRIA À SAÚDE - PAP;11332636000157;FUNDO MUNICIPAL DE SAUDE - FMSCI;11414;26/05/2026;PROPOSTA PAGA;Proposta Paga;29/06/2026;R$1.500.000,00;R$1.500.000,00;R$1.500.000,00
2026;50410003;S.PART.;COMISSÃO DA SAÚDE;4432;MERSINHO LUCENA;PB;250370;CAJAZEIRAS;MUNICIPAL;COMISSAO;CAPITAL;302;1000;10302511885350001;11/05/2026;11902878000126004;202600034760;FAF;EQUIPAMENTO;8535;ATENÇÃO ESPECIALIZADA À SAÚDE;Rede de Atenção Psicossocial - Centro de Atenção Psicossocial (Caps);11902878000139;MUNICIPIO DE CAJAZEIRAS FUNDO MUNICIPAL DE SAUDE - FMS;11349;20/05/2026;PROPOSTA PAGA;Proposta Paga;19/06/2026;R$799.990,00;R$799.990,00;R$799.990,00
2026;50410002;S.PART.;COMISSÃO DA SAÚDE;2714;ROMERO RODRIGUES;PB;250650;GURJAO;MUNICIPAL;COMISSAO;CORRENTE;301;1000;1030151192E890001;25/05/2026;36000809205202600;202600040135;FAF;INCREMENTO PAP;2E89;ATENÇÃO PRIMÁRIA À SAÚDE;INCREMENTO DO PISO DA ATENÇÃO PRIMÁRIA À SAÚDE - PAP;11432444000112;FUNDO MUNICIPAL DE SAUDE DE GURJAO;11610;19/06/2026;PROPOSTA PAGA;Proposta Paga;29/06/2026;R$250.000,00;R$250.000,00;R$250.000,00
2026;50410004;S.PART.;COMISSÃO DA SAÚDE;1283;WILSON SANTIAGO;PB;251680;TRIUNFO;MUNICIPAL;COMISSAO;CAPITAL;301;1000;10301511985810001;21/05/2026;12794460000126004;202600040416;FAF;EQUIPAMENTO;8581;ATENÇÃO PRIMÁRIA À SAÚDE;TRANSPORTE ELETIVO EM SAÚDE;12794460000118;FUNDO MUNICIPAL DE SAUDE DE TRIUNFO;11635;22/06/2026;PROPOSTA PAGA;Proposta Paga;29/06/2026;R$350.593,00;R$350.593,00;R$350.593,00
2026;50410002;S.PART.;COMISSÃO DA SAÚDE;3997;GERVÁSIO MAIA;PB;251350;SANTANA DE MANGUEIRA;MUNICIPAL;COMISSAO;CORRENTE;301;1000;1030151192E890001;08/05/2026;36000802499202600;202600036623;FAF;INCREMENTO PAP;2E89;ATENÇÃO PRIMÁRIA À SAÚDE;INCREMENTO DO PISO DA ATENÇÃO PRIMÁRIA À SAÚDE - PAP;11285050000189;FUNDO MUNICIPAL DE SAUDE;11414;26/05/2026;PROPOSTA PAGA;Proposta Paga;11/06/2026;R$300.000,00;R$300.000,00;R$300.000,00
2026;50410003;S.PART.;COMISSÃO DA SAÚDE;2712;HUGO MOTTA;PB;251050;OLIVEDOS;MUNICIPAL;COMISSAO;CAPITAL;302;1000;10302511885350001;25/05/2026;17739771000126001;202600043793;FAF;EQUIPAMENTO;8535;ATENÇÃO ESPECIALIZADA À SAÚDE;Rede de Atenção Hospitalar - Ambulância de Transporte Tipo A - Remoção Simples - Eletiva;17739771000106;FUNDO MUNICIPAL DE SAUDE DE OLIVEDOS;12079;07/08/2026;EM ANALISE PELA ÁREA FINALÍSTICA;Proposta Empenhada aguardando Formalização;-;R$260.998,00;R$260.998,00;R$0,00
2026;50410002;S.PART.;COMISSÃO DA SAÚDE;2712;HUGO MOTTA;PB;251385;SANTO ANDRE;MUNICIPAL;COMISSAO;CORRENTE;301;1000;1030151192E890001;29/05/2026;36000811445202600;202600038622;FAF;INCREMENTO PAP;2E89;ATENÇÃO PRIMÁRIA À SAÚDE;INCREMENTO DO PISO DA ATENÇÃO PRIMÁRIA À SAÚDE - PAP;11411482000199;FUNDO MUNICIPAL DE SAUDE DE SANTO ANDRE;11530;09/06/2026;PROPOSTA PAGA;Proposta Paga;16/06/2026;R$535.627,00;R$535.627,00;R$535.627,00
2026;60060002;S.PART.;COMISSÃO DE ASSUNTOS SOCIAIS - CAS;4088;VENEZIANO VITAL DO RÊGO;PB;250080;ARACAGI;MUNICIPAL;COMISSAO;CORRENTE;302;1000;1030251182E900001;27/03/2026;36000778885202600;202600031687;FAF;INCREMENTO MAC;2E90;ATENÇÃO ESPECIALIZADA À SAÚDE;INCREMENTO TEMPORÁRIO DO TETO DA MÉDIA E ALTA COMPLEXIDADE - MAC;12431299000118;ARACAGI - FUNDO MUNICIPAL DE SAUDE;11072;11/05/2026;PROPOSTA PAGA;Proposta Paga;26/05/2026;R$150.000,00;R$150.000,00;R$150.000,00
2026;60060002;S.PART.;COMISSÃO DE ASSUNTOS SOCIAIS - CAS;4088;VENEZIANO VITAL DO RÊGO;PB;251480;SAO JOSE DOS CORDEIROS;MUNICIPAL;COMISSAO;CORRENTE;302;1000;1030251182E900001;10/04/2026;36000791969202600;202600031783;FAF;INCREMENTO MAC;2E90;ATENÇÃO ESPECIALIZADA À SAÚDE;INCREMENTO TEMPORÁRIO DO TETO DA MÉDIA E ALTA COMPLEXIDADE - MAC;13491027000176;FUNDO MUNICIPAL DE SAUDE DE SAO JOSE DOS CORDEIROS - PB;11072;11/05/2026;EM ANALISE PELA ÁREA FINALÍSTICA;Proposta Empenhada aguardando Formalização;-;R$38.468,00;R$38.468,00;R$0,00
2026;60060002;S.PART.;COMISSÃO DE ASSUNTOS SOCIAIS - CAS;4088;VENEZIANO VITAL DO RÊGO;PB;251180;PIRPIRITUBA;MUNICIPAL;COMISSAO;CORRENTE;302;1000;1030251182E900001;24/03/2026;36000774027202600;202600031758;FAF;INCREMENTO MAC;2E90;ATENÇÃO ESPECIALIZADA À SAÚDE;INCREMENTO TEMPORÁRIO DO TETO DA MÉDIA E ALTA COMPLEXIDADE - MAC;12044829000175;FUNDO MUNICIPAL DE SAUDE DE PIRPIRITUBA;11072;11/05/2026;PROPOSTA PAGA;Proposta Paga;28/05/2026;R$200.000,00;R$200.000,00;R$200.000,00
2026;60060002;S.PART.;COMISSÃO DE ASSUNTOS SOCIAIS - CAS;4088;VENEZIANO VITAL DO RÊGO;PB;250560;DIAMANTE;MUNICIPAL;COMISSAO;CORRENTE;302;1000;1030251182E900001;25/03/2026;36000775844202600;202600031718;FAF;INCREMENTO MAC;2E90;ATENÇÃO ESPECIALIZADA À SAÚDE;INCREMENTO TEMPORÁRIO DO TETO DA MÉDIA E ALTA COMPLEXIDADE - MAC;10382118000185;FUNDO MUNICIPAL DE SAUDE DE DIAMANTE;11072;11/05/2026;PROPOSTA PAGA;Proposta Paga;26/05/2026;R$100.000,00;R$100.000,00;R$100.000,00
2026;60060002;S.PART.;COMISSÃO DE ASSUNTOS SOCIAIS - CAS;4088 / 4270;EFRAIM FILHO / VENEZIANO VITAL DO RÊGO;PB;250710;ITAPOROROCA;MUNICIPAL;COMISSAO;CORRENTE;302;1000;1030251182E900001;24/03/2026;36000772961202600;202600031727;FAF;INCREMENTO MAC;2E90;ATENÇÃO ESPECIALIZADA À SAÚDE;INCREMENTO TEMPORÁRIO DO TETO DA MÉDIA E ALTA COMPLEXIDADE - MAC;12099621000153;FUNDO MUNICIPAL DE SAUDE;11072;11/05/2026;PROPOSTA PAGA;Proposta Paga;26/05/2026;R$100.000,00;R$100.000,00;R$100.000,00
2026;60060002;S.PART.;COMISSÃO DE ASSUNTOS SOCIAIS - CAS;4088;VENEZIANO VITAL DO RÊGO;PB;251020;NOVA OLINDA;MUNICIPAL;COMISSAO;CORRENTE;302;1000;1030251182E900001;30/03/2026;36000782750202600;202600031749;FAF;INCREMENTO MAC;2E90;ATENÇÃO ESPECIALIZADA À SAÚDE;INCREMENTO TEMPORÁRIO DO TETO DA MÉDIA E ALTA COMPLEXIDADE - MAC;11268720000159;FUNDO MUNICIPAL DE SAUDE_NOVA OLINDA;11072;11/05/2026;PROPOSTA PAGA;Proposta Paga;28/05/2026;R$100.000,00;R$100.000,00;R$100.000,00
2026;60060001;S.PART.;COMISSÃO DE ASSUNTOS SOCIAIS - CAS;4088;VENEZIANO VITAL DO RÊGO;PB;250200;BELEM DO BREJO DO CRUZ;MUNICIPAL;COMISSAO;CORRENTE;301;1000;1030151192E890001;07/04/2026;36000790855202600;202600033001;FAF;INCREMENTO PAP;2E89;ATENÇÃO PRIMÁRIA À SAÚDE;INCREMENTO DO PISO DA ATENÇÃO PRIMÁRIA À SAÚDE - PAP;12461113000173;FUNDO MUNICIPAL DE SAUDE DE BELEM DO BREJO DO CRUZ;11195;13/05/2026;PROPOSTA PAGA;Proposta Paga;16/06/2026;R$100.000,00;R$100.000,00;R$100.000,00
2026;60060001;S.PART.;COMISSÃO DE ASSUNTOS SOCIAIS - CAS;4088 / 4141;DANIELLA RIBEIRO / VENEZIANO VITAL DO RÊGO;PB;250340;CACIMBA DE AREIA;MUNICIPAL;COMISSAO;CORRENTE;301;1000;1030151192E890001;10/04/2026;36000792007202600;202600033013;FAF;INCREMENTO PAP;2E89;ATENÇÃO PRIMÁRIA À SAÚDE;INCREMENTO DO PISO DA ATENÇÃO PRIMÁRIA À SAÚDE - PAP;10460927000168;FUNDO MUNICIPAL DE SAUDE DE CACIMBA DE AREIA;11195;13/05/2026;PROPOSTA PAGA;Proposta Paga;26/05/2026;R$100.000,00;R$100.000,00;R$100.000,00
2026;60060001;S.PART.;COMISSÃO DE ASSUNTOS SOCIAIS - CAS;4088;VENEZIANO VITAL DO RÊGO;PB;250590;EMAS;MUNICIPAL;COMISSAO;CORRENTE;301;1000;1030151192E890001;23/03/2026;36000772741202600;202600033039;FAF;INCREMENTO PAP;2E89;ATENÇÃO PRIMÁRIA À SAÚDE;INCREMENTO DO PISO DA ATENÇÃO PRIMÁRIA À SAÚDE - PAP;11655026000194;FUNDO MUNICIPAL DE SAUDE;11195;13/05/2026;PROPOSTA PAGA;Proposta Paga;11/06/2026;R$100.000,00;R$100.000,00;R$100.000,00
2026;60060001;S.PART.;COMISSÃO DE ASSUNTOS SOCIAIS - CAS;4088;VENEZIANO VITAL DO RÊGO;PB;250920;MASSARANDUBA;MUNICIPAL;COMISSAO;CORRENTE;301;1000;1030151192E890001;25/03/2026;36000776823202600;202600033066;FAF;INCREMENTO PAP;2E89;ATENÇÃO PRIMÁRIA À SAÚDE;INCREMENTO DO PISO DA ATENÇÃO PRIMÁRIA À SAÚDE - PAP;10948421000100;FUNDO MUNICIPAL DE SAUDE;11195;13/05/2026;PROPOSTA PAGA;Proposta Paga;26/05/2026;R$100.000,00;R$100.000,00;R$100.000,00
2026;50410002;S.PART.;COMISSÃO DA SAÚDE;2712;HUGO MOTTA;PB;250527;CURRAL DE CIMA;MUNICIPAL;COMISSAO;CORRENTE;301;1000;1030151192E890001;17/05/2026;36000806449202600;202600036592;FAF;INCREMENTO PAP;2E89;ATENÇÃO PRIMÁRIA À SAÚDE;INCREMENTO DO PISO DA ATENÇÃO PRIMÁRIA À SAÚDE - PAP;17945598000194;FUNDO MUNICIPAL DE SAUDE DE CURRAL DE CIMA;11414;26/05/2026;PROPOSTA PAGA;Proposta Paga;16/06/2026;R$500.000,00;R$500.000,00;R$500.000,00
2026;50410002;S.PART.;COMISSÃO DA SAÚDE;2718;AUGUSTO COUTINHO;PB;250110;AREIA;MUNICIPAL;COMISSAO;CORRENTE;301;1000;1030151192E890001;14/05/2026;36000805250202600;202600035515;FAF;INCREMENTO PAP;2E89;ATENÇÃO PRIMÁRIA À SAÚDE;INCREMENTO DO PISO DA ATENÇÃO PRIMÁRIA À SAÚDE - PAP;11268285000162;FUNDO MUNICIPAL DE SAUDE;11335;20/05/2026;PROPOSTA PAGA;Proposta Paga;29/06/2026;R$2.000.000,00;R$2.000.000,00;R$2.000.000,00
2026;50410004;S.PART.;COMISSÃO DA SAÚDE;2712;HUGO MOTTA;PB;251050;OLIVEDOS;MUNICIPAL;COMISSAO;CAPITAL;301;1000;10301511985810001;25/05/2026;17739771000126002;202600038560;FAF;EQUIPAMENTO;8581;ATENÇÃO PRIMÁRIA À SAÚDE;EQUIPAMENTOS - UBS;17739771000106;FUNDO MUNICIPAL DE SAUDE DE OLIVEDOS;11531;09/06/2026;PROPOSTA PAGA;Proposta Paga;16/06/2026;R$224.590,00;R$224.590,00;R$224.590,00
2026;50410003;S.PART.;COMISSÃO DA SAÚDE;1283;WILSON SANTIAGO;PB;250205;BERNARDINO BATISTA;MUNICIPAL;COMISSAO;CAPITAL;302;1000;10302511885350001;21/05/2026;10484826000126002;202600039888;FAF;EQUIPAMENTO;8535;ATENÇÃO ESPECIALIZADA À SAÚDE;Rede de Atenção Hospitalar - Ambulância de Transporte Tipo A - Remoção Simples - Eletiva;10484826000127;FUNDO MUNICIPAL DE SAUDE;11537;09/06/2026;PROPOSTA PAGA;Proposta Paga;29/06/2026;R$260.998,00;R$260.998,00;R$260.998,00
2026;50410001;S.PART.;COMISSÃO DA SAÚDE;3997 / 4436;GERVÁSIO MAIA / MURILO GALDINO;PB;251370;SANTA RITA;MUNICIPAL;COMISSAO;CORRENTE;302;1000;1030251182E900001;03/06/2026;36000812374202600;202600039782;FAF;INCREMENTO MAC;2E90;ATENÇÃO ESPECIALIZADA À SAÚDE;INCREMENTO TEMPORÁRIO DO TETO DA MÉDIA E ALTA COMPLEXIDADE - MAC;08694222000163;FUNDO MUNICIPAL DE SAUDE DE SANTA RITA;11600;18/06/2026;PROPOSTA PAGA;Proposta Paga;03/07/2026;R$201.000,00;R$201.000,00;R$201.000,00
2026;50410001;S.PART.;COMISSÃO DA SAÚDE;2718;AUGUSTO COUTINHO;PB;250030;ALAGOA GRANDE;MUNICIPAL;COMISSAO;CORRENTE;302;1000;1030251182E900001;12/05/2026;36000804424202600;202600036374;FAF;INCREMENTO MAC;2E90;ATENÇÃO ESPECIALIZADA À SAÚDE;INCREMENTO TEMPORÁRIO DO TETO DA MÉDIA E ALTA COMPLEXIDADE - MAC;17698753000115;FUNDO MUNICIPAL DE SAUDE DE ALAGOA GRANDE;11399;26/05/2026;PROPOSTA PAGA;Proposta Paga;29/06/2026;R$2.500.000,00;R$2.500.000,00;R$2.500.000,00
2026;60060002;S.PART.;COMISSÃO DE ASSUNTOS SOCIAIS - CAS;4088;VENEZIANO VITAL DO RÊGO;PB;250580;DUAS ESTRADAS;MUNICIPAL;COMISSAO;CORRENTE;302;1000;1030251182E900001;30/03/2026;36000784034202600;202600031719;FAF;INCREMENTO MAC;2E90;ATENÇÃO ESPECIALIZADA À SAÚDE;INCREMENTO TEMPORÁRIO DO TETO DA MÉDIA E ALTA COMPLEXIDADE - MAC;11814527000176;FUNDO MUNICIPAL DE SAUDE DE DUAS ESTRADAS;11072;11/05/2026;PROPOSTA PAGA;Proposta Paga;26/05/2026;R$84.746,00;R$84.746,00;R$84.746,00
2026;60060002;S.PART.;COMISSÃO DE ASSUNTOS SOCIAIS - CAS;4088;VENEZIANO VITAL DO RÊGO;PB;250905;MARCACAO;MUNICIPAL;COMISSAO;CORRENTE;302;1000;1030251182E900001;24/03/2026;36000774821202600;202600031741;FAF;INCREMENTO MAC;2E90;ATENÇÃO ESPECIALIZADA À SAÚDE;INCREMENTO TEMPORÁRIO DO TETO DA MÉDIA E ALTA COMPLEXIDADE - MAC;12370254000180;MARCACAO - FUNDO MUNICIPAL DE SAUDE;11072;11/05/2026;PROPOSTA PAGA;Proposta Paga;26/05/2026;R$100.000,00;R$100.000,00;R$100.000,00
2026;60060002;S.PART.;COMISSÃO DE ASSUNTOS SOCIAIS - CAS;4088;VENEZIANO VITAL DO RÊGO;PB;251500;SAO MIGUEL DE TAIPU;MUNICIPAL;COMISSAO;CORRENTE;302;1000;1030251182E900001;24/04/2026;36000796934202600;202600031786;FAF;INCREMENTO MAC;2E90;ATENÇÃO ESPECIALIZADA À SAÚDE;INCREMENTO TEMPORÁRIO DO TETO DA MÉDIA E ALTA COMPLEXIDADE - MAC;11601645000104;FUNDO MUNICIPAL DE SAUDE;11072;11/05/2026;EM ANALISE PELA ÁREA FINALÍSTICA;Proposta Empenhada aguardando Formalização;-;R$100.000,00;R$100.000,00;R$0,00
2026;50410001;S.PART.;COMISSÃO DA SAÚDE;4436;MURILO GALDINO;PB;250980;MULUNGU;MUNICIPAL;COMISSAO;CORRENTE;302;1000;1030251182E900001;28/05/2026;36000811268202600;202600039781;FAF;INCREMENTO MAC;2E90;ATENÇÃO ESPECIALIZADA À SAÚDE;INCREMENTO TEMPORÁRIO DO TETO DA MÉDIA E ALTA COMPLEXIDADE - MAC;18767963000180;FUNDO MUNICIPAL DE SAUDE MULUNGU;11598;18/06/2026;PROPOSTA PAGA;Proposta Paga;03/07/2026;R$101.000,00;R$101.000,00;R$101.000,00
2026;60060001;S.PART.;COMISSÃO DE ASSUNTOS SOCIAIS - CAS;4088;VENEZIANO VITAL DO RÊGO;PB;250900;MANAIRA;MUNICIPAL;COMISSAO;CORRENTE;301;1000;1030151192E890001;27/03/2026;36000780324202600;202600033060;FAF;INCREMENTO PAP;2E89;ATENÇÃO PRIMÁRIA À SAÚDE;INCREMENTO DO PISO DA ATENÇÃO PRIMÁRIA À SAÚDE - PAP;10522238000130;FUNDO MUNICIPAL DE SAUDE DE MANAIRA;11195;13/05/2026;PROPOSTA PAGA;Proposta Paga;16/06/2026;R$100.000,00;R$100.000,00;R$100.000,00
2026;50410003;S.PART.;COMISSÃO DA SAÚDE;2712;HUGO MOTTA;PB;250070;SAO JOAO DO RIO DO PEIXE;MUNICIPAL;COMISSAO;CAPITAL;302;1000;10302511885350001;01/06/2026;17648806000126009;202600042622;FAF;EQUIPAMENTO;8535;ATENÇÃO ESPECIALIZADA À SAÚDE;Políticas de Atenção Ambulatorial Especializada e Serviços Hospitalares de Alta Complexidade - Ambulatório;17648806000193;FUNDO MUNICIPAL DE SAUDE DE SAO JOAO DO RIO DO PEIXE;11928;06/07/2026;EM ANALISE PELA ÁREA FINALÍSTICA;Proposta Empenhada aguardando Formalização;-;R$299.828,00;R$299.828,00;R$0,00
2026;50410002;S.PART.;COMISSÃO DA SAÚDE;2712;HUGO MOTTA;PB;250070;SAO JOAO DO RIO DO PEIXE;MUNICIPAL;COMISSAO;CORRENTE;301;1000;1030151192E890001;14/05/2026;36000805583202600;202600035599;FAF;INCREMENTO PAP;2E89;ATENÇÃO PRIMÁRIA À SAÚDE;INCREMENTO DO PISO DA ATENÇÃO PRIMÁRIA À SAÚDE - PAP;17648806000193;FUNDO MUNICIPAL DE SAUDE DE SAO JOAO DO RIO DO PEIXE;11335;20/05/2026;PROPOSTA PAGA;Proposta Paga;16/06/2026;R$1.000.000,00;R$1.000.000,00;R$1.000.000,00
2026;50410002;S.PART.;COMISSÃO DA SAÚDE;1283;WILSON SANTIAGO;PB;251280;RIACHO DOS CAVALOS;MUNICIPAL;COMISSAO;CORRENTE;301;1000;1030151192E890001;06/05/2026;36000801172202600;202600036614;FAF;INCREMENTO PAP;2E89;ATENÇÃO PRIMÁRIA À SAÚDE;INCREMENTO DO PISO DA ATENÇÃO PRIMÁRIA À SAÚDE - PAP;12081925000193;RIACHO DOS CAVALOS FUNDO MUNICIPAL DE SAUDE;11414;26/05/2026;PROPOSTA PAGA;Proposta Paga;29/06/2026;R$500.000,00;R$500.000,00;R$500.000,00
2026;50410002;S.PART.;COMISSÃO DA SAÚDE;1283 / 4581;VALDIR TRINDADE / WILSON SANTIAGO;PB;251330;SANTA HELENA;MUNICIPAL;COMISSAO;CORRENTE;301;1000;1030151192E890001;21/05/2026;36000808315202600;202600039072;FAF;INCREMENTO PAP;2E89;ATENÇÃO PRIMÁRIA À SAÚDE;INCREMENTO DO PISO DA ATENÇÃO PRIMÁRIA À SAÚDE - PAP;11245287000136;FUNDO MUNICIPAL DE SAUDE DE SANTA HELENA-PB;11530;09/06/2026;PROPOSTA PAGA;Proposta Paga;29/06/2026;R$500.000,00;R$500.000,00;R$500.000,00
2026;50410001;S.PART.;COMISSÃO DA SAÚDE;1277 / 2714 / 4436;MURILO GALDINO / ROMERO RODRIGUES / WELLINGTON ROBERTO;PB;250400;CAMPINA GRANDE;MUNICIPAL;COMISSAO;CORRENTE;302;1000;1030251182E900001;10/05/2026;36000803296202600;202600038681;FAF;INCREMENTO MAC;2E90;ATENÇÃO ESPECIALIZADA À SAÚDE;INCREMENTO TEMPORÁRIO DO TETO DA MÉDIA E ALTA COMPLEXIDADE - MAC;24513574000121;FUNDO MUNICIPAL DE SAUDE DE CAMPINA GRANDE;11551;12/06/2026;PROPOSTA PAGA;Proposta Paga;29/06/2026;R$2.000.000,00;R$2.000.000,00;R$2.000.000,00
2026;60060002;S.PART.;COMISSÃO DE ASSUNTOS SOCIAIS - CAS;4088;VENEZIANO VITAL DO RÊGO;PB;251320;SANTA CRUZ;MUNICIPAL;COMISSAO;CORRENTE;302;1000;1030251182E900001;27/04/2026;36000797895202600;202600031767;FAF;INCREMENTO MAC;2E90;ATENÇÃO ESPECIALIZADA À SAÚDE;INCREMENTO TEMPORÁRIO DO TETO DA MÉDIA E ALTA COMPLEXIDADE - MAC;11181651000141;FUNDO MUNICIPAL DE SAUDE DE SANTA CRUZ - PB;11072;11/05/2026;PROPOSTA PAGA;Proposta Paga;28/05/2026;R$100.000,00;R$100.000,00;R$100.000,00
2026;60060002;S.PART.;COMISSÃO DE ASSUNTOS SOCIAIS - CAS;4088;VENEZIANO VITAL DO RÊGO;PB;251510;SAO SEBASTIAO DE LAGOA DE ROCA;MUNICIPAL;COMISSAO;CORRENTE;302;1000;1030251182E900001;02/04/2026;36000789276202600;202600031787;FAF;INCREMENTO MAC;2E90;ATENÇÃO ESPECIALIZADA À SAÚDE;INCREMENTO TEMPORÁRIO DO TETO DA MÉDIA E ALTA COMPLEXIDADE - MAC;11143891000151;FUNDO MUNICIPAL DE SAUDE SAO SEBASTIAO DE LAGOA DE ROCA;11072;11/05/2026;PROPOSTA PAGA;Proposta Paga;28/05/2026;R$100.000,00;R$100.000,00;R$100.000,00
2026;50410001;S.PART.;COMISSÃO DA SAÚDE;1271 / 2712 / 2715 / 4317 / 4436;CABO GILBERTO SILVA / HUGO MOTTA / LUIZ COUTO / MURILO GALDINO / RUY CARNEIRO;PB;250750;JOAO PESSOA;ESTADUAL;COMISSAO;CORRENTE;302;1000;1030251182E900001;26/05/2026;36000809408202600;202600037998;FAF;INCREMENTO MAC;2E90;ATENÇÃO ESPECIALIZADA À SAÚDE;INCREMENTO TEMPORÁRIO DO TETO DA MÉDIA E ALTA COMPLEXIDADE - MAC;03609595000175;FUNDO ESTADUAL DE SAUDE DO ESTADO DA PARAIBA - FESEP;11468;29/05/2026;PROPOSTA PAGA;Proposta Paga;25/06/2026;R$1.000.000,00;R$1.000.000,00;R$1.000.000,00
2026;50410001;S.PART.;COMISSÃO DA SAÚDE;4436;MURILO GALDINO;PB;250800;JURU;MUNICIPAL;COMISSAO;CORRENTE;302;1000;1030251182E900001;20/05/2026;36000807641202600;202600037999;FAF;INCREMENTO MAC;2E90;ATENÇÃO ESPECIALIZADA À SAÚDE;INCREMENTO TEMPORÁRIO DO TETO DA MÉDIA E ALTA COMPLEXIDADE - MAC;10538747000151;FUNDO MUNICIPAL DE SAUDE;11482;01/06/2026;PROPOSTA PAGA;Proposta Paga;29/06/2026;R$101.000,00;R$101.000,00;R$101.000,00
2026;60060001;S.PART.;COMISSÃO DE ASSUNTOS SOCIAIS - CAS;4088;VENEZIANO VITAL DO RÊGO;PB;250077;APARECIDA;MUNICIPAL;COMISSAO;CORRENTE;301;1000;1030151192E890001;22/04/2026;36000796049202600;202600032990;FAF;INCREMENTO PAP;2E89;ATENÇÃO PRIMÁRIA À SAÚDE;INCREMENTO DO PISO DA ATENÇÃO PRIMÁRIA À SAÚDE - PAP;11956816000100;FUNDO MUNICIPAL DE SAUDE DE APARECIDA;11195;13/05/2026;PROPOSTA PAGA;Proposta Paga;26/05/2026;R$100.000,00;R$100.000,00;R$100.000,00
2026;60060001;S.PART.;COMISSÃO DE ASSUNTOS SOCIAIS - CAS;4088;VENEZIANO VITAL DO RÊGO;PB;250310;CABACEIRAS;MUNICIPAL;COMISSAO;CORRENTE;301;1000;1030151192E890001;05/05/2026;36000800699202600;202600033015;FAF;INCREMENTO PAP;2E89;ATENÇÃO PRIMÁRIA À SAÚDE;INCREMENTO DO PISO DA ATENÇÃO PRIMÁRIA À SAÚDE - PAP;11309134000105;FUNDO MUNICIPAL DE SAUDE - CABACEIRAS PB;11195;13/05/2026;PROPOSTA PAGA;Proposta Paga;26/05/2026;R$100.000,00;R$100.000,00;R$100.000,00
2026;60060001;S.PART.;COMISSÃO DE ASSUNTOS SOCIAIS - CAS;4088;VENEZIANO VITAL DO RÊGO;PB;250470;CONGO;MUNICIPAL;COMISSAO;CORRENTE;301;1000;1030151192E890001;23/03/2026;36000772727202600;202600033028;FAF;INCREMENTO PAP;2E89;ATENÇÃO PRIMÁRIA À SAÚDE;INCREMENTO DO PISO DA ATENÇÃO PRIMÁRIA À SAÚDE - PAP;11436548000103;FUNDO MUNICIPAL DE SAUDE - CONGO - PARAIBA;11195;13/05/2026;PROPOSTA PAGA;Proposta Paga;11/06/2026;R$100.000,00;R$100.000,00;R$100.000,00
2026;60060001;S.PART.;COMISSÃO DE ASSUNTOS SOCIAIS - CAS;4088;VENEZIANO VITAL DO RÊGO;PB;250560;DIAMANTE;MUNICIPAL;COMISSAO;CORRENTE;301;1000;1030151192E890001;25/03/2026;36000775826202600;202600033031;FAF;INCREMENTO PAP;2E89;ATENÇÃO PRIMÁRIA À SAÚDE;INCREMENTO DO PISO DA ATENÇÃO PRIMÁRIA À SAÚDE - PAP;10382118000185;FUNDO MUNICIPAL DE SAUDE DE DIAMANTE;11195;13/05/2026;PROPOSTA PAGA;Proposta Paga;26/05/2026;R$100.000,00;R$100.000,00;R$100.000,00
2026;60060001;S.PART.;COMISSÃO DE ASSUNTOS SOCIAIS - CAS;4088;VENEZIANO VITAL DO RÊGO;PB;250820;LAGOA DE DENTRO;MUNICIPAL;COMISSAO;CORRENTE;301;1000;1030151192E890001;08/04/2026;36000791172202600;202600033051;FAF;INCREMENTO PAP;2E89;ATENÇÃO PRIMÁRIA À SAÚDE;INCREMENTO DO PISO DA ATENÇÃO PRIMÁRIA À SAÚDE - PAP;12375571000190;LAGOA DE DENTRO - FUNDO MUNICIPAL DE SAUDE;11195;13/05/2026;PROPOSTA PAGA;Proposta Paga;26/05/2026;R$100.000,00;R$100.000,00;R$100.000,00
2026;60060001;S.PART.;COMISSÃO DE ASSUNTOS SOCIAIS - CAS;4088;VENEZIANO VITAL DO RÊGO;PB;250910;MARI;MUNICIPAL;COMISSAO;CORRENTE;301;1000;1030151192E890001;26/03/2026;36000776843202600;202600033063;FAF;INCREMENTO PAP;2E89;ATENÇÃO PRIMÁRIA À SAÚDE;INCREMENTO DO PISO DA ATENÇÃO PRIMÁRIA À SAÚDE - PAP;11400094000102;FUNDO MUNICIPAL DE SAUDE;11195;13/05/2026;PROPOSTA PAGA;Proposta Paga;26/05/2026;R$100.000,00;R$100.000,00;R$100.000,00
2026;60060001;S.PART.;COMISSÃO DE ASSUNTOS SOCIAIS - CAS;4088 / 4270;EFRAIM FILHO / VENEZIANO VITAL DO RÊGO;PB;251400;SAO JOAO DO CARIRI;MUNICIPAL;COMISSAO;CORRENTE;301;1000;1030151192E890001;10/06/2026;36000813506202600;202600040155;FAF;INCREMENTO PAP;2E89;ATENÇÃO PRIMÁRIA À SAÚDE;INCREMENTO DO PISO DA ATENÇÃO PRIMÁRIA À SAÚDE - PAP;12447221000191;FUNDO MUNICIPAL DE SAUDE DE SAO JOAO DO CARIRI - PB;11610;19/06/2026;PROPOSTA PAGA;Proposta Paga;29/06/2026;R$291.617,00;R$291.617,00;R$291.617,00
2026;60060001;S.PART.;COMISSÃO DE ASSUNTOS SOCIAIS - CAS;4088 / 4270;EFRAIM FILHO / VENEZIANO VITAL DO RÊGO;PB;251110;PEDRA LAVRADA;MUNICIPAL;COMISSAO;CORRENTE;301;1000;1030151192E890001;25/03/2026;36000775692202600;202600033080;FAF;INCREMENTO PAP;2E89;ATENÇÃO PRIMÁRIA À SAÚDE;INCREMENTO DO PISO DA ATENÇÃO PRIMÁRIA À SAÚDE - PAP;08932293000157;FUNDO MUNICIPAL DE SAUDE DE PEDRA LAVRADA;11195;13/05/2026;PROPOSTA PAGA;Proposta Paga;26/05/2026;R$100.000,00;R$100.000,00;R$100.000,00
2026;60060001;S.PART.;COMISSÃO DE ASSUNTOS SOCIAIS - CAS;4088;VENEZIANO VITAL DO RÊGO;PB;251580;SERRA REDONDA;MUNICIPAL;COMISSAO;CORRENTE;301;1000;1030151192E890001;07/04/2026;36000790957202600;202600035605;FAF;INCREMENTO PAP;2E89;ATENÇÃO PRIMÁRIA À SAÚDE;INCREMENTO DO PISO DA ATENÇÃO PRIMÁRIA À SAÚDE - PAP;97519352000190;FUNDO MUNICIPAL DE SAUDE;11335;20/05/2026;PROPOSTA PAGA;Proposta Paga;11/06/2026;R$100.000,00;R$100.000,00;R$100.000,00
2026;60060001;S.PART.;COMISSÃO DE ASSUNTOS SOCIAIS - CAS;4088 / 4270;EFRAIM FILHO / VENEZIANO VITAL DO RÊGO;PB;250230;BOM SUCESSO;MUNICIPAL;COMISSAO;CORRENTE;301;1000;1030151192E890001;24/03/2026;36000773878202600;202600033004;FAF;INCREMENTO PAP;2E89;ATENÇÃO PRIMÁRIA À SAÚDE;INCREMENTO DO PISO DA ATENÇÃO PRIMÁRIA À SAÚDE - PAP;12403050000107;FUNDO MUNICIPAL DE SAUDE - FMS;11195;13/05/2026;PROPOSTA PAGA;Proposta Paga;11/06/2026;R$150.000,00;R$150.000,00;R$150.000,00
2026;50410002;S.PART.;COMISSÃO DA SAÚDE;2712 / 2718;AUGUSTO COUTINHO / HUGO MOTTA;PB;250030;ALAGOA GRANDE;MUNICIPAL;COMISSAO;CORRENTE;301;1000;1030151192E890001;12/05/2026;36000804419202600;202600035505;FAF;INCREMENTO PAP;2E89;ATENÇÃO PRIMÁRIA À SAÚDE;INCREMENTO DO PISO DA ATENÇÃO PRIMÁRIA À SAÚDE - PAP;17698753000115;FUNDO MUNICIPAL DE SAUDE DE ALAGOA GRANDE;11338;20/05/2026;PROPOSTA PAGA;Proposta Paga;16/06/2026;R$1.500.000,00;R$1.500.000,00;R$1.500.000,00
2026;50410002;S.PART.;COMISSÃO DA SAÚDE;2712 / 2718;AUGUSTO COUTINHO / HUGO MOTTA;PB;250730;JACARAU;MUNICIPAL;COMISSAO;CORRENTE;301;1000;1030151192E890001;14/05/2026;36000805249202600;202600035548;FAF;INCREMENTO PAP;2E89;ATENÇÃO PRIMÁRIA À SAÚDE;INCREMENTO DO PISO DA ATENÇÃO PRIMÁRIA À SAÚDE - PAP;10486210000195;FUNDO MUNICIPAL DE SAUDE DE JACARAU;11335;20/05/2026;PROPOSTA PAGA;Proposta Paga;16/06/2026;R$1.500.000,00;R$1.500.000,00;R$1.500.000,00
2026;50410002;S.PART.;COMISSÃO DA SAÚDE;2712 / 4436;HUGO MOTTA / MURILO GALDINO;PB;250980;MULUNGU;MUNICIPAL;COMISSAO;CORRENTE;301;1000;1030151192E890001;21/05/2026;36000808134202600;202600037399;FAF;INCREMENTO PAP;2E89;ATENÇÃO PRIMÁRIA À SAÚDE;INCREMENTO DO PISO DA ATENÇÃO PRIMÁRIA À SAÚDE - PAP;18767963000180;FUNDO MUNICIPAL DE SAUDE MULUNGU;11414;26/05/2026;PROPOSTA PAGA;Proposta Paga;16/06/2026;R$449.000,00;R$449.000,00;R$449.000,00
2026;50410002;S.PART.;COMISSÃO DA SAÚDE;1271 / 4432;LUIZ COUTO / MERSINHO LUCENA;PB;250090;ARARA;MUNICIPAL;COMISSAO;CORRENTE;301;1000;1030151192E890001;30/04/2026;36000798783202600;202600032993;FAF;INCREMENTO PAP;2E89;ATENÇÃO PRIMÁRIA À SAÚDE;INCREMENTO DO PISO DA ATENÇÃO PRIMÁRIA À SAÚDE - PAP;11898585000125;FUNDO MUNICIPAL DE SAUDE DO MUNICIPIO DE ARARA - PB;11222;15/05/2026;PROPOSTA PAGA;Proposta Paga;11/06/2026;R$650.000,00;R$650.000,00;R$650.000,00
2026;50410003;S.PART.;COMISSÃO DA SAÚDE;1283;WILSON SANTIAGO;PB;250205;BERNARDINO BATISTA;MUNICIPAL;COMISSAO;CAPITAL;302;1000;10302511885350001;24/05/2026;10484826000126003;202600041370;FAF;EQUIPAMENTO;8535;ATENÇÃO ESPECIALIZADA À SAÚDE;Políticas de Atenção Ambulatorial Especializada e Serviços Hospitalares de Alta Complexidade - Ambulatório;10484826000127;FUNDO MUNICIPAL DE SAUDE;11743;29/06/2026;EM ANALISE PELA ÁREA FINALÍSTICA;Proposta Empenhada aguardando Formalização;-;R$51.717,00;R$51.717,00;R$0,00
2026;50410002;S.PART.;COMISSÃO DA SAÚDE;2712;HUGO MOTTA;PB;250100;ARARUNA;MUNICIPAL;COMISSAO;CORRENTE;301;1000;1030151192E890001;13/05/2026;36000804831202600;202600035511;FAF;INCREMENTO PAP;2E89;ATENÇÃO PRIMÁRIA À SAÚDE;INCREMENTO DO PISO DA ATENÇÃO PRIMÁRIA À SAÚDE - PAP;11667845000151;FUNDO MUNICIPAL DE SAUDE DE ARARUNA PARAIBA;11335;20/05/2026;PROPOSTA PAGA;Proposta Paga;16/06/2026;R$1.000.000,00;R$1.000.000,00;R$1.000.000,00
2026;50410001;S.PART.;COMISSÃO DA SAÚDE;3997;GERVÁSIO MAIA;PB;250480;COREMAS;MUNICIPAL;COMISSAO;CORRENTE;302;1000;1030251182E900001;14/05/2026;36000805385202600;202600037994;FAF;INCREMENTO MAC;2E90;ATENÇÃO ESPECIALIZADA À SAÚDE;INCREMENTO TEMPORÁRIO DO TETO DA MÉDIA E ALTA COMPLEXIDADE - MAC;11161210000188;FUNDO MUNICIPAL DE SAUDE;11269;18/05/2026;PROPOSTA PAGA;Proposta Paga;12/06/2026;R$1.000.000,00;R$1.000.000,00;R$1.000.000,00
2026;50410001;S.PART.;COMISSÃO DA SAÚDE;1283 / 2712;HUGO MOTTA / WILSON SANTIAGO;PB;250070;SAO JOAO DO RIO DO PEIXE;MUNICIPAL;COMISSAO;CORRENTE;302;1000;1030251182E900001;21/05/2026;36000808328202600;202600038021;FAF;INCREMENTO MAC;2E90;ATENÇÃO ESPECIALIZADA À SAÚDE;INCREMENTO TEMPORÁRIO DO TETO DA MÉDIA E ALTA COMPLEXIDADE - MAC;17648806000193;FUNDO MUNICIPAL DE SAUDE DE SAO JOAO DO RIO DO PEIXE;11401;26/05/2026;EM ANALISE PELA ÁREA FINALÍSTICA;Proposta Empenhada aguardando Formalização;-;R$668.000,00;R$668.000,00;R$0,00
2026;50410001;S.PART.;COMISSÃO DA SAÚDE;2718;AUGUSTO COUTINHO;PB;250700;ITAPORANGA;MUNICIPAL;COMISSAO;CORRENTE;302;1000;1030251182E900001;14/05/2026;36000805402202600;202600034368;FAF;INCREMENTO MAC;2E90;ATENÇÃO ESPECIALIZADA À SAÚDE;INCREMENTO TEMPORÁRIO DO TETO DA MÉDIA E ALTA COMPLEXIDADE - MAC;11174552000132;FUNDO MUNICIPAL DE SAUDE DE ITAPORANGA;11269;18/05/2026;PROPOSTA PAGA;Proposta Paga;28/05/2026;R$1.500.000,00;R$1.500.000,00;R$1.500.000,00
2026;50410001;S.PART.;COMISSÃO DA SAÚDE;2712;HUGO MOTTA;PB;250360;CAICARA;MUNICIPAL;COMISSAO;CORRENTE;302;1000;1030251182E900001;26/05/2026;36000809504202600;202600037163;FAF;INCREMENTO MAC;2E90;ATENÇÃO ESPECIALIZADA À SAÚDE;INCREMENTO TEMPORÁRIO DO TETO DA MÉDIA E ALTA COMPLEXIDADE - MAC;17577160000109;FUNDO MUNICIPAL DE SAUDE DE CAICARA;11482;01/06/2026;PROPOSTA PAGA;Proposta Paga;16/06/2026;R$500.000,00;R$500.000,00;R$500.000,00
2026;50410001;S.PART.;COMISSÃO DA SAÚDE;3997 / 4436;GERVÁSIO MAIA / MURILO GALDINO;PB;251370;SANTA RITA;MUNICIPAL;COMISSAO;CORRENTE;302;1000;1030251182E900001;12/05/2026;36000804727202600;202600039390;FAF;INCREMENTO MAC;2E90;ATENÇÃO ESPECIALIZADA À SAÚDE;INCREMENTO TEMPORÁRIO DO TETO DA MÉDIA E ALTA COMPLEXIDADE - MAC;08694222000163;FUNDO MUNICIPAL DE SAUDE DE SANTA RITA;11570;16/06/2026;PROPOSTA PAGA;Proposta Paga;23/06/2026;R$500.000,00;R$500.000,00;R$500.000,00
2026;50410001;S.PART.;COMISSÃO DA SAÚDE;1277 / 3997;GERVÁSIO MAIA / WELLINGTON ROBERTO;PB;250077;APARECIDA;MUNICIPAL;COMISSAO;CORRENTE;302;1000;1030251182E900001;07/05/2026;36000801897202600;202600031686;FAF;INCREMENTO MAC;2E90;ATENÇÃO ESPECIALIZADA À SAÚDE;INCREMENTO TEMPORÁRIO DO TETO DA MÉDIA E ALTA COMPLEXIDADE - MAC;11956816000100;FUNDO MUNICIPAL DE SAUDE DE APARECIDA;11225;15/05/2026;PROPOSTA PAGA;Proposta Paga;26/05/2026;R$150.000,00;R$150.000,00;R$150.000,00
2026;60060002;S.PART.;COMISSÃO DE ASSUNTOS SOCIAIS - CAS;4088 / 4270;EFRAIM FILHO / VENEZIANO VITAL DO RÊGO;PB;251276;RIACHAO DO POCO;MUNICIPAL;COMISSAO;CORRENTE;302;1000;1030251182E900001;17/06/2026;36000814969202600;202600040670;FAF;INCREMENTO MAC;2E90;ATENÇÃO ESPECIALIZADA À SAÚDE;INCREMENTO TEMPORÁRIO DO TETO DA MÉDIA E ALTA COMPLEXIDADE - MAC;11975218000188;FUNDO MUNICIPAL DE SAUDE DO MUNICIPIO DE RIACHAO DO POCO;11637;23/06/2026;PROPOSTA PAGA;Proposta Paga;03/07/2026;R$35.538,00;R$35.538,00;R$35.538,00
2026;60060002;S.PART.;COMISSÃO DE ASSUNTOS SOCIAIS - CAS;4088;VENEZIANO VITAL DO RÊGO;PB;250170;BARRA DE SAO MIGUEL;MUNICIPAL;COMISSAO;CORRENTE;302;1000;1030251182E900001;27/05/2026;36000809783202600;202600036957;FAF;INCREMENTO MAC;2E90;ATENÇÃO ESPECIALIZADA À SAÚDE;INCREMENTO TEMPORÁRIO DO TETO DA MÉDIA E ALTA COMPLEXIDADE - MAC;11228592000110;FUNDO MUNICIPAL DE SAUDE DE BARRA DE SAO MIGUEL;11468;29/05/2026;PROPOSTA PAGA;Proposta Paga;16/06/2026;R$56.044,00;R$56.044,00;R$56.044,00
2026;60060002;S.PART.;COMISSÃO DE ASSUNTOS SOCIAIS - CAS;4088;VENEZIANO VITAL DO RÊGO;PB;250960;MONTE HOREBE;MUNICIPAL;COMISSAO;CORRENTE;302;1000;1030251182E900001;06/04/2026;36000790735202600;202600031747;FAF;INCREMENTO MAC;2E90;ATENÇÃO ESPECIALIZADA À SAÚDE;INCREMENTO TEMPORÁRIO DO TETO DA MÉDIA E ALTA COMPLEXIDADE - MAC;12445872000142;FUNDO MUNICIPAL DE SAUDE DO MUNICIPIO DE MONTE HOREBE - PB;11072;11/05/2026;PROPOSTA PAGA;Proposta Paga;28/05/2026;R$98.000,00;R$98.000,00;R$98.000,00
2026;60060002;S.PART.;COMISSÃO DE ASSUNTOS SOCIAIS - CAS;4088;VENEZIANO VITAL DO RÊGO;PB;250040;ALAGOA NOVA;MUNICIPAL;COMISSAO;CORRENTE;302;1000;1030251182E900001;26/03/2026;36000776844202600;202600034358;FAF;INCREMENTO MAC;2E90;ATENÇÃO ESPECIALIZADA À SAÚDE;INCREMENTO TEMPORÁRIO DO TETO DA MÉDIA E ALTA COMPLEXIDADE - MAC;11838096000188;FUNDO MUNICIPAL DE SAUDE DE ALAGOA NOVA;11269;18/05/2026;PROPOSTA PAGA;Proposta Paga;12/06/2026;R$100.000,00;R$100.000,00;R$100.000,00
2026;60060001;S.PART.;COMISSÃO DE ASSUNTOS SOCIAIS - CAS;4088 / 4270;EFRAIM FILHO / VENEZIANO VITAL DO RÊGO;PB;251350;SANTANA DE MANGUEIRA;MUNICIPAL;COMISSAO;CORRENTE;301;1000;1030151192E890001;08/04/2026;36000791271202600;202600033098;FAF;INCREMENTO PAP;2E89;ATENÇÃO PRIMÁRIA À SAÚDE;INCREMENTO DO PISO DA ATENÇÃO PRIMÁRIA À SAÚDE - PAP;11285050000189;FUNDO MUNICIPAL DE SAUDE;11195;13/05/2026;PROPOSTA PAGA;Proposta Paga;26/05/2026;R$100.000,00;R$100.000,00;R$100.000,00
2026;50410002;S.PART.;COMISSÃO DA SAÚDE;2712;HUGO MOTTA;PB;250990;NATUBA;MUNICIPAL;COMISSAO;CORRENTE;301;1000;1030151192E890001;05/06/2026;36000812584202600;202600040449;FAF;INCREMENTO PAP;2E89;ATENÇÃO PRIMÁRIA À SAÚDE;INCREMENTO DO PISO DA ATENÇÃO PRIMÁRIA À SAÚDE - PAP;17975221000188;FUNDO MUNICIPAL DE SAUDE DE NATUBA;11629;22/06/2026;PROPOSTA PAGA;Proposta Paga;29/06/2026;R$500.000,00;R$500.000,00;R$500.000,00
2026;50410001;S.PART.;COMISSÃO DA SAÚDE;3997;GERVÁSIO MAIA;PB;250480;COREMAS;MUNICIPAL;COMISSAO;CORRENTE;302;1000;1030251182E900001;07/05/2026;36000801883202600;202600031713;FAF;INCREMENTO MAC;2E90;ATENÇÃO ESPECIALIZADA À SAÚDE;INCREMENTO TEMPORÁRIO DO TETO DA MÉDIA E ALTA COMPLEXIDADE - MAC;11161210000188;FUNDO MUNICIPAL DE SAUDE;11072;11/05/2026;PROPOSTA PAGA;Proposta Paga;12/06/2026;R$500.000,00;R$500.000,00;R$500.000,00
2026;50410001;S.PART.;COMISSÃO DA SAÚDE;1277;WELLINGTON ROBERTO;PB;250200;BELEM DO BREJO DO CRUZ;MUNICIPAL;COMISSAO;CORRENTE;302;1000;1030251182E900001;16/06/2026;36000814664202600;202600040829;FAF;INCREMENTO MAC;2E90;ATENÇÃO ESPECIALIZADA À SAÚDE;INCREMENTO TEMPORÁRIO DO TETO DA MÉDIA E ALTA COMPLEXIDADE - MAC;12461113000173;FUNDO MUNICIPAL DE SAUDE DE BELEM DO BREJO DO CRUZ;11679;24/06/2026;EM ANALISE PELA ÁREA FINALÍSTICA;Proposta Empenhada aguardando Formalização;-;R$200.000,00;R$200.000,00;R$0,00
2026;60060002;S.PART.;COMISSÃO DE ASSUNTOS SOCIAIS - CAS;4088 / 4270;EFRAIM FILHO / VENEZIANO VITAL DO RÊGO;PB;250420;CATINGUEIRA;MUNICIPAL;COMISSAO;CORRENTE;302;1000;1030251182E900001;16/04/2026;36000793865202600;202600031708;FAF;INCREMENTO MAC;2E90;ATENÇÃO ESPECIALIZADA À SAÚDE;INCREMENTO TEMPORÁRIO DO TETO DA MÉDIA E ALTA COMPLEXIDADE - MAC;12401524000173;FUNDO MUNICIPAL DE SAUDE;11069;11/05/2026;PROPOSTA PAGA;Proposta Paga;26/05/2026;R$102.000,00;R$102.000,00;R$102.000,00
2026;60060001;S.PART.;COMISSÃO DE ASSUNTOS SOCIAIS - CAS;4270;EFRAIM FILHO;PB;250260;IGARACY;MUNICIPAL;COMISSAO;CORRENTE;301;1000;1030151192E890001;12/06/2026;36000814018202600;202600040137;FAF;INCREMENTO PAP;2E89;ATENÇÃO PRIMÁRIA À SAÚDE;INCREMENTO DO PISO DA ATENÇÃO PRIMÁRIA À SAÚDE - PAP;11463951000113;FUNDO MUNICIPAL DE SAUDE DE IGARACY;11610;19/06/2026;PROPOSTA PAGA;Proposta Paga;29/06/2026;R$500.000,00;R$500.000,00;R$500.000,00
2026;60060002;S.PART.;COMISSÃO DE ASSUNTOS SOCIAIS - CAS;4088;VENEZIANO VITAL DO RÊGO;PB;250440;CONCEICAO;MUNICIPAL;COMISSAO;CORRENTE;302;1000;1030251182E900001;23/03/2026;36000771692202600;202600031710;FAF;INCREMENTO MAC;2E90;ATENÇÃO ESPECIALIZADA À SAÚDE;INCREMENTO TEMPORÁRIO DO TETO DA MÉDIA E ALTA COMPLEXIDADE - MAC;05497410000103;FUNDO MUNICIPAL DE SAUDE DE CONCEICAO;11072;11/05/2026;PROPOSTA PAGA;Proposta Paga;26/05/2026;R$200.000,00;R$200.000,00;R$200.000,00
2026;60060002;S.PART.;COMISSÃO DE ASSUNTOS SOCIAIS - CAS;4088;VENEZIANO VITAL DO RÊGO;PB;250855;LOGRADOURO;MUNICIPAL;COMISSAO;CORRENTE;302;1000;1030251182E900001;30/03/2026;36000783177202600;202600031738;FAF;INCREMENTO MAC;2E90;ATENÇÃO ESPECIALIZADA À SAÚDE;INCREMENTO TEMPORÁRIO DO TETO DA MÉDIA E ALTA COMPLEXIDADE - MAC;11268139000137;FUNDO MUNICIPAL DE SAUDE DE LOGRADOURO;11072;11/05/2026;PROPOSTA PAGA;Proposta Paga;26/05/2026;R$79.823,00;R$79.823,00;R$79.823,00
2026;60060002;S.PART.;COMISSÃO DE ASSUNTOS SOCIAIS - CAS;4088;VENEZIANO VITAL DO RÊGO;PB;251275;RIACHAO DO BACAMARTE;MUNICIPAL;COMISSAO;CORRENTE;302;1000;1030251182E900001;26/03/2026;36000777122202600;202600031765;FAF;INCREMENTO MAC;2E90;ATENÇÃO ESPECIALIZADA À SAÚDE;INCREMENTO TEMPORÁRIO DO TETO DA MÉDIA E ALTA COMPLEXIDADE - MAC;11565067000190;FUNDO MUNICIPAL DE SAUDE - RIACHAO DO BACAMARTE - PB;11072;11/05/2026;PROPOSTA PAGA;Proposta Paga;28/05/2026;R$84.963,00;R$84.963,00;R$84.963,00
2026;60060002;S.PART.;COMISSÃO DE ASSUNTOS SOCIAIS - CAS;4088;VENEZIANO VITAL DO RÊGO;PB;250160;BARRA DE SANTA ROSA;MUNICIPAL;COMISSAO;CORRENTE;302;1000;1030251182E900001;31/03/2026;36000786032202600;202600031691;FAF;INCREMENTO MAC;2E90;ATENÇÃO ESPECIALIZADA À SAÚDE;INCREMENTO TEMPORÁRIO DO TETO DA MÉDIA E ALTA COMPLEXIDADE - MAC;11404690000160;FUNDO MUNICIPAL DE SAUDE;11072;11/05/2026;PROPOSTA PAGA;Proposta Paga;26/05/2026;R$100.000,00;R$100.000,00;R$100.000,00
2026;60060001;S.PART.;COMISSÃO DE ASSUNTOS SOCIAIS - CAS;4088;VENEZIANO VITAL DO RÊGO;PB;250830;LAGOA SECA;MUNICIPAL;COMISSAO;CORRENTE;301;1000;1030151192E890001;28/03/2026;36000781143202600;202600033056;FAF;INCREMENTO PAP;2E89;ATENÇÃO PRIMÁRIA À SAÚDE;INCREMENTO DO PISO DA ATENÇÃO PRIMÁRIA À SAÚDE - PAP;11264183000179;FUNDO MUNICIPAL DE SAUDE;11195;13/05/2026;PROPOSTA PAGA;Proposta Paga;26/05/2026;R$100.000,00;R$100.000,00;R$100.000,00
2026;60060001;S.PART.;COMISSÃO DE ASSUNTOS SOCIAIS - CAS;4088;VENEZIANO VITAL DO RÊGO;PB;251330;SANTA HELENA;MUNICIPAL;COMISSAO;CORRENTE;301;1000;1030151192E890001;09/04/2026;36000791750202600;202600033095;FAF;INCREMENTO PAP;2E89;ATENÇÃO PRIMÁRIA À SAÚDE;INCREMENTO DO PISO DA ATENÇÃO PRIMÁRIA À SAÚDE - PAP;11245287000136;FUNDO MUNICIPAL DE SAUDE DE SANTA HELENA-PB;11195;13/05/2026;PROPOSTA PAGA;Proposta Paga;26/05/2026;R$100.000,00;R$100.000,00;R$100.000,00
2026;60060001;S.PART.;COMISSÃO DE ASSUNTOS SOCIAIS - CAS;4088;VENEZIANO VITAL DO RÊGO;PB;251420;SAO JOSE DA LAGOA TAPADA;MUNICIPAL;COMISSAO;CORRENTE;301;1000;1030151192E890001;23/03/2026;36000772889202600;202600033106;FAF;INCREMENTO PAP;2E89;ATENÇÃO PRIMÁRIA À SAÚDE;INCREMENTO DO PISO DA ATENÇÃO PRIMÁRIA À SAÚDE - PAP;11420422000132;FUNDO MUNIC DE SAUDE DE JOSE DA LAGOA TAPADA;11195;13/05/2026;PROPOSTA PAGA;Proposta Paga;26/05/2026;R$100.000,00;R$100.000,00;R$100.000,00
2026;60060001;S.PART.;COMISSÃO DE ASSUNTOS SOCIAIS - CAS;4088;VENEZIANO VITAL DO RÊGO;PB;251593;SERTAOZINHO;MUNICIPAL;COMISSAO;CORRENTE;301;1000;1030151192E890001;27/03/2026;36000779157202600;202600033123;FAF;INCREMENTO PAP;2E89;ATENÇÃO PRIMÁRIA À SAÚDE;INCREMENTO DO PISO DA ATENÇÃO PRIMÁRIA À SAÚDE - PAP;11958034000100;FUNDO MUNICIPAL DE SAUDE DO MUNICIPIO DE SERTAOZINHO-PB;11195;13/05/2026;PROPOSTA PAGA;Proposta Paga;26/05/2026;R$100.000,00;R$100.000,00;R$100.000,00
2026;60060001;S.PART.;COMISSÃO DE ASSUNTOS SOCIAIS - CAS;4088;VENEZIANO VITAL DO RÊGO;PB;251650;TAPEROA;MUNICIPAL;COMISSAO;CORRENTE;301;1000;1030151192E890001;26/03/2026;36000777496202600;202600033134;FAF;INCREMENTO PAP;2E89;ATENÇÃO PRIMÁRIA À SAÚDE;INCREMENTO DO PISO DA ATENÇÃO PRIMÁRIA À SAÚDE - PAP;11850452000189;FUNDO MUNICIPAL DE SAUDE DE TAPEROA;11195;13/05/2026;PROPOSTA PAGA;Proposta Paga;26/05/2026;R$100.000,00;R$100.000,00;R$100.000,00
2026;60060001;S.PART.;COMISSÃO DE ASSUNTOS SOCIAIS - CAS;4088;VENEZIANO VITAL DO RÊGO;PB;251207;POCO DE JOSE DE MOURA;MUNICIPAL;COMISSAO;CORRENTE;301;1000;1030151192E890001;23/03/2026;36000772903202600;202600033088;FAF;INCREMENTO PAP;2E89;ATENÇÃO PRIMÁRIA À SAÚDE;INCREMENTO DO PISO DA ATENÇÃO PRIMÁRIA À SAÚDE - PAP;11472830000138;FUNDO MUNICIPAL DE SAUDE DE POCO DE JOSE DE MOURA;11195;13/05/2026;PROPOSTA PAGA;Proposta Paga;26/05/2026;R$150.000,00;R$150.000,00;R$150.000,00
2026;50410002;S.PART.;COMISSÃO DA SAÚDE;1271 / 1283;LUIZ COUTO / WILSON SANTIAGO;PB;250200;BELEM DO BREJO DO CRUZ;MUNICIPAL;COMISSAO;CORRENTE;301;1000;1030151192E890001;08/05/2026;36000803053202600;202600035519;FAF;INCREMENTO PAP;2E89;ATENÇÃO PRIMÁRIA À SAÚDE;INCREMENTO DO PISO DA ATENÇÃO PRIMÁRIA À SAÚDE - PAP;12461113000173;FUNDO MUNICIPAL DE SAUDE DE BELEM DO BREJO DO CRUZ;11335;20/05/2026;PROPOSTA PAGA;Proposta Paga;16/06/2026;R$200.000,00;R$200.000,00;R$200.000,00
2026;50410002;S.PART.;COMISSÃO DA SAÚDE;1271 / 4436;LUIZ COUTO / MURILO GALDINO;PB;250530;CURRAL VELHO;MUNICIPAL;COMISSAO;CORRENTE;301;1000;1030151192E890001;25/05/2026;36000809164202600;202600037393;FAF;INCREMENTO PAP;2E89;ATENÇÃO PRIMÁRIA À SAÚDE;INCREMENTO DO PISO DA ATENÇÃO PRIMÁRIA À SAÚDE - PAP;10472943000170;FUNDO MUNICIPAL DE SAUDE DE CURRAL VELHO;11488;01/06/2026;PROPOSTA PAGA;Proposta Paga;11/06/2026;R$301.000,00;R$301.000,00;R$301.000,00
2026;50410002;S.PART.;COMISSÃO DA SAÚDE;1271 / 2712;HUGO MOTTA / LUIZ COUTO;PB;250480;COREMAS;MUNICIPAL;COMISSAO;CORRENTE;301;1000;1030151192E890001;30/04/2026;36000798647202600;202600033026;FAF;INCREMENTO PAP;2E89;ATENÇÃO PRIMÁRIA À SAÚDE;INCREMENTO DO PISO DA ATENÇÃO PRIMÁRIA À SAÚDE - PAP;11161210000188;FUNDO MUNICIPAL DE SAUDE;11222;15/05/2026;PROPOSTA PAGA;Proposta Paga;11/06/2026;R$600.000,00;R$600.000,00;R$600.000,00
2026;50410002;S.PART.;COMISSÃO DA SAÚDE;1271 / 2712 / 3997;GERVÁSIO MAIA / HUGO MOTTA / LUIZ COUTO;PB;250415;CASSERENGUE;MUNICIPAL;COMISSAO;CORRENTE;301;1000;1030151192E890001;28/05/2026;36000810865202600;202600040129;FAF;INCREMENTO PAP;2E89;ATENÇÃO PRIMÁRIA À SAÚDE;INCREMENTO DO PISO DA ATENÇÃO PRIMÁRIA À SAÚDE - PAP;12431437000169;FUNDO MUNICIPAL DE SAUDE;11610;19/06/2026;PROPOSTA PAGA;Proposta Paga;29/06/2026;R$300.000,00;R$300.000,00;R$300.000,00
2026;50410002;S.PART.;COMISSÃO DA SAÚDE;2712 / 3997;GERVÁSIO MAIA / HUGO MOTTA;PB;251597;SOBRADO;MUNICIPAL;COMISSAO;CORRENTE;301;1000;1030151192E890001;09/05/2026;36000803273202600;202600033126;FAF;INCREMENTO PAP;2E89;ATENÇÃO PRIMÁRIA À SAÚDE;INCREMENTO DO PISO DA ATENÇÃO PRIMÁRIA À SAÚDE - PAP;12012235000182;FUNDO MUNICIPAL DE SAUDE;11237;15/05/2026;PROPOSTA PAGA;Proposta Paga;26/05/2026;R$500.000,00;R$500.000,00;R$500.000,00
2026;50410003;S.PART.;COMISSÃO DA SAÚDE;4436;MURILO GALDINO;PB;250750;JOAO PESSOA;ESTADUAL;COMISSAO;CAPITAL;302;1000;10302511885350001;02/06/2026;03609595000126007;202600041371;FAF;EQUIPAMENTO;8535;ATENÇÃO ESPECIALIZADA À SAÚDE;Políticas de Atenção Ambulatorial Especializada e Serviços Hospitalares de Alta Complexidade - Hospital de Alta Complexidade;03609595000175;FUNDO ESTADUAL DE SAUDE DO ESTADO DA PARAIBA - FESEP;11743;29/06/2026;EM ANALISE PELA ÁREA FINALÍSTICA;Proposta Empenhada aguardando Formalização;-;R$750.712,00;R$750.712,00;R$0,00
2026;50410002;S.PART.;COMISSÃO DA SAÚDE;2712 / 2714;HUGO MOTTA / ROMERO RODRIGUES;PB;250053;ALCANTIL;MUNICIPAL;COMISSAO;CORRENTE;301;1000;1030151192E890001;11/05/2026;36000804158202600;202600032985;FAF;INCREMENTO PAP;2E89;ATENÇÃO PRIMÁRIA À SAÚDE;INCREMENTO DO PISO DA ATENÇÃO PRIMÁRIA À SAÚDE - PAP;08448753000176;FUNDO MUNICIPAL DE SAUDE - ALCANTIL PB;11237;15/05/2026;PROPOSTA PAGA;Proposta Paga;16/06/2026;R$1.000.000,00;R$1.000.000,00;R$1.000.000,00
2026;50410001;S.PART.;COMISSÃO DA SAÚDE;1283;WILSON SANTIAGO;PB;250770;JUAZEIRINHO;MUNICIPAL;COMISSAO;CORRENTE;302;1000;1030251182E900001;01/05/2026;36000799264202600;202600036120;FAF;INCREMENTO MAC;2E90;ATENÇÃO ESPECIALIZADA À SAÚDE;INCREMENTO TEMPORÁRIO DO TETO DA MÉDIA E ALTA COMPLEXIDADE - MAC;11277311000119;FUNDO MUNICIPAL DE SAUDE DE JUAZEIRINHO;11370;22/05/2026;PROPOSTA PAGA;Proposta Paga;29/06/2026;R$1.500.000,00;R$1.500.000,00;R$1.500.000,00
2026;50410002;S.PART.;COMISSÃO DA SAÚDE;1271 / 2712;HUGO MOTTA / LUIZ COUTO;PB;250180;BAYEUX;MUNICIPAL;COMISSAO;CORRENTE;301;1000;1030151192E890001;22/05/2026;36000808545202600;202600036578;FAF;INCREMENTO PAP;2E89;ATENÇÃO PRIMÁRIA À SAÚDE;INCREMENTO DO PISO DA ATENÇÃO PRIMÁRIA À SAÚDE - PAP;11685421000110;FUNDO MUNICIPAL DE SAUDE DE BAYEUX;11414;26/05/2026;PROPOSTA PAGA;Proposta Paga;11/06/2026;R$100.000,00;R$100.000,00;R$100.000,00
2026;60060002;S.PART.;COMISSÃO DE ASSUNTOS SOCIAIS - CAS;4270;EFRAIM FILHO;PB;250230;BOM SUCESSO;MUNICIPAL;COMISSAO;CORRENTE;302;1000;1030251182E900001;11/06/2026;36000813614202600;202600039777;FAF;INCREMENTO MAC;2E90;ATENÇÃO ESPECIALIZADA À SAÚDE;INCREMENTO TEMPORÁRIO DO TETO DA MÉDIA E ALTA COMPLEXIDADE - MAC;12403050000107;FUNDO MUNICIPAL DE SAUDE - FMS;11600;18/06/2026;EM ANALISE PELA ÁREA FINALÍSTICA;Proposta Empenhada aguardando Formalização;-;R$1.146.781,00;R$1.146.781,00;R$0,00
2026;60060002;S.PART.;COMISSÃO DE ASSUNTOS SOCIAIS - CAS;4088 / 4270;EFRAIM FILHO / VENEZIANO VITAL DO RÊGO;PB;250280;BREJO DO CRUZ;MUNICIPAL;COMISSAO;CORRENTE;302;1000;1030251182E900001;10/06/2026;36000813253202600;202600039363;FAF;INCREMENTO MAC;2E90;ATENÇÃO ESPECIALIZADA À SAÚDE;INCREMENTO TEMPORÁRIO DO TETO DA MÉDIA E ALTA COMPLEXIDADE - MAC;12452534000138;FUNDO MUNICIPAL DE SAUDE DE BREJO DO CRUZ;11573;16/06/2026;PROPOSTA PAGA;Proposta Paga;23/06/2026;R$877.555,00;R$877.555,00;R$877.555,00
2026;60060002;S.PART.;COMISSÃO DE ASSUNTOS SOCIAIS - CAS;4088;VENEZIANO VITAL DO RÊGO;PB;251365;JOCA CLAUDINO;MUNICIPAL;COMISSAO;CORRENTE;302;1000;1030251182E900001;24/03/2026;36000774132202600;202600031730;FAF;INCREMENTO MAC;2E90;ATENÇÃO ESPECIALIZADA À SAÚDE;INCREMENTO TEMPORÁRIO DO TETO DA MÉDIA E ALTA COMPLEXIDADE - MAC;11332661000130;FUNDO MUNICIPAL DE SAUDE;11072;11/05/2026;PROPOSTA PAGA;Proposta Paga;26/05/2026;R$200.000,00;R$200.000,00;R$200.000,00
2026;60060002;S.PART.;COMISSÃO DE ASSUNTOS SOCIAIS - CAS;4088;VENEZIANO VITAL DO RÊGO;PB;250157;BARRA DE SANTANA;MUNICIPAL;COMISSAO;CORRENTE;302;1000;1030251182E900001;02/04/2026;36000789789202600;202600031692;FAF;INCREMENTO MAC;2E90;ATENÇÃO ESPECIALIZADA À SAÚDE;INCREMENTO TEMPORÁRIO DO TETO DA MÉDIA E ALTA COMPLEXIDADE - MAC;11109361000197;FUNDO MUNICIPAL DE SAUDE BARRA DE SANTANA;11072;11/05/2026;PROPOSTA PAGA;Proposta Paga;26/05/2026;R$100.000,00;R$100.000,00;R$100.000,00
2026;60060002;S.PART.;COMISSÃO DE ASSUNTOS SOCIAIS - CAS;4088;VENEZIANO VITAL DO RÊGO;PB;251597;SOBRADO;MUNICIPAL;COMISSAO;CORRENTE;302;1000;1030251182E900001;30/03/2026;36000784134202600;202600031792;FAF;INCREMENTO MAC;2E90;ATENÇÃO ESPECIALIZADA À SAÚDE;INCREMENTO TEMPORÁRIO DO TETO DA MÉDIA E ALTA COMPLEXIDADE - MAC;12012235000182;FUNDO MUNICIPAL DE SAUDE;11072;11/05/2026;PROPOSTA PAGA;Proposta Paga;28/05/2026;R$100.000,00;R$100.000,00;R$100.000,00
2026;60060001;S.PART.;COMISSÃO DE ASSUNTOS SOCIAIS - CAS;4088;VENEZIANO VITAL DO RÊGO;PB;250490;CRUZ DO ESPIRITO SANTO;MUNICIPAL;COMISSAO;CORRENTE;301;1000;1030151192E890001;24/03/2026;36000773376202600;202600033030;FAF;INCREMENTO PAP;2E89;ATENÇÃO PRIMÁRIA À SAÚDE;INCREMENTO DO PISO DA ATENÇÃO PRIMÁRIA À SAÚDE - PAP;23014200000107;FUNDO MUNICIPAL DE SAUDE DE CRUZ DO ESPIRITO SANTO;11195;13/05/2026;PROPOSTA PAGA;Proposta Paga;16/06/2026;R$100.000,00;R$100.000,00;R$100.000,00
2026;60060001;S.PART.;COMISSÃO DE ASSUNTOS SOCIAIS - CAS;4088;VENEZIANO VITAL DO RÊGO;PB;250780;JUNCO DO SERIDO;MUNICIPAL;COMISSAO;CORRENTE;301;1000;1030151192E890001;23/03/2026;36000772553202600;202600033050;FAF;INCREMENTO PAP;2E89;ATENÇÃO PRIMÁRIA À SAÚDE;INCREMENTO DO PISO DA ATENÇÃO PRIMÁRIA À SAÚDE - PAP;13069201000197;FUNDO MUNICIPAL DE SAUDE DE JUNCO DO SERIDO-PB;11195;13/05/2026;PROPOSTA PAGA;Proposta Paga;26/05/2026;R$100.000,00;R$100.000,00;R$100.000,00
2026;60060001;S.PART.;COMISSÃO DE ASSUNTOS SOCIAIS - CAS;4088;VENEZIANO VITAL DO RÊGO;PB;250840;LASTRO;MUNICIPAL;COMISSAO;CORRENTE;301;1000;1030151192E890001;27/03/2026;36000780156202600;202600033054;FAF;INCREMENTO PAP;2E89;ATENÇÃO PRIMÁRIA À SAÚDE;INCREMENTO DO PISO DA ATENÇÃO PRIMÁRIA À SAÚDE - PAP;11304889000117;FUNDO MUNICIPAL DE SAUDE DE LASTRO;11195;13/05/2026;PROPOSTA PAGA;Proposta Paga;26/05/2026;R$100.000,00;R$100.000,00;R$100.000,00
2026;60060001;S.PART.;COMISSÃO DE ASSUNTOS SOCIAIS - CAS;4141;DANIELLA RIBEIRO;PB;251040;OLHO D'AGUA;MUNICIPAL;COMISSAO;CORRENTE;301;1000;1030151192E890001;25/03/2026;36000775926202600;202600033076;FAF;INCREMENTO PAP;2E89;ATENÇÃO PRIMÁRIA À SAÚDE;INCREMENTO DO PISO DA ATENÇÃO PRIMÁRIA À SAÚDE - PAP;11471451000123;FUNDO MUNICIPAL DE SAUDE;11195;13/05/2026;PROPOSTA PAGA;Proposta Paga;16/06/2026;R$200.000,00;R$200.000,00;R$200.000,00
2026;50410002;S.PART.;COMISSÃO DA SAÚDE;1271 / 2712;HUGO MOTTA / LUIZ COUTO;PB;250570;DONA INES;MUNICIPAL;COMISSAO;CORRENTE;301;1000;1030151192E890001;08/05/2026;36000802912202600;202600033036;FAF;INCREMENTO PAP;2E89;ATENÇÃO PRIMÁRIA À SAÚDE;INCREMENTO DO PISO DA ATENÇÃO PRIMÁRIA À SAÚDE - PAP;11420456000127;DONA INES - FUNDO MUNICIPAL DE SAUDE;11222;15/05/2026;PROPOSTA PAGA;Proposta Paga;26/05/2026;R$250.000,00;R$250.000,00;R$250.000,00
2026;50410002;S.PART.;COMISSÃO DA SAÚDE;1283 / 3997;GERVÁSIO MAIA / WILSON SANTIAGO;PB;251392;SAO BENTINHO;MUNICIPAL;COMISSAO;CORRENTE;301;1000;1030151192E890001;25/05/2026;36000808981202600;202600037072;FAF;INCREMENTO PAP;2E89;ATENÇÃO PRIMÁRIA À SAÚDE;INCREMENTO DO PISO DA ATENÇÃO PRIMÁRIA À SAÚDE - PAP;10770716000121;FUNDO MUNICIPAL DE SAUDE DE SAO BENTINHO;11488;01/06/2026;PROPOSTA PAGA;Proposta Paga;11/06/2026;R$493.616,00;R$493.616,00;R$493.616,00
2026;50410002;S.PART.;COMISSÃO DA SAÚDE;2712;HUGO MOTTA;PB;251720;VIEIROPOLIS;MUNICIPAL;COMISSAO;CORRENTE;301;1000;1030151192E890001;04/05/2026;36000799666202600;202600033127;FAF;INCREMENTO PAP;2E89;ATENÇÃO PRIMÁRIA À SAÚDE;INCREMENTO DO PISO DA ATENÇÃO PRIMÁRIA À SAÚDE - PAP;14688620000170;FUNDO MUNICIPAL DE SAUDE DE VIEIROPOLIS;11222;15/05/2026;PROPOSTA PAGA;Proposta Paga;26/05/2026;R$700.000,00;R$700.000,00;R$700.000,00
2026;50410002;S.PART.;COMISSÃO DA SAÚDE;1271 / 2712;HUGO MOTTA / LUIZ COUTO;PB;250570;DONA INES;MUNICIPAL;COMISSAO;CORRENTE;301;1000;1030151192E890001;15/05/2026;36000806010202600;202600036593;FAF;INCREMENTO PAP;2E89;ATENÇÃO PRIMÁRIA À SAÚDE;INCREMENTO DO PISO DA ATENÇÃO PRIMÁRIA À SAÚDE - PAP;11420456000127;DONA INES - FUNDO MUNICIPAL DE SAUDE;11403;26/05/2026;PROPOSTA PAGA;Proposta Paga;11/06/2026;R$100.000,00;R$100.000,00;R$100.000,00
2026;50410002;S.PART.;COMISSÃO DA SAÚDE;1271;LUIZ COUTO;PB;251370;SANTA RITA;MUNICIPAL;COMISSAO;CORRENTE;301;1000;1030151192E890001;14/05/2026;36000805754202600;202600040149;FAF;INCREMENTO PAP;2E89;ATENÇÃO PRIMÁRIA À SAÚDE;INCREMENTO DO PISO DA ATENÇÃO PRIMÁRIA À SAÚDE - PAP;08694222000163;FUNDO MUNICIPAL DE SAUDE DE SANTA RITA;11610;19/06/2026;PROPOSTA PAGA;Proposta Paga;29/06/2026;R$100.000,00;R$100.000,00;R$100.000,00
2026;50410001;S.PART.;COMISSÃO DA SAÚDE;1283;WILSON SANTIAGO;PB;250020;AGUIAR;MUNICIPAL;COMISSAO;CORRENTE;302;1000;1030251182E900001;21/05/2026;36000808178202600;202600039776;FAF;INCREMENTO MAC;2E90;ATENÇÃO ESPECIALIZADA À SAÚDE;INCREMENTO TEMPORÁRIO DO TETO DA MÉDIA E ALTA COMPLEXIDADE - MAC;11267041000165;FUNDO MUNICIPAL DE SAUDE;11598;18/06/2026;PROPOSTA PAGA;Proposta Paga;03/07/2026;R$500.000,00;R$500.000,00;R$500.000,00
2026;60060001;S.PART.;COMISSÃO DE ASSUNTOS SOCIAIS - CAS;4088 / 4270;EFRAIM FILHO / VENEZIANO VITAL DO RÊGO;PB;251400;SAO JOAO DO CARIRI;MUNICIPAL;COMISSAO;CORRENTE;301;1000;1030151192E890001;21/03/2026;36000770255202600;202600033100;FAF;INCREMENTO PAP;2E89;ATENÇÃO PRIMÁRIA À SAÚDE;INCREMENTO DO PISO DA ATENÇÃO PRIMÁRIA À SAÚDE - PAP;12447221000191;FUNDO MUNICIPAL DE SAUDE DE SAO JOAO DO CARIRI - PB;11195;13/05/2026;PROPOSTA PAGA;Proposta Paga;26/05/2026;R$800.000,00;R$800.000,00;R$800.000,00
2026;60060002;S.PART.;COMISSÃO DE ASSUNTOS SOCIAIS - CAS;4088;VENEZIANO VITAL DO RÊGO;PB;250120;AREIAL;MUNICIPAL;COMISSAO;CORRENTE;302;1000;1030251182E900001;23/04/2026;36000796186202600;202600031689;FAF;INCREMENTO MAC;2E90;ATENÇÃO ESPECIALIZADA À SAÚDE;INCREMENTO TEMPORÁRIO DO TETO DA MÉDIA E ALTA COMPLEXIDADE - MAC;13876013000170;FUNDO MUNICIPAL DE SAUDE DE AREIAL;11072;11/05/2026;EM ANALISE PELA ÁREA FINALÍSTICA;Proposta Empenhada aguardando Formalização;-;R$76.333,00;R$76.333,00;R$0,00
2026;60060002;S.PART.;COMISSÃO DE ASSUNTOS SOCIAIS - CAS;4088;VENEZIANO VITAL DO RÊGO;PB;251140;PICUI;MUNICIPAL;COMISSAO;CORRENTE;302;1000;1030251182E900001;08/04/2026;36000791502202600;202600031756;FAF;INCREMENTO MAC;2E90;ATENÇÃO ESPECIALIZADA À SAÚDE;INCREMENTO TEMPORÁRIO DO TETO DA MÉDIA E ALTA COMPLEXIDADE - MAC;08619650000121;FUNDO MUNICIPAL DE SAUDE;11072;11/05/2026;PROPOSTA PAGA;Proposta Paga;29/06/2026;R$200.000,00;R$200.000,00;R$200.000,00
2026;60060001;S.PART.;COMISSÃO DE ASSUNTOS SOCIAIS - CAS;4088;VENEZIANO VITAL DO RÊGO;PB;250855;LOGRADOURO;MUNICIPAL;COMISSAO;CORRENTE;301;1000;1030151192E890001;30/03/2026;36000783008202600;202600033059;FAF;INCREMENTO PAP;2E89;ATENÇÃO PRIMÁRIA À SAÚDE;INCREMENTO DO PISO DA ATENÇÃO PRIMÁRIA À SAÚDE - PAP;11268139000137;FUNDO MUNICIPAL DE SAUDE DE LOGRADOURO;11195;13/05/2026;PROPOSTA PAGA;Proposta Paga;26/05/2026;R$100.000,00;R$100.000,00;R$100.000,00
2026;60060001;S.PART.;COMISSÃO DE ASSUNTOS SOCIAIS - CAS;4088;VENEZIANO VITAL DO RÊGO;PB;251470;SAO JOSE DO SABUGI;MUNICIPAL;COMISSAO;CORRENTE;301;1000;1030151192E890001;01/04/2026;36000788733202600;202600033111;FAF;INCREMENTO PAP;2E89;ATENÇÃO PRIMÁRIA À SAÚDE;INCREMENTO DO PISO DA ATENÇÃO PRIMÁRIA À SAÚDE - PAP;11850135000162;FUNDO MUNICIPAL DE SAUDE DO MUNICIPIO DE SAO JOSE DO SABUGI;11195;13/05/2026;PROPOSTA PAGA;Proposta Paga;26/05/2026;R$100.000,00;R$100.000,00;R$100.000,00
2026;60060001;S.PART.;COMISSÃO DE ASSUNTOS SOCIAIS - CAS;4088;VENEZIANO VITAL DO RÊGO;PB;251540;SAO VICENTE DO SERIDO;MUNICIPAL;COMISSAO;CORRENTE;301;1000;1030151192E890001;31/03/2026;36000784529202600;202600033122;FAF;INCREMENTO PAP;2E89;ATENÇÃO PRIMÁRIA À SAÚDE;INCREMENTO DO PISO DA ATENÇÃO PRIMÁRIA À SAÚDE - PAP;08573654000116;FUNDO MUNICIPAL DE SAUDE;11195;13/05/2026;PROPOSTA PAGA;Proposta Paga;26/05/2026;R$100.000,00;R$100.000,00;R$100.000,00
2026;50410001;S.PART.;COMISSÃO DA SAÚDE;1283 / 2712;HUGO MOTTA / WILSON SANTIAGO;PB;251230;PRINCESA ISABEL;MUNICIPAL;COMISSAO;CORRENTE;302;1000;1030251182E900001;12/05/2026;36000804575202600;202600031763;FAF;INCREMENTO MAC;2E90;ATENÇÃO ESPECIALIZADA À SAÚDE;INCREMENTO TEMPORÁRIO DO TETO DA MÉDIA E ALTA COMPLEXIDADE - MAC;10473821000107;FUNDO MUNICIPAL DE SAUDE DO MUNICIPIO DE PRINCESA ISABEL;11231;15/05/2026;PROPOSTA PAGA;Proposta Paga;16/06/2026;R$1.000.000,00;R$1.000.000,00;R$1.000.000,00
2026;60060002;S.PART.;COMISSÃO DE ASSUNTOS SOCIAIS - CAS;4088;VENEZIANO VITAL DO RÊGO;PB;250010;AGUA BRANCA;MUNICIPAL;COMISSAO;CORRENTE;302;1000;1030251182E900001;06/04/2026;36000790540202600;202600031681;FAF;INCREMENTO MAC;2E90;ATENÇÃO ESPECIALIZADA À SAÚDE;INCREMENTO TEMPORÁRIO DO TETO DA MÉDIA E ALTA COMPLEXIDADE - MAC;10502869000198;FUNDO MUNICIPAL DE SAUDE DE AGUA BRANCA;11072;11/05/2026;PROPOSTA PAGA;Proposta Paga;12/06/2026;R$200.000,00;R$200.000,00;R$200.000,00
2026;60060002;S.PART.;COMISSÃO DE ASSUNTOS SOCIAIS - CAS;4088;VENEZIANO VITAL DO RÊGO;PB;251490;SAO MAMEDE;MUNICIPAL;COMISSAO;CORRENTE;302;1000;1030251182E900001;24/03/2026;36000773698202600;202600031784;FAF;INCREMENTO MAC;2E90;ATENÇÃO ESPECIALIZADA À SAÚDE;INCREMENTO TEMPORÁRIO DO TETO DA MÉDIA E ALTA COMPLEXIDADE - MAC;04223191000101;FUNDO MUN.DE SAUDE DE SAO MAMEDE-PB;11072;11/05/2026;PROPOSTA PAGA;Proposta Paga;12/06/2026;R$100.000,00;R$100.000,00;R$100.000,00
2026;60060001;S.PART.;COMISSÃO DE ASSUNTOS SOCIAIS - CAS;4088 / 4141;DANIELLA RIBEIRO / VENEZIANO VITAL DO RÊGO;PB;251065;PARARI;MUNICIPAL;COMISSAO;CORRENTE;301;1000;1030151192E890001;14/04/2026;36000792744202600;202600033079;FAF;INCREMENTO PAP;2E89;ATENÇÃO PRIMÁRIA À SAÚDE;INCREMENTO DO PISO DA ATENÇÃO PRIMÁRIA À SAÚDE - PAP;13845567000100;FUNDO MUNICIPAL DE SAUDE DE PARARI;11195;13/05/2026;PROPOSTA PAGA;Proposta Paga;26/05/2026;R$176.000,00;R$176.000,00;R$176.000,00
2026;60060001;S.PART.;COMISSÃO DE ASSUNTOS SOCIAIS - CAS;4088;VENEZIANO VITAL DO RÊGO;PB;250930;MATARACA;MUNICIPAL;COMISSAO;CORRENTE;301;1000;1030151192E890001;30/03/2026;36000781780202600;202600033064;FAF;INCREMENTO PAP;2E89;ATENÇÃO PRIMÁRIA À SAÚDE;INCREMENTO DO PISO DA ATENÇÃO PRIMÁRIA À SAÚDE - PAP;13070749000157;FUNDO MUNICIPAL DE SAUDE DO MUNICIPIO DE MATARACA-PB;11195;13/05/2026;PROPOSTA PAGA;Proposta Paga;26/05/2026;R$100.000,00;R$100.000,00;R$100.000,00
2026;60060001;S.PART.;COMISSÃO DE ASSUNTOS SOCIAIS - CAS;4088 / 4141;DANIELLA RIBEIRO / VENEZIANO VITAL DO RÊGO;PB;250340;CACIMBA DE AREIA;MUNICIPAL;COMISSAO;CORRENTE;301;1000;1030151192E890001;10/04/2026;36000792008202600;202600033011;FAF;INCREMENTO PAP;2E89;ATENÇÃO PRIMÁRIA À SAÚDE;INCREMENTO DO PISO DA ATENÇÃO PRIMÁRIA À SAÚDE - PAP;10460927000168;FUNDO MUNICIPAL DE SAUDE DE CACIMBA DE AREIA;11195;13/05/2026;PROPOSTA PAGA;Proposta Paga;26/05/2026;R$200.000,00;R$200.000,00;R$200.000,00
2026;60060001;S.PART.;COMISSÃO DE ASSUNTOS SOCIAIS - CAS;4088;VENEZIANO VITAL DO RÊGO;PB;250990;NATUBA;MUNICIPAL;COMISSAO;CORRENTE;301;1000;1030151192E890001;21/04/2026;36000795540202600;202600033072;FAF;INCREMENTO PAP;2E89;ATENÇÃO PRIMÁRIA À SAÚDE;INCREMENTO DO PISO DA ATENÇÃO PRIMÁRIA À SAÚDE - PAP;17975221000188;FUNDO MUNICIPAL DE SAUDE DE NATUBA;11195;13/05/2026;PROPOSTA PAGA;Proposta Paga;11/06/2026;R$200.000,00;R$200.000,00;R$200.000,00
2026;50410002;S.PART.;COMISSÃO DA SAÚDE;1283;WILSON SANTIAGO;PB;250560;DIAMANTE;MUNICIPAL;COMISSAO;CORRENTE;301;1000;1030151192E890001;28/05/2026;36000811263202600;202600039070;FAF;INCREMENTO PAP;2E89;ATENÇÃO PRIMÁRIA À SAÚDE;INCREMENTO DO PISO DA ATENÇÃO PRIMÁRIA À SAÚDE - PAP;10382118000185;FUNDO MUNICIPAL DE SAUDE DE DIAMANTE;11530;09/06/2026;PROPOSTA PAGA;Proposta Paga;29/06/2026;R$451.031,00;R$451.031,00;R$451.031,00
2026;50410002;S.PART.;COMISSÃO DA SAÚDE;2712;HUGO MOTTA;PB;251240;PUXINANA;MUNICIPAL;COMISSAO;CORRENTE;301;1000;1030151192E890001;25/05/2026;36000809039202600;202600037066;FAF;INCREMENTO PAP;2E89;ATENÇÃO PRIMÁRIA À SAÚDE;INCREMENTO DO PISO DA ATENÇÃO PRIMÁRIA À SAÚDE - PAP;10521892000120;FUNDO MUNICIPAL DE SAUDE - PUXINANA;11488;01/06/2026;PROPOSTA PAGA;Proposta Paga;16/06/2026;R$500.000,00;R$500.000,00;R$500.000,00
2026;50410002;S.PART.;COMISSÃO DA SAÚDE;1283;WILSON SANTIAGO;PB;250150;BANANEIRAS;MUNICIPAL;COMISSAO;CORRENTE;301;1000;1030151192E890001;30/04/2026;36000798623202600;202600032997;FAF;INCREMENTO PAP;2E89;ATENÇÃO PRIMÁRIA À SAÚDE;INCREMENTO DO PISO DA ATENÇÃO PRIMÁRIA À SAÚDE - PAP;18730452000194;BANANEIRAS - FUNDO MUNICIPAL DE SAUDE;11222;15/05/2026;PROPOSTA PAGA;Proposta Paga;26/05/2026;R$2.000.000,00;R$2.000.000,00;R$2.000.000,00
2026;50410003;S.PART.;COMISSÃO DA SAÚDE;1277;WELLINGTON ROBERTO;PB;250200;BELEM DO BREJO DO CRUZ;MUNICIPAL;COMISSAO;CAPITAL;302;1000;10302511885350001;08/06/2026;12461113000126003;202600042269;FAF;EQUIPAMENTO;8535;ATENÇÃO ESPECIALIZADA À SAÚDE;Rede de Atenção Hospitalar - Ambulância de Transporte Tipo A - Remoção Simples - Eletiva;12461113000173;FUNDO MUNICIPAL DE SAUDE DE BELEM DO BREJO DO CRUZ;11778;01/07/2026;EM ANALISE PELA ÁREA FINALÍSTICA;Proposta Empenhada aguardando Formalização;-;R$260.998,00;R$260.998,00;R$0,00
2026;50410003;S.PART.;COMISSÃO DA SAÚDE;1271;LUIZ COUTO;PB;250980;MULUNGU;MUNICIPAL;COMISSAO;CAPITAL;302;1000;10302511885350001;12/06/2026;18767963000126005;202600042621;FAF;EQUIPAMENTO;8535;ATENÇÃO ESPECIALIZADA À SAÚDE;Rede de Atenção Hospitalar - Ambulância de Transporte Tipo A - Remoção Simples - Eletiva;18767963000180;FUNDO MUNICIPAL DE SAUDE MULUNGU;11930;06/07/2026;EM ANALISE PELA ÁREA FINALÍSTICA;Proposta Empenhada aguardando Formalização;-;R$260.998,00;R$260.998,00;R$0,00
2026;50410001;S.PART.;COMISSÃO DA SAÚDE;1277 / 3997;GERVÁSIO MAIA / WELLINGTON ROBERTO;PB;250077;APARECIDA;MUNICIPAL;COMISSAO;CORRENTE;302;1000;1030251182E900001;14/05/2026;36000805786202600;202600037989;FAF;INCREMENTO MAC;2E90;ATENÇÃO ESPECIALIZADA À SAÚDE;INCREMENTO TEMPORÁRIO DO TETO DA MÉDIA E ALTA COMPLEXIDADE - MAC;11956816000100;FUNDO MUNICIPAL DE SAUDE DE APARECIDA;11269;18/05/2026;PROPOSTA PAGA;Proposta Paga;12/06/2026;R$161.600,00;R$161.600,00;R$161.600,00
2026;50410001;S.PART.;COMISSÃO DA SAÚDE;2712 / 2718;AUGUSTO COUTINHO / HUGO MOTTA;PB;250600;ESPERANCA;MUNICIPAL;COMISSAO;CORRENTE;302;1000;1030251182E900001;27/05/2026;36000810121202600;202600041458;FAF;INCREMENTO MAC;2E90;ATENÇÃO ESPECIALIZADA À SAÚDE;INCREMENTO TEMPORÁRIO DO TETO DA MÉDIA E ALTA COMPLEXIDADE - MAC;12011984000195;FUNDO MUNICIPAL DE SAUDE;11726;29/06/2026;PROPOSTA PAGA;Proposta Paga;03/07/2026;R$1.000.000,00;R$1.000.000,00;R$1.000.000,00
2026;50410001;S.PART.;COMISSÃO DA SAÚDE;2712;HUGO MOTTA;PB;250570;DONA INES;MUNICIPAL;COMISSAO;CORRENTE;302;1000;1030251182E900001;08/05/2026;36000802925202600;202600036118;FAF;INCREMENTO MAC;2E90;ATENÇÃO ESPECIALIZADA À SAÚDE;INCREMENTO TEMPORÁRIO DO TETO DA MÉDIA E ALTA COMPLEXIDADE - MAC;11420456000127;DONA INES - FUNDO MUNICIPAL DE SAUDE;11370;22/05/2026;PROPOSTA PAGA;Proposta Paga;16/06/2026;R$750.000,00;R$750.000,00;R$750.000,00
2026;50410001;S.PART.;COMISSÃO DA SAÚDE;2712;HUGO MOTTA;PB;251720;VIEIROPOLIS;MUNICIPAL;COMISSAO;CORRENTE;302;1000;1030251182E900001;04/05/2026;36000799684202600;202600034382;FAF;INCREMENTO MAC;2E90;ATENÇÃO ESPECIALIZADA À SAÚDE;INCREMENTO TEMPORÁRIO DO TETO DA MÉDIA E ALTA COMPLEXIDADE - MAC;14688620000170;FUNDO MUNICIPAL DE SAUDE DE VIEIROPOLIS;11253;18/05/2026;PROPOSTA PAGA;Proposta Paga;28/05/2026;R$300.000,00;R$300.000,00;R$300.000,00
2026;60060002;S.PART.;COMISSÃO DE ASSUNTOS SOCIAIS - CAS;4088 / 4270;EFRAIM FILHO / VENEZIANO VITAL DO RÊGO;PB;251110;PEDRA LAVRADA;MUNICIPAL;COMISSAO;CORRENTE;302;1000;1030251182E900001;15/06/2026;36000814463202600;202600041566;FAF;INCREMENTO MAC;2E90;ATENÇÃO ESPECIALIZADA À SAÚDE;INCREMENTO TEMPORÁRIO DO TETO DA MÉDIA E ALTA COMPLEXIDADE - MAC;08932293000157;FUNDO MUNICIPAL DE SAUDE DE PEDRA LAVRADA;11733;29/06/2026;EM ANALISE PELA ÁREA FINALÍSTICA;Proposta Empenhada aguardando Formalização;-;R$328.346,00;R$328.346,00;R$0,00
2026;60060001;S.PART.;COMISSÃO DE ASSUNTOS SOCIAIS - CAS;4088 / 4270;EFRAIM FILHO / VENEZIANO VITAL DO RÊGO;PB;251350;SANTANA DE MANGUEIRA;MUNICIPAL;COMISSAO;CORRENTE;301;1000;1030151192E890001;11/06/2026;36000813585202600;202600040148;FAF;INCREMENTO PAP;2E89;ATENÇÃO PRIMÁRIA À SAÚDE;INCREMENTO DO PISO DA ATENÇÃO PRIMÁRIA À SAÚDE - PAP;11285050000189;FUNDO MUNICIPAL DE SAUDE;11610;19/06/2026;PROPOSTA PAGA;Proposta Paga;29/06/2026;R$500.000,00;R$500.000,00;R$500.000,00
2026;60060002;S.PART.;COMISSÃO DE ASSUNTOS SOCIAIS - CAS;4088;VENEZIANO VITAL DO RÊGO;PB;251170;PILOEZINHOS;MUNICIPAL;COMISSAO;CORRENTE;302;1000;1030251182E900001;25/03/2026;36000776254202600;202600031757;FAF;INCREMENTO MAC;2E90;ATENÇÃO ESPECIALIZADA À SAÚDE;INCREMENTO TEMPORÁRIO DO TETO DA MÉDIA E ALTA COMPLEXIDADE - MAC;12002118000138;FUNDO MUNICIPAL DE SAUDE - PILOEZINHOS-PB;11072;11/05/2026;PROPOSTA PAGA;Proposta Paga;28/05/2026;R$69.028,00;R$69.028,00;R$69.028,00
2026;60060001;S.PART.;COMISSÃO DE ASSUNTOS SOCIAIS - CAS;4088 / 4141 / 4270;DANIELLA RIBEIRO / EFRAIM FILHO / VENEZIANO VITAL DO RÊGO;PB;251430;SAO JOSE DE CAIANA;MUNICIPAL;COMISSAO;CORRENTE;301;1000;1030151192E890001;14/05/2026;36000805484202600;202600037402;FAF;INCREMENTO PAP;2E89;ATENÇÃO PRIMÁRIA À SAÚDE;INCREMENTO DO PISO DA ATENÇÃO PRIMÁRIA À SAÚDE - PAP;10785644000196;FUNDO MUNICIPAL DE SAUDE DE SAO JOSE DE CAIANA;11403;26/05/2026;PROPOSTA PAGA;Proposta Paga;11/06/2026;R$1.500.716,00;R$1.500.716,00;R$1.500.716,00
2026;60060002;S.PART.;COMISSÃO DE ASSUNTOS SOCIAIS - CAS;4088;VENEZIANO VITAL DO RÊGO;PB;250470;CONGO;MUNICIPAL;COMISSAO;CORRENTE;302;1000;1030251182E900001;23/03/2026;36000772724202600;202600031712;FAF;INCREMENTO MAC;2E90;ATENÇÃO ESPECIALIZADA À SAÚDE;INCREMENTO TEMPORÁRIO DO TETO DA MÉDIA E ALTA COMPLEXIDADE - MAC;11436548000103;FUNDO MUNICIPAL DE SAUDE - CONGO - PARAIBA;11072;11/05/2026;PROPOSTA PAGA;Proposta Paga;12/06/2026;R$100.000,00;R$100.000,00;R$100.000,00
2026;60060002;S.PART.;COMISSÃO DE ASSUNTOS SOCIAIS - CAS;4088;VENEZIANO VITAL DO RÊGO;PB;250915;MARIZOPOLIS;MUNICIPAL;COMISSAO;CORRENTE;302;1000;1030251182E900001;26/03/2026;36000777591202600;202600031743;FAF;INCREMENTO MAC;2E90;ATENÇÃO ESPECIALIZADA À SAÚDE;INCREMENTO TEMPORÁRIO DO TETO DA MÉDIA E ALTA COMPLEXIDADE - MAC;11404727000150;FUNDO MUNICIPAL DE SAUDE;11072;11/05/2026;PROPOSTA PAGA;Proposta Paga;12/06/2026;R$100.000,00;R$100.000,00;R$100.000,00
2026;60060002;S.PART.;COMISSÃO DE ASSUNTOS SOCIAIS - CAS;4088;VENEZIANO VITAL DO RÊGO;PB;251470;SAO JOSE DO SABUGI;MUNICIPAL;COMISSAO;CORRENTE;302;1000;1030251182E900001;01/04/2026;36000788740202600;202600031782;FAF;INCREMENTO MAC;2E90;ATENÇÃO ESPECIALIZADA À SAÚDE;INCREMENTO TEMPORÁRIO DO TETO DA MÉDIA E ALTA COMPLEXIDADE - MAC;11850135000162;FUNDO MUNICIPAL DE SAUDE DO MUNICIPIO DE SAO JOSE DO SABUGI;11072;11/05/2026;PROPOSTA PAGA;Proposta Paga;28/05/2026;R$100.000,00;R$100.000,00;R$100.000,00
2026;60060001;S.PART.;COMISSÃO DE ASSUNTOS SOCIAIS - CAS;4088;VENEZIANO VITAL DO RÊGO;PB;250080;ARACAGI;MUNICIPAL;COMISSAO;CORRENTE;301;1000;1030151192E890001;27/03/2026;36000778906202600;202600032988;FAF;INCREMENTO PAP;2E89;ATENÇÃO PRIMÁRIA À SAÚDE;INCREMENTO DO PISO DA ATENÇÃO PRIMÁRIA À SAÚDE - PAP;12431299000118;ARACAGI - FUNDO MUNICIPAL DE SAUDE;11195;13/05/2026;PROPOSTA PAGA;Proposta Paga;26/05/2026;R$100.000,00;R$100.000,00;R$100.000,00
2026;60060001;S.PART.;COMISSÃO DE ASSUNTOS SOCIAIS - CAS;4088;VENEZIANO VITAL DO RÊGO;PB;251450;SAO JOSE DE PIRANHAS;MUNICIPAL;COMISSAO;CORRENTE;301;1000;1030151192E890001;24/03/2026;36000773750202600;202600033110;FAF;INCREMENTO PAP;2E89;ATENÇÃO PRIMÁRIA À SAÚDE;INCREMENTO DO PISO DA ATENÇÃO PRIMÁRIA À SAÚDE - PAP;11602227000123;FUNDO MUNICIPAL DE SAUDE;11195;13/05/2026;PROPOSTA PAGA;Proposta Paga;26/05/2026;R$100.000,00;R$100.000,00;R$100.000,00
2026;60060001;S.PART.;COMISSÃO DE ASSUNTOS SOCIAIS - CAS;4088;VENEZIANO VITAL DO RÊGO;PB;251570;SERRA GRANDE;MUNICIPAL;COMISSAO;CORRENTE;301;1000;1030151192E890001;25/03/2026;36000775972202600;202600033125;FAF;INCREMENTO PAP;2E89;ATENÇÃO PRIMÁRIA À SAÚDE;INCREMENTO DO PISO DA ATENÇÃO PRIMÁRIA À SAÚDE - PAP;11588202000112;FUNDO MUNICIPAL DE SAUDE DE SERRA GRANDE;11195;13/05/2026;PROPOSTA PAGA;Proposta Paga;26/05/2026;R$100.000,00;R$100.000,00;R$100.000,00
2026;60060001;S.PART.;COMISSÃO DE ASSUNTOS SOCIAIS - CAS;4141;DANIELLA RIBEIRO;PB;250527;CURRAL DE CIMA;MUNICIPAL;COMISSAO;CORRENTE;301;1000;1030151192E890001;14/04/2026;36000792845202600;202600033032;FAF;INCREMENTO PAP;2E89;ATENÇÃO PRIMÁRIA À SAÚDE;INCREMENTO DO PISO DA ATENÇÃO PRIMÁRIA À SAÚDE - PAP;17945598000194;FUNDO MUNICIPAL DE SAUDE DE CURRAL DE CIMA;11195;13/05/2026;PROPOSTA PAGA;Proposta Paga;26/05/2026;R$211.192,00;R$211.192,00;R$211.192,00
2026;60060001;S.PART.;COMISSÃO DE ASSUNTOS SOCIAIS - CAS;4088;VENEZIANO VITAL DO RÊGO;PB;250060;ALHANDRA;MUNICIPAL;COMISSAO;CORRENTE;301;1000;1030151192E890001;10/04/2026;36000791986202600;202600032987;FAF;INCREMENTO PAP;2E89;ATENÇÃO PRIMÁRIA À SAÚDE;INCREMENTO DO PISO DA ATENÇÃO PRIMÁRIA À SAÚDE - PAP;11490408000105;FUNDO MUNICIPAL DE SAUDE;11195;13/05/2026;PROPOSTA PAGA;Proposta Paga;26/05/2026;R$150.000,00;R$150.000,00;R$150.000,00
2026;50410002;S.PART.;COMISSÃO DA SAÚDE;2712 / 3997;GERVÁSIO MAIA / HUGO MOTTA;PB;250740;JERICO;MUNICIPAL;COMISSAO;CORRENTE;301;1000;1030151192E890001;26/05/2026;36000809335202600;202600037063;FAF;INCREMENTO PAP;2E89;ATENÇÃO PRIMÁRIA À SAÚDE;INCREMENTO DO PISO DA ATENÇÃO PRIMÁRIA À SAÚDE - PAP;12009325000114;FUNDO MUNICIPAL DE SAUDE - FMS;11488;01/06/2026;PROPOSTA PAGA;Proposta Paga;23/06/2026;R$382.820,00;R$382.820,00;R$382.820,00
2026;50410002;S.PART.;COMISSÃO DA SAÚDE;1283 / 4581;VALDIR TRINDADE / WILSON SANTIAGO;PB;251570;SERRA GRANDE;MUNICIPAL;COMISSAO;CORRENTE;301;1000;1030151192E890001;18/06/2026;36000815459202600;202600041959;FAF;INCREMENTO PAP;2E89;ATENÇÃO PRIMÁRIA À SAÚDE;INCREMENTO DO PISO DA ATENÇÃO PRIMÁRIA À SAÚDE - PAP;11588202000112;FUNDO MUNICIPAL DE SAUDE DE SERRA GRANDE;11766;30/06/2026;EM ANALISE PELA ÁREA FINALÍSTICA;Proposta Empenhada aguardando Formalização;-;R$400.000,00;R$400.000,00;R$0,00
2026;50410001;S.PART.;COMISSÃO DA SAÚDE;3997;GERVÁSIO MAIA;PB;250610;FAGUNDES;MUNICIPAL;COMISSAO;CORRENTE;302;1000;1030251182E900001;20/05/2026;36000807808202600;202600036382;FAF;INCREMENTO MAC;2E90;ATENÇÃO ESPECIALIZADA À SAÚDE;INCREMENTO TEMPORÁRIO DO TETO DA MÉDIA E ALTA COMPLEXIDADE - MAC;11307940000144;FUNDO MUNICIPAL DE SAUDE FAGUNDES PB;11401;26/05/2026;PROPOSTA PAGA;Proposta Paga;12/06/2026;R$181.818,00;R$181.818,00;R$181.818,00
2026;50410001;S.PART.;COMISSÃO DA SAÚDE;2712 / 4317;CABO GILBERTO SILVA / HUGO MOTTA;PB;250630;GUARABIRA;MUNICIPAL;COMISSAO;CORRENTE;302;1000;1030251182E900001;27/05/2026;36000810204202600;202600037165;FAF;INCREMENTO MAC;2E90;ATENÇÃO ESPECIALIZADA À SAÚDE;INCREMENTO TEMPORÁRIO DO TETO DA MÉDIA E ALTA COMPLEXIDADE - MAC;13844779000173;GUARABIRA FUNDO MUNICIPAL DE SAUDE;11482;01/06/2026;PROPOSTA PAGA;Proposta Paga;16/06/2026;R$1.000.000,00;R$1.000.000,00;R$1.000.000,00
2026;50410001;S.PART.;COMISSÃO DA SAÚDE;4317 / 4436;CABO GILBERTO SILVA / MURILO GALDINO;PB;251620;SOUSA;MUNICIPAL;COMISSAO;CORRENTE;302;1000;1030251182E900001;18/05/2026;36000806944202600;202600038023;FAF;INCREMENTO MAC;2E90;ATENÇÃO ESPECIALIZADA À SAÚDE;INCREMENTO TEMPORÁRIO DO TETO DA MÉDIA E ALTA COMPLEXIDADE - MAC;05626697000124;FUNDO MUNICIPAL DE SAUDE DE SOUSA;11399;26/05/2026;PROPOSTA PAGA;Proposta Paga;16/06/2026;R$1.600.000,00;R$1.600.000,00;R$1.600.000,00
2026;50410001;S.PART.;COMISSÃO DA SAÚDE;2712;HUGO MOTTA;PB;250540;DESTERRO;MUNICIPAL;COMISSAO;CORRENTE;302;1000;1030251182E900001;04/05/2026;36000799992202600;202600034366;FAF;INCREMENTO MAC;2E90;ATENÇÃO ESPECIALIZADA À SAÚDE;INCREMENTO TEMPORÁRIO DO TETO DA MÉDIA E ALTA COMPLEXIDADE - MAC;10493355000113;FUNDO MUNICIPAL DE SAUDE DE DESTERRO;11269;18/05/2026;PROPOSTA PAGA;Proposta Paga;25/06/2026;R$500.000,00;R$500.000,00;R$500.000,00
2026;60060002;S.PART.;COMISSÃO DE ASSUNTOS SOCIAIS - CAS;4088;VENEZIANO VITAL DO RÊGO;PB;250140;BAIA DA TRAICAO;MUNICIPAL;COMISSAO;CORRENTE;302;1000;1030251182E900001;25/03/2026;36000776809202600;202600031690;FAF;INCREMENTO MAC;2E90;ATENÇÃO ESPECIALIZADA À SAÚDE;INCREMENTO TEMPORÁRIO DO TETO DA MÉDIA E ALTA COMPLEXIDADE - MAC;13923732000103;FUNDO MUNICIPAL DE SAUDE DE BAIA DA TRAICAO-PB;11072;11/05/2026;EM ANALISE PELA ÁREA FINALÍSTICA;Proposta Empenhada aguardando Formalização;-;R$150.000,00;R$150.000,00;R$0,00
2026;60060002;S.PART.;COMISSÃO DE ASSUNTOS SOCIAIS - CAS;4088;VENEZIANO VITAL DO RÊGO;PB;250590;EMAS;MUNICIPAL;COMISSAO;CORRENTE;302;1000;1030251182E900001;31/03/2026;36000784609202600;202600031720;FAF;INCREMENTO MAC;2E90;ATENÇÃO ESPECIALIZADA À SAÚDE;INCREMENTO TEMPORÁRIO DO TETO DA MÉDIA E ALTA COMPLEXIDADE - MAC;11655026000194;FUNDO MUNICIPAL DE SAUDE;11072;11/05/2026;PROPOSTA PAGA;Proposta Paga;12/06/2026;R$51.469,00;R$51.469,00;R$51.469,00
2026;60060002;S.PART.;COMISSÃO DE ASSUNTOS SOCIAIS - CAS;4088;VENEZIANO VITAL DO RÊGO;PB;250530;CURRAL VELHO;MUNICIPAL;COMISSAO;CORRENTE;302;1000;1030251182E900001;06/04/2026;36000790541202600;202600031715;FAF;INCREMENTO MAC;2E90;ATENÇÃO ESPECIALIZADA À SAÚDE;INCREMENTO TEMPORÁRIO DO TETO DA MÉDIA E ALTA COMPLEXIDADE - MAC;10472943000170;FUNDO MUNICIPAL DE SAUDE DE CURRAL VELHO;11072;11/05/2026;PROPOSTA PAGA;Proposta Paga;26/05/2026;R$52.517,00;R$52.517,00;R$52.517,00
2026;60060002;S.PART.;COMISSÃO DE ASSUNTOS SOCIAIS - CAS;4088 / 4270;EFRAIM FILHO / VENEZIANO VITAL DO RÊGO;PB;251430;SAO JOSE DE CAIANA;MUNICIPAL;COMISSAO;CORRENTE;302;1000;1030251182E900001;16/04/2026;36000793897202600;202600031779;FAF;INCREMENTO MAC;2E90;ATENÇÃO ESPECIALIZADA À SAÚDE;INCREMENTO TEMPORÁRIO DO TETO DA MÉDIA E ALTA COMPLEXIDADE - MAC;10785644000196;FUNDO MUNICIPAL DE SAUDE DE SAO JOSE DE CAIANA;11072;11/05/2026;PROPOSTA PAGA;Proposta Paga;28/05/2026;R$336.219,00;R$336.219,00;R$336.219,00
2026;60060002;S.PART.;COMISSÃO DE ASSUNTOS SOCIAIS - CAS;4088;VENEZIANO VITAL DO RÊGO;PB;250050;ALAGOINHA;MUNICIPAL;COMISSAO;CORRENTE;302;1000;1030251182E900001;31/03/2026;36000785499202600;202600031684;FAF;INCREMENTO MAC;2E90;ATENÇÃO ESPECIALIZADA À SAÚDE;INCREMENTO TEMPORÁRIO DO TETO DA MÉDIA E ALTA COMPLEXIDADE - MAC;11757032000152;FUNDO MUNICIPAL DE SAUDE DE ALAGOINHA;11072;11/05/2026;PROPOSTA PAGA;Proposta Paga;26/05/2026;R$100.000,00;R$100.000,00;R$100.000,00
2026;50410001;S.PART.;COMISSÃO DA SAÚDE;1283;WILSON SANTIAGO;PB;251365;JOCA CLAUDINO;MUNICIPAL;COMISSAO;CORRENTE;302;1000;1030251182E900001;18/06/2026;36000815480202600;202600040835;FAF;INCREMENTO MAC;2E90;ATENÇÃO ESPECIALIZADA À SAÚDE;INCREMENTO TEMPORÁRIO DO TETO DA MÉDIA E ALTA COMPLEXIDADE - MAC;11332661000130;FUNDO MUNICIPAL DE SAUDE;11679;24/06/2026;EM ANALISE PELA ÁREA FINALÍSTICA;Proposta Empenhada aguardando Formalização;-;R$115.000,00;R$115.000,00;R$0,00
2026;60060001;S.PART.;COMISSÃO DE ASSUNTOS SOCIAIS - CAS;4088;VENEZIANO VITAL DO RÊGO;PB;250053;ALCANTIL;MUNICIPAL;COMISSAO;CORRENTE;301;1000;1030151192E890001;26/03/2026;36000776837202600;202600036573;FAF;INCREMENTO PAP;2E89;ATENÇÃO PRIMÁRIA À SAÚDE;INCREMENTO DO PISO DA ATENÇÃO PRIMÁRIA À SAÚDE - PAP;08448753000176;FUNDO MUNICIPAL DE SAUDE - ALCANTIL PB;11403;26/05/2026;PROPOSTA PAGA;Proposta Paga;11/06/2026;R$100.000,00;R$100.000,00;R$100.000,00
2026;50410002;S.PART.;COMISSÃO DA SAÚDE;2718;AUGUSTO COUTINHO;PB;250920;MASSARANDUBA;MUNICIPAL;COMISSAO;CORRENTE;301;1000;1030151192E890001;18/05/2026;36000806708202600;202600036606;FAF;INCREMENTO PAP;2E89;ATENÇÃO PRIMÁRIA À SAÚDE;INCREMENTO DO PISO DA ATENÇÃO PRIMÁRIA À SAÚDE - PAP;10948421000100;FUNDO MUNICIPAL DE SAUDE;11403;26/05/2026;PROPOSTA PAGA;Proposta Paga;29/06/2026;R$1.500.000,00;R$1.500.000,00;R$1.500.000,00
2026;50410002;S.PART.;COMISSÃO DA SAÚDE;2718;AUGUSTO COUTINHO;PB;251455;SAO JOSE DE PRINCESA;MUNICIPAL;COMISSAO;CORRENTE;301;1000;1030151192E890001;07/05/2026;36000802096202600;202600033108;FAF;INCREMENTO PAP;2E89;ATENÇÃO PRIMÁRIA À SAÚDE;INCREMENTO DO PISO DA ATENÇÃO PRIMÁRIA À SAÚDE - PAP;10460712000147;FUNDO MUNICIPAL DE SAUDE DE SAO JOSE DE PRINCESA;11237;15/05/2026;PROPOSTA PAGA;Proposta Paga;29/06/2026;R$904.138,00;R$904.138,00;R$904.138,00
2026;50410004;S.PART.;COMISSÃO DA SAÚDE;1271;LUIZ COUTO;PB;251170;PILOEZINHOS;MUNICIPAL;COMISSAO;CAPITAL;301;1000;10301511985810001;09/05/2026;12002118000126001;202600034765;FAF;EQUIPAMENTO;8581;ATENÇÃO PRIMÁRIA À SAÚDE;EQUIPAMENTOS - UBS;12002118000138;FUNDO MUNICIPAL DE SAUDE - PILOEZINHOS-PB;11339;20/05/2026;PROPOSTA PAGA;Proposta Paga;11/06/2026;R$150.660,00;R$150.660,00;R$150.660,00
2026;50410002;S.PART.;COMISSÃO DA SAÚDE;2714 / 2718;AUGUSTO COUTINHO / ROMERO RODRIGUES;PB;250407;CARAUBAS;MUNICIPAL;COMISSAO;CORRENTE;301;1000;1030151192E890001;20/05/2026;36000807222202600;202600037055;FAF;INCREMENTO PAP;2E89;ATENÇÃO PRIMÁRIA À SAÚDE;INCREMENTO DO PISO DA ATENÇÃO PRIMÁRIA À SAÚDE - PAP;11431018000164;FUNDO MUNICIPAL DE SAUDE;11488;01/06/2026;PROPOSTA PAGA;Proposta Paga;29/06/2026;R$297.795,00;R$297.795,00;R$297.795,00
2026;50410002;S.PART.;COMISSÃO DA SAÚDE;3997;GERVÁSIO MAIA;PB;250040;ALAGOA NOVA;MUNICIPAL;COMISSAO;CORRENTE;301;1000;1030151192E890001;20/05/2026;36000807230202600;202600037705;FAF;INCREMENTO PAP;2E89;ATENÇÃO PRIMÁRIA À SAÚDE;INCREMENTO DO PISO DA ATENÇÃO PRIMÁRIA À SAÚDE - PAP;11838096000188;FUNDO MUNICIPAL DE SAUDE DE ALAGOA NOVA;11414;26/05/2026;PROPOSTA PAGA;Proposta Paga;16/06/2026;R$1.000.000,00;R$1.000.000,00;R$1.000.000,00
2026;50410001;S.PART.;COMISSÃO DA SAÚDE;2712;HUGO MOTTA;PB;250710;ITAPOROROCA;MUNICIPAL;COMISSAO;CORRENTE;302;1000;1030251182E900001;25/05/2026;36000809010202600;202600041461;FAF;INCREMENTO MAC;2E90;ATENÇÃO ESPECIALIZADA À SAÚDE;INCREMENTO TEMPORÁRIO DO TETO DA MÉDIA E ALTA COMPLEXIDADE - MAC;12099621000153;FUNDO MUNICIPAL DE SAUDE;11726;29/06/2026;EM ANALISE PELA ÁREA FINALÍSTICA;Proposta Empenhada aguardando Formalização;-;R$1.000.000,00;R$1.000.000,00;R$0,00
2026;50410001;S.PART.;COMISSÃO DA SAÚDE;1283;WILSON SANTIAGO;PB;250440;CONCEICAO;MUNICIPAL;COMISSAO;CORRENTE;302;1000;1030251182E900001;05/05/2026;36000800916202600;202600031711;FAF;INCREMENTO MAC;2E90;ATENÇÃO ESPECIALIZADA À SAÚDE;INCREMENTO TEMPORÁRIO DO TETO DA MÉDIA E ALTA COMPLEXIDADE - MAC;05497410000103;FUNDO MUNICIPAL DE SAUDE DE CONCEICAO;11225;15/05/2026;PROPOSTA PAGA;Proposta Paga;26/05/2026;R$2.000.000,00;R$2.000.000,00;R$2.000.000,00
2026;50410001;S.PART.;COMISSÃO DA SAÚDE;2712;HUGO MOTTA;PB;250240;BONITO DE SANTA FE;MUNICIPAL;COMISSAO;CORRENTE;302;1000;1030251182E900001;12/05/2026;36000804465202600;202600034360;FAF;INCREMENTO MAC;2E90;ATENÇÃO ESPECIALIZADA À SAÚDE;INCREMENTO TEMPORÁRIO DO TETO DA MÉDIA E ALTA COMPLEXIDADE - MAC;11494230000170;FUNDO MUNICIPAL DE SAUDE BONITO DE SANTA FE;11269;18/05/2026;PROPOSTA PAGA;Proposta Paga;16/06/2026;R$500.000,00;R$500.000,00;R$500.000,00
2026;60060002;S.PART.;COMISSÃO DE ASSUNTOS SOCIAIS - CAS;4088 / 4270;EFRAIM FILHO / VENEZIANO VITAL DO RÊGO;PB;250420;CATINGUEIRA;MUNICIPAL;COMISSAO;CORRENTE;302;1000;1030251182E900001;24/03/2026;36000773868202600;202600031707;FAF;INCREMENTO MAC;2E90;ATENÇÃO ESPECIALIZADA À SAÚDE;INCREMENTO TEMPORÁRIO DO TETO DA MÉDIA E ALTA COMPLEXIDADE - MAC;12401524000173;FUNDO MUNICIPAL DE SAUDE;11072;11/05/2026;PROPOSTA PAGA;Proposta Paga;26/05/2026;R$200.000,00;R$200.000,00;R$200.000,00
2026;60060002;S.PART.;COMISSÃO DE ASSUNTOS SOCIAIS - CAS;4088;VENEZIANO VITAL DO RÊGO;PB;251190;PITIMBU;MUNICIPAL;COMISSAO;CORRENTE;302;1000;1030251182E900001;30/03/2026;36000782599202600;202600031759;FAF;INCREMENTO MAC;2E90;ATENÇÃO ESPECIALIZADA À SAÚDE;INCREMENTO TEMPORÁRIO DO TETO DA MÉDIA E ALTA COMPLEXIDADE - MAC;10557425000150;FUNDO MUNICIPAL DE SAUDE DE PITIMBU;11072;11/05/2026;PROPOSTA PAGA;Proposta Paga;28/05/2026;R$200.000,00;R$200.000,00;R$200.000,00
2026;60060002;S.PART.;COMISSÃO DE ASSUNTOS SOCIAIS - CAS;4088;VENEZIANO VITAL DO RÊGO;PB;251290;RIO TINTO;MUNICIPAL;COMISSAO;CORRENTE;302;1000;1030251182E900001;23/03/2026;36000770884202600;202600031766;FAF;INCREMENTO MAC;2E90;ATENÇÃO ESPECIALIZADA À SAÚDE;INCREMENTO TEMPORÁRIO DO TETO DA MÉDIA E ALTA COMPLEXIDADE - MAC;12457150000108;FUNDO MUNICIPAL DE SAUDE DE RIO TINTO;11072;11/05/2026;PROPOSTA PAGA;Proposta Paga;28/05/2026;R$200.000,00;R$200.000,00;R$200.000,00
2026;60060002;S.PART.;COMISSÃO DE ASSUNTOS SOCIAIS - CAS;4088;VENEZIANO VITAL DO RÊGO;PB;250860;LUCENA;MUNICIPAL;COMISSAO;CORRENTE;302;1000;1030251182E900001;24/03/2026;36000772937202600;202600031739;FAF;INCREMENTO MAC;2E90;ATENÇÃO ESPECIALIZADA À SAÚDE;INCREMENTO TEMPORÁRIO DO TETO DA MÉDIA E ALTA COMPLEXIDADE - MAC;11516231000179;FUNDO MUNICIPAL DE SAUDE DE LUCENA;11072;11/05/2026;PROPOSTA PAGA;Proposta Paga;26/05/2026;R$100.000,00;R$100.000,00;R$100.000,00
2026;60060002;S.PART.;COMISSÃO DE ASSUNTOS SOCIAIS - CAS;4088;VENEZIANO VITAL DO RÊGO;PB;251410;SAO JOAO DO TIGRE;MUNICIPAL;COMISSAO;CORRENTE;302;1000;1030251182E900001;25/03/2026;36000776738202600;202600031776;FAF;INCREMENTO MAC;2E90;ATENÇÃO ESPECIALIZADA À SAÚDE;INCREMENTO TEMPORÁRIO DO TETO DA MÉDIA E ALTA COMPLEXIDADE - MAC;12899907000113;FUNDO MUNICIPAL DE SAUDE;11072;11/05/2026;PROPOSTA PAGA;Proposta Paga;28/05/2026;R$100.000,00;R$100.000,00;R$100.000,00
2026;60060001;S.PART.;COMISSÃO DE ASSUNTOS SOCIAIS - CAS;4088;VENEZIANO VITAL DO RÊGO;PB;250110;AREIA;MUNICIPAL;COMISSAO;CORRENTE;301;1000;1030151192E890001;07/04/2026;36000790939202600;202600032991;FAF;INCREMENTO PAP;2E89;ATENÇÃO PRIMÁRIA À SAÚDE;INCREMENTO DO PISO DA ATENÇÃO PRIMÁRIA À SAÚDE - PAP;11268285000162;FUNDO MUNICIPAL DE SAUDE;11195;13/05/2026;PROPOSTA PAGA;Proposta Paga;23/06/2026;R$100.000,00;R$100.000,00;R$100.000,00
2026;60060001;S.PART.;COMISSÃO DE ASSUNTOS SOCIAIS - CAS;4088;VENEZIANO VITAL DO RÊGO;PB;250360;CAICARA;MUNICIPAL;COMISSAO;CORRENTE;301;1000;1030151192E890001;30/03/2026;36000781918202600;202600033018;FAF;INCREMENTO PAP;2E89;ATENÇÃO PRIMÁRIA À SAÚDE;INCREMENTO DO PISO DA ATENÇÃO PRIMÁRIA À SAÚDE - PAP;17577160000109;FUNDO MUNICIPAL DE SAUDE DE CAICARA;11195;13/05/2026;PROPOSTA PAGA;Proposta Paga;26/05/2026;R$100.000,00;R$100.000,00;R$100.000,00
2026;60060001;S.PART.;COMISSÃO DE ASSUNTOS SOCIAIS - CAS;4088;VENEZIANO VITAL DO RÊGO;PB;250730;JACARAU;MUNICIPAL;COMISSAO;CORRENTE;301;1000;1030151192E890001;17/04/2026;36000795055202600;202600033045;FAF;INCREMENTO PAP;2E89;ATENÇÃO PRIMÁRIA À SAÚDE;INCREMENTO DO PISO DA ATENÇÃO PRIMÁRIA À SAÚDE - PAP;10486210000195;FUNDO MUNICIPAL DE SAUDE DE JACARAU;11195;13/05/2026;PROPOSTA PAGA;Proposta Paga;26/05/2026;R$100.000,00;R$100.000,00;R$100.000,00
2026;60060001;S.PART.;COMISSÃO DE ASSUNTOS SOCIAIS - CAS;4088;VENEZIANO VITAL DO RÊGO;PB;250939;MATUREIA;MUNICIPAL;COMISSAO;CORRENTE;301;1000;1030151192E890001;25/03/2026;36000775864202600;202600033065;FAF;INCREMENTO PAP;2E89;ATENÇÃO PRIMÁRIA À SAÚDE;INCREMENTO DO PISO DA ATENÇÃO PRIMÁRIA À SAÚDE - PAP;11209770000165;FUNDO MUNICIPAL DE SAUDE;11195;13/05/2026;PROPOSTA PAGA;Proposta Paga;26/05/2026;R$100.000,00;R$100.000,00;R$100.000,00
2026;60060001;S.PART.;COMISSÃO DE ASSUNTOS SOCIAIS - CAS;4088 / 4270;EFRAIM FILHO / VENEZIANO VITAL DO RÊGO;PB;251630;SUME;MUNICIPAL;COMISSAO;CORRENTE;301;1000;1030151192E890001;26/03/2026;36000777238202600;202600033131;FAF;INCREMENTO PAP;2E89;ATENÇÃO PRIMÁRIA À SAÚDE;INCREMENTO DO PISO DA ATENÇÃO PRIMÁRIA À SAÚDE - PAP;11285069000125;FUNDO MUNICIPAL DE SAUDE;11195;13/05/2026;PROPOSTA PAGA;Proposta Paga;26/05/2026;R$100.000,00;R$100.000,00;R$100.000,00
2026;50410002;S.PART.;COMISSÃO DA SAÚDE;4436;MURILO GALDINO;PB;251630;SUME;MUNICIPAL;COMISSAO;CORRENTE;301;1000;1030151192E890001;18/05/2026;36000806680202600;202600037712;FAF;INCREMENTO PAP;2E89;ATENÇÃO PRIMÁRIA À SAÚDE;INCREMENTO DO PISO DA ATENÇÃO PRIMÁRIA À SAÚDE - PAP;11285069000125;FUNDO MUNICIPAL DE SAUDE;11403;26/05/2026;PROPOSTA PAGA;Proposta Paga;29/06/2026;R$501.000,00;R$501.000,00;R$501.000,00
2026;50410002;S.PART.;COMISSÃO DA SAÚDE;2712 / 3997;GERVÁSIO MAIA / HUGO MOTTA;PB;251040;OLHO D'AGUA;MUNICIPAL;COMISSAO;CORRENTE;301;1000;1030151192E890001;13/05/2026;36000804979202600;202600035578;FAF;INCREMENTO PAP;2E89;ATENÇÃO PRIMÁRIA À SAÚDE;INCREMENTO DO PISO DA ATENÇÃO PRIMÁRIA À SAÚDE - PAP;11471451000123;FUNDO MUNICIPAL DE SAUDE;11335;20/05/2026;PROPOSTA PAGA;Proposta Paga;11/06/2026;R$1.000.000,00;R$1.000.000,00;R$1.000.000,00
2026;50410002;S.PART.;COMISSÃO DA SAÚDE;2712 / 4436;HUGO MOTTA / MURILO GALDINO;PB;250980;MULUNGU;MUNICIPAL;COMISSAO;CORRENTE;301;1000;1030151192E890001;18/05/2026;36000806894202600;202600036609;FAF;INCREMENTO PAP;2E89;ATENÇÃO PRIMÁRIA À SAÚDE;INCREMENTO DO PISO DA ATENÇÃO PRIMÁRIA À SAÚDE - PAP;18767963000180;FUNDO MUNICIPAL DE SAUDE MULUNGU;11403;26/05/2026;PROPOSTA PAGA;Proposta Paga;16/06/2026;R$360.000,00;R$360.000,00;R$360.000,00
2026;50410002;S.PART.;COMISSÃO DA SAÚDE;1283 / 4581;VALDIR TRINDADE / WILSON SANTIAGO;PB;251570;SERRA GRANDE;MUNICIPAL;COMISSAO;CORRENTE;301;1000;1030151192E890001;03/06/2026;36000812385202600;202600040158;FAF;INCREMENTO PAP;2E89;ATENÇÃO PRIMÁRIA À SAÚDE;INCREMENTO DO PISO DA ATENÇÃO PRIMÁRIA À SAÚDE - PAP;11588202000112;FUNDO MUNICIPAL DE SAUDE DE SERRA GRANDE;11610;19/06/2026;PROPOSTA PAGA;Proposta Paga;29/06/2026;R$500.000,00;R$500.000,00;R$500.000,00
2026;50410002;S.PART.;COMISSÃO DA SAÚDE;2712;HUGO MOTTA;PB;251470;SAO JOSE DO SABUGI;MUNICIPAL;COMISSAO;CORRENTE;301;1000;1030151192E890001;05/05/2026;36000800757202600;202600033116;FAF;INCREMENTO PAP;2E89;ATENÇÃO PRIMÁRIA À SAÚDE;INCREMENTO DO PISO DA ATENÇÃO PRIMÁRIA À SAÚDE - PAP;11850135000162;FUNDO MUNICIPAL DE SAUDE DO MUNICIPIO DE SAO JOSE DO SABUGI;11222;15/05/2026;PROPOSTA PAGA;Proposta Paga;26/05/2026;R$1.240.000,00;R$1.240.000,00;R$1.240.000,00
2026;50410003;S.PART.;COMISSÃO DA SAÚDE;1271;LUIZ COUTO;PB;251610;SOLEDADE;MUNICIPAL;COMISSAO;CAPITAL;302;1000;10302511885350001;01/06/2026;02182502000126003;202600041374;FAF;EQUIPAMENTO;8535;ATENÇÃO ESPECIALIZADA À SAÚDE;Rede de Atenção Hospitalar - Hospital Geral;02182502000106;FUNDO MUNICIPAL DE SAUDE DE SOLEDADE;11736;29/06/2026;PROPOSTA PAGA;Proposta Paga;03/07/2026;R$43.887,00;R$43.887,00;R$43.887,00
2026;50410002;S.PART.;COMISSÃO DA SAÚDE;1271;LUIZ COUTO;PB;250855;LOGRADOURO;MUNICIPAL;COMISSAO;CORRENTE;301;1000;1030151192E890001;13/05/2026;36000805187202600;202600035558;FAF;INCREMENTO PAP;2E89;ATENÇÃO PRIMÁRIA À SAÚDE;INCREMENTO DO PISO DA ATENÇÃO PRIMÁRIA À SAÚDE - PAP;11268139000137;FUNDO MUNICIPAL DE SAUDE DE LOGRADOURO;11335;20/05/2026;PROPOSTA PAGA;Proposta Paga;11/06/2026;R$100.000,00;R$100.000,00;R$100.000,00
2026;50410001;S.PART.;COMISSÃO DA SAÚDE;1277 / 2714 / 4436;MURILO GALDINO / ROMERO RODRIGUES / WELLINGTON ROBERTO;PB;250400;CAMPINA GRANDE;MUNICIPAL;COMISSAO;CORRENTE;302;1000;1030251182E900001;25/05/2026;36000808940202600;202600039365;FAF;INCREMENTO MAC;2E90;ATENÇÃO ESPECIALIZADA À SAÚDE;INCREMENTO TEMPORÁRIO DO TETO DA MÉDIA E ALTA COMPLEXIDADE - MAC;24513574000121;FUNDO MUNICIPAL DE SAUDE DE CAMPINA GRANDE;11570;16/06/2026;PROPOSTA PAGA;Proposta Paga;29/06/2026;R$1.000.000,00;R$1.000.000,00;R$1.000.000,00
2026;50410001;S.PART.;COMISSÃO DA SAÚDE;3997;GERVÁSIO MAIA;PB;250040;ALAGOA NOVA;MUNICIPAL;COMISSAO;CORRENTE;302;1000;1030251182E900001;12/05/2026;36000804420202600;202600036375;FAF;INCREMENTO MAC;2E90;ATENÇÃO ESPECIALIZADA À SAÚDE;INCREMENTO TEMPORÁRIO DO TETO DA MÉDIA E ALTA COMPLEXIDADE - MAC;11838096000188;FUNDO MUNICIPAL DE SAUDE DE ALAGOA NOVA;11399;26/05/2026;PROPOSTA PAGA;Proposta Paga;12/06/2026;R$500.000,00;R$500.000,00;R$500.000,00
2026;50410001;S.PART.;COMISSÃO DA SAÚDE;2712 / 2714 / 2715;HUGO MOTTA / ROMERO RODRIGUES / RUY CARNEIRO;PB;250830;LAGOA SECA;MUNICIPAL;COMISSAO;CORRENTE;302;1000;1030251182E900001;18/05/2026;36000806864202600;202600036121;FAF;INCREMENTO MAC;2E90;ATENÇÃO ESPECIALIZADA À SAÚDE;INCREMENTO TEMPORÁRIO DO TETO DA MÉDIA E ALTA COMPLEXIDADE - MAC;11264183000179;FUNDO MUNICIPAL DE SAUDE;11365;22/05/2026;PROPOSTA PAGA;Proposta Paga;16/06/2026;R$1.791.596,00;R$1.791.596,00;R$1.791.596,00
2026;50410001;S.PART.;COMISSÃO DA SAÚDE;3997;GERVÁSIO MAIA;PB;250470;CONGO;MUNICIPAL;COMISSAO;CORRENTE;302;1000;1030251182E900001;15/05/2026;36000806000202600;202600038235;FAF;INCREMENTO MAC;2E90;ATENÇÃO ESPECIALIZADA À SAÚDE;INCREMENTO TEMPORÁRIO DO TETO DA MÉDIA E ALTA COMPLEXIDADE - MAC;11436548000103;FUNDO MUNICIPAL DE SAUDE - CONGO - PARAIBA;11269;18/05/2026;PROPOSTA PAGA;Proposta Paga;12/06/2026;R$200.000,00;R$200.000,00;R$200.000,00
2026;60060002;S.PART.;COMISSÃO DE ASSUNTOS SOCIAIS - CAS;4088;VENEZIANO VITAL DO RÊGO;PB;250110;AREIA;MUNICIPAL;COMISSAO;CORRENTE;302;1000;1030251182E900001;07/04/2026;36000790942202600;202600036872;FAF;INCREMENTO MAC;2E90;ATENÇÃO ESPECIALIZADA À SAÚDE;INCREMENTO TEMPORÁRIO DO TETO DA MÉDIA E ALTA COMPLEXIDADE - MAC;11268285000162;FUNDO MUNICIPAL DE SAUDE;11444;28/05/2026;PROPOSTA PAGA;Proposta Paga;23/06/2026;R$150.000,00;R$150.000,00;R$150.000,00
2026;60060002;S.PART.;COMISSÃO DE ASSUNTOS SOCIAIS - CAS;4088 / 4270;EFRAIM FILHO / VENEZIANO VITAL DO RÊGO;PB;250800;JURU;MUNICIPAL;COMISSAO;CORRENTE;302;1000;1030251182E900001;06/04/2026;36000790483202600;202600031732;FAF;INCREMENTO MAC;2E90;ATENÇÃO ESPECIALIZADA À SAÚDE;INCREMENTO TEMPORÁRIO DO TETO DA MÉDIA E ALTA COMPLEXIDADE - MAC;10538747000151;FUNDO MUNICIPAL DE SAUDE;11072;11/05/2026;PROPOSTA PAGA;Proposta Paga;26/05/2026;R$200.000,00;R$200.000,00;R$200.000,00
2026;60060002;S.PART.;COMISSÃO DE ASSUNTOS SOCIAIS - CAS;4088;VENEZIANO VITAL DO RÊGO;PB;251203;POCO DANTAS;MUNICIPAL;COMISSAO;CORRENTE;302;1000;1030251182E900001;26/03/2026;36000777817202600;202600031760;FAF;INCREMENTO MAC;2E90;ATENÇÃO ESPECIALIZADA À SAÚDE;INCREMENTO TEMPORÁRIO DO TETO DA MÉDIA E ALTA COMPLEXIDADE - MAC;08743272000193;FUNDO MUNICIPAL DE SAUDE;11072;11/05/2026;PROPOSTA PAGA;Proposta Paga;28/05/2026;R$200.000,00;R$200.000,00;R$200.000,00
2026;60060002;S.PART.;COMISSÃO DE ASSUNTOS SOCIAIS - CAS;4088;VENEZIANO VITAL DO RÊGO;PB;250030;ALAGOA GRANDE;MUNICIPAL;COMISSAO;CORRENTE;302;1000;1030251182E900001;26/03/2026;36000777014202600;202600031683;FAF;INCREMENTO MAC;2E90;ATENÇÃO ESPECIALIZADA À SAÚDE;INCREMENTO TEMPORÁRIO DO TETO DA MÉDIA E ALTA COMPLEXIDADE - MAC;17698753000115;FUNDO MUNICIPAL DE SAUDE DE ALAGOA GRANDE;11072;11/05/2026;PROPOSTA PAGA;Proposta Paga;26/05/2026;R$100.000,00;R$100.000,00;R$100.000,00
2026;60060002;S.PART.;COMISSÃO DE ASSUNTOS SOCIAIS - CAS;4088;VENEZIANO VITAL DO RÊGO;PB;250310;CABACEIRAS;MUNICIPAL;COMISSAO;CORRENTE;302;1000;1030251182E900001;23/04/2026;36000796840202600;202600031702;FAF;INCREMENTO MAC;2E90;ATENÇÃO ESPECIALIZADA À SAÚDE;INCREMENTO TEMPORÁRIO DO TETO DA MÉDIA E ALTA COMPLEXIDADE - MAC;11309134000105;FUNDO MUNICIPAL DE SAUDE - CABACEIRAS PB;11072;11/05/2026;EM ANALISE PELA ÁREA FINALÍSTICA;Proposta Empenhada aguardando Formalização;-;R$100.000,00;R$100.000,00;R$0,00
2026;60060002;S.PART.;COMISSÃO DE ASSUNTOS SOCIAIS - CAS;4088 / 4270;EFRAIM FILHO / VENEZIANO VITAL DO RÊGO;PB;251335;SANTA INES;MUNICIPAL;COMISSAO;CORRENTE;302;1000;1030251182E900001;07/04/2026;36000790793202600;202600031769;FAF;INCREMENTO MAC;2E90;ATENÇÃO ESPECIALIZADA À SAÚDE;INCREMENTO TEMPORÁRIO DO TETO DA MÉDIA E ALTA COMPLEXIDADE - MAC;14418667000113;FUNDO MUNICIPAL DE SAUDE;11072;11/05/2026;PROPOSTA PAGA;Proposta Paga;28/05/2026;R$100.000,00;R$100.000,00;R$100.000,00
2026;60060001;S.PART.;COMISSÃO DE ASSUNTOS SOCIAIS - CAS;4088;VENEZIANO VITAL DO RÊGO;PB;250157;BARRA DE SANTANA;MUNICIPAL;COMISSAO;CORRENTE;301;1000;1030151192E890001;02/04/2026;36000789771202600;202600033000;FAF;INCREMENTO PAP;2E89;ATENÇÃO PRIMÁRIA À SAÚDE;INCREMENTO DO PISO DA ATENÇÃO PRIMÁRIA À SAÚDE - PAP;11109361000197;FUNDO MUNICIPAL DE SAUDE BARRA DE SANTANA;11195;13/05/2026;PROPOSTA PAGA;Proposta Paga;26/05/2026;R$100.000,00;R$100.000,00;R$100.000,00
2026;60060001;S.PART.;COMISSÃO DE ASSUNTOS SOCIAIS - CAS;4141;DANIELLA RIBEIRO;PB;251000;NAZAREZINHO;MUNICIPAL;COMISSAO;CORRENTE;301;1000;1030151192E890001;21/03/2026;36000770320202600;202600033071;FAF;INCREMENTO PAP;2E89;ATENÇÃO PRIMÁRIA À SAÚDE;INCREMENTO DO PISO DA ATENÇÃO PRIMÁRIA À SAÚDE - PAP;12445365000109;FUNDO MUNICIPAL DE SAUDE DE NAZAREZINHO;11195;13/05/2026;PROPOSTA PAGA;Proposta Paga;26/05/2026;R$200.000,00;R$200.000,00;R$200.000,00
2026;60060001;S.PART.;COMISSÃO DE ASSUNTOS SOCIAIS - CAS;4141;DANIELLA RIBEIRO;PB;251398;SAO FRANCISCO;MUNICIPAL;COMISSAO;CORRENTE;301;1000;1030151192E890001;24/04/2026;36000797452202600;202600040153;FAF;INCREMENTO PAP;2E89;ATENÇÃO PRIMÁRIA À SAÚDE;INCREMENTO DO PISO DA ATENÇÃO PRIMÁRIA À SAÚDE - PAP;10398439000178;FUNDO MUNICIPAL DE SAUDE;11610;19/06/2026;PROPOSTA PAGA;Proposta Paga;29/06/2026;R$200.000,00;R$200.000,00;R$200.000,00
2026;60060001;S.PART.;COMISSÃO DE ASSUNTOS SOCIAIS - CAS;4088;VENEZIANO VITAL DO RÊGO;PB;250190;BELEM;MUNICIPAL;COMISSAO;CORRENTE;301;1000;1030151192E890001;31/03/2026;36000785400202600;202600033002;FAF;INCREMENTO PAP;2E89;ATENÇÃO PRIMÁRIA À SAÚDE;INCREMENTO DO PISO DA ATENÇÃO PRIMÁRIA À SAÚDE - PAP;11429813000118;FUNDO MUNICIPAL DE SAUDE DE BELEM;11195;13/05/2026;PROPOSTA PAGA;Proposta Paga;26/05/2026;R$142.980,00;R$142.980,00;R$142.980,00
2026;50410002;S.PART.;COMISSÃO DA SAÚDE;2718;AUGUSTO COUTINHO;PB;250520;CUITEGI;MUNICIPAL;COMISSAO;CORRENTE;301;1000;1030151192E890001;14/05/2026;36000805350202600;202600035536;FAF;INCREMENTO PAP;2E89;ATENÇÃO PRIMÁRIA À SAÚDE;INCREMENTO DO PISO DA ATENÇÃO PRIMÁRIA À SAÚDE - PAP;11780026000116;FUNDO MUNICIPAL DE SAUDE - CUITEGI-PB;11335;20/05/2026;PROPOSTA PAGA;Proposta Paga;29/06/2026;R$1.500.000,00;R$1.500.000,00;R$1.500.000,00
2026;50410002;S.PART.;COMISSÃO DA SAÚDE;2712;HUGO MOTTA;PB;250120;AREIAL;MUNICIPAL;COMISSAO;CORRENTE;301;1000;1030151192E890001;04/05/2026;36000800189202600;202600036575;FAF;INCREMENTO PAP;2E89;ATENÇÃO PRIMÁRIA À SAÚDE;INCREMENTO DO PISO DA ATENÇÃO PRIMÁRIA À SAÚDE - PAP;13876013000170;FUNDO MUNICIPAL DE SAUDE DE AREIAL;11403;26/05/2026;PROPOSTA PAGA;Proposta Paga;16/06/2026;R$500.000,00;R$500.000,00;R$500.000,00
2026;50410002;S.PART.;COMISSÃO DA SAÚDE;1271 / 2712;HUGO MOTTA / LUIZ COUTO;PB;250937;MATO GROSSO;MUNICIPAL;COMISSAO;CORRENTE;301;1000;1030151192E890001;06/05/2026;36000801083202600;202600033069;FAF;INCREMENTO PAP;2E89;ATENÇÃO PRIMÁRIA À SAÚDE;INCREMENTO DO PISO DA ATENÇÃO PRIMÁRIA À SAÚDE - PAP;11951131000170;FUNDO MUNICIPAL DE SAUDE DE MATO GROSSO PB;11222;15/05/2026;PROPOSTA PAGA;Proposta Paga;11/06/2026;R$500.000,00;R$500.000,00;R$500.000,00
2026;50410002;S.PART.;COMISSÃO DA SAÚDE;1271 / 2718 / 4317;AUGUSTO COUTINHO / CABO GILBERTO SILVA / LUIZ COUTO;PB;250050;ALAGOINHA;MUNICIPAL;COMISSAO;CORRENTE;301;1000;1030151192E890001;11/05/2026;36000803478202600;202600032982;FAF;INCREMENTO PAP;2E89;ATENÇÃO PRIMÁRIA À SAÚDE;INCREMENTO DO PISO DA ATENÇÃO PRIMÁRIA À SAÚDE - PAP;11757032000152;FUNDO MUNICIPAL DE SAUDE DE ALAGOINHA;11237;15/05/2026;PROPOSTA PAGA;Proposta Paga;26/05/2026;R$2.000.000,00;R$2.000.000,00;R$2.000.000,00
2026;50410002;S.PART.;COMISSÃO DA SAÚDE;2712 / 3997;GERVÁSIO MAIA / HUGO MOTTA;PB;251597;SOBRADO;MUNICIPAL;COMISSAO;CORRENTE;301;1000;1030151192E890001;18/05/2026;36000806960202600;202600037403;FAF;INCREMENTO PAP;2E89;ATENÇÃO PRIMÁRIA À SAÚDE;INCREMENTO DO PISO DA ATENÇÃO PRIMÁRIA À SAÚDE - PAP;12012235000182;FUNDO MUNICIPAL DE SAUDE;11488;01/06/2026;PROPOSTA PAGA;Proposta Paga;11/06/2026;R$750.000,00;R$750.000,00;R$750.000,00
2026;50410003;S.PART.;COMISSÃO DA SAÚDE;1271;LUIZ COUTO;PB;251480;SAO JOSE DOS CORDEIROS;MUNICIPAL;COMISSAO;CAPITAL;302;1000;10302511885350001;10/06/2026;13491027000126002;202600042623;FAF;EQUIPAMENTO;8535;ATENÇÃO ESPECIALIZADA À SAÚDE;Políticas de Atenção Ambulatorial Especializada e Serviços Hospitalares de Alta Complexidade - Ambulatório;13491027000176;FUNDO MUNICIPAL DE SAUDE DE SAO JOSE DOS CORDEIROS - PB;11928;06/07/2026;EM ANALISE PELA ÁREA FINALÍSTICA;Proposta Empenhada aguardando Formalização;-;R$55.950,00;R$55.950,00;R$0,00
2026;50410001;S.PART.;COMISSÃO DA SAÚDE;3997;GERVÁSIO MAIA;PB;250480;COREMAS;MUNICIPAL;COMISSAO;CORRENTE;302;1000;1030251182E900001;14/05/2026;36000805382202600;202600037993;FAF;INCREMENTO MAC;2E90;ATENÇÃO ESPECIALIZADA À SAÚDE;INCREMENTO TEMPORÁRIO DO TETO DA MÉDIA E ALTA COMPLEXIDADE - MAC;11161210000188;FUNDO MUNICIPAL DE SAUDE;11269;18/05/2026;PROPOSTA PAGA;Proposta Paga;12/06/2026;R$1.000.000,00;R$1.000.000,00;R$1.000.000,00
2026;50410001;S.PART.;COMISSÃO DA SAÚDE;2718 / 4436;AUGUSTO COUTINHO / MURILO GALDINO;PB;251390;SAO BENTO;MUNICIPAL;COMISSAO;CORRENTE;302;1000;1030251182E900001;08/05/2026;36000802745202600;202600031772;FAF;INCREMENTO MAC;2E90;ATENÇÃO ESPECIALIZADA À SAÚDE;INCREMENTO TEMPORÁRIO DO TETO DA MÉDIA E ALTA COMPLEXIDADE - MAC;02015756000130;FUNDO MINICIPAL DE SAUDE;11231;15/05/2026;PROPOSTA PAGA;Proposta Paga;29/06/2026;R$2.000.000,00;R$2.000.000,00;R$2.000.000,00
2026;50410001;S.PART.;COMISSÃO DA SAÚDE;1277 / 2714;ROMERO RODRIGUES / WELLINGTON ROBERTO;PB;250940;MOGEIRO;MUNICIPAL;COMISSAO;CORRENTE;302;1000;1030251182E900001;07/05/2026;36000801990202600;202600036783;FAF;INCREMENTO MAC;2E90;ATENÇÃO ESPECIALIZADA À SAÚDE;INCREMENTO TEMPORÁRIO DO TETO DA MÉDIA E ALTA COMPLEXIDADE - MAC;10664047000103;FUNDO MUNICIPAL DE SAUDE DE MOGEIRO;11421;27/05/2026;PROPOSTA PAGA;Proposta Paga;19/06/2026;R$492.463,00;R$492.463,00;R$492.463,00
2026;60060002;S.PART.;COMISSÃO DE ASSUNTOS SOCIAIS - CAS;4088;VENEZIANO VITAL DO RÊGO;PB;250077;APARECIDA;MUNICIPAL;COMISSAO;CORRENTE;302;1000;1030251182E900001;22/04/2026;36000796057202600;202600031685;FAF;INCREMENTO MAC;2E90;ATENÇÃO ESPECIALIZADA À SAÚDE;INCREMENTO TEMPORÁRIO DO TETO DA MÉDIA E ALTA COMPLEXIDADE - MAC;11956816000100;FUNDO MUNICIPAL DE SAUDE DE APARECIDA;11072;11/05/2026;PROPOSTA PAGA;Proposta Paga;26/05/2026;R$150.000,00;R$150.000,00;R$150.000,00
2026;60060001;S.PART.;COMISSÃO DE ASSUNTOS SOCIAIS - CAS;4088;VENEZIANO VITAL DO RÊGO;PB;250610;FAGUNDES;MUNICIPAL;COMISSAO;CORRENTE;301;1000;1030151192E890001;06/04/2026;36000790592202600;202600040133;FAF;INCREMENTO PAP;2E89;ATENÇÃO PRIMÁRIA À SAÚDE;INCREMENTO DO PISO DA ATENÇÃO PRIMÁRIA À SAÚDE - PAP;11307940000144;FUNDO MUNICIPAL DE SAUDE FAGUNDES PB;11610;19/06/2026;PROPOSTA PAGA;Proposta Paga;29/06/2026;R$100.000,00;R$100.000,00;R$100.000,00
2026;60060001;S.PART.;COMISSÃO DE ASSUNTOS SOCIAIS - CAS;4088;VENEZIANO VITAL DO RÊGO;PB;251130;PIANCO;MUNICIPAL;COMISSAO;CORRENTE;301;1000;1030151192E890001;23/03/2026;36000772729202600;202600033087;FAF;INCREMENTO PAP;2E89;ATENÇÃO PRIMÁRIA À SAÚDE;INCREMENTO DO PISO DA ATENÇÃO PRIMÁRIA À SAÚDE - PAP;04827493000199;FUNDO MUNICIPAL DE SAUDE;11195;13/05/2026;PROPOSTA PAGA;Proposta Paga;26/05/2026;R$100.000,00;R$100.000,00;R$100.000,00
2026;60060001;S.PART.;COMISSÃO DE ASSUNTOS SOCIAIS - CAS;4088;VENEZIANO VITAL DO RÊGO;PB;250300;CAAPORA;MUNICIPAL;COMISSAO;CORRENTE;301;1000;1030151192E890001;29/03/2026;36000781536202600;202600033010;FAF;INCREMENTO PAP;2E89;ATENÇÃO PRIMÁRIA À SAÚDE;INCREMENTO DO PISO DA ATENÇÃO PRIMÁRIA À SAÚDE - PAP;10975044000190;FUNDO MUNICIPAL DE SAUDE - FMS;11195;13/05/2026;PROPOSTA PAGA;Proposta Paga;26/05/2026;R$200.000,00;R$200.000,00;R$200.000,00
2026;60060001;S.PART.;COMISSÃO DE ASSUNTOS SOCIAIS - CAS;4088;VENEZIANO VITAL DO RÊGO;PB;251510;SAO SEBASTIAO DE LAGOA DE ROCA;MUNICIPAL;COMISSAO;CORRENTE;301;1000;1030151192E890001;02/04/2026;36000789293202600;202600033118;FAF;INCREMENTO PAP;2E89;ATENÇÃO PRIMÁRIA À SAÚDE;INCREMENTO DO PISO DA ATENÇÃO PRIMÁRIA À SAÚDE - PAP;11143891000151;FUNDO MUNICIPAL DE SAUDE SAO SEBASTIAO DE LAGOA DE ROCA;11195;13/05/2026;PROPOSTA PAGA;Proposta Paga;11/06/2026;R$100.000,00;R$100.000,00;R$100.000,00
2026;60060001;S.PART.;COMISSÃO DE ASSUNTOS SOCIAIS - CAS;4141;DANIELLA RIBEIRO;PB;251700;UMBUZEIRO;MUNICIPAL;COMISSAO;CORRENTE;301;1000;1030151192E890001;27/03/2026;36000780790202600;202600033138;FAF;INCREMENTO PAP;2E89;ATENÇÃO PRIMÁRIA À SAÚDE;INCREMENTO DO PISO DA ATENÇÃO PRIMÁRIA À SAÚDE - PAP;09494245000197;FUNDO MUNICIPAL DE SAUDE;11195;13/05/2026;PROPOSTA PAGA;Proposta Paga;26/05/2026;R$200.000,00;R$200.000,00;R$200.000,00
2026;50410004;S.PART.;COMISSÃO DA SAÚDE;2712;HUGO MOTTA;PB;251276;RIACHAO DO POCO;MUNICIPAL;COMISSAO;CAPITAL;301;1000;10301511985810001;17/06/2026;11975218000126002;202600041692;FAF;EQUIPAMENTO;8581;ATENÇÃO PRIMÁRIA À SAÚDE;EQUIPAMENTOS - UBS;11975218000188;FUNDO MUNICIPAL DE SAUDE DO MUNICIPIO DE RIACHAO DO POCO;11767;30/06/2026;PROPOSTA PAGA;Proposta Paga;03/07/2026;R$499.774,00;R$499.774,00;R$499.774,00
2026;50410003;S.PART.;COMISSÃO DA SAÚDE;2712;HUGO MOTTA;PB;250070;SAO JOAO DO RIO DO PEIXE;MUNICIPAL;COMISSAO;CAPITAL;302;1000;10302511885350001;31/05/2026;17648806000126008;202600041373;FAF;EQUIPAMENTO;8535;ATENÇÃO ESPECIALIZADA À SAÚDE;REDE DE ATENÇÃO DOMICILIAR - MELHOR EM CASA;17648806000193;FUNDO MUNICIPAL DE SAUDE DE SAO JOAO DO RIO DO PEIXE;11742;29/06/2026;PROPOSTA PAGA;Proposta Paga;03/07/2026;R$199.863,00;R$199.863,00;R$199.863,00
2026;50410002;S.PART.;COMISSÃO DA SAÚDE;2712 / 3997;GERVÁSIO MAIA / HUGO MOTTA;PB;251040;OLHO D'AGUA;MUNICIPAL;COMISSAO;CORRENTE;301;1000;1030151192E890001;13/05/2026;36000804961202600;202600035579;FAF;INCREMENTO PAP;2E89;ATENÇÃO PRIMÁRIA À SAÚDE;INCREMENTO DO PISO DA ATENÇÃO PRIMÁRIA À SAÚDE - PAP;11471451000123;FUNDO MUNICIPAL DE SAUDE;11335;20/05/2026;PROPOSTA PAGA;Proposta Paga;11/06/2026;R$300.000,00;R$300.000,00;R$300.000,00
2026;50410002;S.PART.;COMISSÃO DA SAÚDE;1271 / 2712;HUGO MOTTA / LUIZ COUTO;PB;250180;BAYEUX;MUNICIPAL;COMISSAO;CORRENTE;301;1000;1030151192E890001;19/06/2026;36000815894202600;202600041937;FAF;INCREMENTO PAP;2E89;ATENÇÃO PRIMÁRIA À SAÚDE;INCREMENTO DO PISO DA ATENÇÃO PRIMÁRIA À SAÚDE - PAP;11685421000110;FUNDO MUNICIPAL DE SAUDE DE BAYEUX;11766;30/06/2026;PROPOSTA PAGA;Proposta Paga;02/07/2026;R$2.397.374,00;R$2.397.374,00;R$2.397.374,00
2026;50410002;S.PART.;COMISSÃO DA SAÚDE;1271 / 2712 / 3997;GERVÁSIO MAIA / HUGO MOTTA / LUIZ COUTO;PB;250415;CASSERENGUE;MUNICIPAL;COMISSAO;CORRENTE;301;1000;1030151192E890001;28/05/2026;36000810870202600;202600040131;FAF;INCREMENTO PAP;2E89;ATENÇÃO PRIMÁRIA À SAÚDE;INCREMENTO DO PISO DA ATENÇÃO PRIMÁRIA À SAÚDE - PAP;12431437000169;FUNDO MUNICIPAL DE SAUDE;11610;19/06/2026;PROPOSTA PAGA;Proposta Paga;29/06/2026;R$100.000,00;R$100.000,00;R$100.000,00
2026;50410001;S.PART.;COMISSÃO DA SAÚDE;2712;HUGO MOTTA;PB;250190;BELEM;MUNICIPAL;COMISSAO;CORRENTE;302;1000;1030251182E900001;20/05/2026;36000807277202600;202600036377;FAF;INCREMENTO MAC;2E90;ATENÇÃO ESPECIALIZADA À SAÚDE;INCREMENTO TEMPORÁRIO DO TETO DA MÉDIA E ALTA COMPLEXIDADE - MAC;11429813000118;FUNDO MUNICIPAL DE SAUDE DE BELEM;11401;26/05/2026;PROPOSTA PAGA;Proposta Paga;16/06/2026;R$500.000,00;R$500.000,00;R$500.000,00
2026;50410001;S.PART.;COMISSÃO DA SAÚDE;2712;HUGO MOTTA;PB;250280;BREJO DO CRUZ;MUNICIPAL;COMISSAO;CORRENTE;302;1000;1030251182E900001;04/05/2026;36000800029202600;202600031700;FAF;INCREMENTO MAC;2E90;ATENÇÃO ESPECIALIZADA À SAÚDE;INCREMENTO TEMPORÁRIO DO TETO DA MÉDIA E ALTA COMPLEXIDADE - MAC;12452534000138;FUNDO MUNICIPAL DE SAUDE DE BREJO DO CRUZ;11225;15/05/2026;PROPOSTA PAGA;Proposta Paga;26/05/2026;R$500.000,00;R$500.000,00;R$500.000,00
2026;50410001;S.PART.;COMISSÃO DA SAÚDE;2718 / 4436;AUGUSTO COUTINHO / MURILO GALDINO;PB;251390;SAO BENTO;MUNICIPAL;COMISSAO;CORRENTE;302;1000;1030251182E900001;20/05/2026;36000807725202600;202600038020;FAF;INCREMENTO MAC;2E90;ATENÇÃO ESPECIALIZADA À SAÚDE;INCREMENTO TEMPORÁRIO DO TETO DA MÉDIA E ALTA COMPLEXIDADE - MAC;02015756000130;FUNDO MINICIPAL DE SAUDE;11399;26/05/2026;PROPOSTA PAGA;Proposta Paga;29/06/2026;R$500.000,00;R$500.000,00;R$500.000,00
2026;50410001;S.PART.;COMISSÃO DA SAÚDE;4317 / 4436;CABO GILBERTO SILVA / MURILO GALDINO;PB;251620;SOUSA;MUNICIPAL;COMISSAO;CORRENTE;302;1000;1030251182E900001;11/05/2026;36000804094202600;202600034380;FAF;INCREMENTO MAC;2E90;ATENÇÃO ESPECIALIZADA À SAÚDE;INCREMENTO TEMPORÁRIO DO TETO DA MÉDIA E ALTA COMPLEXIDADE - MAC;05626697000124;FUNDO MUNICIPAL DE SAUDE DE SOUSA;11269;18/05/2026;PROPOSTA PAGA;Proposta Paga;08/06/2026;R$6.000.000,00;R$6.000.000,00;R$6.000.000,00
2026;60060002;S.PART.;COMISSÃO DE ASSUNTOS SOCIAIS - CAS;4088 / 4270;EFRAIM FILHO / VENEZIANO VITAL DO RÊGO;PB;251110;PEDRA LAVRADA;MUNICIPAL;COMISSAO;CORRENTE;302;1000;1030251182E900001;25/03/2026;36000775674202600;202600031753;FAF;INCREMENTO MAC;2E90;ATENÇÃO ESPECIALIZADA À SAÚDE;INCREMENTO TEMPORÁRIO DO TETO DA MÉDIA E ALTA COMPLEXIDADE - MAC;08932293000157;FUNDO MUNICIPAL DE SAUDE DE PEDRA LAVRADA;11072;11/05/2026;PROPOSTA PAGA;Proposta Paga;28/05/2026;R$200.000,00;R$200.000,00;R$200.000,00
2026;60060002;S.PART.;COMISSÃO DE ASSUNTOS SOCIAIS - CAS;4088;VENEZIANO VITAL DO RÊGO;PB;250625;GADO BRAVO;MUNICIPAL;COMISSAO;CORRENTE;302;1000;1030251182E900001;22/04/2026;36000795546202600;202600036780;FAF;INCREMENTO MAC;2E90;ATENÇÃO ESPECIALIZADA À SAÚDE;INCREMENTO TEMPORÁRIO DO TETO DA MÉDIA E ALTA COMPLEXIDADE - MAC;11136097000180;FUNDO MUNICIPAL DE SAUDE GADO BRAVO;11419;27/05/2026;PROPOSTA PAGA;Proposta Paga;12/06/2026;R$100.000,00;R$100.000,00;R$100.000,00
2026;60060001;S.PART.;COMISSÃO DE ASSUNTOS SOCIAIS - CAS;4088 / 4270;EFRAIM FILHO / VENEZIANO VITAL DO RÊGO;PB;251110;PEDRA LAVRADA;MUNICIPAL;COMISSAO;CORRENTE;301;1000;1030151192E890001;26/03/2026;36000777651202600;202600033084;FAF;INCREMENTO PAP;2E89;ATENÇÃO PRIMÁRIA À SAÚDE;INCREMENTO DO PISO DA ATENÇÃO PRIMÁRIA À SAÚDE - PAP;08932293000157;FUNDO MUNICIPAL DE SAUDE DE PEDRA LAVRADA;11195;13/05/2026;PROPOSTA PAGA;Proposta Paga;26/05/2026;R$2.593.110,00;R$2.593.110,00;R$2.593.110,00
2026;60060002;S.PART.;COMISSÃO DE ASSUNTOS SOCIAIS - CAS;4088;VENEZIANO VITAL DO RÊGO;PB;251400;SAO JOAO DO CARIRI;MUNICIPAL;COMISSAO;CORRENTE;302;1000;1030251182E900001;23/03/2026;36000770844202600;202600031774;FAF;INCREMENTO MAC;2E90;ATENÇÃO ESPECIALIZADA À SAÚDE;INCREMENTO TEMPORÁRIO DO TETO DA MÉDIA E ALTA COMPLEXIDADE - MAC;12447221000191;FUNDO MUNICIPAL DE SAUDE DE SAO JOAO DO CARIRI - PB;11072;11/05/2026;PROPOSTA PAGA;Proposta Paga;28/05/2026;R$100.000,00;R$100.000,00;R$100.000,00
2026;50410001;S.PART.;COMISSÃO DA SAÚDE;1271 / 2712 / 2715 / 4317 / 4436;CABO GILBERTO SILVA / HUGO MOTTA / LUIZ COUTO / MURILO GALDINO / RUY CARNEIRO;PB;250750;JOAO PESSOA;ESTADUAL;COMISSAO;CORRENTE;302;1000;1030251182E900001;03/06/2026;36000812417202600;202600039366;FAF;INCREMENTO MAC;2E90;ATENÇÃO ESPECIALIZADA À SAÚDE;INCREMENTO TEMPORÁRIO DO TETO DA MÉDIA E ALTA COMPLEXIDADE - MAC;03609595000175;FUNDO ESTADUAL DE SAUDE DO ESTADO DA PARAIBA - FESEP;11570;16/06/2026;PROPOSTA PAGA;Proposta Paga;25/06/2026;R$13.980.000,00;R$13.980.000,00;R$13.980.000,00
2026;60060001;S.PART.;COMISSÃO DE ASSUNTOS SOCIAIS - CAS;4088;VENEZIANO VITAL DO RÊGO;PB;250050;ALAGOINHA;MUNICIPAL;COMISSAO;CORRENTE;301;1000;1030151192E890001;31/03/2026;36000785613202600;202600032979;FAF;INCREMENTO PAP;2E89;ATENÇÃO PRIMÁRIA À SAÚDE;INCREMENTO DO PISO DA ATENÇÃO PRIMÁRIA À SAÚDE - PAP;11757032000152;FUNDO MUNICIPAL DE SAUDE DE ALAGOINHA;11195;13/05/2026;PROPOSTA PAGA;Proposta Paga;26/05/2026;R$100.000,00;R$100.000,00;R$100.000,00
2026;50410002;S.PART.;COMISSÃO DA SAÚDE;2718 / 4317;AUGUSTO COUTINHO / CABO GILBERTO SILVA;PB;250860;LUCENA;MUNICIPAL;COMISSAO;CORRENTE;301;1000;1030151192E890001;16/06/2026;36000814771202600;202600041945;FAF;INCREMENTO PAP;2E89;ATENÇÃO PRIMÁRIA À SAÚDE;INCREMENTO DO PISO DA ATENÇÃO PRIMÁRIA À SAÚDE - PAP;11516231000179;FUNDO MUNICIPAL DE SAUDE DE LUCENA;11766;30/06/2026;EM ANALISE PELA ÁREA FINALÍSTICA;Proposta Empenhada aguardando Formalização;-;R$1.000.000,00;R$1.000.000,00;R$0,00
2026;50410002;S.PART.;COMISSÃO DA SAÚDE;1283 / 3997;GERVÁSIO MAIA / WILSON SANTIAGO;PB;251392;SAO BENTINHO;MUNICIPAL;COMISSAO;CORRENTE;301;1000;1030151192E890001;12/05/2026;36000804409202600;202600037073;FAF;INCREMENTO PAP;2E89;ATENÇÃO PRIMÁRIA À SAÚDE;INCREMENTO DO PISO DA ATENÇÃO PRIMÁRIA À SAÚDE - PAP;10770716000121;FUNDO MUNICIPAL DE SAUDE DE SAO BENTINHO;11488;01/06/2026;PROPOSTA PAGA;Proposta Paga;11/06/2026;R$1.000.000,00;R$1.000.000,00;R$1.000.000,00
2026;50410002;S.PART.;COMISSÃO DA SAÚDE;4436;MURILO GALDINO;PB;250800;JURU;MUNICIPAL;COMISSAO;CORRENTE;301;1000;1030151192E890001;20/05/2026;36000807670202600;202600037707;FAF;INCREMENTO PAP;2E89;ATENÇÃO PRIMÁRIA À SAÚDE;INCREMENTO DO PISO DA ATENÇÃO PRIMÁRIA À SAÚDE - PAP;10538747000151;FUNDO MUNICIPAL DE SAUDE;11414;26/05/2026;PROPOSTA PAGA;Proposta Paga;29/06/2026;R$601.000,00;R$601.000,00;R$601.000,00
2026;50410001;S.PART.;COMISSÃO DA SAÚDE;4317 / 4436;CABO GILBERTO SILVA / MURILO GALDINO;PB;250430;CATOLE DO ROCHA;MUNICIPAL;COMISSAO;CORRENTE;302;1000;1030251182E900001;04/05/2026;36000800124202600;202600031709;FAF;INCREMENTO MAC;2E90;ATENÇÃO ESPECIALIZADA À SAÚDE;INCREMENTO TEMPORÁRIO DO TETO DA MÉDIA E ALTA COMPLEXIDADE - MAC;12784607000199;FUNDO MUNICIPAL DE SAUDE DE CATOLE DO ROCHA;11225;15/05/2026;PROPOSTA PAGA;Proposta Paga;26/05/2026;R$2.000.000,00;R$2.000.000,00;R$2.000.000,00
2026;50410001;S.PART.;COMISSÃO DA SAÚDE;1277 / 2714 / 4436;MURILO GALDINO / ROMERO RODRIGUES / WELLINGTON ROBERTO;PB;250400;CAMPINA GRANDE;MUNICIPAL;COMISSAO;CORRENTE;302;1000;1030251182E900001;11/06/2026;36000813707202600;202600040830;FAF;INCREMENTO MAC;2E90;ATENÇÃO ESPECIALIZADA À SAÚDE;INCREMENTO TEMPORÁRIO DO TETO DA MÉDIA E ALTA COMPLEXIDADE - MAC;24513574000121;FUNDO MUNICIPAL DE SAUDE DE CAMPINA GRANDE;11683;24/06/2026;EM ANALISE PELA ÁREA FINALÍSTICA;Proposta Empenhada aguardando Formalização;-;R$500.000,00;R$500.000,00;R$0,00
2026;50410001;S.PART.;COMISSÃO DA SAÚDE;1277 / 2714 / 4436;MURILO GALDINO / ROMERO RODRIGUES / WELLINGTON ROBERTO;PB;250400;CAMPINA GRANDE;MUNICIPAL;COMISSAO;CORRENTE;302;1000;1030251182E900001;18/05/2026;36000806678202600;202600037991;FAF;INCREMENTO MAC;2E90;ATENÇÃO ESPECIALIZADA À SAÚDE;INCREMENTO TEMPORÁRIO DO TETO DA MÉDIA E ALTA COMPLEXIDADE - MAC;24513574000121;FUNDO MUNICIPAL DE SAUDE DE CAMPINA GRANDE;11446;28/05/2026;PROPOSTA PAGA;Proposta Paga;29/06/2026;R$2.500.000,00;R$2.500.000,00;R$2.500.000,00
2026;50410002;S.PART.;COMISSÃO DA SAÚDE;1271 / 2718 / 4317;AUGUSTO COUTINHO / CABO GILBERTO SILVA / LUIZ COUTO;PB;250050;ALAGOINHA;MUNICIPAL;COMISSAO;CORRENTE;301;1000;1030151192E890001;05/05/2026;36000800574202600;202600032984;FAF;INCREMENTO PAP;2E89;ATENÇÃO PRIMÁRIA À SAÚDE;INCREMENTO DO PISO DA ATENÇÃO PRIMÁRIA À SAÚDE - PAP;11757032000152;FUNDO MUNICIPAL DE SAUDE DE ALAGOINHA;11222;15/05/2026;PROPOSTA PAGA;Proposta Paga;26/05/2026;R$100.000,00;R$100.000,00;R$100.000,00
2026;50410001;S.PART.;COMISSÃO DA SAÚDE;3997;GERVÁSIO MAIA;PB;251350;SANTANA DE MANGUEIRA;MUNICIPAL;COMISSAO;CORRENTE;302;1000;1030251182E900001;22/05/2026;36000808707202600;202600038237;FAF;INCREMENTO MAC;2E90;ATENÇÃO ESPECIALIZADA À SAÚDE;INCREMENTO TEMPORÁRIO DO TETO DA MÉDIA E ALTA COMPLEXIDADE - MAC;11285050000189;FUNDO MUNICIPAL DE SAUDE;11498;01/06/2026;PROPOSTA PAGA;Proposta Paga;16/06/2026;R$200.000,00;R$200.000,00;R$200.000,00
2026;50410001;S.PART.;COMISSÃO DA SAÚDE;4436;MURILO GALDINO;PB;251490;SAO MAMEDE;MUNICIPAL;COMISSAO;CORRENTE;302;1000;1030251182E900001;05/05/2026;36000800545202600;202600031785;FAF;INCREMENTO MAC;2E90;ATENÇÃO ESPECIALIZADA À SAÚDE;INCREMENTO TEMPORÁRIO DO TETO DA MÉDIA E ALTA COMPLEXIDADE - MAC;04223191000101;FUNDO MUN.DE SAUDE DE SAO MAMEDE-PB;11225;15/05/2026;PROPOSTA PAGA;Proposta Paga;29/06/2026;R$200.000,00;R$200.000,00;R$200.000,00
2026;60060002;S.PART.;COMISSÃO DE ASSUNTOS SOCIAIS - CAS;4270;EFRAIM FILHO;PB;251210;POMBAL;MUNICIPAL;COMISSAO;CORRENTE;302;1000;1030251182E900001;27/03/2026;36000780784202600;202600031761;FAF;INCREMENTO MAC;2E90;ATENÇÃO ESPECIALIZADA À SAÚDE;INCREMENTO TEMPORÁRIO DO TETO DA MÉDIA E ALTA COMPLEXIDADE - MAC;10602526000103;FUNDO MUNICIPAL DE SAUDE;11072;11/05/2026;PROPOSTA PAGA;Proposta Paga;28/05/2026;R$4.000.000,00;R$4.000.000,00;R$4.000.000,00
2026;60060002;S.PART.;COMISSÃO DE ASSUNTOS SOCIAIS - CAS;4088;VENEZIANO VITAL DO RÊGO;PB;250020;AGUIAR;MUNICIPAL;COMISSAO;CORRENTE;302;1000;1030251182E900001;26/03/2026;36000777086202600;202600031682;FAF;INCREMENTO MAC;2E90;ATENÇÃO ESPECIALIZADA À SAÚDE;INCREMENTO TEMPORÁRIO DO TETO DA MÉDIA E ALTA COMPLEXIDADE - MAC;11267041000165;FUNDO MUNICIPAL DE SAUDE;11072;11/05/2026;PROPOSTA PAGA;Proposta Paga;26/05/2026;R$200.000,00;R$200.000,00;R$200.000,00
2026;60060002;S.PART.;COMISSÃO DE ASSUNTOS SOCIAIS - CAS;4088;VENEZIANO VITAL DO RÊGO;PB;250939;MATUREIA;MUNICIPAL;COMISSAO;CORRENTE;302;1000;1030251182E900001;25/03/2026;36000775870202600;202600031746;FAF;INCREMENTO MAC;2E90;ATENÇÃO ESPECIALIZADA À SAÚDE;INCREMENTO TEMPORÁRIO DO TETO DA MÉDIA E ALTA COMPLEXIDADE - MAC;11209770000165;FUNDO MUNICIPAL DE SAUDE;11072;11/05/2026;PROPOSTA PAGA;Proposta Paga;28/05/2026;R$200.000,00;R$200.000,00;R$200.000,00
2026;60060002;S.PART.;COMISSÃO DE ASSUNTOS SOCIAIS - CAS;4270;EFRAIM FILHO;PB;250430;CATOLE DO ROCHA;MUNICIPAL;COMISSAO;CORRENTE;302;1000;1030251182E900001;15/06/2026;36000814490202600;202600039779;FAF;INCREMENTO MAC;2E90;ATENÇÃO ESPECIALIZADA À SAÚDE;INCREMENTO TEMPORÁRIO DO TETO DA MÉDIA E ALTA COMPLEXIDADE - MAC;12784607000199;FUNDO MUNICIPAL DE SAUDE DE CATOLE DO ROCHA;11597;18/06/2026;PROPOSTA PAGA;Proposta Paga;03/07/2026;R$1.413.863,00;R$1.413.863,00;R$1.413.863,00
2026;60060002;S.PART.;COMISSÃO DE ASSUNTOS SOCIAIS - CAS;4088;VENEZIANO VITAL DO RÊGO;PB;250205;BERNARDINO BATISTA;MUNICIPAL;COMISSAO;CORRENTE;302;1000;1030251182E900001;21/03/2026;36000770250202600;202600031695;FAF;INCREMENTO MAC;2E90;ATENÇÃO ESPECIALIZADA À SAÚDE;INCREMENTO TEMPORÁRIO DO TETO DA MÉDIA E ALTA COMPLEXIDADE - MAC;10484826000127;FUNDO MUNICIPAL DE SAUDE;11072;11/05/2026;PROPOSTA PAGA;Proposta Paga;26/05/2026;R$100.000,00;R$100.000,00;R$100.000,00
2026;60060002;S.PART.;COMISSÃO DE ASSUNTOS SOCIAIS - CAS;4088;VENEZIANO VITAL DO RÊGO;PB;251330;SANTA HELENA;MUNICIPAL;COMISSAO;CORRENTE;302;1000;1030251182E900001;09/04/2026;36000791748202600;202600031768;FAF;INCREMENTO MAC;2E90;ATENÇÃO ESPECIALIZADA À SAÚDE;INCREMENTO TEMPORÁRIO DO TETO DA MÉDIA E ALTA COMPLEXIDADE - MAC;11245287000136;FUNDO MUNICIPAL DE SAUDE DE SANTA HELENA-PB;11072;11/05/2026;PROPOSTA PAGA;Proposta Paga;28/05/2026;R$100.000,00;R$100.000,00;R$100.000,00
2026;50410001;S.PART.;COMISSÃO DA SAÚDE;1271 / 2712 / 2715 / 4317 / 4436;CABO GILBERTO SILVA / HUGO MOTTA / LUIZ COUTO / MURILO GALDINO / RUY CARNEIRO;PB;250750;JOAO PESSOA;ESTADUAL;COMISSAO;CORRENTE;302;1002;1030251182E900001;26/05/2026;36000809376202600;202600036959;FAF;INCREMENTO MAC;2E90;ATENÇÃO ESPECIALIZADA À SAÚDE;INCREMENTO TEMPORÁRIO DO TETO DA MÉDIA E ALTA COMPLEXIDADE - MAC;03609595000175;FUNDO ESTADUAL DE SAUDE DO ESTADO DA PARAIBA - FESEP;11464;29/05/2026;PROPOSTA PAGA;Proposta Paga;16/06/2026;R$800.000,00;R$800.000,00;R$800.000,00
2026;60060001;S.PART.;COMISSÃO DE ASSUNTOS SOCIAIS - CAS;4088;VENEZIANO VITAL DO RÊGO;PB;250120;AREIAL;MUNICIPAL;COMISSAO;CORRENTE;301;1000;1030151192E890001;10/04/2026;36000792201202600;202600032996;FAF;INCREMENTO PAP;2E89;ATENÇÃO PRIMÁRIA À SAÚDE;INCREMENTO DO PISO DA ATENÇÃO PRIMÁRIA À SAÚDE - PAP;13876013000170;FUNDO MUNICIPAL DE SAUDE DE AREIAL;11195;13/05/2026;PROPOSTA PAGA;Proposta Paga;26/05/2026;R$100.000,00;R$100.000,00;R$100.000,00
2026;60060001;S.PART.;COMISSÃO DE ASSUNTOS SOCIAIS - CAS;4088;VENEZIANO VITAL DO RÊGO;PB;250790;JURIPIRANGA;MUNICIPAL;COMISSAO;CORRENTE;301;1000;1030151192E890001;26/03/2026;36000777330202600;202600033055;FAF;INCREMENTO PAP;2E89;ATENÇÃO PRIMÁRIA À SAÚDE;INCREMENTO DO PISO DA ATENÇÃO PRIMÁRIA À SAÚDE - PAP;11164805000197;FUNDO MUNICIPAL DE SAUDE;11195;13/05/2026;PROPOSTA PAGA;Proposta Paga;26/05/2026;R$100.000,00;R$100.000,00;R$100.000,00
2026;60060001;S.PART.;COMISSÃO DE ASSUNTOS SOCIAIS - CAS;4088;VENEZIANO VITAL DO RÊGO;PB;250915;MARIZOPOLIS;MUNICIPAL;COMISSAO;CORRENTE;301;1000;1030151192E890001;23/03/2026;36000772405202600;202600033061;FAF;INCREMENTO PAP;2E89;ATENÇÃO PRIMÁRIA À SAÚDE;INCREMENTO DO PISO DA ATENÇÃO PRIMÁRIA À SAÚDE - PAP;11404727000150;FUNDO MUNICIPAL DE SAUDE;11195;13/05/2026;PROPOSTA PAGA;Proposta Paga;11/06/2026;R$100.000,00;R$100.000,00;R$100.000,00
2026;60060001;S.PART.;COMISSÃO DE ASSUNTOS SOCIAIS - CAS;4088 / 4270;EFRAIM FILHO / VENEZIANO VITAL DO RÊGO;PB;251110;PEDRA LAVRADA;MUNICIPAL;COMISSAO;CORRENTE;301;1000;1030151192E890001;15/06/2026;36000814460202600;202600040144;FAF;INCREMENTO PAP;2E89;ATENÇÃO PRIMÁRIA À SAÚDE;INCREMENTO DO PISO DA ATENÇÃO PRIMÁRIA À SAÚDE - PAP;08932293000157;FUNDO MUNICIPAL DE SAUDE DE PEDRA LAVRADA;11610;19/06/2026;PROPOSTA PAGA;Proposta Paga;29/06/2026;R$100.000,00;R$100.000,00;R$100.000,00
2026;60060001;S.PART.;COMISSÃO DE ASSUNTOS SOCIAIS - CAS;4088 / 4270;EFRAIM FILHO / VENEZIANO VITAL DO RÊGO;PB;251400;SAO JOAO DO CARIRI;MUNICIPAL;COMISSAO;CORRENTE;301;1000;1030151192E890001;23/03/2026;36000770845202600;202600033105;FAF;INCREMENTO PAP;2E89;ATENÇÃO PRIMÁRIA À SAÚDE;INCREMENTO DO PISO DA ATENÇÃO PRIMÁRIA À SAÚDE - PAP;12447221000191;FUNDO MUNICIPAL DE SAUDE DE SAO JOAO DO CARIRI - PB;11195;13/05/2026;PROPOSTA PAGA;Proposta Paga;26/05/2026;R$100.000,00;R$100.000,00;R$100.000,00
2026;50410002;S.PART.;COMISSÃO DA SAÚDE;1271 / 2718;AUGUSTO COUTINHO / LUIZ COUTO;PB;250410;CARRAPATEIRA;MUNICIPAL;COMISSAO;CORRENTE;301;1000;1030151192E890001;02/06/2026;36000812267202600;202600040127;FAF;INCREMENTO PAP;2E89;ATENÇÃO PRIMÁRIA À SAÚDE;INCREMENTO DO PISO DA ATENÇÃO PRIMÁRIA À SAÚDE - PAP;11579536000120;FUNDO MUNICIPAL DE SAUDE;11610;19/06/2026;PROPOSTA PAGA;Proposta Paga;29/06/2026;R$200.000,00;R$200.000,00;R$200.000,00
2026;50410002;S.PART.;COMISSÃO DA SAÚDE;2714;ROMERO RODRIGUES;PB;251060;OURO VELHO;MUNICIPAL;COMISSAO;CORRENTE;301;1000;1030151192E890001;12/05/2026;36000804549202600;202600033074;FAF;INCREMENTO PAP;2E89;ATENÇÃO PRIMÁRIA À SAÚDE;INCREMENTO DO PISO DA ATENÇÃO PRIMÁRIA À SAÚDE - PAP;11348410000144;FUNDO MUNICIPAL DE SAUDE DE OURO VELHO;11237;15/05/2026;PROPOSTA PAGA;Proposta Paga;26/05/2026;R$200.000,00;R$200.000,00;R$200.000,00
2026;50410002;S.PART.;COMISSÃO DA SAÚDE;1283;WILSON SANTIAGO;PB;250020;AGUIAR;MUNICIPAL;COMISSAO;CORRENTE;301;1000;1030151192E890001;04/05/2026;36000800250202600;202600035503;FAF;INCREMENTO PAP;2E89;ATENÇÃO PRIMÁRIA À SAÚDE;INCREMENTO DO PISO DA ATENÇÃO PRIMÁRIA À SAÚDE - PAP;11267041000165;FUNDO MUNICIPAL DE SAUDE;11338;20/05/2026;PROPOSTA PAGA;Proposta Paga;29/06/2026;R$1.500.000,00;R$1.500.000,00;R$1.500.000,00
2026;50410002;S.PART.;COMISSÃO DA SAÚDE;4436;MURILO GALDINO;PB;251440;SAO JOSE DE ESPINHARAS;MUNICIPAL;COMISSAO;CORRENTE;301;1000;1030151192E890001;06/05/2026;36000801507202600;202600033112;FAF;INCREMENTO PAP;2E89;ATENÇÃO PRIMÁRIA À SAÚDE;INCREMENTO DO PISO DA ATENÇÃO PRIMÁRIA À SAÚDE - PAP;11418606000168;FUNDO MUNICIPAL DE SAUDE;11222;15/05/2026;PROPOSTA PAGA;Proposta Paga;26/05/2026;R$897.131,00;R$897.131,00;R$897.131,00
2026;50410002;S.PART.;COMISSÃO DA SAÚDE;2712;HUGO MOTTA;PB;251000;NAZAREZINHO;MUNICIPAL;COMISSAO;CORRENTE;301;1000;1030151192E890001;04/05/2026;36000799975202600;202600033075;FAF;INCREMENTO PAP;2E89;ATENÇÃO PRIMÁRIA À SAÚDE;INCREMENTO DO PISO DA ATENÇÃO PRIMÁRIA À SAÚDE - PAP;12445365000109;FUNDO MUNICIPAL DE SAUDE DE NAZAREZINHO;11222;15/05/2026;PROPOSTA PAGA;Proposta Paga;26/05/2026;R$500.000,00;R$500.000,00;R$500.000,00
2026;50410002;S.PART.;COMISSÃO DA SAÚDE;2712 / 2715;HUGO MOTTA / RUY CARNEIRO;PB;250830;LAGOA SECA;MUNICIPAL;COMISSAO;CORRENTE;301;1000;1030151192E890001;08/05/2026;36000802662202600;202600040138;FAF;INCREMENTO PAP;2E89;ATENÇÃO PRIMÁRIA À SAÚDE;INCREMENTO DO PISO DA ATENÇÃO PRIMÁRIA À SAÚDE - PAP;11264183000179;FUNDO MUNICIPAL DE SAUDE;11610;19/06/2026;PROPOSTA PAGA;Proposta Paga;29/06/2026;R$1.496.700,00;R$1.496.700,00;R$1.496.700,00
2026;50410002;S.PART.;COMISSÃO DA SAÚDE;1283;WILSON SANTIAGO;PB;250190;BELEM;MUNICIPAL;COMISSAO;CORRENTE;301;1000;1030151192E890001;19/05/2026;36000807052202600;202600036579;FAF;INCREMENTO PAP;2E89;ATENÇÃO PRIMÁRIA À SAÚDE;INCREMENTO DO PISO DA ATENÇÃO PRIMÁRIA À SAÚDE - PAP;11429813000118;FUNDO MUNICIPAL DE SAUDE DE BELEM;11414;26/05/2026;PROPOSTA PAGA;Proposta Paga;29/06/2026;R$1.000.000,00;R$1.000.000,00;R$1.000.000,00
2026;50410001;S.PART.;COMISSÃO DA SAÚDE;2712;HUGO MOTTA;PB;250080;ARACAGI;MUNICIPAL;COMISSAO;CORRENTE;302;1000;1030251182E900001;05/05/2026;36000800737202600;202600031688;FAF;INCREMENTO MAC;2E90;ATENÇÃO ESPECIALIZADA À SAÚDE;INCREMENTO TEMPORÁRIO DO TETO DA MÉDIA E ALTA COMPLEXIDADE - MAC;12431299000118;ARACAGI - FUNDO MUNICIPAL DE SAUDE;11225;15/05/2026;PROPOSTA PAGA;Proposta Paga;26/05/2026;R$310.000,00;R$310.000,00;R$310.000,00
2026;50410001;S.PART.;COMISSÃO DA SAÚDE;2712;HUGO MOTTA;PB;250210;BOA VENTURA;MUNICIPAL;COMISSAO;CORRENTE;302;1000;1030251182E900001;06/05/2026;36000801352202600;202600031696;FAF;INCREMENTO MAC;2E90;ATENÇÃO ESPECIALIZADA À SAÚDE;INCREMENTO TEMPORÁRIO DO TETO DA MÉDIA E ALTA COMPLEXIDADE - MAC;10570295000195;FUNCO MUNICIPAL DE SAUDE DE BOA VENTURA;11225;15/05/2026;PROPOSTA PAGA;Proposta Paga;26/05/2026;R$300.000,00;R$300.000,00;R$300.000,00
2026;60060002;S.PART.;COMISSÃO DE ASSUNTOS SOCIAIS - CAS;4141 / 4270;DANIELLA RIBEIRO / EFRAIM FILHO;PB;250750;JOAO PESSOA;ESTADUAL;COMISSAO;CORRENTE;302;1000;1030251182E900001;16/06/2026;36000814822202600;202600040832;FAF;INCREMENTO MAC;2E90;ATENÇÃO ESPECIALIZADA À SAÚDE;INCREMENTO TEMPORÁRIO DO TETO DA MÉDIA E ALTA COMPLEXIDADE - MAC;03609595000175;FUNDO ESTADUAL DE SAUDE DO ESTADO DA PARAIBA - FESEP;11679;24/06/2026;PROPOSTA PAGA;Proposta Paga;03/07/2026;R$2.000.000,00;R$2.000.000,00;R$2.000.000,00
2026;60060001;S.PART.;COMISSÃO DE ASSUNTOS SOCIAIS - CAS;4088 / 4270;EFRAIM FILHO / VENEZIANO VITAL DO RÊGO;PB;250230;BOM SUCESSO;MUNICIPAL;COMISSAO;CORRENTE;301;1000;1030151192E890001;11/06/2026;36000813766202600;202600040125;FAF;INCREMENTO PAP;2E89;ATENÇÃO PRIMÁRIA À SAÚDE;INCREMENTO DO PISO DA ATENÇÃO PRIMÁRIA À SAÚDE - PAP;12403050000107;FUNDO MUNICIPAL DE SAUDE - FMS;11610;19/06/2026;PROPOSTA PAGA;Proposta Paga;29/06/2026;R$885.488,00;R$885.488,00;R$885.488,00
2026;60060002;S.PART.;COMISSÃO DE ASSUNTOS SOCIAIS - CAS;4088;VENEZIANO VITAL DO RÊGO;PB;250135;ASSUNCAO;MUNICIPAL;COMISSAO;CORRENTE;302;1000;1030251182E900001;04/06/2026;36000812562202600;202600039362;FAF;INCREMENTO MAC;2E90;ATENÇÃO ESPECIALIZADA À SAÚDE;INCREMENTO TEMPORÁRIO DO TETO DA MÉDIA E ALTA COMPLEXIDADE - MAC;11383748000137;FUNDO MUNICIPAL DE SAUDE;11570;16/06/2026;PROPOSTA PAGA;Proposta Paga;23/06/2026;R$53.097,00;R$53.097,00;R$53.097,00
2026;60060002;S.PART.;COMISSÃO DE ASSUNTOS SOCIAIS - CAS;4088;VENEZIANO VITAL DO RÊGO;PB;250640;GURINHEM;MUNICIPAL;COMISSAO;CORRENTE;302;1000;1030251182E900001;30/03/2026;36000783153202600;202600031723;FAF;INCREMENTO MAC;2E90;ATENÇÃO ESPECIALIZADA À SAÚDE;INCREMENTO TEMPORÁRIO DO TETO DA MÉDIA E ALTA COMPLEXIDADE - MAC;11739873000137;FMS DE GURINHEM;11072;11/05/2026;PROPOSTA PAGA;Proposta Paga;12/06/2026;R$200.000,00;R$200.000,00;R$200.000,00
2026;60060002;S.PART.;COMISSÃO DE ASSUNTOS SOCIAIS - CAS;4088;VENEZIANO VITAL DO RÊGO;PB;251420;SAO JOSE DA LAGOA TAPADA;MUNICIPAL;COMISSAO;CORRENTE;302;1000;1030251182E900001;23/03/2026;36000772884202600;202600031777;FAF;INCREMENTO MAC;2E90;ATENÇÃO ESPECIALIZADA À SAÚDE;INCREMENTO TEMPORÁRIO DO TETO DA MÉDIA E ALTA COMPLEXIDADE - MAC;11420422000132;FUNDO MUNIC DE SAUDE DE JOSE DA LAGOA TAPADA;11072;11/05/2026;PROPOSTA PAGA;Proposta Paga;28/05/2026;R$200.000,00;R$200.000,00;R$200.000,00
2026;60060002;S.PART.;COMISSÃO DE ASSUNTOS SOCIAIS - CAS;4088;VENEZIANO VITAL DO RÊGO;PB;250380;CALDAS BRANDAO;MUNICIPAL;COMISSAO;CORRENTE;302;1000;1030251182E900001;31/03/2026;36000786178202600;202600031706;FAF;INCREMENTO MAC;2E90;ATENÇÃO ESPECIALIZADA À SAÚDE;INCREMENTO TEMPORÁRIO DO TETO DA MÉDIA E ALTA COMPLEXIDADE - MAC;11238753000156;FUNDO MUNICIPAL DE SAUDE CALDAS BRANDAO;11072;11/05/2026;PROPOSTA PAGA;Proposta Paga;26/05/2026;R$100.000,00;R$100.000,00;R$100.000,00
2026;60060002;S.PART.;COMISSÃO DE ASSUNTOS SOCIAIS - CAS;4088;VENEZIANO VITAL DO RÊGO;PB;250990;NATUBA;MUNICIPAL;COMISSAO;CORRENTE;302;1000;1030251182E900001;21/04/2026;36000795541202600;202600034371;FAF;INCREMENTO MAC;2E90;ATENÇÃO ESPECIALIZADA À SAÚDE;INCREMENTO TEMPORÁRIO DO TETO DA MÉDIA E ALTA COMPLEXIDADE - MAC;17975221000188;FUNDO MUNICIPAL DE SAUDE DE NATUBA;11269;18/05/2026;PROPOSTA PAGA;Proposta Paga;12/06/2026;R$100.000,00;R$100.000,00;R$100.000,00
2026;60060001;S.PART.;COMISSÃO DE ASSUNTOS SOCIAIS - CAS;4088 / 4270;EFRAIM FILHO / VENEZIANO VITAL DO RÊGO;PB;250710;ITAPOROROCA;MUNICIPAL;COMISSAO;CORRENTE;301;1000;1030151192E890001;16/06/2026;36000814915202600;202600042526;FAF;INCREMENTO PAP;2E89;ATENÇÃO PRIMÁRIA À SAÚDE;INCREMENTO DO PISO DA ATENÇÃO PRIMÁRIA À SAÚDE - PAP;12099621000153;FUNDO MUNICIPAL DE SAUDE;11909;03/07/2026;EM ANALISE PELA ÁREA FINALÍSTICA;Proposta Empenhada aguardando Formalização;-;R$3.611.540,00;R$3.611.540,00;R$0,00
2026;60060001;S.PART.;COMISSÃO DE ASSUNTOS SOCIAIS - CAS;4088;VENEZIANO VITAL DO RÊGO;PB;251020;NOVA OLINDA;MUNICIPAL;COMISSAO;CORRENTE;301;1000;1030151192E890001;27/03/2026;36000779852202600;202600033073;FAF;INCREMENTO PAP;2E89;ATENÇÃO PRIMÁRIA À SAÚDE;INCREMENTO DO PISO DA ATENÇÃO PRIMÁRIA À SAÚDE - PAP;11268720000159;FUNDO MUNICIPAL DE SAUDE_NOVA OLINDA;11195;13/05/2026;PROPOSTA PAGA;Proposta Paga;26/05/2026;R$100.000,00;R$100.000,00;R$100.000,00
2026;60060001;S.PART.;COMISSÃO DE ASSUNTOS SOCIAIS - CAS;4088 / 4141;DANIELLA RIBEIRO / VENEZIANO VITAL DO RÊGO;PB;251480;SAO JOSE DOS CORDEIROS;MUNICIPAL;COMISSAO;CORRENTE;301;1000;1030151192E890001;30/03/2026;36000784127202600;202600033114;FAF;INCREMENTO PAP;2E89;ATENÇÃO PRIMÁRIA À SAÚDE;INCREMENTO DO PISO DA ATENÇÃO PRIMÁRIA À SAÚDE - PAP;13491027000176;FUNDO MUNICIPAL DE SAUDE DE SAO JOSE DOS CORDEIROS - PB;11195;13/05/2026;PROPOSTA PAGA;Proposta Paga;26/05/2026;R$62.000,00;R$62.000,00;R$62.000,00
2026;50410002;S.PART.;COMISSÃO DA SAÚDE;2714;ROMERO RODRIGUES;PB;250310;CABACEIRAS;MUNICIPAL;COMISSAO;CORRENTE;301;1000;1030151192E890001;20/05/2026;36000807549202600;202600037706;FAF;INCREMENTO PAP;2E89;ATENÇÃO PRIMÁRIA À SAÚDE;INCREMENTO DO PISO DA ATENÇÃO PRIMÁRIA À SAÚDE - PAP;11309134000105;FUNDO MUNICIPAL DE SAUDE - CABACEIRAS PB;11414;26/05/2026;PROPOSTA PAGA;Proposta Paga;16/06/2026;R$250.000,00;R$250.000,00;R$250.000,00
2026;50410002;S.PART.;COMISSÃO DA SAÚDE;2712;HUGO MOTTA;PB;250950;MONTADAS;MUNICIPAL;COMISSAO;CORRENTE;301;1000;1030151192E890001;27/05/2026;36000810266202600;202600040142;FAF;INCREMENTO PAP;2E89;ATENÇÃO PRIMÁRIA À SAÚDE;INCREMENTO DO PISO DA ATENÇÃO PRIMÁRIA À SAÚDE - PAP;13884126000118;FUNDO MUNICIPAL DE SAUDE DE MONTADAS;11610;19/06/2026;PROPOSTA PAGA;Proposta Paga;29/06/2026;R$500.000,00;R$500.000,00;R$500.000,00
2026;50410002;S.PART.;COMISSÃO DA SAÚDE;2712 / 4436;HUGO MOTTA / MURILO GALDINO;PB;250980;MULUNGU;MUNICIPAL;COMISSAO;CORRENTE;301;1000;1030151192E890001;18/05/2026;36000806898202600;202600036610;FAF;INCREMENTO PAP;2E89;ATENÇÃO PRIMÁRIA À SAÚDE;INCREMENTO DO PISO DA ATENÇÃO PRIMÁRIA À SAÚDE - PAP;18767963000180;FUNDO MUNICIPAL DE SAUDE MULUNGU;11403;26/05/2026;PROPOSTA PAGA;Proposta Paga;16/06/2026;R$300.000,00;R$300.000,00;R$300.000,00
2026;50410002;S.PART.;COMISSÃO DA SAÚDE;2712;HUGO MOTTA;PB;251445;SAO JOSE DOS RAMOS;MUNICIPAL;COMISSAO;CORRENTE;301;1000;1030151192E890001;21/05/2026;36000808208202600;202600036625;FAF;INCREMENTO PAP;2E89;ATENÇÃO PRIMÁRIA À SAÚDE;INCREMENTO DO PISO DA ATENÇÃO PRIMÁRIA À SAÚDE - PAP;11227813000135;FUNDO MUNICIPAL DE SAUDE DE SAO JOSE DOS RAMOS;11414;26/05/2026;PROPOSTA PAGA;Proposta Paga;16/06/2026;R$500.000,00;R$500.000,00;R$500.000,00
2026;50410002;S.PART.;COMISSÃO DA SAÚDE;1271;LUIZ COUTO;PB;251396;SAO DOMINGOS;MUNICIPAL;COMISSAO;CORRENTE;301;1000;1030151192E890001;26/05/2026;36000809367202600;202600037711;FAF;INCREMENTO PAP;2E89;ATENÇÃO PRIMÁRIA À SAÚDE;INCREMENTO DO PISO DA ATENÇÃO PRIMÁRIA À SAÚDE - PAP;17792379000112;FUNDO MUNICIPAL DE SAUDE DE SAO DOMINGOS;11488;01/06/2026;PROPOSTA PAGA;Proposta Paga;16/06/2026;R$100.000,00;R$100.000,00;R$100.000,00
2026;50410001;S.PART.;COMISSÃO DA SAÚDE;2712;HUGO MOTTA;PB;251700;UMBUZEIRO;MUNICIPAL;COMISSAO;CORRENTE;302;1000;1030251182E900001;19/05/2026;36000807140202600;202600036786;FAF;INCREMENTO MAC;2E90;ATENÇÃO ESPECIALIZADA À SAÚDE;INCREMENTO TEMPORÁRIO DO TETO DA MÉDIA E ALTA COMPLEXIDADE - MAC;09494245000197;FUNDO MUNICIPAL DE SAUDE;11421;27/05/2026;PROPOSTA PAGA;Proposta Paga;16/06/2026;R$250.000,00;R$250.000,00;R$250.000,00
2026;50410001;S.PART.;COMISSÃO DA SAÚDE;2712 / 2718;AUGUSTO COUTINHO / HUGO MOTTA;PB;250600;ESPERANCA;MUNICIPAL;COMISSAO;CORRENTE;302;1000;1030251182E900001;27/05/2026;36000810109202600;202600041823;FAF;INCREMENTO MAC;2E90;ATENÇÃO ESPECIALIZADA À SAÚDE;INCREMENTO TEMPORÁRIO DO TETO DA MÉDIA E ALTA COMPLEXIDADE - MAC;12011984000195;FUNDO MUNICIPAL DE SAUDE;11748;30/06/2026;PROPOSTA PAGA;Proposta Paga;03/07/2026;R$2.000.000,00;R$2.000.000,00;R$2.000.000,00
2026;50410001;S.PART.;COMISSÃO DA SAÚDE;2712 / 4317;CABO GILBERTO SILVA / HUGO MOTTA;PB;251150;PILAR;MUNICIPAL;COMISSAO;CORRENTE;302;1000;1030251182E900001;15/06/2026;36000814525202600;202600040837;FAF;INCREMENTO MAC;2E90;ATENÇÃO ESPECIALIZADA À SAÚDE;INCREMENTO TEMPORÁRIO DO TETO DA MÉDIA E ALTA COMPLEXIDADE - MAC;11171199000137;FUNDO MUNICIPAL DE SAUDE DO MUNICIPIO DE PILAR;11700;24/06/2026;EM ANALISE PELA ÁREA FINALÍSTICA;Proposta Empenhada aguardando Formalização;-;R$500.000,00;R$500.000,00;R$0,00
2026;60060002;S.PART.;COMISSÃO DE ASSUNTOS SOCIAIS - CAS;4088;VENEZIANO VITAL DO RÊGO;PB;250190;BELEM;MUNICIPAL;COMISSAO;CORRENTE;302;1000;1030251182E900001;24/03/2026;36000774301202600;202600031693;FAF;INCREMENTO MAC;2E90;ATENÇÃO ESPECIALIZADA À SAÚDE;INCREMENTO TEMPORÁRIO DO TETO DA MÉDIA E ALTA COMPLEXIDADE - MAC;11429813000118;FUNDO MUNICIPAL DE SAUDE DE BELEM;11072;11/05/2026;PROPOSTA PAGA;Proposta Paga;26/05/2026;R$150.000,00;R$150.000,00;R$150.000,00
2026;60060002;S.PART.;COMISSÃO DE ASSUNTOS SOCIAIS - CAS;4088;VENEZIANO VITAL DO RÊGO;PB;251130;PIANCO;MUNICIPAL;COMISSAO;CORRENTE;302;1000;1030251182E900001;23/03/2026;36000772745202600;202600031755;FAF;INCREMENTO MAC;2E90;ATENÇÃO ESPECIALIZADA À SAÚDE;INCREMENTO TEMPORÁRIO DO TETO DA MÉDIA E ALTA COMPLEXIDADE - MAC;04827493000199;FUNDO MUNICIPAL DE SAUDE;11072;11/05/2026;PROPOSTA PAGA;Proposta Paga;28/05/2026;R$200.000,00;R$200.000,00;R$200.000,00
2026;60060002;S.PART.;COMISSÃO DE ASSUNTOS SOCIAIS - CAS;4088;VENEZIANO VITAL DO RÊGO;PB;251650;TAPEROA;MUNICIPAL;COMISSAO;CORRENTE;302;1000;1030251182E900001;04/04/2026;36000790045202600;202600031795;FAF;INCREMENTO MAC;2E90;ATENÇÃO ESPECIALIZADA À SAÚDE;INCREMENTO TEMPORÁRIO DO TETO DA MÉDIA E ALTA COMPLEXIDADE - MAC;11850452000189;FUNDO MUNICIPAL DE SAUDE DE TAPEROA;11072;11/05/2026;PROPOSTA PAGA;Proposta Paga;28/05/2026;R$200.000,00;R$200.000,00;R$200.000,00
2026;60060002;S.PART.;COMISSÃO DE ASSUNTOS SOCIAIS - CAS;4088;VENEZIANO VITAL DO RÊGO;PB;251630;SUME;MUNICIPAL;COMISSAO;CORRENTE;302;1000;1030251182E900001;26/03/2026;36000777250202600;202600031794;FAF;INCREMENTO MAC;2E90;ATENÇÃO ESPECIALIZADA À SAÚDE;INCREMENTO TEMPORÁRIO DO TETO DA MÉDIA E ALTA COMPLEXIDADE - MAC;11285069000125;FUNDO MUNICIPAL DE SAUDE;11072;11/05/2026;PROPOSTA PAGA;Proposta Paga;28/05/2026;R$100.000,00;R$100.000,00;R$100.000,00
2026;60060001;S.PART.;COMISSÃO DE ASSUNTOS SOCIAIS - CAS;4088;VENEZIANO VITAL DO RÊGO;PB;250630;GUARABIRA;MUNICIPAL;COMISSAO;CORRENTE;301;1000;1030151192E890001;26/03/2026;36000777867202600;202600033038;FAF;INCREMENTO PAP;2E89;ATENÇÃO PRIMÁRIA À SAÚDE;INCREMENTO DO PISO DA ATENÇÃO PRIMÁRIA À SAÚDE - PAP;13844779000173;GUARABIRA FUNDO MUNICIPAL DE SAUDE;11195;13/05/2026;PROPOSTA PAGA;Proposta Paga;26/05/2026;R$100.000,00;R$100.000,00;R$100.000,00
2026;60060001;S.PART.;COMISSÃO DE ASSUNTOS SOCIAIS - CAS;4088;VENEZIANO VITAL DO RÊGO;PB;251120;PEDRAS DE FOGO;MUNICIPAL;COMISSAO;CORRENTE;301;1000;1030151192E890001;08/04/2026;36000791411202600;202600033083;FAF;INCREMENTO PAP;2E89;ATENÇÃO PRIMÁRIA À SAÚDE;INCREMENTO DO PISO DA ATENÇÃO PRIMÁRIA À SAÚDE - PAP;10490987000123;FUNDO MUNICIPAL DE SAUDE;11195;13/05/2026;PROPOSTA PAGA;Proposta Paga;26/05/2026;R$100.000,00;R$100.000,00;R$100.000,00
2026;60060001;S.PART.;COMISSÃO DE ASSUNTOS SOCIAIS - CAS;4088;VENEZIANO VITAL DO RÊGO;PB;251550;SERRA BRANCA;MUNICIPAL;COMISSAO;CORRENTE;301;1000;1030151192E890001;24/03/2026;36000774717202600;202600033121;FAF;INCREMENTO PAP;2E89;ATENÇÃO PRIMÁRIA À SAÚDE;INCREMENTO DO PISO DA ATENÇÃO PRIMÁRIA À SAÚDE - PAP;05456092000132;FUNDO MUNICIPAL DE SAUDE;11195;13/05/2026;PROPOSTA PAGA;Proposta Paga;11/06/2026;R$100.000,00;R$100.000,00;R$100.000,00
2026;60060001;S.PART.;COMISSÃO DE ASSUNTOS SOCIAIS - CAS;4141;DANIELLA RIBEIRO;PB;250870;MAE D'AGUA;MUNICIPAL;COMISSAO;CORRENTE;301;1000;1030151192E890001;23/03/2026;36000772073202600;202600033062;FAF;INCREMENTO PAP;2E89;ATENÇÃO PRIMÁRIA À SAÚDE;INCREMENTO DO PISO DA ATENÇÃO PRIMÁRIA À SAÚDE - PAP;03627760000111;FUNDO MUNICIPAL DE SAUDE DE MAE D AGUA;11195;13/05/2026;PROPOSTA PAGA;Proposta Paga;26/05/2026;R$200.000,00;R$200.000,00;R$200.000,00
2026;60060001;S.PART.;COMISSÃO DE ASSUNTOS SOCIAIS - CAS;4088 / 4270;EFRAIM FILHO / VENEZIANO VITAL DO RÊGO;PB;250420;CATINGUEIRA;MUNICIPAL;COMISSAO;CORRENTE;301;1000;1030151192E890001;18/05/2026;36000806569202600;202600040448;FAF;INCREMENTO PAP;2E89;ATENÇÃO PRIMÁRIA À SAÚDE;INCREMENTO DO PISO DA ATENÇÃO PRIMÁRIA À SAÚDE - PAP;12401524000173;FUNDO MUNICIPAL DE SAUDE;11629;22/06/2026;PROPOSTA PAGA;Proposta Paga;29/06/2026;R$240.700,00;R$240.700,00;R$240.700,00
2026;50410002;S.PART.;COMISSÃO DA SAÚDE;4436;MURILO GALDINO;PB;250540;DESTERRO;MUNICIPAL;COMISSAO;CORRENTE;301;1000;1030151192E890001;30/04/2026;36000798721202600;202600033033;FAF;INCREMENTO PAP;2E89;ATENÇÃO PRIMÁRIA À SAÚDE;INCREMENTO DO PISO DA ATENÇÃO PRIMÁRIA À SAÚDE - PAP;10493355000113;FUNDO MUNICIPAL DE SAUDE DE DESTERRO;11222;15/05/2026;PROPOSTA PAGA;Proposta Paga;29/06/2026;R$3.095.000,00;R$3.095.000,00;R$3.095.000,00
2026;50410002;S.PART.;COMISSÃO DA SAÚDE;4581;VALDIR TRINDADE;PB;251420;SAO JOSE DA LAGOA TAPADA;MUNICIPAL;COMISSAO;CORRENTE;301;1000;1030151192E890001;18/06/2026;36000815445202600;202600041957;FAF;INCREMENTO PAP;2E89;ATENÇÃO PRIMÁRIA À SAÚDE;INCREMENTO DO PISO DA ATENÇÃO PRIMÁRIA À SAÚDE - PAP;11420422000132;FUNDO MUNIC DE SAUDE DE JOSE DA LAGOA TAPADA;11766;30/06/2026;EM ANALISE PELA ÁREA FINALÍSTICA;Proposta Empenhada aguardando Formalização;-;R$400.000,00;R$400.000,00;R$0,00
2026;50410001;S.PART.;COMISSÃO DA SAÚDE;2712 / 4432;HUGO MOTTA / MERSINHO LUCENA;PB;250260;IGARACY;MUNICIPAL;COMISSAO;CORRENTE;302;1000;1030251182E900001;15/05/2026;36000806187202600;202600035183;FAF;INCREMENTO MAC;2E90;ATENÇÃO ESPECIALIZADA À SAÚDE;INCREMENTO TEMPORÁRIO DO TETO DA MÉDIA E ALTA COMPLEXIDADE - MAC;11463951000113;FUNDO MUNICIPAL DE SAUDE DE IGARACY;11344;20/05/2026;PROPOSTA PAGA;Proposta Paga;16/06/2026;R$317.164,00;R$317.164,00;R$317.164,00
2026;50410001;S.PART.;COMISSÃO DA SAÚDE;4317;CABO GILBERTO SILVA;PB;251280;RIACHO DOS CAVALOS;MUNICIPAL;COMISSAO;CORRENTE;302;1000;1030251182E900001;17/07/2026;36000818823202600;202600043875;FAF;INCREMENTO MAC;2E90;ATENÇÃO ESPECIALIZADA À SAÚDE;INCREMENTO TEMPORÁRIO DO TETO DA MÉDIA E ALTA COMPLEXIDADE - MAC;12081925000193;RIACHO DOS CAVALOS FUNDO MUNICIPAL DE SAUDE;12081;07/08/2026;EM ANALISE PELA ÁREA FINALÍSTICA;Proposta Empenhada aguardando Formalização;-;R$500.000,00;R$500.000,00;R$0,00
2026;50410001;S.PART.;COMISSÃO DA SAÚDE;3997;GERVÁSIO MAIA;PB;251040;OLHO D'AGUA;MUNICIPAL;COMISSAO;CORRENTE;302;1000;1030251182E900001;22/05/2026;36000808653202600;202600038236;FAF;INCREMENTO MAC;2E90;ATENÇÃO ESPECIALIZADA À SAÚDE;INCREMENTO TEMPORÁRIO DO TETO DA MÉDIA E ALTA COMPLEXIDADE - MAC;11471451000123;FUNDO MUNICIPAL DE SAUDE;11421;27/05/2026;PROPOSTA PAGA;Proposta Paga;12/06/2026;R$200.000,00;R$200.000,00;R$200.000,00
2026;60060002;S.PART.;COMISSÃO DE ASSUNTOS SOCIAIS - CAS;4088;VENEZIANO VITAL DO RÊGO;PB;250610;FAGUNDES;MUNICIPAL;COMISSAO;CORRENTE;302;1000;1030251182E900001;26/03/2026;36000777584202600;202600031721;FAF;INCREMENTO MAC;2E90;ATENÇÃO ESPECIALIZADA À SAÚDE;INCREMENTO TEMPORÁRIO DO TETO DA MÉDIA E ALTA COMPLEXIDADE - MAC;11307940000144;FUNDO MUNICIPAL DE SAUDE FAGUNDES PB;11072;11/05/2026;PROPOSTA PAGA;Proposta Paga;26/05/2026;R$100.000,00;R$100.000,00;R$100.000,00
2026;60060001;S.PART.;COMISSÃO DE ASSUNTOS SOCIAIS - CAS;4088 / 4270;EFRAIM FILHO / VENEZIANO VITAL DO RÊGO;PB;250280;BREJO DO CRUZ;MUNICIPAL;COMISSAO;CORRENTE;301;1000;1030151192E890001;20/04/2026;36000795360202600;202600033007;FAF;INCREMENTO PAP;2E89;ATENÇÃO PRIMÁRIA À SAÚDE;INCREMENTO DO PISO DA ATENÇÃO PRIMÁRIA À SAÚDE - PAP;12452534000138;FUNDO MUNICIPAL DE SAUDE DE BREJO DO CRUZ;11195;13/05/2026;PROPOSTA PAGA;Proposta Paga;11/06/2026;R$1.000.000,00;R$1.000.000,00;R$1.000.000,00
2026;60060001;S.PART.;COMISSÃO DE ASSUNTOS SOCIAIS - CAS;4088;VENEZIANO VITAL DO RÊGO;PB;250170;BARRA DE SAO MIGUEL;MUNICIPAL;COMISSAO;CORRENTE;301;1000;1030151192E890001;27/04/2026;36000797905202600;202600032998;FAF;INCREMENTO PAP;2E89;ATENÇÃO PRIMÁRIA À SAÚDE;INCREMENTO DO PISO DA ATENÇÃO PRIMÁRIA À SAÚDE - PAP;11228592000110;FUNDO MUNICIPAL DE SAUDE DE BARRA DE SAO MIGUEL;11195;13/05/2026;PROPOSTA PAGA;Proposta Paga;26/05/2026;R$100.000,00;R$100.000,00;R$100.000,00
2026;60060001;S.PART.;COMISSÃO DE ASSUNTOS SOCIAIS - CAS;4088;VENEZIANO VITAL DO RÊGO;PB;250215;BOA VISTA;MUNICIPAL;COMISSAO;CORRENTE;301;1000;1030151192E890001;23/03/2026;36000771818202600;202600033003;FAF;INCREMENTO PAP;2E89;ATENÇÃO PRIMÁRIA À SAÚDE;INCREMENTO DO PISO DA ATENÇÃO PRIMÁRIA À SAÚDE - PAP;12868705000104;FUNDO MUNICIPAL DE SAUDE;11195;13/05/2026;PROPOSTA PAGA;Proposta Paga;11/06/2026;R$100.000,00;R$100.000,00;R$100.000,00
2026;60060001;S.PART.;COMISSÃO DE ASSUNTOS SOCIAIS - CAS;4088 / 4270;EFRAIM FILHO / VENEZIANO VITAL DO RÊGO;PB;250420;CATINGUEIRA;MUNICIPAL;COMISSAO;CORRENTE;301;1000;1030151192E890001;24/03/2026;36000773844202600;202600033024;FAF;INCREMENTO PAP;2E89;ATENÇÃO PRIMÁRIA À SAÚDE;INCREMENTO DO PISO DA ATENÇÃO PRIMÁRIA À SAÚDE - PAP;12401524000173;FUNDO MUNICIPAL DE SAUDE;11195;13/05/2026;PROPOSTA PAGA;Proposta Paga;26/05/2026;R$100.000,00;R$100.000,00;R$100.000,00
2026;60060001;S.PART.;COMISSÃO DE ASSUNTOS SOCIAIS - CAS;4088;VENEZIANO VITAL DO RÊGO;PB;250580;DUAS ESTRADAS;MUNICIPAL;COMISSAO;CORRENTE;301;1000;1030151192E890001;02/04/2026;36000789333202600;202600033034;FAF;INCREMENTO PAP;2E89;ATENÇÃO PRIMÁRIA À SAÚDE;INCREMENTO DO PISO DA ATENÇÃO PRIMÁRIA À SAÚDE - PAP;11814527000176;FUNDO MUNICIPAL DE SAUDE DE DUAS ESTRADAS;11195;13/05/2026;PROPOSTA PAGA;Proposta Paga;26/05/2026;R$100.000,00;R$100.000,00;R$100.000,00
2026;50410004;S.PART.;COMISSÃO DA SAÚDE;4317;CABO GILBERTO SILVA;PB;251390;SAO BENTO;MUNICIPAL;COMISSAO;CAPITAL;301;1000;10301511985810001;02/06/2026;02015756000126001;202600040768;FAF;UBS;8581;ATENÇÃO PRIMÁRIA À SAÚDE;REQUALIFICA - UBS;02015756000130;FUNDO MINICIPAL DE SAUDE;11668;23/06/2026;EM ANALISE PELA ÁREA FINALÍSTICA;Proposta Empenhada aguardando Formalização;-;R$1.899.000,00;R$1.899.000,00;R$0,00
2026;50410002;S.PART.;COMISSÃO DA SAÚDE;2712;HUGO MOTTA;PB;250420;CATINGUEIRA;MUNICIPAL;COMISSAO;CORRENTE;301;1000;1030151192E890001;05/05/2026;36000800931202600;202600033023;FAF;INCREMENTO PAP;2E89;ATENÇÃO PRIMÁRIA À SAÚDE;INCREMENTO DO PISO DA ATENÇÃO PRIMÁRIA À SAÚDE - PAP;12401524000173;FUNDO MUNICIPAL DE SAUDE;11222;15/05/2026;PROPOSTA PAGA;Proposta Paga;26/05/2026;R$1.000.000,00;R$1.000.000,00;R$1.000.000,00
2026;50410002;S.PART.;COMISSÃO DA SAÚDE;2714 / 2718 / 4317;AUGUSTO COUTINHO / CABO GILBERTO SILVA / ROMERO RODRIGUES;PB;250940;MOGEIRO;MUNICIPAL;COMISSAO;CORRENTE;301;1000;1030151192E890001;12/05/2026;36000804543202600;202600035566;FAF;INCREMENTO PAP;2E89;ATENÇÃO PRIMÁRIA À SAÚDE;INCREMENTO DO PISO DA ATENÇÃO PRIMÁRIA À SAÚDE - PAP;10664047000103;FUNDO MUNICIPAL DE SAUDE DE MOGEIRO;11335;20/05/2026;PROPOSTA PAGA;Proposta Paga;29/06/2026;R$1.000.000,00;R$1.000.000,00;R$1.000.000,00
2026;50410002;S.PART.;COMISSÃO DA SAÚDE;4317;CABO GILBERTO SILVA;PB;251200;POCINHOS;MUNICIPAL;COMISSAO;CORRENTE;301;1000;1030151192E890001;15/06/2026;36000814499202600;202600041949;FAF;INCREMENTO PAP;2E89;ATENÇÃO PRIMÁRIA À SAÚDE;INCREMENTO DO PISO DA ATENÇÃO PRIMÁRIA À SAÚDE - PAP;09505246000190;FUNDO MUNICIPAL DE SAUDE - POCINHOS - PARAIBA;11766;30/06/2026;EM ANALISE PELA ÁREA FINALÍSTICA;Proposta Empenhada aguardando Formalização;-;R$1.000.000,00;R$1.000.000,00;R$0,00
2026;50410002;S.PART.;COMISSÃO DA SAÚDE;2712 / 3997;GERVÁSIO MAIA / HUGO MOTTA;PB;251272;PEDRO REGIS;MUNICIPAL;COMISSAO;CORRENTE;301;1000;1030151192E890001;04/05/2026;36000799706202600;202600033089;FAF;INCREMENTO PAP;2E89;ATENÇÃO PRIMÁRIA À SAÚDE;INCREMENTO DO PISO DA ATENÇÃO PRIMÁRIA À SAÚDE - PAP;13072341000114;PEDRO REGIS FUNDO MUNICIPAL DE SAUDE;11222;15/05/2026;PROPOSTA PAGA;Proposta Paga;26/05/2026;R$500.000,00;R$500.000,00;R$500.000,00
2026;50410002;S.PART.;COMISSÃO DA SAÚDE;2712;HUGO MOTTA;PB;251640;TACIMA;MUNICIPAL;COMISSAO;CORRENTE;301;1000;1030151192E890001;02/05/2026;36000799365202600;202600033129;FAF;INCREMENTO PAP;2E89;ATENÇÃO PRIMÁRIA À SAÚDE;INCREMENTO DO PISO DA ATENÇÃO PRIMÁRIA À SAÚDE - PAP;11907806000184;FUNDO MUNICIPAL DE SAUDE DE TACIMA;11222;15/05/2026;PROPOSTA PAGA;Proposta Paga;26/05/2026;R$500.000,00;R$500.000,00;R$500.000,00
2026;50410002;S.PART.;COMISSÃO DA SAÚDE;2712 / 2715;HUGO MOTTA / RUY CARNEIRO;PB;250830;LAGOA SECA;MUNICIPAL;COMISSAO;CORRENTE;301;1000;1030151192E890001;19/06/2026;36000815876202600;202600042527;FAF;INCREMENTO PAP;2E89;ATENÇÃO PRIMÁRIA À SAÚDE;INCREMENTO DO PISO DA ATENÇÃO PRIMÁRIA À SAÚDE - PAP;11264183000179;FUNDO MUNICIPAL DE SAUDE;11909;03/07/2026;EM ANALISE PELA ÁREA FINALÍSTICA;Proposta Empenhada aguardando Formalização;-;R$1.400.000,00;R$1.400.000,00;R$0,00
2026;50410002;S.PART.;COMISSÃO DA SAÚDE;1271 / 2712;HUGO MOTTA / LUIZ COUTO;PB;250220;BOM JESUS;MUNICIPAL;COMISSAO;CORRENTE;301;1000;1030151192E890001;30/04/2026;36000799142202600;202600033008;FAF;INCREMENTO PAP;2E89;ATENÇÃO PRIMÁRIA À SAÚDE;INCREMENTO DO PISO DA ATENÇÃO PRIMÁRIA À SAÚDE - PAP;11856862000137;FUNDO MUNICIPAL DE SAUDE DO MUNICIPIO DE BOM JESUS;11222;15/05/2026;PROPOSTA PAGA;Proposta Paga;26/05/2026;R$1.000.000,00;R$1.000.000,00;R$1.000.000,00
2026;50410001;S.PART.;COMISSÃO DA SAÚDE;2712;HUGO MOTTA;PB;251700;UMBUZEIRO;MUNICIPAL;COMISSAO;CORRENTE;302;1000;1030251182E900001;19/05/2026;36000807170202600;202600036127;FAF;INCREMENTO MAC;2E90;ATENÇÃO ESPECIALIZADA À SAÚDE;INCREMENTO TEMPORÁRIO DO TETO DA MÉDIA E ALTA COMPLEXIDADE - MAC;09494245000197;FUNDO MUNICIPAL DE SAUDE;11370;22/05/2026;PROPOSTA PAGA;Proposta Paga;16/06/2026;R$250.000,00;R$250.000,00;R$250.000,00
2026;50410001;S.PART.;COMISSÃO DA SAÚDE;1277 / 4436;MURILO GALDINO / WELLINGTON ROBERTO;PB;250970;MONTEIRO;MUNICIPAL;COMISSAO;CORRENTE;302;1000;1030251182E900001;03/05/2026;36000799404202600;202600031748;FAF;INCREMENTO MAC;2E90;ATENÇÃO ESPECIALIZADA À SAÚDE;INCREMENTO TEMPORÁRIO DO TETO DA MÉDIA E ALTA COMPLEXIDADE - MAC;11214763000151;FUNDO MUNICIPAL DE SAUDE DE MONTEIRO;11225;15/05/2026;PROPOSTA PAGA;Proposta Paga;26/05/2026;R$3.000.000,00;R$3.000.000,00;R$3.000.000,00
2026;50410001;S.PART.;COMISSÃO DA SAÚDE;2712 / 4317;CABO GILBERTO SILVA / HUGO MOTTA;PB;250630;GUARABIRA;MUNICIPAL;COMISSAO;CORRENTE;302;1000;1030251182E900001;15/06/2026;36000814369202600;202600041460;FAF;INCREMENTO MAC;2E90;ATENÇÃO ESPECIALIZADA À SAÚDE;INCREMENTO TEMPORÁRIO DO TETO DA MÉDIA E ALTA COMPLEXIDADE - MAC;13844779000173;GUARABIRA FUNDO MUNICIPAL DE SAUDE;11726;29/06/2026;PROPOSTA PAGA;Proposta Paga;03/07/2026;R$2.000.000,00;R$2.000.000,00;R$2.000.000,00
2026;50410001;S.PART.;COMISSÃO DA SAÚDE;1277 / 2714 / 4436;MURILO GALDINO / ROMERO RODRIGUES / WELLINGTON ROBERTO;PB;250400;CAMPINA GRANDE;MUNICIPAL;COMISSAO;CORRENTE;302;1000;1030251182E900001;10/05/2026;36000803300202600;202600036116;FAF;INCREMENTO MAC;2E90;ATENÇÃO ESPECIALIZADA À SAÚDE;INCREMENTO TEMPORÁRIO DO TETO DA MÉDIA E ALTA COMPLEXIDADE - MAC;24513574000121;FUNDO MUNICIPAL DE SAUDE DE CAMPINA GRANDE;11374;22/05/2026;PROPOSTA PAGA;Proposta Paga;29/06/2026;R$500.000,00;R$500.000,00;R$500.000,00
2026;50410001;S.PART.;COMISSÃO DA SAÚDE;3997;GERVÁSIO MAIA;PB;250150;BANANEIRAS;MUNICIPAL;COMISSAO;CORRENTE;302;1000;1030251182E900001;14/05/2026;36000805574202600;202600038234;FAF;INCREMENTO MAC;2E90;ATENÇÃO ESPECIALIZADA À SAÚDE;INCREMENTO TEMPORÁRIO DO TETO DA MÉDIA E ALTA COMPLEXIDADE - MAC;18730452000194;BANANEIRAS - FUNDO MUNICIPAL DE SAUDE;11269;18/05/2026;PROPOSTA PAGA;Proposta Paga;12/06/2026;R$2.500.000,00;R$2.500.000,00;R$2.500.000,00
2026;50410001;S.PART.;COMISSÃO DA SAÚDE;4436;MURILO GALDINO;PB;251200;POCINHOS;MUNICIPAL;COMISSAO;CORRENTE;302;1000;1030251182E900001;13/05/2026;36000805198202600;202600039377;FAF;INCREMENTO MAC;2E90;ATENÇÃO ESPECIALIZADA À SAÚDE;INCREMENTO TEMPORÁRIO DO TETO DA MÉDIA E ALTA COMPLEXIDADE - MAC;09505246000190;FUNDO MUNICIPAL DE SAUDE - POCINHOS - PARAIBA;11570;16/06/2026;PROPOSTA PAGA;Proposta Paga;29/06/2026;R$1.083.006,00;R$1.083.006,00;R$1.083.006,00
2026;60060002;S.PART.;COMISSÃO DE ASSUNTOS SOCIAIS - CAS;4088;VENEZIANO VITAL DO RÊGO;PB;250630;GUARABIRA;MUNICIPAL;COMISSAO;CORRENTE;302;1000;1030251182E900001;26/03/2026;36000777889202600;202600031722;FAF;INCREMENTO MAC;2E90;ATENÇÃO ESPECIALIZADA À SAÚDE;INCREMENTO TEMPORÁRIO DO TETO DA MÉDIA E ALTA COMPLEXIDADE - MAC;13844779000173;GUARABIRA FUNDO MUNICIPAL DE SAUDE;11072;11/05/2026;PROPOSTA PAGA;Proposta Paga;26/05/2026;R$150.000,00;R$150.000,00;R$150.000,00
2026;60060002;S.PART.;COMISSÃO DE ASSUNTOS SOCIAIS - CAS;4088 / 4270;EFRAIM FILHO / VENEZIANO VITAL DO RÊGO;PB;250710;ITAPOROROCA;MUNICIPAL;COMISSAO;CORRENTE;302;1000;1030251182E900001;10/07/2026;36000817590202600;202600043872;FAF;INCREMENTO MAC;2E90;ATENÇÃO ESPECIALIZADA À SAÚDE;INCREMENTO TEMPORÁRIO DO TETO DA MÉDIA E ALTA COMPLEXIDADE - MAC;12099621000153;FUNDO MUNICIPAL DE SAUDE;12081;07/08/2026;EM ANALISE PELA ÁREA FINALÍSTICA;Proposta Empenhada aguardando Formalização;-;R$72.442,00;R$72.442,00;R$0,00
2026;60060002;S.PART.;COMISSÃO DE ASSUNTOS SOCIAIS - CAS;4088;VENEZIANO VITAL DO RÊGO;PB;250910;MARI;MUNICIPAL;COMISSAO;CORRENTE;302;1000;1030251182E900001;26/03/2026;36000776842202600;202600031742;FAF;INCREMENTO MAC;2E90;ATENÇÃO ESPECIALIZADA À SAÚDE;INCREMENTO TEMPORÁRIO DO TETO DA MÉDIA E ALTA COMPLEXIDADE - MAC;11400094000102;FUNDO MUNICIPAL DE SAUDE;11072;11/05/2026;PROPOSTA PAGA;Proposta Paga;26/05/2026;R$100.000,00;R$100.000,00;R$100.000,00
2026;60060002;S.PART.;COMISSÃO DE ASSUNTOS SOCIAIS - CAS;4088;VENEZIANO VITAL DO RÊGO;PB;251315;SANTA CECILIA;MUNICIPAL;COMISSAO;CORRENTE;302;1000;1030251182E900001;30/03/2026;36000783431202600;202600034375;FAF;INCREMENTO MAC;2E90;ATENÇÃO ESPECIALIZADA À SAÚDE;INCREMENTO TEMPORÁRIO DO TETO DA MÉDIA E ALTA COMPLEXIDADE - MAC;08698105000178;FUNDO MUNICIPAL DE SAUDE SANTA CECILIA;11269;18/05/2026;PROPOSTA PAGA;Proposta Paga;12/06/2026;R$100.000,00;R$100.000,00;R$100.000,00
2026;60060001;S.PART.;COMISSÃO DE ASSUNTOS SOCIAIS - CAS;4088;VENEZIANO VITAL DO RÊGO;PB;251597;SOBRADO;MUNICIPAL;COMISSAO;CORRENTE;301;1000;1030151192E890001;30/03/2026;36000784115202600;202600033128;FAF;INCREMENTO PAP;2E89;ATENÇÃO PRIMÁRIA À SAÚDE;INCREMENTO DO PISO DA ATENÇÃO PRIMÁRIA À SAÚDE - PAP;12012235000182;FUNDO MUNICIPAL DE SAUDE;11195;13/05/2026;PROPOSTA PAGA;Proposta Paga;26/05/2026;R$100.000,00;R$100.000,00;R$100.000,00
2026;50410002;S.PART.;COMISSÃO DA SAÚDE;2714 / 2718;AUGUSTO COUTINHO / ROMERO RODRIGUES;PB;250407;CARAUBAS;MUNICIPAL;COMISSAO;CORRENTE;301;1000;1030151192E890001;08/05/2026;36000803139202600;202600033020;FAF;INCREMENTO PAP;2E89;ATENÇÃO PRIMÁRIA À SAÚDE;INCREMENTO DO PISO DA ATENÇÃO PRIMÁRIA À SAÚDE - PAP;11431018000164;FUNDO MUNICIPAL DE SAUDE;11237;15/05/2026;PROPOSTA PAGA;Proposta Paga;26/05/2026;R$200.000,00;R$200.000,00;R$200.000,00
2026;50410002;S.PART.;COMISSÃO DA SAÚDE;4436;MURILO GALDINO;PB;251010;NOVA FLORESTA;MUNICIPAL;COMISSAO;CORRENTE;301;1000;1030151192E890001;18/05/2026;36000806638202600;202600037709;FAF;INCREMENTO PAP;2E89;ATENÇÃO PRIMÁRIA À SAÚDE;INCREMENTO DO PISO DA ATENÇÃO PRIMÁRIA À SAÚDE - PAP;18517489000139;FUNDO MUNICIPAL DE SAUDE;11488;01/06/2026;PROPOSTA PAGA;Proposta Paga;29/06/2026;R$501.000,00;R$501.000,00;R$501.000,00
2026;50410002;S.PART.;COMISSÃO DA SAÚDE;2714;ROMERO RODRIGUES;PB;250660;IBIARA;MUNICIPAL;COMISSAO;CORRENTE;301;1000;1030151192E890001;08/05/2026;36000802857202600;202600033041;FAF;INCREMENTO PAP;2E89;ATENÇÃO PRIMÁRIA À SAÚDE;INCREMENTO DO PISO DA ATENÇÃO PRIMÁRIA À SAÚDE - PAP;08892967000137;FUNDO MUNICIPAL DE SAUDE DE IBIARA;11237;15/05/2026;PROPOSTA PAGA;Proposta Paga;26/05/2026;R$1.000.000,00;R$1.000.000,00;R$1.000.000,00
2026;50410002;S.PART.;COMISSÃO DA SAÚDE;2714 / 2718 / 4317;AUGUSTO COUTINHO / CABO GILBERTO SILVA / ROMERO RODRIGUES;PB;250940;MOGEIRO;MUNICIPAL;COMISSAO;CORRENTE;301;1000;1030151192E890001;12/05/2026;36000804537202600;202600035567;FAF;INCREMENTO PAP;2E89;ATENÇÃO PRIMÁRIA À SAÚDE;INCREMENTO DO PISO DA ATENÇÃO PRIMÁRIA À SAÚDE - PAP;10664047000103;FUNDO MUNICIPAL DE SAUDE DE MOGEIRO;11335;20/05/2026;PROPOSTA PAGA;Proposta Paga;29/06/2026;R$1.500.000,00;R$1.500.000,00;R$1.500.000,00
2026;50410002;S.PART.;COMISSÃO DA SAÚDE;2712 / 4436;HUGO MOTTA / MURILO GALDINO;PB;250980;MULUNGU;MUNICIPAL;COMISSAO;CORRENTE;301;1000;1030151192E890001;18/05/2026;36000806901202600;202600037396;FAF;INCREMENTO PAP;2E89;ATENÇÃO PRIMÁRIA À SAÚDE;INCREMENTO DO PISO DA ATENÇÃO PRIMÁRIA À SAÚDE - PAP;18767963000180;FUNDO MUNICIPAL DE SAUDE MULUNGU;11403;26/05/2026;PROPOSTA PAGA;Proposta Paga;16/06/2026;R$441.000,00;R$441.000,00;R$441.000,00
2026;50410002;S.PART.;COMISSÃO DA SAÚDE;2712;HUGO MOTTA;PB;250939;MATUREIA;MUNICIPAL;COMISSAO;CORRENTE;301;1000;1030151192E890001;26/05/2026;36000809623202600;202600040143;FAF;INCREMENTO PAP;2E89;ATENÇÃO PRIMÁRIA À SAÚDE;INCREMENTO DO PISO DA ATENÇÃO PRIMÁRIA À SAÚDE - PAP;11209770000165;FUNDO MUNICIPAL DE SAUDE;11610;19/06/2026;PROPOSTA PAGA;Proposta Paga;29/06/2026;R$500.000,00;R$500.000,00;R$500.000,00
2026;50410002;S.PART.;COMISSÃO DA SAÚDE;2712;HUGO MOTTA;PB;251500;SAO MIGUEL DE TAIPU;MUNICIPAL;COMISSAO;CORRENTE;301;1000;1030151192E890001;08/05/2026;36000802709202600;202600036621;FAF;INCREMENTO PAP;2E89;ATENÇÃO PRIMÁRIA À SAÚDE;INCREMENTO DO PISO DA ATENÇÃO PRIMÁRIA À SAÚDE - PAP;11601645000104;FUNDO MUNICIPAL DE SAUDE;11414;26/05/2026;PROPOSTA PAGA;Proposta Paga;16/06/2026;R$500.000,00;R$500.000,00;R$500.000,00
2026;50410001;S.PART.;COMISSÃO DA SAÚDE;2712;HUGO MOTTA;PB;251670;TEIXEIRA;MUNICIPAL;COMISSAO;CORRENTE;302;1000;1030251182E900001;01/05/2026;36000799276202600;202600031797;FAF;INCREMENTO MAC;2E90;ATENÇÃO ESPECIALIZADA À SAÚDE;INCREMENTO TEMPORÁRIO DO TETO DA MÉDIA E ALTA COMPLEXIDADE - MAC;11229326000101;FUNDO MUNICIPAL DE SAUDE;11225;15/05/2026;PROPOSTA PAGA;Proposta Paga;26/05/2026;R$1.900.000,00;R$1.900.000,00;R$1.900.000,00
2026;50410001;S.PART.;COMISSÃO DA SAÚDE;4432;MERSINHO LUCENA;PB;250660;IBIARA;MUNICIPAL;COMISSAO;CORRENTE;302;1000;1030251182E900001;04/05/2026;36000799702202600;202600031724;FAF;INCREMENTO MAC;2E90;ATENÇÃO ESPECIALIZADA À SAÚDE;INCREMENTO TEMPORÁRIO DO TETO DA MÉDIA E ALTA COMPLEXIDADE - MAC;08892967000137;FUNDO MUNICIPAL DE SAUDE DE IBIARA;11225;15/05/2026;PROPOSTA PAGA;Proposta Paga;26/05/2026;R$500.000,00;R$500.000,00;R$500.000,00
2026;50410001;S.PART.;COMISSÃO DA SAÚDE;4317 / 4436;CABO GILBERTO SILVA / MURILO GALDINO;PB;251620;SOUSA;MUNICIPAL;COMISSAO;CORRENTE;302;1000;1030251182E900001;10/06/2026;36000813549202600;202600041464;FAF;INCREMENTO MAC;2E90;ATENÇÃO ESPECIALIZADA À SAÚDE;INCREMENTO TEMPORÁRIO DO TETO DA MÉDIA E ALTA COMPLEXIDADE - MAC;05626697000124;FUNDO MUNICIPAL DE SAUDE DE SOUSA;11726;29/06/2026;EM ANALISE PELA ÁREA FINALÍSTICA;Proposta Empenhada aguardando Formalização;-;R$300.000,00;R$300.000,00;R$0,00
2026;60060002;S.PART.;COMISSÃO DE ASSUNTOS SOCIAIS - CAS;4088;VENEZIANO VITAL DO RÊGO;PB;251120;PEDRAS DE FOGO;MUNICIPAL;COMISSAO;CORRENTE;302;1000;1030251182E900001;08/04/2026;36000791465202600;202600031754;FAF;INCREMENTO MAC;2E90;ATENÇÃO ESPECIALIZADA À SAÚDE;INCREMENTO TEMPORÁRIO DO TETO DA MÉDIA E ALTA COMPLEXIDADE - MAC;10490987000123;FUNDO MUNICIPAL DE SAUDE;11072;11/05/2026;EM ANALISE PELA ÁREA FINALÍSTICA;Proposta Empenhada aguardando Formalização;-;R$200.000,00;R$200.000,00;R$0,00
2026;60060002;S.PART.;COMISSÃO DE ASSUNTOS SOCIAIS - CAS;4088 / 4270;EFRAIM FILHO / VENEZIANO VITAL DO RÊGO;PB;250280;BREJO DO CRUZ;MUNICIPAL;COMISSAO;CORRENTE;302;1000;1030251182E900001;20/04/2026;36000795371202600;202600031699;FAF;INCREMENTO MAC;2E90;ATENÇÃO ESPECIALIZADA À SAÚDE;INCREMENTO TEMPORÁRIO DO TETO DA MÉDIA E ALTA COMPLEXIDADE - MAC;12452534000138;FUNDO MUNICIPAL DE SAUDE DE BREJO DO CRUZ;11072;11/05/2026;EM ANALISE PELA ÁREA FINALÍSTICA;Proposta Empenhada aguardando Formalização;-;R$100.000,00;R$100.000,00;R$0,00
2026;60060002;S.PART.;COMISSÃO DE ASSUNTOS SOCIAIS - CAS;4088;VENEZIANO VITAL DO RÊGO;PB;250340;CACIMBA DE AREIA;MUNICIPAL;COMISSAO;CORRENTE;302;1000;1030251182E900001;10/04/2026;36000792014202600;202600031703;FAF;INCREMENTO MAC;2E90;ATENÇÃO ESPECIALIZADA À SAÚDE;INCREMENTO TEMPORÁRIO DO TETO DA MÉDIA E ALTA COMPLEXIDADE - MAC;10460927000168;FUNDO MUNICIPAL DE SAUDE DE CACIMBA DE AREIA;11238;15/05/2026;PROPOSTA PAGA;Proposta Paga;26/05/2026;R$100.000,00;R$100.000,00;R$100.000,00
2026;60060002;S.PART.;COMISSÃO DE ASSUNTOS SOCIAIS - CAS;4088;VENEZIANO VITAL DO RÊGO;PB;250920;MASSARANDUBA;MUNICIPAL;COMISSAO;CORRENTE;302;1000;1030251182E900001;25/03/2026;36000776826202600;202600031744;FAF;INCREMENTO MAC;2E90;ATENÇÃO ESPECIALIZADA À SAÚDE;INCREMENTO TEMPORÁRIO DO TETO DA MÉDIA E ALTA COMPLEXIDADE - MAC;10948421000100;FUNDO MUNICIPAL DE SAUDE;11072;11/05/2026;PROPOSTA PAGA;Proposta Paga;26/05/2026;R$100.000,00;R$100.000,00;R$100.000,00
2026;60060001;S.PART.;COMISSÃO DE ASSUNTOS SOCIAIS - CAS;4088;VENEZIANO VITAL DO RÊGO;PB;251140;PICUI;MUNICIPAL;COMISSAO;CORRENTE;301;1000;1030151192E890001;08/04/2026;36000791456202600;202600033086;FAF;INCREMENTO PAP;2E89;ATENÇÃO PRIMÁRIA À SAÚDE;INCREMENTO DO PISO DA ATENÇÃO PRIMÁRIA À SAÚDE - PAP;08619650000121;FUNDO MUNICIPAL DE SAUDE;11195;13/05/2026;PROPOSTA PAGA;Proposta Paga;29/06/2026;R$100.000,00;R$100.000,00;R$100.000,00
2026;60060001;S.PART.;COMISSÃO DE ASSUNTOS SOCIAIS - CAS;4088;VENEZIANO VITAL DO RÊGO;PB;251290;RIO TINTO;MUNICIPAL;COMISSAO;CORRENTE;301;1000;1030151192E890001;23/03/2026;36000771589202600;202600033094;FAF;INCREMENTO PAP;2E89;ATENÇÃO PRIMÁRIA À SAÚDE;INCREMENTO DO PISO DA ATENÇÃO PRIMÁRIA À SAÚDE - PAP;12457150000108;FUNDO MUNICIPAL DE SAUDE DE RIO TINTO;11195;13/05/2026;PROPOSTA PAGA;Proposta Paga;26/05/2026;R$200.000,00;R$200.000,00;R$200.000,00
2026;50410002;S.PART.;COMISSÃO DA SAÚDE;2712 / 4436;HUGO MOTTA / MURILO GALDINO;PB;250980;MULUNGU;MUNICIPAL;COMISSAO;CORRENTE;301;1000;1030151192E890001;18/05/2026;36000806906202600;202600037397;FAF;INCREMENTO PAP;2E89;ATENÇÃO PRIMÁRIA À SAÚDE;INCREMENTO DO PISO DA ATENÇÃO PRIMÁRIA À SAÚDE - PAP;18767963000180;FUNDO MUNICIPAL DE SAUDE MULUNGU;11403;26/05/2026;PROPOSTA PAGA;Proposta Paga;16/06/2026;R$101.000,00;R$101.000,00;R$101.000,00
2026;50410002;S.PART.;COMISSÃO DA SAÚDE;4432;MERSINHO LUCENA;PB;251600;SOLANEA;MUNICIPAL;COMISSAO;CORRENTE;301;1000;1030151192E890001;07/05/2026;36000801868202600;202600033124;FAF;INCREMENTO PAP;2E89;ATENÇÃO PRIMÁRIA À SAÚDE;INCREMENTO DO PISO DA ATENÇÃO PRIMÁRIA À SAÚDE - PAP;13857317000190;FUNDO MUNICIPAL DE SAUDE DE SOLANEA;11222;15/05/2026;PROPOSTA PAGA;Proposta Paga;26/05/2026;R$1.500.000,00;R$1.500.000,00;R$1.500.000,00
2026;50410002;S.PART.;COMISSÃO DA SAÚDE;4581;VALDIR TRINDADE;PB;250840;LASTRO;MUNICIPAL;COMISSAO;CORRENTE;301;1000;1030151192E890001;19/06/2026;36000815756202600;202600041943;FAF;INCREMENTO PAP;2E89;ATENÇÃO PRIMÁRIA À SAÚDE;INCREMENTO DO PISO DA ATENÇÃO PRIMÁRIA À SAÚDE - PAP;11304889000117;FUNDO MUNICIPAL DE SAUDE DE LASTRO;11766;30/06/2026;EM ANALISE PELA ÁREA FINALÍSTICA;Proposta Empenhada aguardando Formalização;-;R$420.000,00;R$420.000,00;R$0,00
2026;50410002;S.PART.;COMISSÃO DA SAÚDE;2712 / 3997;GERVÁSIO MAIA / HUGO MOTTA;PB;251272;PEDRO REGIS;MUNICIPAL;COMISSAO;CORRENTE;301;1000;1030151192E890001;11/05/2026;36000803996202600;202600035588;FAF;INCREMENTO PAP;2E89;ATENÇÃO PRIMÁRIA À SAÚDE;INCREMENTO DO PISO DA ATENÇÃO PRIMÁRIA À SAÚDE - PAP;13072341000114;PEDRO REGIS FUNDO MUNICIPAL DE SAUDE;11335;20/05/2026;PROPOSTA PAGA;Proposta Paga;11/06/2026;R$300.000,00;R$300.000,00;R$300.000,00
2026;50410004;S.PART.;COMISSÃO DA SAÚDE;2714;ROMERO RODRIGUES;PB;250630;GUARABIRA;MUNICIPAL;COMISSAO;CAPITAL;301;1000;10301511985810001;15/05/2026;13844779000126003;202600036313;FAF;EQUIPAMENTO;8581;ATENÇÃO PRIMÁRIA À SAÚDE;EQUIPAMENTOS - UBS;13844779000173;GUARABIRA FUNDO MUNICIPAL DE SAUDE;11406;26/05/2026;PROPOSTA PAGA;Proposta Paga;16/06/2026;R$307.954,00;R$307.954,00;R$307.954,00
2026;50410002;S.PART.;COMISSÃO DA SAÚDE;2718;AUGUSTO COUTINHO;PB;250510;CUITE;MUNICIPAL;COMISSAO;CORRENTE;301;1000;1030151192E890001;10/05/2026;36000803292202600;202600033027;FAF;INCREMENTO PAP;2E89;ATENÇÃO PRIMÁRIA À SAÚDE;INCREMENTO DO PISO DA ATENÇÃO PRIMÁRIA À SAÚDE - PAP;11404674000178;FUNDO MUNICIPAL DE SAUDE;11237;15/05/2026;PROPOSTA PAGA;Proposta Paga;29/06/2026;R$2.000.000,00;R$2.000.000,00;R$2.000.000,00
2026;50410001;S.PART.;COMISSÃO DA SAÚDE;1277 / 2714;ROMERO RODRIGUES / WELLINGTON ROBERTO;PB;250940;MOGEIRO;MUNICIPAL;COMISSAO;CORRENTE;302;1000;1030251182E900001;30/04/2026;36000798906202600;202600034370;FAF;INCREMENTO MAC;2E90;ATENÇÃO ESPECIALIZADA À SAÚDE;INCREMENTO TEMPORÁRIO DO TETO DA MÉDIA E ALTA COMPLEXIDADE - MAC;10664047000103;FUNDO MUNICIPAL DE SAUDE DE MOGEIRO;11253;18/05/2026;PROPOSTA PAGA;Proposta Paga;19/06/2026;R$400.000,00;R$400.000,00;R$400.000,00
2026;50410001;S.PART.;COMISSÃO DA SAÚDE;1283;WILSON SANTIAGO;PB;251250;QUEIMADAS;MUNICIPAL;COMISSAO;CORRENTE;302;1000;1030251182E900001;07/05/2026;36000802053202600;202600039120;FAF;INCREMENTO MAC;2E90;ATENÇÃO ESPECIALIZADA À SAÚDE;INCREMENTO TEMPORÁRIO DO TETO DA MÉDIA E ALTA COMPLEXIDADE - MAC;11162629000154;FUNDO MUNICIPAL DE SAUDE;11516;03/06/2026;PROPOSTA PAGA;Proposta Paga;29/06/2026;R$3.000.000,00;R$3.000.000,00;R$3.000.000,00
2026;50410001;S.PART.;COMISSÃO DA SAÚDE;2712;HUGO MOTTA;PB;250220;BOM JESUS;MUNICIPAL;COMISSAO;CORRENTE;302;1000;1030251182E900001;04/05/2026;36000800012202600;202600031698;FAF;INCREMENTO MAC;2E90;ATENÇÃO ESPECIALIZADA À SAÚDE;INCREMENTO TEMPORÁRIO DO TETO DA MÉDIA E ALTA COMPLEXIDADE - MAC;11856862000137;FUNDO MUNICIPAL DE SAUDE DO MUNICIPIO DE BOM JESUS;11225;15/05/2026;PROPOSTA PAGA;Proposta Paga;26/05/2026;R$300.000,00;R$300.000,00;R$300.000,00
2026;60060002;S.PART.;COMISSÃO DE ASSUNTOS SOCIAIS - CAS;4088;VENEZIANO VITAL DO RÊGO;PB;250500;CUBATI;MUNICIPAL;COMISSAO;CORRENTE;302;1000;1030251182E900001;19/05/2026;36000807114202600;202600036381;FAF;INCREMENTO MAC;2E90;ATENÇÃO ESPECIALIZADA À SAÚDE;INCREMENTO TEMPORÁRIO DO TETO DA MÉDIA E ALTA COMPLEXIDADE - MAC;08580325000100;FUNDO MUNICIPAL DE SAUDE DE CUBATI;11401;26/05/2026;PROPOSTA PAGA;Proposta Paga;12/06/2026;R$127.900,00;R$127.900,00;R$127.900,00
2026;60060002;S.PART.;COMISSÃO DE ASSUNTOS SOCIAIS - CAS;4088;VENEZIANO VITAL DO RÊGO;PB;251593;SERTAOZINHO;MUNICIPAL;COMISSAO;CORRENTE;302;1000;1030251182E900001;27/03/2026;36000779113202600;202600031791;FAF;INCREMENTO MAC;2E90;ATENÇÃO ESPECIALIZADA À SAÚDE;INCREMENTO TEMPORÁRIO DO TETO DA MÉDIA E ALTA COMPLEXIDADE - MAC;11958034000100;FUNDO MUNICIPAL DE SAUDE DO MUNICIPIO DE SERTAOZINHO-PB;11072;11/05/2026;PROPOSTA PAGA;Proposta Paga;28/05/2026;R$50.331,00;R$50.331,00;R$50.331,00
2026;60060001;S.PART.;COMISSÃO DE ASSUNTOS SOCIAIS - CAS;4088 / 4270;EFRAIM FILHO / VENEZIANO VITAL DO RÊGO;PB;251630;SUME;MUNICIPAL;COMISSAO;CORRENTE;301;1000;1030151192E890001;19/05/2026;36000807030202600;202600037404;FAF;INCREMENTO PAP;2E89;ATENÇÃO PRIMÁRIA À SAÚDE;INCREMENTO DO PISO DA ATENÇÃO PRIMÁRIA À SAÚDE - PAP;11285069000125;FUNDO MUNICIPAL DE SAUDE;11414;26/05/2026;PROPOSTA PAGA;Proposta Paga;11/06/2026;R$1.400.000,00;R$1.400.000,00;R$1.400.000,00
2026;60060002;S.PART.;COMISSÃO DE ASSUNTOS SOCIAIS - CAS;4088;VENEZIANO VITAL DO RÊGO;PB;250820;LAGOA DE DENTRO;MUNICIPAL;COMISSAO;CORRENTE;302;1000;1030251182E900001;08/04/2026;36000791244202600;202600031734;FAF;INCREMENTO MAC;2E90;ATENÇÃO ESPECIALIZADA À SAÚDE;INCREMENTO TEMPORÁRIO DO TETO DA MÉDIA E ALTA COMPLEXIDADE - MAC;12375571000190;LAGOA DE DENTRO - FUNDO MUNICIPAL DE SAUDE;11072;11/05/2026;PROPOSTA PAGA;Proposta Paga;26/05/2026;R$100.000,00;R$100.000,00;R$100.000,00
2026;50410001;S.PART.;COMISSÃO DA SAÚDE;1271 / 2712 / 2715 / 4317 / 4436;CABO GILBERTO SILVA / HUGO MOTTA / LUIZ COUTO / MURILO GALDINO / RUY CARNEIRO;PB;250750;JOAO PESSOA;ESTADUAL;COMISSAO;CORRENTE;302;1000;1030251182E900001;12/06/2026;36000814052202600;202600039385;FAF;INCREMENTO MAC;2E90;ATENÇÃO ESPECIALIZADA À SAÚDE;INCREMENTO TEMPORÁRIO DO TETO DA MÉDIA E ALTA COMPLEXIDADE - MAC;03609595000175;FUNDO ESTADUAL DE SAUDE DO ESTADO DA PARAIBA - FESEP;11573;16/06/2026;PROPOSTA PAGA;Proposta Paga;03/07/2026;R$596.000,00;R$596.000,00;R$596.000,00
2026;50410001;S.PART.;COMISSÃO DA SAÚDE;1271 / 2712 / 2715 / 4317 / 4436;CABO GILBERTO SILVA / HUGO MOTTA / LUIZ COUTO / MURILO GALDINO / RUY CARNEIRO;PB;250750;JOAO PESSOA;ESTADUAL;COMISSAO;CORRENTE;302;1000;1030251182E900001;21/07/2026;36000820016202600;202600043874;FAF;INCREMENTO MAC;2E90;ATENÇÃO ESPECIALIZADA À SAÚDE;INCREMENTO TEMPORÁRIO DO TETO DA MÉDIA E ALTA COMPLEXIDADE - MAC;03609595000175;FUNDO ESTADUAL DE SAUDE DO ESTADO DA PARAIBA - FESEP;12081;07/08/2026;EM ANALISE PELA ÁREA FINALÍSTICA;Proposta Empenhada aguardando Formalização;-;R$606.300,00;R$606.300,00;R$0,00
2026;50410001;S.PART.;COMISSÃO DA SAÚDE;1271 / 2712 / 2715 / 4317 / 4436;CABO GILBERTO SILVA / HUGO MOTTA / LUIZ COUTO / MURILO GALDINO / RUY CARNEIRO;PB;250750;JOAO PESSOA;ESTADUAL;COMISSAO;CORRENTE;302;1000;1030251182E900001;17/06/2026;36000815063202600;202600040387;FAF;INCREMENTO MAC;2E90;ATENÇÃO ESPECIALIZADA À SAÚDE;INCREMENTO TEMPORÁRIO DO TETO DA MÉDIA E ALTA COMPLEXIDADE - MAC;03609595000175;FUNDO ESTADUAL DE SAUDE DO ESTADO DA PARAIBA - FESEP;11623;19/06/2026;PROPOSTA PAGA;Proposta Paga;03/07/2026;R$1.488.700,00;R$1.488.700,00;R$1.488.700,00
2026;60060001;S.PART.;COMISSÃO DE ASSUNTOS SOCIAIS - CAS;4088;VENEZIANO VITAL DO RÊGO;PB;250380;CALDAS BRANDAO;MUNICIPAL;COMISSAO;CORRENTE;301;1000;1030151192E890001;24/03/2026;36000773672202600;202600033019;FAF;INCREMENTO PAP;2E89;ATENÇÃO PRIMÁRIA À SAÚDE;INCREMENTO DO PISO DA ATENÇÃO PRIMÁRIA À SAÚDE - PAP;11238753000156;FUNDO MUNICIPAL DE SAUDE CALDAS BRANDAO;11195;13/05/2026;PROPOSTA PAGA;Proposta Paga;26/05/2026;R$100.000,00;R$100.000,00;R$100.000,00
2026;60060001;S.PART.;COMISSÃO DE ASSUNTOS SOCIAIS - CAS;4088;VENEZIANO VITAL DO RÊGO;PB;251320;SANTA CRUZ;MUNICIPAL;COMISSAO;CORRENTE;301;1000;1030151192E890001;27/04/2026;36000797888202600;202600033097;FAF;INCREMENTO PAP;2E89;ATENÇÃO PRIMÁRIA À SAÚDE;INCREMENTO DO PISO DA ATENÇÃO PRIMÁRIA À SAÚDE - PAP;11181651000141;FUNDO MUNICIPAL DE SAUDE DE SANTA CRUZ - PB;11195;13/05/2026;PROPOSTA PAGA;Proposta Paga;26/05/2026;R$100.000,00;R$100.000,00;R$100.000,00
2026;50410002;S.PART.;COMISSÃO DA SAÚDE;2712;HUGO MOTTA;PB;250620;FREI MARTINHO;MUNICIPAL;COMISSAO;CORRENTE;301;1000;1030151192E890001;04/05/2026;36000800150202600;202600033035;FAF;INCREMENTO PAP;2E89;ATENÇÃO PRIMÁRIA À SAÚDE;INCREMENTO DO PISO DA ATENÇÃO PRIMÁRIA À SAÚDE - PAP;11252030000101;FUNDO MUNICIPAL DE SAUDE DE FREI MARTINHO;11222;15/05/2026;PROPOSTA PAGA;Proposta Paga;26/05/2026;R$870.000,00;R$870.000,00;R$870.000,00
2026;50410002;S.PART.;COMISSÃO DA SAÚDE;3997;GERVÁSIO MAIA;PB;250057;ALGODAO DE JANDAIRA;MUNICIPAL;COMISSAO;CORRENTE;301;1000;1030151192E890001;12/05/2026;36000804650202600;202600035508;FAF;INCREMENTO PAP;2E89;ATENÇÃO PRIMÁRIA À SAÚDE;INCREMENTO DO PISO DA ATENÇÃO PRIMÁRIA À SAÚDE - PAP;11903620000157;FUNDO MUNICIPAL DE SAUDE DO MUNICIPIO DE ALGODAO DE JANDAIRA;11335;20/05/2026;PROPOSTA PAGA;Proposta Paga;11/06/2026;R$300.000,00;R$300.000,00;R$300.000,00
2026;50410002;S.PART.;COMISSÃO DA SAÚDE;4581;VALDIR TRINDADE;PB;250135;ASSUNCAO;MUNICIPAL;COMISSAO;CORRENTE;301;1000;1030151192E890001;18/06/2026;36000815416202600;202600041936;FAF;INCREMENTO PAP;2E89;ATENÇÃO PRIMÁRIA À SAÚDE;INCREMENTO DO PISO DA ATENÇÃO PRIMÁRIA À SAÚDE - PAP;11383748000137;FUNDO MUNICIPAL DE SAUDE;11766;30/06/2026;EM ANALISE PELA ÁREA FINALÍSTICA;Proposta Empenhada aguardando Formalização;-;R$380.000,00;R$380.000,00;R$0,00
2026;50410002;S.PART.;COMISSÃO DA SAÚDE;1283 / 4581;VALDIR TRINDADE / WILSON SANTIAGO;PB;251330;SANTA HELENA;MUNICIPAL;COMISSAO;CORRENTE;301;1000;1030151192E890001;18/06/2026;36000815414202600;202600041953;FAF;INCREMENTO PAP;2E89;ATENÇÃO PRIMÁRIA À SAÚDE;INCREMENTO DO PISO DA ATENÇÃO PRIMÁRIA À SAÚDE - PAP;11245287000136;FUNDO MUNICIPAL DE SAUDE DE SANTA HELENA-PB;11766;30/06/2026;EM ANALISE PELA ÁREA FINALÍSTICA;Proposta Empenhada aguardando Formalização;-;R$400.000,00;R$400.000,00;R$0,00
2026;50410001;S.PART.;COMISSÃO DA SAÚDE;4317 / 4436;CABO GILBERTO SILVA / MURILO GALDINO;PB;250430;CATOLE DO ROCHA;MUNICIPAL;COMISSAO;CORRENTE;302;1000;1030251182E900001;15/06/2026;36000814482202600;202600042382;FAF;INCREMENTO MAC;2E90;ATENÇÃO ESPECIALIZADA À SAÚDE;INCREMENTO TEMPORÁRIO DO TETO DA MÉDIA E ALTA COMPLEXIDADE - MAC;12784607000199;FUNDO MUNICIPAL DE SAUDE DE CATOLE DO ROCHA;11796;01/07/2026;EM ANALISE PELA ÁREA FINALÍSTICA;Proposta Empenhada aguardando Formalização;-;R$1.000.000,00;R$1.000.000,00;R$0,00
2026;50410001;S.PART.;COMISSÃO DA SAÚDE;3997;GERVÁSIO MAIA;PB;250930;MATARACA;MUNICIPAL;COMISSAO;CORRENTE;302;1000;1030251182E900001;13/05/2026;36000804897202600;202600038025;FAF;INCREMENTO MAC;2E90;ATENÇÃO ESPECIALIZADA À SAÚDE;INCREMENTO TEMPORÁRIO DO TETO DA MÉDIA E ALTA COMPLEXIDADE - MAC;13070749000157;FUNDO MUNICIPAL DE SAUDE DO MUNICIPIO DE MATARACA-PB;11399;26/05/2026;PROPOSTA PAGA;Proposta Paga;12/06/2026;R$500.000,00;R$500.000,00;R$500.000,00
2026;60060002;S.PART.;COMISSÃO DE ASSUNTOS SOCIAIS - CAS;4088;VENEZIANO VITAL DO RÊGO;PB;251580;SERRA REDONDA;MUNICIPAL;COMISSAO;CORRENTE;302;1000;1030251182E900001;23/04/2026;36000796829202600;202600042383;FAF;INCREMENTO MAC;2E90;ATENÇÃO ESPECIALIZADA À SAÚDE;INCREMENTO TEMPORÁRIO DO TETO DA MÉDIA E ALTA COMPLEXIDADE - MAC;97519352000190;FUNDO MUNICIPAL DE SAUDE;11796;01/07/2026;EM ANALISE PELA ÁREA FINALÍSTICA;Proposta Empenhada aguardando Formalização;-;R$76.922,00;R$76.922,00;R$0,00
2026;60060002;S.PART.;COMISSÃO DE ASSUNTOS SOCIAIS - CAS;4088;VENEZIANO VITAL DO RÊGO;PB;250680;INGA;MUNICIPAL;COMISSAO;CORRENTE;302;1000;1030251182E900001;14/04/2026;36000792557202600;202600031726;FAF;INCREMENTO MAC;2E90;ATENÇÃO ESPECIALIZADA À SAÚDE;INCREMENTO TEMPORÁRIO DO TETO DA MÉDIA E ALTA COMPLEXIDADE - MAC;08610110000187;FUNDO MUNICIPAL DE SAUDE DE INGA/PB;11072;11/05/2026;PROPOSTA PAGA;Proposta Paga;26/05/2026;R$100.000,00;R$100.000,00;R$100.000,00
2026;60060002;S.PART.;COMISSÃO DE ASSUNTOS SOCIAIS - CAS;4088;VENEZIANO VITAL DO RÊGO;PB;250980;MULUNGU;MUNICIPAL;COMISSAO;CORRENTE;302;1000;1030251182E900001;10/06/2026;36000813402202600;202600039388;FAF;INCREMENTO MAC;2E90;ATENÇÃO ESPECIALIZADA À SAÚDE;INCREMENTO TEMPORÁRIO DO TETO DA MÉDIA E ALTA COMPLEXIDADE - MAC;18767963000180;FUNDO MUNICIPAL DE SAUDE MULUNGU;11570;16/06/2026;PROPOSTA PAGA;Proposta Paga;23/06/2026;R$100.000,00;R$100.000,00;R$100.000,00
2026;60060002;S.PART.;COMISSÃO DE ASSUNTOS SOCIAIS - CAS;4088;VENEZIANO VITAL DO RÊGO;PB;251070;PASSAGEM;MUNICIPAL;COMISSAO;CORRENTE;302;1000;1030251182E900001;24/03/2026;36000774390202600;202600031751;FAF;INCREMENTO MAC;2E90;ATENÇÃO ESPECIALIZADA À SAÚDE;INCREMENTO TEMPORÁRIO DO TETO DA MÉDIA E ALTA COMPLEXIDADE - MAC;12383333000126;FUNDO MUNICIPAL DE SAUDE DE PASSAGEM PB;11072;11/05/2026;PROPOSTA PAGA;Proposta Paga;28/05/2026;R$100.000,00;R$100.000,00;R$100.000,00
2026;60060001;S.PART.;COMISSÃO DE ASSUNTOS SOCIAIS - CAS;4088;VENEZIANO VITAL DO RÊGO;PB;250030;ALAGOA GRANDE;MUNICIPAL;COMISSAO;CORRENTE;301;1000;1030151192E890001;26/03/2026;36000777007202600;202600032983;FAF;INCREMENTO PAP;2E89;ATENÇÃO PRIMÁRIA À SAÚDE;INCREMENTO DO PISO DA ATENÇÃO PRIMÁRIA À SAÚDE - PAP;17698753000115;FUNDO MUNICIPAL DE SAUDE DE ALAGOA GRANDE;11195;13/05/2026;PROPOSTA PAGA;Proposta Paga;26/05/2026;R$100.000,00;R$100.000,00;R$100.000,00
2026;50410002;S.PART.;COMISSÃO DA SAÚDE;2712 / 4436;HUGO MOTTA / MURILO GALDINO;PB;250980;MULUNGU;MUNICIPAL;COMISSAO;CORRENTE;301;1000;1030151192E890001;18/05/2026;36000806911202600;202600037398;FAF;INCREMENTO PAP;2E89;ATENÇÃO PRIMÁRIA À SAÚDE;INCREMENTO DO PISO DA ATENÇÃO PRIMÁRIA À SAÚDE - PAP;18767963000180;FUNDO MUNICIPAL DE SAUDE MULUNGU;11403;26/05/2026;PROPOSTA PAGA;Proposta Paga;16/06/2026;R$200.000,00;R$200.000,00;R$200.000,00
2026;50410002;S.PART.;COMISSÃO DA SAÚDE;2712;HUGO MOTTA;PB;250350;CACIMBA DE DENTRO;MUNICIPAL;COMISSAO;CORRENTE;301;1000;1030151192E890001;07/05/2026;36000802061202600;202600033016;FAF;INCREMENTO PAP;2E89;ATENÇÃO PRIMÁRIA À SAÚDE;INCREMENTO DO PISO DA ATENÇÃO PRIMÁRIA À SAÚDE - PAP;12011663000190;FUNDO MUNICIPAL DE SAUDE DE CACIMBA DE DENTRO;11222;15/05/2026;PROPOSTA PAGA;Proposta Paga;26/05/2026;R$1.000.000,00;R$1.000.000,00;R$1.000.000,00
2026;50410002;S.PART.;COMISSÃO DA SAÚDE;4436;MURILO GALDINO;PB;251490;SAO MAMEDE;MUNICIPAL;COMISSAO;CORRENTE;301;1000;1030151192E890001;05/05/2026;36000800677202600;202600033115;FAF;INCREMENTO PAP;2E89;ATENÇÃO PRIMÁRIA À SAÚDE;INCREMENTO DO PISO DA ATENÇÃO PRIMÁRIA À SAÚDE - PAP;04223191000101;FUNDO MUN.DE SAUDE DE SAO MAMEDE-PB;11222;15/05/2026;PROPOSTA PAGA;Proposta Paga;29/06/2026;R$2.800.000,00;R$2.800.000,00;R$2.800.000,00
2026;50410002;S.PART.;COMISSÃO DA SAÚDE;2712;HUGO MOTTA;PB;250260;IGARACY;MUNICIPAL;COMISSAO;CORRENTE;301;1000;1030151192E890001;15/05/2026;36000806206202600;202600035543;FAF;INCREMENTO PAP;2E89;ATENÇÃO PRIMÁRIA À SAÚDE;INCREMENTO DO PISO DA ATENÇÃO PRIMÁRIA À SAÚDE - PAP;11463951000113;FUNDO MUNICIPAL DE SAUDE DE IGARACY;11335;20/05/2026;PROPOSTA PAGA;Proposta Paga;16/06/2026;R$500.000,00;R$500.000,00;R$500.000,00
2026;50410002;S.PART.;COMISSÃO DA SAÚDE;1271;LUIZ COUTO;PB;250370;CAJAZEIRAS;MUNICIPAL;COMISSAO;CORRENTE;301;1000;1030151192E890001;02/05/2026;36000799338202600;202600033021;FAF;INCREMENTO PAP;2E89;ATENÇÃO PRIMÁRIA À SAÚDE;INCREMENTO DO PISO DA ATENÇÃO PRIMÁRIA À SAÚDE - PAP;11902878000139;MUNICIPIO DE CAJAZEIRAS FUNDO MUNICIPAL DE SAUDE - FMS;11222;15/05/2026;PROPOSTA PAGA;Proposta Paga;26/05/2026;R$100.000,00;R$100.000,00;R$100.000,00
2026;50410002;S.PART.;COMISSÃO DA SAÚDE;1271 / 4436;LUIZ COUTO / MURILO GALDINO;PB;250530;CURRAL VELHO;MUNICIPAL;COMISSAO;CORRENTE;301;1000;1030151192E890001;25/05/2026;36000809174202600;202600037059;FAF;INCREMENTO PAP;2E89;ATENÇÃO PRIMÁRIA À SAÚDE;INCREMENTO DO PISO DA ATENÇÃO PRIMÁRIA À SAÚDE - PAP;10472943000170;FUNDO MUNICIPAL DE SAUDE DE CURRAL VELHO;11488;01/06/2026;PROPOSTA PAGA;Proposta Paga;11/06/2026;R$100.000,00;R$100.000,00;R$100.000,00
2026;50410001;S.PART.;COMISSÃO DA SAÚDE;2714;ROMERO RODRIGUES;PB;250053;ALCANTIL;MUNICIPAL;COMISSAO;CORRENTE;302;1000;1030251182E900001;11/05/2026;36000804139202600;202600039373;FAF;INCREMENTO MAC;2E90;ATENÇÃO ESPECIALIZADA À SAÚDE;INCREMENTO TEMPORÁRIO DO TETO DA MÉDIA E ALTA COMPLEXIDADE - MAC;08448753000176;FUNDO MUNICIPAL DE SAUDE - ALCANTIL PB;11570;16/06/2026;PROPOSTA PAGA;Proposta Paga;29/06/2026;R$1.000.000,00;R$1.000.000,00;R$1.000.000,00
2026;50410001;S.PART.;COMISSÃO DA SAÚDE;1283 / 2712;HUGO MOTTA / WILSON SANTIAGO;PB;250070;SAO JOAO DO RIO DO PEIXE;MUNICIPAL;COMISSAO;CORRENTE;302;1000;1030251182E900001;08/05/2026;36000802666202600;202600034378;FAF;INCREMENTO MAC;2E90;ATENÇÃO ESPECIALIZADA À SAÚDE;INCREMENTO TEMPORÁRIO DO TETO DA MÉDIA E ALTA COMPLEXIDADE - MAC;17648806000193;FUNDO MUNICIPAL DE SAUDE DE SAO JOAO DO RIO DO PEIXE;11253;18/05/2026;PROPOSTA PAGA;Proposta Paga;28/05/2026;R$1.000.000,00;R$1.000.000,00;R$1.000.000,00
2026;50410001;S.PART.;COMISSÃO DA SAÚDE;1283;WILSON SANTIAGO;PB;251530;SAPE;MUNICIPAL;COMISSAO;CORRENTE;302;1000;1030251182E900001;12/05/2026;36000804244202600;202600039784;FAF;INCREMENTO MAC;2E90;ATENÇÃO ESPECIALIZADA À SAÚDE;INCREMENTO TEMPORÁRIO DO TETO DA MÉDIA E ALTA COMPLEXIDADE - MAC;08036438000131;FUNDO MUNICIPAL DE SAUDE DE SAPE;11600;18/06/2026;PROPOSTA PAGA;Proposta Paga;03/07/2026;R$5.000.000,00;R$5.000.000,00;R$5.000.000,00
2026;50410001;S.PART.;COMISSÃO DA SAÚDE;4317;CABO GILBERTO SILVA;PB;250860;LUCENA;MUNICIPAL;COMISSAO;CORRENTE;302;1000;1030251182E900001;16/06/2026;36000814731202600;202600040836;FAF;INCREMENTO MAC;2E90;ATENÇÃO ESPECIALIZADA À SAÚDE;INCREMENTO TEMPORÁRIO DO TETO DA MÉDIA E ALTA COMPLEXIDADE - MAC;11516231000179;FUNDO MUNICIPAL DE SAUDE DE LUCENA;11683;24/06/2026;PROPOSTA PAGA;Proposta Paga;03/07/2026;R$300.000,00;R$300.000,00;R$300.000,00
2026;50410001;S.PART.;COMISSÃO DA SAÚDE;1283;WILSON SANTIAGO;PB;251250;QUEIMADAS;MUNICIPAL;COMISSAO;CORRENTE;302;1000;1030251182E900001;21/05/2026;36000808235202600;202600036784;FAF;INCREMENTO MAC;2E90;ATENÇÃO ESPECIALIZADA À SAÚDE;INCREMENTO TEMPORÁRIO DO TETO DA MÉDIA E ALTA COMPLEXIDADE - MAC;11162629000154;FUNDO MUNICIPAL DE SAUDE;11422;27/05/2026;PROPOSTA PAGA;Proposta Paga;29/06/2026;R$800.000,00;R$800.000,00;R$800.000,00
2026;60060001;S.PART.;COMISSÃO DE ASSUNTOS SOCIAIS - CAS;4088 / 4141;DANIELLA RIBEIRO / VENEZIANO VITAL DO RÊGO;PB;251500;SAO MIGUEL DE TAIPU;MUNICIPAL;COMISSAO;CORRENTE;301;1000;1030151192E890001;23/04/2026;36000796614202600;202600033120;FAF;INCREMENTO PAP;2E89;ATENÇÃO PRIMÁRIA À SAÚDE;INCREMENTO DO PISO DA ATENÇÃO PRIMÁRIA À SAÚDE - PAP;11601645000104;FUNDO MUNICIPAL DE SAUDE;11195;13/05/2026;PROPOSTA PAGA;Proposta Paga;11/06/2026;R$333.000,00;R$333.000,00;R$333.000,00
2026;60060002;S.PART.;COMISSÃO DE ASSUNTOS SOCIAIS - CAS;4088;VENEZIANO VITAL DO RÊGO;PB;250360;CAICARA;MUNICIPAL;COMISSAO;CORRENTE;302;1000;1030251182E900001;30/03/2026;36000781882202600;202600031704;FAF;INCREMENTO MAC;2E90;ATENÇÃO ESPECIALIZADA À SAÚDE;INCREMENTO TEMPORÁRIO DO TETO DA MÉDIA E ALTA COMPLEXIDADE - MAC;17577160000109;FUNDO MUNICIPAL DE SAUDE DE CAICARA;11072;11/05/2026;PROPOSTA PAGA;Proposta Paga;26/05/2026;R$100.000,00;R$100.000,00;R$100.000,00
2026;60060002;S.PART.;COMISSÃO DE ASSUNTOS SOCIAIS - CAS;4088;VENEZIANO VITAL DO RÊGO;PB;250790;JURIPIRANGA;MUNICIPAL;COMISSAO;CORRENTE;302;1000;1030251182E900001;26/03/2026;36000777348202600;202600034369;FAF;INCREMENTO MAC;2E90;ATENÇÃO ESPECIALIZADA À SAÚDE;INCREMENTO TEMPORÁRIO DO TETO DA MÉDIA E ALTA COMPLEXIDADE - MAC;11164805000197;FUNDO MUNICIPAL DE SAUDE;11253;18/05/2026;PROPOSTA PAGA;Proposta Paga;28/05/2026;R$100.000,00;R$100.000,00;R$100.000,00
2026;60060002;S.PART.;COMISSÃO DE ASSUNTOS SOCIAIS - CAS;4088 / 4270;EFRAIM FILHO / VENEZIANO VITAL DO RÊGO;PB;251335;SANTA INES;MUNICIPAL;COMISSAO;CORRENTE;302;1000;1030251182E900001;17/04/2026;36000794618202600;202600036123;FAF;INCREMENTO MAC;2E90;ATENÇÃO ESPECIALIZADA À SAÚDE;INCREMENTO TEMPORÁRIO DO TETO DA MÉDIA E ALTA COMPLEXIDADE - MAC;14418667000113;FUNDO MUNICIPAL DE SAUDE;11374;22/05/2026;PROPOSTA PAGA;Proposta Paga;12/06/2026;R$245.785,00;R$245.785,00;R$245.785,00
2026;60060001;S.PART.;COMISSÃO DE ASSUNTOS SOCIAIS - CAS;4088;VENEZIANO VITAL DO RÊGO;PB;250135;ASSUNCAO;MUNICIPAL;COMISSAO;CORRENTE;301;1000;1030151192E890001;26/03/2026;36000778731202600;202600032994;FAF;INCREMENTO PAP;2E89;ATENÇÃO PRIMÁRIA À SAÚDE;INCREMENTO DO PISO DA ATENÇÃO PRIMÁRIA À SAÚDE - PAP;11383748000137;FUNDO MUNICIPAL DE SAUDE;11195;13/05/2026;PROPOSTA PAGA;Proposta Paga;26/05/2026;R$100.000,00;R$100.000,00;R$100.000,00
2026;60060001;S.PART.;COMISSÃO DE ASSUNTOS SOCIAIS - CAS;4088;VENEZIANO VITAL DO RÊGO;PB;250355;CACIMBAS;MUNICIPAL;COMISSAO;CORRENTE;301;1000;1030151192E890001;06/04/2026;36000790758202600;202600033014;FAF;INCREMENTO PAP;2E89;ATENÇÃO PRIMÁRIA À SAÚDE;INCREMENTO DO PISO DA ATENÇÃO PRIMÁRIA À SAÚDE - PAP;10541009000163;FUNDO MUNICIPAL DE SAUDE DE CACIMBAS;11195;13/05/2026;PROPOSTA PAGA;Proposta Paga;26/05/2026;R$100.000,00;R$100.000,00;R$100.000,00
2026;60060001;S.PART.;COMISSÃO DE ASSUNTOS SOCIAIS - CAS;4088;VENEZIANO VITAL DO RÊGO;PB;250720;ITATUBA;MUNICIPAL;COMISSAO;CORRENTE;301;1000;1030151192E890001;23/03/2026;36000771039202600;202600033042;FAF;INCREMENTO PAP;2E89;ATENÇÃO PRIMÁRIA À SAÚDE;INCREMENTO DO PISO DA ATENÇÃO PRIMÁRIA À SAÚDE - PAP;12306005000126;FUNDO MUNICIPAL DE SAUDE;11195;13/05/2026;PROPOSTA PAGA;Proposta Paga;26/05/2026;R$100.000,00;R$100.000,00;R$100.000,00
2026;60060001;S.PART.;COMISSÃO DE ASSUNTOS SOCIAIS - CAS;4088;VENEZIANO VITAL DO RÊGO;PB;251030;NOVA PALMEIRA;MUNICIPAL;COMISSAO;CORRENTE;301;1000;1030151192E890001;23/03/2026;36000771767202600;202600033078;FAF;INCREMENTO PAP;2E89;ATENÇÃO PRIMÁRIA À SAÚDE;INCREMENTO DO PISO DA ATENÇÃO PRIMÁRIA À SAÚDE - PAP;08579944000177;FUNDO MUNICIPAL DE SAUDE DE NOVA PALMEIRA;11195;13/05/2026;PROPOSTA PAGA;Proposta Paga;26/05/2026;R$100.000,00;R$100.000,00;R$100.000,00
2026;60060001;S.PART.;COMISSÃO DE ASSUNTOS SOCIAIS - CAS;4088 / 4141 / 4270;DANIELLA RIBEIRO / EFRAIM FILHO / VENEZIANO VITAL DO RÊGO;PB;251430;SAO JOSE DE CAIANA;MUNICIPAL;COMISSAO;CORRENTE;301;1000;1030151192E890001;23/03/2026;36000772831202600;202600033104;FAF;INCREMENTO PAP;2E89;ATENÇÃO PRIMÁRIA À SAÚDE;INCREMENTO DO PISO DA ATENÇÃO PRIMÁRIA À SAÚDE - PAP;10785644000196;FUNDO MUNICIPAL DE SAUDE DE SAO JOSE DE CAIANA;11195;13/05/2026;PROPOSTA PAGA;Proposta Paga;26/05/2026;R$100.000,00;R$100.000,00;R$100.000,00
2026;50410002;S.PART.;COMISSÃO DA SAÚDE;1271 / 2718;AUGUSTO COUTINHO / LUIZ COUTO;PB;250410;CARRAPATEIRA;MUNICIPAL;COMISSAO;CORRENTE;301;1000;1030151192E890001;02/06/2026;36000812262202600;202600040128;FAF;INCREMENTO PAP;2E89;ATENÇÃO PRIMÁRIA À SAÚDE;INCREMENTO DO PISO DA ATENÇÃO PRIMÁRIA À SAÚDE - PAP;11579536000120;FUNDO MUNICIPAL DE SAUDE;11610;19/06/2026;PROPOSTA PAGA;Proposta Paga;29/06/2026;R$1.000.000,00;R$1.000.000,00;R$1.000.000,00
2026;50410002;S.PART.;COMISSÃO DA SAÚDE;2712 / 3997;GERVÁSIO MAIA / HUGO MOTTA;PB;250740;JERICO;MUNICIPAL;COMISSAO;CORRENTE;301;1000;1030151192E890001;13/05/2026;36000804851202600;202600035549;FAF;INCREMENTO PAP;2E89;ATENÇÃO PRIMÁRIA À SAÚDE;INCREMENTO DO PISO DA ATENÇÃO PRIMÁRIA À SAÚDE - PAP;12009325000114;FUNDO MUNICIPAL DE SAUDE - FMS;11335;20/05/2026;PROPOSTA PAGA;Proposta Paga;23/06/2026;R$1.000.000,00;R$1.000.000,00;R$1.000.000,00
2026;50410002;S.PART.;COMISSÃO DA SAÚDE;2718 / 3997;AUGUSTO COUTINHO / GERVÁSIO MAIA;PB;250290;BREJO DOS SANTOS;MUNICIPAL;COMISSAO;CORRENTE;301;1000;1030151192E890001;13/05/2026;36000804966202600;202600035524;FAF;INCREMENTO PAP;2E89;ATENÇÃO PRIMÁRIA À SAÚDE;INCREMENTO DO PISO DA ATENÇÃO PRIMÁRIA À SAÚDE - PAP;18000776000177;FUNDO MUNICIPAL DE SAUDE DE BREJO DOS SANTOS;11335;20/05/2026;PROPOSTA PAGA;Proposta Paga;11/06/2026;R$1.500.000,00;R$1.500.000,00;R$1.500.000,00
2026;50410002;S.PART.;COMISSÃO DA SAÚDE;2712;HUGO MOTTA;PB;251650;TAPEROA;MUNICIPAL;COMISSAO;CORRENTE;301;1000;1030151192E890001;07/05/2026;36000802276202600;202600033132;FAF;INCREMENTO PAP;2E89;ATENÇÃO PRIMÁRIA À SAÚDE;INCREMENTO DO PISO DA ATENÇÃO PRIMÁRIA À SAÚDE - PAP;11850452000189;FUNDO MUNICIPAL DE SAUDE DE TAPEROA;11222;15/05/2026;PROPOSTA PAGA;Proposta Paga;26/05/2026;R$1.000.000,00;R$1.000.000,00;R$1.000.000,00
2026;50410002;S.PART.;COMISSÃO DA SAÚDE;2712 / 2715;HUGO MOTTA / RUY CARNEIRO;PB;250830;LAGOA SECA;MUNICIPAL;COMISSAO;CORRENTE;301;1000;1030151192E890001;08/05/2026;36000802650202600;202600038621;FAF;INCREMENTO PAP;2E89;ATENÇÃO PRIMÁRIA À SAÚDE;INCREMENTO DO PISO DA ATENÇÃO PRIMÁRIA À SAÚDE - PAP;11264183000179;FUNDO MUNICIPAL DE SAUDE;11530;09/06/2026;PROPOSTA PAGA;Proposta Paga;16/06/2026;R$2.003.300,00;R$2.003.300,00;R$2.003.300,00
2026;50410001;S.PART.;COMISSÃO DA SAÚDE;2718;AUGUSTO COUTINHO;PB;251450;SAO JOSE DE PIRANHAS;MUNICIPAL;COMISSAO;CORRENTE;302;1000;1030251182E900001;08/05/2026;36000802706202600;202600031781;FAF;INCREMENTO MAC;2E90;ATENÇÃO ESPECIALIZADA À SAÚDE;INCREMENTO TEMPORÁRIO DO TETO DA MÉDIA E ALTA COMPLEXIDADE - MAC;11602227000123;FUNDO MUNICIPAL DE SAUDE;11069;11/05/2026;PROPOSTA PAGA;Proposta Paga;28/05/2026;R$1.500.000,00;R$1.500.000,00;R$1.500.000,00
2026;60060001;S.PART.;COMISSÃO DE ASSUNTOS SOCIAIS - CAS;4270;EFRAIM FILHO;PB;251276;RIACHAO DO POCO;MUNICIPAL;COMISSAO;CORRENTE;301;1000;1030151192E890001;17/06/2026;36000814928202600;202600040450;FAF;INCREMENTO PAP;2E89;ATENÇÃO PRIMÁRIA À SAÚDE;INCREMENTO DO PISO DA ATENÇÃO PRIMÁRIA À SAÚDE - PAP;11975218000188;FUNDO MUNICIPAL DE SAUDE DO MUNICIPIO DE RIACHAO DO POCO;11629;22/06/2026;PROPOSTA PAGA;Proposta Paga;29/06/2026;R$1.000.000,00;R$1.000.000,00;R$1.000.000,00
2026;60060002;S.PART.;COMISSÃO DE ASSUNTOS SOCIAIS - CAS;4088;VENEZIANO VITAL DO RÊGO;PB;250200;BELEM DO BREJO DO CRUZ;MUNICIPAL;COMISSAO;CORRENTE;302;1000;1030251182E900001;07/04/2026;36000790857202600;202600031694;FAF;INCREMENTO MAC;2E90;ATENÇÃO ESPECIALIZADA À SAÚDE;INCREMENTO TEMPORÁRIO DO TETO DA MÉDIA E ALTA COMPLEXIDADE - MAC;12461113000173;FUNDO MUNICIPAL DE SAUDE DE BELEM DO BREJO DO CRUZ;11072;11/05/2026;EM ANALISE PELA ÁREA FINALÍSTICA;Proposta Empenhada aguardando Formalização;-;R$150.000,00;R$150.000,00;R$0,00
2026;60060002;S.PART.;COMISSÃO DE ASSUNTOS SOCIAIS - CAS;4270;EFRAIM FILHO;PB;251660;TAVARES;MUNICIPAL;COMISSAO;CORRENTE;302;1000;1030251182E900001;27/03/2026;36000778958202600;202600031796;FAF;INCREMENTO MAC;2E90;ATENÇÃO ESPECIALIZADA À SAÚDE;INCREMENTO TEMPORÁRIO DO TETO DA MÉDIA E ALTA COMPLEXIDADE - MAC;10598364000179;FUNDO MUNICIPAL DE SAUDE DE TAVARES;11072;11/05/2026;PROPOSTA PAGA;Proposta Paga;29/06/2026;R$1.500.000,00;R$1.500.000,00;R$1.500.000,00
2026;60060002;S.PART.;COMISSÃO DE ASSUNTOS SOCIAIS - CAS;4088;VENEZIANO VITAL DO RÊGO;PB;250300;CAAPORA;MUNICIPAL;COMISSAO;CORRENTE;302;1000;1030251182E900001;29/03/2026;36000781565202600;202600031701;FAF;INCREMENTO MAC;2E90;ATENÇÃO ESPECIALIZADA À SAÚDE;INCREMENTO TEMPORÁRIO DO TETO DA MÉDIA E ALTA COMPLEXIDADE - MAC;10975044000190;FUNDO MUNICIPAL DE SAUDE - FMS;11072;11/05/2026;PROPOSTA PAGA;Proposta Paga;26/05/2026;R$100.000,00;R$100.000,00;R$100.000,00
2026;60060002;S.PART.;COMISSÃO DE ASSUNTOS SOCIAIS - CAS;4088;VENEZIANO VITAL DO RÊGO;PB;250730;JACARAU;MUNICIPAL;COMISSAO;CORRENTE;302;1000;1030251182E900001;07/04/2026;36000790825202600;202600031728;FAF;INCREMENTO MAC;2E90;ATENÇÃO ESPECIALIZADA À SAÚDE;INCREMENTO TEMPORÁRIO DO TETO DA MÉDIA E ALTA COMPLEXIDADE - MAC;10486210000195;FUNDO MUNICIPAL DE SAUDE DE JACARAU;11072;11/05/2026;EM ANALISE PELA ÁREA FINALÍSTICA;Proposta Empenhada aguardando Formalização;-;R$100.000,00;R$100.000,00;R$0,00
2026;60060002;S.PART.;COMISSÃO DE ASSUNTOS SOCIAIS - CAS;4088 / 4270;EFRAIM FILHO / VENEZIANO VITAL DO RÊGO;PB;251350;SANTANA DE MANGUEIRA;MUNICIPAL;COMISSAO;CORRENTE;302;1000;1030251182E900001;11/06/2026;36000813600202600;202600039380;FAF;INCREMENTO MAC;2E90;ATENÇÃO ESPECIALIZADA À SAÚDE;INCREMENTO TEMPORÁRIO DO TETO DA MÉDIA E ALTA COMPLEXIDADE - MAC;11285050000189;FUNDO MUNICIPAL DE SAUDE;11573;16/06/2026;PROPOSTA PAGA;Proposta Paga;23/06/2026;R$211.870,00;R$211.870,00;R$211.870,00
2026;60060002;S.PART.;COMISSÃO DE ASSUNTOS SOCIAIS - CAS;4088;VENEZIANO VITAL DO RÊGO;PB;251100;PEDRA BRANCA;MUNICIPAL;COMISSAO;CORRENTE;302;1000;1030251182E900001;23/03/2026;36000772816202600;202600031752;FAF;INCREMENTO MAC;2E90;ATENÇÃO ESPECIALIZADA À SAÚDE;INCREMENTO TEMPORÁRIO DO TETO DA MÉDIA E ALTA COMPLEXIDADE - MAC;12051399000119;FUNDO MUNICIPAL DE SAUDE DE PEDRA BRANCA;11072;11/05/2026;PROPOSTA PAGA;Proposta Paga;28/05/2026;R$100.000,00;R$100.000,00;R$100.000,00
2026;60060002;S.PART.;COMISSÃO DE ASSUNTOS SOCIAIS - CAS;4088 / 4270;EFRAIM FILHO / VENEZIANO VITAL DO RÊGO;PB;250540;DESTERRO;MUNICIPAL;COMISSAO;CORRENTE;302;1000;1030251182E900001;16/04/2026;36000793905202600;202600031717;FAF;INCREMENTO MAC;2E90;ATENÇÃO ESPECIALIZADA À SAÚDE;INCREMENTO TEMPORÁRIO DO TETO DA MÉDIA E ALTA COMPLEXIDADE - MAC;10493355000113;FUNDO MUNICIPAL DE SAUDE DE DESTERRO;11072;11/05/2026;PROPOSTA PAGA;Proposta Paga;23/06/2026;R$250.000,00;R$250.000,00;R$250.000,00
2026;60060001;S.PART.;COMISSÃO DE ASSUNTOS SOCIAIS - CAS;4270;EFRAIM FILHO;PB;251660;TAVARES;MUNICIPAL;COMISSAO;CORRENTE;301;1000;1030151192E890001;27/03/2026;36000779053202600;202600033137;FAF;INCREMENTO PAP;2E89;ATENÇÃO PRIMÁRIA À SAÚDE;INCREMENTO DO PISO DA ATENÇÃO PRIMÁRIA À SAÚDE - PAP;10598364000179;FUNDO MUNICIPAL DE SAUDE DE TAVARES;11195;13/05/2026;PROPOSTA PAGA;Proposta Paga;29/06/2026;R$3.500.000,00;R$3.500.000,00;R$3.500.000,00
2025;50410001;S.PART.;COMISSÃO DA SAÚDE;2712 / 4436;HUGO MOTTA / MURILO GALDINO;PB;250130;AROEIRAS;MUNICIPAL;COMISSAO;CORRENTE;301;1001;1030151192E890001;08/09/2025;36000703106202500;202500028019;FAF;INCREMENTO PAP;2E89;ATENÇÃO PRIMÁRIA À SAÚDE;INCREMENTO DO PISO DA ATENÇÃO PRIMÁRIA À SAÚDE - PAP;10819820000163;FUNDO MUNICIPAL DE SAUDE;8260;29/09/2025;PROPOSTA PAGA;Proposta Paga;24/10/2025;R$200.000,00;R$200.000,00;R$200.000,00
2025;50410001;S.PART.;COMISSÃO DA SAÚDE;2714 / 2715 / 3999;GILBERTO ABRAMO / ROMERO RODRIGUES / RUY CARNEIRO;PB;250403;CAPIM;MUNICIPAL;COMISSAO;CORRENTE;301;1001;1030151192E890001;28/11/2025;36000719726202500;202500041869;FAF;INCREMENTO PAP;2E89;ATENÇÃO PRIMÁRIA À SAÚDE;INCREMENTO DO PISO DA ATENÇÃO PRIMÁRIA À SAÚDE - PAP;08730943000181;FUNDO MUNICIPAL DE SAUDE;9408;17/12/2025;PROPOSTA PAGA;Proposta Paga;29/12/2025;R$300.000,00;R$300.000,00;R$300.000,00
2025;50410001;S.PART.;COMISSÃO DA SAÚDE;1283;WILSON SANTIAGO;PB;251330;SANTA HELENA;MUNICIPAL;COMISSAO;CORRENTE;301;1001;1030151192E890001;07/10/2025;36000711317202500;202500034684;FAF;INCREMENTO PAP;2E89;ATENÇÃO PRIMÁRIA À SAÚDE;INCREMENTO DO PISO DA ATENÇÃO PRIMÁRIA À SAÚDE - PAP;11245287000136;FUNDO MUNICIPAL DE SAUDE DE SANTA HELENA-PB;8598;31/10/2025;PROPOSTA PAGA;Proposta Paga;13/11/2025;R$600.000,00;R$600.000,00;R$600.000,00
2025;50410001;S.PART.;COMISSÃO DA SAÚDE;1271 / 2712 / 3530;DAMIÃO FELICIANO / HUGO MOTTA / LUIZ COUTO;PB;251660;TAVARES;MUNICIPAL;COMISSAO;CORRENTE;301;1001;1030151192E890001;06/11/2025;36000717021202500;202500038148;FAF;INCREMENTO PAP;2E89;ATENÇÃO PRIMÁRIA À SAÚDE;INCREMENTO DO PISO DA ATENÇÃO PRIMÁRIA À SAÚDE - PAP;10598364000179;FUNDO MUNICIPAL DE SAUDE DE TAVARES;8895;21/11/2025;PROPOSTA PAGA;Proposta Paga;10/12/2025;R$350.000,00;R$350.000,00;R$350.000,00
2025;50410001;S.PART.;COMISSÃO DA SAÚDE;2712;HUGO MOTTA;PB;250810;LAGOA;MUNICIPAL;COMISSAO;CORRENTE;301;1001;1030151192E890001;03/09/2025;36000699364202500;202500031144;FAF;INCREMENTO PAP;2E89;ATENÇÃO PRIMÁRIA À SAÚDE;INCREMENTO DO PISO DA ATENÇÃO PRIMÁRIA À SAÚDE - PAP;12319873000140;FUNDO MUNICIPAL DE SAUDE - FMS;8411;15/10/2025;PROPOSTA PAGA;Proposta Paga;30/10/2025;R$500.000,00;R$500.000,00;R$500.000,00
2025;50410001;S.PART.;COMISSÃO DA SAÚDE;3999 / 4077;GILBERTO ABRAMO / ZÉ VITOR;PB;251396;SAO DOMINGOS;MUNICIPAL;COMISSAO;CORRENTE;301;1001;1030151192E890001;15/11/2025;36000717961202500;202500040762;FAF;INCREMENTO PAP;2E89;ATENÇÃO PRIMÁRIA À SAÚDE;INCREMENTO DO PISO DA ATENÇÃO PRIMÁRIA À SAÚDE - PAP;17792379000112;FUNDO MUNICIPAL DE SAUDE DE SAO DOMINGOS;9200;09/12/2025;PROPOSTA PAGA;Proposta Paga;22/12/2025;R$465.753,00;R$465.753,00;R$465.753,00
2025;50410002;S.PART.;COMISSÃO DA SAÚDE;3997;GERVÁSIO MAIA;PB;250150;BANANEIRAS;MUNICIPAL;COMISSAO;CORRENTE;302;1001;1030251182E900001;01/09/2025;36000696903202500;202500027869;FAF;INCREMENTO MAC;2E90;ATENÇÃO ESPECIALIZADA À SAÚDE;Incremento Temporário do Teto da Média e Alta Complexidade - MAC;18730452000194;BANANEIRAS - FUNDO MUNICIPAL DE SAUDE;8257;29/09/2025;PROPOSTA PAGA;Proposta Paga;24/10/2025;R$900.000,00;R$900.000,00;R$900.000,00
2025;60060003;S.PART.;COMISSÃO DE ASSUNTOS SOCIAIS - CAS;4141;DANIELLA RIBEIRO;PB;251050;OLIVEDOS;MUNICIPAL;COMISSAO;CORRENTE;301;1001;1030151192E890001;03/09/2025;36000700029202500;202500031150;FAF;INCREMENTO PAP;2E89;ATENÇÃO PRIMÁRIA À SAÚDE;INCREMENTO DO PISO DA ATENÇÃO PRIMÁRIA À SAÚDE - PAP;17739771000106;FUNDO MUNICIPAL DE SAUDE DE OLIVEDOS;8411;15/10/2025;PROPOSTA PAGA;Proposta Paga;06/11/2025;R$200.000,00;R$200.000,00;R$200.000,00
2025;60060003;S.PART.;COMISSÃO DE ASSUNTOS SOCIAIS - CAS;4141;DANIELLA RIBEIRO;PB;251300;SALGADINHO;MUNICIPAL;COMISSAO;CORRENTE;301;1001;1030151192E890001;07/10/2025;36000711332202500;202500031163;FAF;INCREMENTO PAP;2E89;ATENÇÃO PRIMÁRIA À SAÚDE;INCREMENTO DO PISO DA ATENÇÃO PRIMÁRIA À SAÚDE - PAP;11321779000163;FUNDO MUNICIPAL DE SAUDE - SALGADINHO - PB;8411;15/10/2025;PROPOSTA PAGA;Proposta Paga;06/11/2025;R$200.000,00;R$200.000,00;R$200.000,00
2025;60060003;S.PART.;COMISSÃO DE ASSUNTOS SOCIAIS - CAS;4088;VENEZIANO VITAL DO RÊGO;PB;251396;SAO DOMINGOS;MUNICIPAL;COMISSAO;CORRENTE;301;1001;1030151192E890001;12/09/2025;36000705764202500;202500037027;FAF;INCREMENTO PAP;2E89;ATENÇÃO PRIMÁRIA À SAÚDE;INCREMENTO DO PISO DA ATENÇÃO PRIMÁRIA À SAÚDE - PAP;17792379000112;FUNDO MUNICIPAL DE SAUDE DE SAO DOMINGOS;8766;13/11/2025;PROPOSTA PAGA;Proposta Paga;16/12/2025;R$200.000,00;R$200.000,00;R$200.000,00
2025;60060003;S.PART.;COMISSÃO DE ASSUNTOS SOCIAIS - CAS;4270;EFRAIM FILHO;PB;250620;FREI MARTINHO;MUNICIPAL;COMISSAO;CORRENTE;301;1001;1030151192E890001;02/10/2025;36000710801202500;202500037570;FAF;INCREMENTO PAP;2E89;ATENÇÃO PRIMÁRIA À SAÚDE;INCREMENTO DO PISO DA ATENÇÃO PRIMÁRIA À SAÚDE - PAP;11252030000101;FUNDO MUNICIPAL DE SAUDE DE FREI MARTINHO;8865;18/11/2025;PROPOSTA PAGA;Proposta Paga;16/12/2025;R$217.000,00;R$217.000,00;R$217.000,00
2025;50410002;S.PART.;COMISSÃO DA SAÚDE;2714 / 2715 / 3530;DAMIÃO FELICIANO / ROMERO RODRIGUES / RUY CARNEIRO;PB;250400;CAMPINA GRANDE;MUNICIPAL;COMISSAO;CORRENTE;302;1001;1030251182E900001;11/09/2025;36000705104202500;202500038509;FAF;INCREMENTO MAC;2E90;ATENÇÃO ESPECIALIZADA À SAÚDE;Incremento Temporário do Teto da Média e Alta Complexidade - MAC;24513574000121;FUNDO MUNICIPAL DE SAUDE DE CAMPINA GRANDE;8886;21/11/2025;PROPOSTA PAGA;Proposta Paga;11/12/2025;R$2.844.000,00;R$2.844.000,00;R$2.844.000,00
2025;60060004;S.PART.;COMISSÃO DE ASSUNTOS SOCIAIS - CAS;4088 / 4270;EFRAIM FILHO / VENEZIANO VITAL DO RÊGO;PB;250440;CONCEICAO;MUNICIPAL;COMISSAO;CORRENTE;302;1001;1030251182E900001;04/11/2025;36000716406202500;202500040616;FAF;INCREMENTO MAC;2E90;ATENÇÃO ESPECIALIZADA À SAÚDE;Incremento Temporário do Teto da Média e Alta Complexidade - MAC;05497410000103;FUNDO MUNICIPAL DE SAUDE DE CONCEICAO;9186;09/12/2025;EM ANALISE PELA ÁREA FINALÍSTICA;Proposta Empenhada aguardando Formalização;-;R$2.000.000,00;R$2.000.000,00;R$0,00
2025;60060003;S.PART.;COMISSÃO DE ASSUNTOS SOCIAIS - CAS;4088 / 4270;EFRAIM FILHO / VENEZIANO VITAL DO RÊGO;PB;250500;CUBATI;MUNICIPAL;COMISSAO;CORRENTE;301;1001;1030151192E890001;07/10/2025;36000711315202500;202500031133;FAF;INCREMENTO PAP;2E89;ATENÇÃO PRIMÁRIA À SAÚDE;INCREMENTO DO PISO DA ATENÇÃO PRIMÁRIA À SAÚDE - PAP;08580325000100;FUNDO MUNICIPAL DE SAUDE DE CUBATI;8411;15/10/2025;PROPOSTA PAGA;Proposta Paga;17/04/2026;R$1.394.459,00;R$1.394.459,00;R$1.394.459,00
2025;60060004;S.PART.;COMISSÃO DE ASSUNTOS SOCIAIS - CAS;4088;VENEZIANO VITAL DO RÊGO;PB;250110;AREIA;MUNICIPAL;COMISSAO;CORRENTE;302;1001;1030251182E900001;09/09/2025;36000703605202500;202500043563;FAF;INCREMENTO MAC;2E90;ATENÇÃO ESPECIALIZADA À SAÚDE;Incremento Temporário do Teto da Média e Alta Complexidade - MAC;11268285000162;FUNDO MUNICIPAL DE SAUDE;9743;29/12/2025;PROPOSTA PAGA;Proposta Paga;13/02/2026;R$100.000,00;R$100.000,00;R$100.000,00
2025;60060004;S.PART.;COMISSÃO DE ASSUNTOS SOCIAIS - CAS;4088;VENEZIANO VITAL DO RÊGO;PB;251320;SANTA CRUZ;MUNICIPAL;COMISSAO;CORRENTE;302;1001;1030251182E900001;04/09/2025;36000700957202500;202500036748;FAF;INCREMENTO MAC;2E90;ATENÇÃO ESPECIALIZADA À SAÚDE;Incremento Temporário do Teto da Média e Alta Complexidade - MAC;11181651000141;FUNDO MUNICIPAL DE SAUDE DE SANTA CRUZ - PB;8705;10/11/2025;PROPOSTA PAGA;Proposta Paga;29/12/2025;R$100.000,00;R$100.000,00;R$100.000,00
2025;60060004;S.PART.;COMISSÃO DE ASSUNTOS SOCIAIS - CAS;4088 / 4270;EFRAIM FILHO / VENEZIANO VITAL DO RÊGO;PB;250400;CAMPINA GRANDE;MUNICIPAL;COMISSAO;CORRENTE;302;1001;1030251182E900001;03/12/2025;36000720495202500;202500041319;FAF;INCREMENTO MAC;2E90;ATENÇÃO ESPECIALIZADA À SAÚDE;Incremento Temporário do Teto da Média e Alta Complexidade - MAC;24513574000121;FUNDO MUNICIPAL DE SAUDE DE CAMPINA GRANDE;9388;16/12/2025;PROPOSTA PAGA;Proposta Paga;29/12/2025;R$300.000,00;R$300.000,00;R$300.000,00
2025;60060004;S.PART.;COMISSÃO DE ASSUNTOS SOCIAIS - CAS;4088 / 4270;EFRAIM FILHO / VENEZIANO VITAL DO RÊGO;PB;250710;ITAPOROROCA;MUNICIPAL;COMISSAO;CORRENTE;302;1001;1030251182E900001;24/09/2025;36000709167202500;202500040618;FAF;INCREMENTO MAC;2E90;ATENÇÃO ESPECIALIZADA À SAÚDE;Incremento Temporário do Teto da Média e Alta Complexidade - MAC;12099621000153;FUNDO MUNICIPAL DE SAUDE;9186;09/12/2025;EM ANALISE PELA ÁREA FINALÍSTICA;Proposta Empenhada aguardando Formalização;-;R$300.000,00;R$300.000,00;R$0,00
2025;60060004;S.PART.;COMISSÃO DE ASSUNTOS SOCIAIS - CAS;4088 / 4141;DANIELLA RIBEIRO / VENEZIANO VITAL DO RÊGO;PB;250510;CUITE;MUNICIPAL;COMISSAO;CORRENTE;302;1001;1030251182E900001;05/12/2025;36000720740202500;202500040926;FAF;INCREMENTO MAC;2E90;ATENÇÃO ESPECIALIZADA À SAÚDE;Incremento Temporário do Teto da Média e Alta Complexidade - MAC;11404674000178;FUNDO MUNICIPAL DE SAUDE;9203;10/12/2025;PROPOSTA PAGA;Proposta Paga;16/12/2025;R$500.000,00;R$500.000,00;R$500.000,00
2025;50410001;S.PART.;COMISSÃO DA SAÚDE;2712 / 2715 / 4077;HUGO MOTTA / RUY CARNEIRO / ZÉ VITOR;PB;251180;PIRPIRITUBA;MUNICIPAL;COMISSAO;CORRENTE;301;1001;1030151192E890001;03/09/2025;36000700317202500;202500029457;FAF;INCREMENTO PAP;2E89;ATENÇÃO PRIMÁRIA À SAÚDE;INCREMENTO DO PISO DA ATENÇÃO PRIMÁRIA À SAÚDE - PAP;12044829000175;FUNDO MUNICIPAL DE SAUDE DE PIRPIRITUBA;8320;06/10/2025;PROPOSTA PAGA;Proposta Paga;24/10/2025;R$600.000,00;R$600.000,00;R$600.000,00
2025;50410001;S.PART.;COMISSÃO DA SAÚDE;3999;GILBERTO ABRAMO;PB;250153;BARAUNA;MUNICIPAL;COMISSAO;CORRENTE;301;1001;1030151192E890001;14/10/2025;36000712393202500;202500038091;FAF;INCREMENTO PAP;2E89;ATENÇÃO PRIMÁRIA À SAÚDE;INCREMENTO DO PISO DA ATENÇÃO PRIMÁRIA À SAÚDE - PAP;01691513000159;FUNDO MUNICIPAL DE SAUDE - BARAUNA;8895;21/11/2025;PROPOSTA PAGA;Proposta Paga;10/12/2025;R$1.000.000,00;R$1.000.000,00;R$1.000.000,00
2025;50410001;S.PART.;COMISSÃO DA SAÚDE;2712;HUGO MOTTA;PB;250410;CARRAPATEIRA;MUNICIPAL;COMISSAO;CORRENTE;301;1001;1030151192E890001;17/09/2025;36000707341202500;202500031127;FAF;INCREMENTO PAP;2E89;ATENÇÃO PRIMÁRIA À SAÚDE;INCREMENTO DO PISO DA ATENÇÃO PRIMÁRIA À SAÚDE - PAP;11579536000120;FUNDO MUNICIPAL DE SAUDE;8411;15/10/2025;PROPOSTA PAGA;Proposta Paga;30/10/2025;R$1.000.000,00;R$1.000.000,00;R$1.000.000,00
2025;50410001;S.PART.;COMISSÃO DA SAÚDE;3999;GILBERTO ABRAMO;PB;250970;MONTEIRO;MUNICIPAL;COMISSAO;CORRENTE;301;1001;1030151192E890001;03/10/2025;36000710973202500;202500034681;FAF;INCREMENTO PAP;2E89;ATENÇÃO PRIMÁRIA À SAÚDE;INCREMENTO DO PISO DA ATENÇÃO PRIMÁRIA À SAÚDE - PAP;11214763000151;FUNDO MUNICIPAL DE SAUDE DE MONTEIRO;8598;31/10/2025;PROPOSTA PAGA;Proposta Paga;13/11/2025;R$4.000.000,00;R$4.000.000,00;R$4.000.000,00
2025;60060003;S.PART.;COMISSÃO DE ASSUNTOS SOCIAIS - CAS;4141;DANIELLA RIBEIRO;PB;251365;JOCA CLAUDINO;MUNICIPAL;COMISSAO;CORRENTE;301;1001;1030151192E890001;01/09/2025;36000697279202500;202500028506;FAF;INCREMENTO PAP;2E89;ATENÇÃO PRIMÁRIA À SAÚDE;INCREMENTO DO PISO DA ATENÇÃO PRIMÁRIA À SAÚDE - PAP;11332661000130;FUNDO MUNICIPAL DE SAUDE;8275;30/09/2025;PROPOSTA PAGA;Proposta Paga;24/10/2025;R$200.000,00;R$200.000,00;R$200.000,00
2025;50410002;S.PART.;COMISSÃO DA SAÚDE;3999;GILBERTO ABRAMO;PB;251340;SANTA LUZIA;MUNICIPAL;COMISSAO;CORRENTE;302;1001;1030251182E900001;08/10/2025;36000711482202500;202500038512;FAF;INCREMENTO MAC;2E90;ATENÇÃO ESPECIALIZADA À SAÚDE;Incremento Temporário do Teto da Média e Alta Complexidade - MAC;10425754000147;FUNDO MUNICIPAL DE SAUDE DE SANTA LUZIA;8886;21/11/2025;PROPOSTA PAGA;Proposta Paga;11/12/2025;R$1.000.000,00;R$1.000.000,00;R$1.000.000,00
2025;60060004;S.PART.;COMISSÃO DE ASSUNTOS SOCIAIS - CAS;4088;VENEZIANO VITAL DO RÊGO;PB;251400;SAO JOAO DO CARIRI;MUNICIPAL;COMISSAO;CORRENTE;302;1001;1030251182E900001;03/09/2025;36000700442202500;202500039802;FAF;INCREMENTO MAC;2E90;ATENÇÃO ESPECIALIZADA À SAÚDE;Incremento Temporário do Teto da Média e Alta Complexidade - MAC;12447221000191;FUNDO MUNICIPAL DE SAUDE DE SAO JOAO DO CARIRI - PB;9047;03/12/2025;PROPOSTA PAGA;Proposta Paga;12/02/2026;R$108.366,00;R$108.366,00;R$108.366,00
2025;60060004;S.PART.;COMISSÃO DE ASSUNTOS SOCIAIS - CAS;4141;DANIELLA RIBEIRO;PB;250240;BONITO DE SANTA FE;MUNICIPAL;COMISSAO;CORRENTE;302;1001;1030251182E900001;05/12/2025;36000720738202500;202500041033;FAF;INCREMENTO MAC;2E90;ATENÇÃO ESPECIALIZADA À SAÚDE;Incremento Temporário do Teto da Média e Alta Complexidade - MAC;11494230000170;FUNDO MUNICIPAL DE SAUDE BONITO DE SANTA FE;9243;11/12/2025;PROPOSTA PAGA;Proposta Paga;29/12/2025;R$150.000,00;R$150.000,00;R$150.000,00
2025;60060003;S.PART.;COMISSÃO DE ASSUNTOS SOCIAIS - CAS;4088;VENEZIANO VITAL DO RÊGO;PB;251540;SAO VICENTE DO SERIDO;MUNICIPAL;COMISSAO;CORRENTE;301;1001;1030151192E890001;19/09/2025;36000708084202500;202500031168;FAF;INCREMENTO PAP;2E89;ATENÇÃO PRIMÁRIA À SAÚDE;INCREMENTO DO PISO DA ATENÇÃO PRIMÁRIA À SAÚDE - PAP;08573654000116;FUNDO MUNICIPAL DE SAUDE;8411;15/10/2025;PROPOSTA PAGA;Proposta Paga;06/11/2025;R$1.000.000,00;R$1.000.000,00;R$1.000.000,00
2025;50410001;S.PART.;COMISSÃO DA SAÚDE;2712;HUGO MOTTA;PB;250900;MANAIRA;MUNICIPAL;COMISSAO;CORRENTE;301;1001;1030151192E890001;03/09/2025;36000699706202500;202500031147;FAF;INCREMENTO PAP;2E89;ATENÇÃO PRIMÁRIA À SAÚDE;INCREMENTO DO PISO DA ATENÇÃO PRIMÁRIA À SAÚDE - PAP;10522238000130;FUNDO MUNICIPAL DE SAUDE DE MANAIRA;8411;15/10/2025;PROPOSTA PAGA;Proposta Paga;30/10/2025;R$1.500.000,00;R$1.500.000,00;R$1.500.000,00
2025;50410001;S.PART.;COMISSÃO DA SAÚDE;1271 / 2712 / 3530;DAMIÃO FELICIANO / HUGO MOTTA / LUIZ COUTO;PB;251660;TAVARES;MUNICIPAL;COMISSAO;CORRENTE;301;1001;1030151192E890001;16/09/2025;36000706954202500;202500034688;FAF;INCREMENTO PAP;2E89;ATENÇÃO PRIMÁRIA À SAÚDE;INCREMENTO DO PISO DA ATENÇÃO PRIMÁRIA À SAÚDE - PAP;10598364000179;FUNDO MUNICIPAL DE SAUDE DE TAVARES;8598;31/10/2025;PROPOSTA PAGA;Proposta Paga;13/11/2025;R$1.000.000,00;R$1.000.000,00;R$1.000.000,00
2025;50410001;S.PART.;COMISSÃO DA SAÚDE;2714 / 4317;CABO GILBERTO SILVA / ROMERO RODRIGUES;PB;250400;CAMPINA GRANDE;MUNICIPAL;COMISSAO;CORRENTE;301;1001;1030151192E890001;29/09/2025;36000709980202500;202500032914;FAF;INCREMENTO PAP;2E89;ATENÇÃO PRIMÁRIA À SAÚDE;INCREMENTO DO PISO DA ATENÇÃO PRIMÁRIA À SAÚDE - PAP;24513574000121;FUNDO MUNICIPAL DE SAUDE DE CAMPINA GRANDE;8495;23/10/2025;PROPOSTA PAGA;Proposta Paga;13/11/2025;R$4.500.000,00;R$4.500.000,00;R$4.500.000,00
2025;50410002;S.PART.;COMISSÃO DA SAÚDE;4436;MURILO GALDINO;PB;250180;BAYEUX;MUNICIPAL;COMISSAO;CORRENTE;302;1001;1030251182E900001;02/09/2025;36000698100202500;202500027157;FAF;INCREMENTO MAC;2E90;ATENÇÃO ESPECIALIZADA À SAÚDE;Incremento Temporário do Teto da Média e Alta Complexidade - MAC;11685421000110;FUNDO MUNICIPAL DE SAUDE DE BAYEUX;8221;24/09/2025;PROPOSTA PAGA;Proposta Paga;24/10/2025;R$1.937.794,00;R$1.937.794,00;R$1.937.794,00
2025;60060003;S.PART.;COMISSÃO DE ASSUNTOS SOCIAIS - CAS;4088;VENEZIANO VITAL DO RÊGO;PB;250170;BARRA DE SAO MIGUEL;MUNICIPAL;COMISSAO;CORRENTE;301;1001;1030151192E890001;10/09/2025;36000704630202500;202500037569;FAF;INCREMENTO PAP;2E89;ATENÇÃO PRIMÁRIA À SAÚDE;INCREMENTO DO PISO DA ATENÇÃO PRIMÁRIA À SAÚDE - PAP;11228592000110;FUNDO MUNICIPAL DE SAUDE DE BARRA DE SAO MIGUEL;8838;18/11/2025;PROPOSTA PAGA;Proposta Paga;16/12/2025;R$100.000,00;R$100.000,00;R$100.000,00
2025;60060003;S.PART.;COMISSÃO DE ASSUNTOS SOCIAIS - CAS;4141;DANIELLA RIBEIRO;PB;251560;SERRA DA RAIZ;MUNICIPAL;COMISSAO;CORRENTE;301;1001;1030151192E890001;01/09/2025;36000696424202500;202500037028;FAF;INCREMENTO PAP;2E89;ATENÇÃO PRIMÁRIA À SAÚDE;INCREMENTO DO PISO DA ATENÇÃO PRIMÁRIA À SAÚDE - PAP;11594437000117;FUNDO MUNICIPAL DE SAUDE;8766;13/11/2025;PROPOSTA PAGA;Proposta Paga;16/12/2025;R$200.000,00;R$200.000,00;R$200.000,00
2025;60060003;S.PART.;COMISSÃO DE ASSUNTOS SOCIAIS - CAS;4141;DANIELLA RIBEIRO;PB;251680;TRIUNFO;MUNICIPAL;COMISSAO;CORRENTE;301;1001;1030151192E890001;28/11/2025;36000719784202500;202500039920;FAF;INCREMENTO PAP;2E89;ATENÇÃO PRIMÁRIA À SAÚDE;INCREMENTO DO PISO DA ATENÇÃO PRIMÁRIA À SAÚDE - PAP;12794460000118;FUNDO MUNICIPAL DE SAUDE DE TRIUNFO;9058;03/12/2025;PROPOSTA PAGA;Proposta Paga;16/12/2025;R$200.000,00;R$200.000,00;R$200.000,00
2025;60060004;S.PART.;COMISSÃO DE ASSUNTOS SOCIAIS - CAS;4141;DANIELLA RIBEIRO;PB;250600;ESPERANCA;MUNICIPAL;COMISSAO;CORRENTE;302;1001;1030251182E900001;02/11/2025;36000715814202500;202500036233;FAF;INCREMENTO MAC;2E90;ATENÇÃO ESPECIALIZADA À SAÚDE;Incremento Temporário do Teto da Média e Alta Complexidade - MAC;12011984000195;FUNDO MUNICIPAL DE SAUDE;8669;06/11/2025;PROPOSTA PAGA;Proposta Paga;16/12/2025;R$1.500.000,00;R$1.500.000,00;R$1.500.000,00
2025;60060004;S.PART.;COMISSÃO DE ASSUNTOS SOCIAIS - CAS;4088;VENEZIANO VITAL DO RÊGO;PB;251660;TAVARES;MUNICIPAL;COMISSAO;CORRENTE;302;1001;1030251182E900001;16/09/2025;36000706928202500;202500030497;FAF;INCREMENTO MAC;2E90;ATENÇÃO ESPECIALIZADA À SAÚDE;Incremento Temporário do Teto da Média e Alta Complexidade - MAC;10598364000179;FUNDO MUNICIPAL DE SAUDE DE TAVARES;8414;15/10/2025;PROPOSTA PAGA;Proposta Paga;27/10/2025;R$200.000,00;R$200.000,00;R$200.000,00
2025;50410001;S.PART.;COMISSÃO DA SAÚDE;2712 / 2715 / 4077;HUGO MOTTA / RUY CARNEIRO / ZÉ VITOR;PB;251180;PIRPIRITUBA;MUNICIPAL;COMISSAO;CORRENTE;301;1001;1030151192E890001;16/09/2025;36000707023202500;202500039598;FAF;INCREMENTO PAP;2E89;ATENÇÃO PRIMÁRIA À SAÚDE;INCREMENTO DO PISO DA ATENÇÃO PRIMÁRIA À SAÚDE - PAP;12044829000175;FUNDO MUNICIPAL DE SAUDE DE PIRPIRITUBA;9013;01/12/2025;PROPOSTA PAGA;Proposta Paga;22/12/2025;R$215.029,00;R$215.029,00;R$215.029,00
2025;50410001;S.PART.;COMISSÃO DA SAÚDE;1271;LUIZ COUTO;PB;250980;MULUNGU;MUNICIPAL;COMISSAO;CORRENTE;301;1001;1030151192E890001;03/09/2025;36000700169202500;202500028533;FAF;INCREMENTO PAP;2E89;ATENÇÃO PRIMÁRIA À SAÚDE;INCREMENTO DO PISO DA ATENÇÃO PRIMÁRIA À SAÚDE - PAP;18767963000180;FUNDO MUNICIPAL DE SAUDE MULUNGU;8275;30/09/2025;PROPOSTA PAGA;Proposta Paga;24/10/2025;R$200.000,00;R$200.000,00;R$200.000,00
2025;50410001;S.PART.;COMISSÃO DA SAÚDE;1271;LUIZ COUTO;PB;250215;BOA VISTA;MUNICIPAL;COMISSAO;CORRENTE;301;1001;1030151192E890001;13/10/2025;36000712313202500;202500032082;FAF;INCREMENTO PAP;2E89;ATENÇÃO PRIMÁRIA À SAÚDE;INCREMENTO DO PISO DA ATENÇÃO PRIMÁRIA À SAÚDE - PAP;12868705000104;FUNDO MUNICIPAL DE SAUDE;8453;20/10/2025;PROPOSTA PAGA;Proposta Paga;30/10/2025;R$100.000,00;R$100.000,00;R$100.000,00
2025;50410001;S.PART.;COMISSÃO DA SAÚDE;3999;GILBERTO ABRAMO;PB;251380;SANTA TERESINHA;MUNICIPAL;COMISSAO;CORRENTE;301;1001;1030151192E890001;10/10/2025;36000712018202500;202500038159;FAF;INCREMENTO PAP;2E89;ATENÇÃO PRIMÁRIA À SAÚDE;INCREMENTO DO PISO DA ATENÇÃO PRIMÁRIA À SAÚDE - PAP;12447227000169;FUNDO MUNICIPAL DE SAUDE DE SANTA TEREZINHA;8895;21/11/2025;PROPOSTA PAGA;Proposta Paga;10/12/2025;R$500.000,00;R$500.000,00;R$500.000,00
2025;50410001;S.PART.;COMISSÃO DA SAÚDE;2712 / 4077;HUGO MOTTA / ZÉ VITOR;PB;250530;CURRAL VELHO;MUNICIPAL;COMISSAO;CORRENTE;301;1001;1030151192E890001;11/09/2025;36000705162202500;202500039589;FAF;INCREMENTO PAP;2E89;ATENÇÃO PRIMÁRIA À SAÚDE;INCREMENTO DO PISO DA ATENÇÃO PRIMÁRIA À SAÚDE - PAP;10472943000170;FUNDO MUNICIPAL DE SAUDE DE CURRAL VELHO;9013;01/12/2025;PROPOSTA PAGA;Proposta Paga;22/12/2025;R$909.790,00;R$909.790,00;R$909.790,00
2025;50410001;S.PART.;COMISSÃO DA SAÚDE;2714;ROMERO RODRIGUES;PB;250157;BARRA DE SANTANA;MUNICIPAL;COMISSAO;CORRENTE;301;1001;1030151192E890001;23/09/2025;36000708969202500;202500034676;FAF;INCREMENTO PAP;2E89;ATENÇÃO PRIMÁRIA À SAÚDE;INCREMENTO DO PISO DA ATENÇÃO PRIMÁRIA À SAÚDE - PAP;11109361000197;FUNDO MUNICIPAL DE SAUDE BARRA DE SANTANA;8598;31/10/2025;PROPOSTA PAGA;Proposta Paga;13/11/2025;R$2.000.000,00;R$2.000.000,00;R$2.000.000,00
2025;60060003;S.PART.;COMISSÃO DE ASSUNTOS SOCIAIS - CAS;4141 / 4270;DANIELLA RIBEIRO / EFRAIM FILHO;PB;250260;IGARACY;MUNICIPAL;COMISSAO;CORRENTE;301;1001;1030151192E890001;18/09/2025;36000707764202500;202500028068;FAF;INCREMENTO PAP;2E89;ATENÇÃO PRIMÁRIA À SAÚDE;INCREMENTO DO PISO DA ATENÇÃO PRIMÁRIA À SAÚDE - PAP;11463951000113;FUNDO MUNICIPAL DE SAUDE DE IGARACY;8263;29/09/2025;PROPOSTA PAGA;Proposta Paga;06/11/2025;R$200.000,00;R$200.000,00;R$200.000,00
2025;60060003;S.PART.;COMISSÃO DE ASSUNTOS SOCIAIS - CAS;4270;EFRAIM FILHO;PB;250990;NATUBA;MUNICIPAL;COMISSAO;CORRENTE;301;1001;1030151192E890001;01/12/2025;36000720168202500;202500040425;FAF;INCREMENTO PAP;2E89;ATENÇÃO PRIMÁRIA À SAÚDE;INCREMENTO DO PISO DA ATENÇÃO PRIMÁRIA À SAÚDE - PAP;17975221000188;FUNDO MUNICIPAL DE SAUDE DE NATUBA;9157;08/12/2025;PROPOSTA PAGA;Proposta Paga;16/12/2025;R$200.000,00;R$200.000,00;R$200.000,00
2025;60060003;S.PART.;COMISSÃO DE ASSUNTOS SOCIAIS - CAS;4088;VENEZIANO VITAL DO RÊGO;PB;251490;SAO MAMEDE;MUNICIPAL;COMISSAO;CORRENTE;301;1001;1030151192E890001;09/09/2025;36000703460202500;202500026674;FAF;INCREMENTO PAP;2E89;ATENÇÃO PRIMÁRIA À SAÚDE;INCREMENTO DO PISO DA ATENÇÃO PRIMÁRIA À SAÚDE - PAP;04223191000101;FUNDO MUN.DE SAUDE DE SAO MAMEDE-PB;8126;22/09/2025;PROPOSTA PAGA;Proposta Paga;01/10/2025;R$100.000,00;R$100.000,00;R$100.000,00
2025;60060003;S.PART.;COMISSÃO DE ASSUNTOS SOCIAIS - CAS;4141;DANIELLA RIBEIRO;PB;251394;SAO DOMINGOS DO CARIRI;MUNICIPAL;COMISSAO;CORRENTE;301;1001;1030151192E890001;13/09/2025;36000705887202500;202500028540;FAF;INCREMENTO PAP;2E89;ATENÇÃO PRIMÁRIA À SAÚDE;INCREMENTO DO PISO DA ATENÇÃO PRIMÁRIA À SAÚDE - PAP;11836179000138;FUNDO MUNICIPAL DE SAUDE DE SAO DOMINGOS DO CARIRI;8275;30/09/2025;PROPOSTA PAGA;Proposta Paga;24/10/2025;R$200.000,00;R$200.000,00;R$200.000,00
2025;50410007;S.PART.;COMISSÃO DA SAÚDE;2712;HUGO MOTTA;PB;251080;PATOS;MUNICIPAL;COMISSAO;CAPITAL;301;3129;10301511985810001;22/12/2025;11242822000125011;202500043695;FAF;EQUIPAMENTO;8581;ATENÇÃO PRIMÁRIA À SAÚDE;EQUIPAMENTOS - UBS;11242822000103;FUNDO MUNICIPAL DE SAUDE;9769;30/12/2025;PROPOSTA PAGA;Proposta Paga;05/02/2026;R$433.137,00;R$433.137,00;R$433.137,00
2025;50410002;S.PART.;COMISSÃO DA SAÚDE;3530;DAMIÃO FELICIANO;PB;251400;SAO JOAO DO CARIRI;MUNICIPAL;COMISSAO;CORRENTE;302;1001;1030251182E900001;01/09/2025;36000697169202500;202500035154;FAF;INCREMENTO MAC;2E90;ATENÇÃO ESPECIALIZADA À SAÚDE;Incremento Temporário do Teto da Média e Alta Complexidade - MAC;12447221000191;FUNDO MUNICIPAL DE SAUDE DE SAO JOAO DO CARIRI - PB;8595;31/10/2025;PROPOSTA PAGA;Proposta Paga;12/02/2026;R$500.000,00;R$500.000,00;R$500.000,00
2025;50410002;S.PART.;COMISSÃO DA SAÚDE;4125;PEDRO LUCAS FERNANDES;PB;251080;PATOS;MUNICIPAL;COMISSAO;CORRENTE;302;1001;1030251182E900001;09/09/2025;36000703554202500;202500040620;FAF;INCREMENTO MAC;2E90;ATENÇÃO ESPECIALIZADA À SAÚDE;Incremento Temporário do Teto da Média e Alta Complexidade - MAC;11242822000103;FUNDO MUNICIPAL DE SAUDE;9186;09/12/2025;PROPOSTA PAGA;Proposta Paga;16/12/2025;R$1.000.000,00;R$1.000.000,00;R$1.000.000,00
2025;60060004;S.PART.;COMISSÃO DE ASSUNTOS SOCIAIS - CAS;4088;VENEZIANO VITAL DO RÊGO;PB;250470;CONGO;MUNICIPAL;COMISSAO;CORRENTE;302;1001;1030251182E900001;25/09/2025;36000709486202500;202500029315;FAF;INCREMENTO MAC;2E90;ATENÇÃO ESPECIALIZADA À SAÚDE;Incremento Temporário do Teto da Média e Alta Complexidade - MAC;11436548000103;FUNDO MUNICIPAL DE SAUDE - CONGO - PARAIBA;8303;03/10/2025;PROPOSTA PAGA;Proposta Paga;24/10/2025;R$100.000,00;R$100.000,00;R$100.000,00
2025;60060004;S.PART.;COMISSÃO DE ASSUNTOS SOCIAIS - CAS;4088;VENEZIANO VITAL DO RÊGO;PB;251650;TAPEROA;MUNICIPAL;COMISSAO;CORRENTE;302;1001;1030251182E900001;16/09/2025;36000706792202500;202500028841;FAF;INCREMENTO MAC;2E90;ATENÇÃO ESPECIALIZADA À SAÚDE;Incremento Temporário do Teto da Média e Alta Complexidade - MAC;11850452000189;FUNDO MUNICIPAL DE SAUDE DE TAPEROA;8268;30/09/2025;PROPOSTA PAGA;Proposta Paga;24/10/2025;R$100.000,00;R$100.000,00;R$100.000,00
2025;60060004;S.PART.;COMISSÃO DE ASSUNTOS SOCIAIS - CAS;4088 / 4141;DANIELLA RIBEIRO / VENEZIANO VITAL DO RÊGO;PB;250370;CAJAZEIRAS;MUNICIPAL;COMISSAO;CORRENTE;302;1001;1030251182E900001;02/09/2025;36000697608202500;202500028834;FAF;INCREMENTO MAC;2E90;ATENÇÃO ESPECIALIZADA À SAÚDE;Incremento Temporário do Teto da Média e Alta Complexidade - MAC;11902878000139;MUNICIPIO DE CAJAZEIRAS FUNDO MUNICIPAL DE SAUDE - FMS;8273;30/09/2025;PROPOSTA PAGA;Proposta Paga;10/11/2025;R$3.000.000,00;R$3.000.000,00;R$3.000.000,00
2025;60060003;S.PART.;COMISSÃO DE ASSUNTOS SOCIAIS - CAS;4088 / 4141;DANIELLA RIBEIRO / VENEZIANO VITAL DO RÊGO;PB;250205;BERNARDINO BATISTA;MUNICIPAL;COMISSAO;CORRENTE;301;1001;1030151192E890001;25/09/2025;36000709636202500;202500029597;FAF;INCREMENTO PAP;2E89;ATENÇÃO PRIMÁRIA À SAÚDE;INCREMENTO DO PISO DA ATENÇÃO PRIMÁRIA À SAÚDE - PAP;10484826000127;FUNDO MUNICIPAL DE SAUDE;8330;07/10/2025;PROPOSTA PAGA;Proposta Paga;27/10/2025;R$464.000,00;R$464.000,00;R$464.000,00
2025;60060004;S.PART.;COMISSÃO DE ASSUNTOS SOCIAIS - CAS;4270;EFRAIM FILHO;PB;251370;SANTA RITA;MUNICIPAL;COMISSAO;CORRENTE;302;1001;1030251182E900001;10/11/2025;36000717421202500;202500038513;FAF;INCREMENTO MAC;2E90;ATENÇÃO ESPECIALIZADA À SAÚDE;Incremento Temporário do Teto da Média e Alta Complexidade - MAC;08694222000163;FUNDO MUNICIPAL DE SAUDE DE SANTA RITA;8889;21/11/2025;PROPOSTA PAGA;Proposta Paga;16/12/2025;R$500.000,00;R$500.000,00;R$500.000,00
2025;60060004;S.PART.;COMISSÃO DE ASSUNTOS SOCIAIS - CAS;4088 / 4270;EFRAIM FILHO / VENEZIANO VITAL DO RÊGO;PB;250970;MONTEIRO;MUNICIPAL;COMISSAO;CORRENTE;302;1001;1030251182E900001;08/12/2025;36000720928202500;202500041048;FAF;INCREMENTO MAC;2E90;ATENÇÃO ESPECIALIZADA À SAÚDE;Incremento Temporário do Teto da Média e Alta Complexidade - MAC;11214763000151;FUNDO MUNICIPAL DE SAUDE DE MONTEIRO;9226;11/12/2025;PROPOSTA PAGA;Proposta Paga;29/12/2025;R$200.000,00;R$200.000,00;R$200.000,00
2025;50410001;S.PART.;COMISSÃO DA SAÚDE;1271 / 2712 / 3530;DAMIÃO FELICIANO / HUGO MOTTA / LUIZ COUTO;PB;251660;TAVARES;MUNICIPAL;COMISSAO;CORRENTE;301;1001;1030151192E890001;16/09/2025;36000706939202500;202500032923;FAF;INCREMENTO PAP;2E89;ATENÇÃO PRIMÁRIA À SAÚDE;INCREMENTO DO PISO DA ATENÇÃO PRIMÁRIA À SAÚDE - PAP;10598364000179;FUNDO MUNICIPAL DE SAUDE DE TAVARES;8495;23/10/2025;PROPOSTA PAGA;Proposta Paga;13/11/2025;R$200.000,00;R$200.000,00;R$200.000,00
2025;50410001;S.PART.;COMISSÃO DA SAÚDE;2712;HUGO MOTTA;PB;250520;CUITEGI;MUNICIPAL;COMISSAO;CORRENTE;301;1001;1030151192E890001;06/09/2025;36000702535202500;202500031135;FAF;INCREMENTO PAP;2E89;ATENÇÃO PRIMÁRIA À SAÚDE;INCREMENTO DO PISO DA ATENÇÃO PRIMÁRIA À SAÚDE - PAP;11780026000116;FUNDO MUNICIPAL DE SAUDE - CUITEGI-PB;8411;15/10/2025;PROPOSTA PAGA;Proposta Paga;30/10/2025;R$1.500.000,00;R$1.500.000,00;R$1.500.000,00
2025;50410002;S.PART.;COMISSÃO DA SAÚDE;2714 / 2715 / 3997 / 3999 / 4468;GERVÁSIO MAIA / GILBERTO ABRAMO / RODRIGO GAMBALE / ROMERO RODRIGUES / RUY CARNEIRO;PB;250750;JOAO PESSOA;ESTADUAL;COMISSAO;CORRENTE;302;1001;1030251182E900001;09/10/2025;36000711879202500;202500041045;FAF;INCREMENTO MAC;2E90;ATENÇÃO ESPECIALIZADA À SAÚDE;Incremento Temporário do Teto da Média e Alta Complexidade - MAC;03609595000175;FUNDO ESTADUAL DE SAUDE DO ESTADO DA PARAIBA - FESEP;9235;11/12/2025;PROPOSTA PAGA;Proposta Paga;29/12/2025;R$5.000.000,00;R$5.000.000,00;R$5.000.000,00
2025;50410001;S.PART.;COMISSÃO DA SAÚDE;3997;GERVÁSIO MAIA;PB;251040;OLHO D'AGUA;MUNICIPAL;COMISSAO;CORRENTE;301;1001;1030151192E890001;08/09/2025;36000702726202500;202500028067;FAF;INCREMENTO PAP;2E89;ATENÇÃO PRIMÁRIA À SAÚDE;INCREMENTO DO PISO DA ATENÇÃO PRIMÁRIA À SAÚDE - PAP;11471451000123;FUNDO MUNICIPAL DE SAUDE;8260;29/09/2025;PROPOSTA PAGA;Proposta Paga;24/10/2025;R$500.000,00;R$500.000,00;R$500.000,00
2025;50410001;S.PART.;COMISSÃO DA SAÚDE;2712 / 2715;HUGO MOTTA / RUY CARNEIRO;PB;250830;LAGOA SECA;MUNICIPAL;COMISSAO;CORRENTE;301;1001;1030151192E890001;10/10/2025;36000712003202500;202500038139;FAF;INCREMENTO PAP;2E89;ATENÇÃO PRIMÁRIA À SAÚDE;INCREMENTO DO PISO DA ATENÇÃO PRIMÁRIA À SAÚDE - PAP;11264183000179;FUNDO MUNICIPAL DE SAUDE;8895;21/11/2025;PROPOSTA PAGA;Proposta Paga;10/12/2025;R$2.000.000,00;R$2.000.000,00;R$2.000.000,00
2025;60060003;S.PART.;COMISSÃO DE ASSUNTOS SOCIAIS - CAS;4088;VENEZIANO VITAL DO RÊGO;PB;250780;JUNCO DO SERIDO;MUNICIPAL;COMISSAO;CORRENTE;301;1001;1030151192E890001;09/09/2025;36000703675202500;202500028508;FAF;INCREMENTO PAP;2E89;ATENÇÃO PRIMÁRIA À SAÚDE;INCREMENTO DO PISO DA ATENÇÃO PRIMÁRIA À SAÚDE - PAP;13069201000197;FUNDO MUNICIPAL DE SAUDE DE JUNCO DO SERIDO-PB;8275;30/09/2025;PROPOSTA PAGA;Proposta Paga;24/10/2025;R$100.000,00;R$100.000,00;R$100.000,00
2025;60060003;S.PART.;COMISSÃO DE ASSUNTOS SOCIAIS - CAS;4270;EFRAIM FILHO;PB;251170;PILOEZINHOS;MUNICIPAL;COMISSAO;CORRENTE;301;1001;1030151192E890001;05/12/2025;36000720723202500;202500040761;FAF;INCREMENTO PAP;2E89;ATENÇÃO PRIMÁRIA À SAÚDE;INCREMENTO DO PISO DA ATENÇÃO PRIMÁRIA À SAÚDE - PAP;12002118000138;FUNDO MUNICIPAL DE SAUDE - PILOEZINHOS-PB;9172;09/12/2025;PROPOSTA PAGA;Proposta Paga;22/12/2025;R$200.000,00;R$200.000,00;R$200.000,00
2025;50410002;S.PART.;COMISSÃO DA SAÚDE;2714 / 2715 / 3530;DAMIÃO FELICIANO / ROMERO RODRIGUES / RUY CARNEIRO;PB;250400;CAMPINA GRANDE;MUNICIPAL;COMISSAO;CORRENTE;302;1001;1030251182E900001;11/09/2025;36000705099202500;202500030128;FAF;INCREMENTO MAC;2E90;ATENÇÃO ESPECIALIZADA À SAÚDE;Incremento Temporário do Teto da Média e Alta Complexidade - MAC;24513574000121;FUNDO MUNICIPAL DE SAUDE DE CAMPINA GRANDE;8384;13/10/2025;PROPOSTA PAGA;Proposta Paga;24/10/2025;R$2.330.000,00;R$2.330.000,00;R$2.330.000,00
2025;60060004;S.PART.;COMISSÃO DE ASSUNTOS SOCIAIS - CAS;4088;VENEZIANO VITAL DO RÊGO;PB;251350;SANTANA DE MANGUEIRA;MUNICIPAL;COMISSAO;CORRENTE;302;1001;1030251182E900001;09/09/2025;36000703915202500;202500041193;FAF;INCREMENTO MAC;2E90;ATENÇÃO ESPECIALIZADA À SAÚDE;Incremento Temporário do Teto da Média e Alta Complexidade - MAC;11285050000189;FUNDO MUNICIPAL DE SAUDE;9326;12/12/2025;PROPOSTA PAGA;Proposta Paga;29/12/2025;R$100.000,00;R$100.000,00;R$100.000,00
2025;60060004;S.PART.;COMISSÃO DE ASSUNTOS SOCIAIS - CAS;4088 / 4270;EFRAIM FILHO / VENEZIANO VITAL DO RÊGO;PB;251470;SAO JOSE DO SABUGI;MUNICIPAL;COMISSAO;CORRENTE;302;1001;1030251182E900001;12/11/2025;36000717637202500;202500038514;FAF;INCREMENTO MAC;2E90;ATENÇÃO ESPECIALIZADA À SAÚDE;Incremento Temporário do Teto da Média e Alta Complexidade - MAC;11850135000162;FUNDO MUNICIPAL DE SAUDE DO MUNICIPIO DE SAO JOSE DO SABUGI;8889;21/11/2025;PROPOSTA PAGA;Proposta Paga;16/12/2025;R$100.000,00;R$100.000,00;R$100.000,00
2025;60060003;S.PART.;COMISSÃO DE ASSUNTOS SOCIAIS - CAS;4088 / 4141;DANIELLA RIBEIRO / VENEZIANO VITAL DO RÊGO;PB;250905;MARCACAO;MUNICIPAL;COMISSAO;CORRENTE;301;1001;1030151192E890001;08/09/2025;36000702772202500;202500029601;FAF;INCREMENTO PAP;2E89;ATENÇÃO PRIMÁRIA À SAÚDE;INCREMENTO DO PISO DA ATENÇÃO PRIMÁRIA À SAÚDE - PAP;12370254000180;MARCACAO - FUNDO MUNICIPAL DE SAUDE;8330;07/10/2025;PROPOSTA PAGA;Proposta Paga;22/12/2025;R$500.000,00;R$500.000,00;R$500.000,00
2025;50410001;S.PART.;COMISSÃO DA SAÚDE;2712;HUGO MOTTA;PB;250330;CACHOEIRA DOS INDIOS;MUNICIPAL;COMISSAO;CORRENTE;301;1001;1030151192E890001;09/09/2025;36000704116202500;202500031123;FAF;INCREMENTO PAP;2E89;ATENÇÃO PRIMÁRIA À SAÚDE;INCREMENTO DO PISO DA ATENÇÃO PRIMÁRIA À SAÚDE - PAP;11332636000157;FUNDO MUNICIPAL DE SAUDE - FMSCI;8411;15/10/2025;PROPOSTA PAGA;Proposta Paga;30/10/2025;R$1.500.000,00;R$1.500.000,00;R$1.500.000,00
2025;50410001;S.PART.;COMISSÃO DA SAÚDE;2712;HUGO MOTTA;PB;251720;VIEIROPOLIS;MUNICIPAL;COMISSAO;CORRENTE;301;1001;1030151192E890001;08/09/2025;36000703152202500;202500034694;FAF;INCREMENTO PAP;2E89;ATENÇÃO PRIMÁRIA À SAÚDE;INCREMENTO DO PISO DA ATENÇÃO PRIMÁRIA À SAÚDE - PAP;14688620000170;FUNDO MUNICIPAL DE SAUDE DE VIEIROPOLIS;8598;31/10/2025;PROPOSTA PAGA;Proposta Paga;13/11/2025;R$1.500.000,00;R$1.500.000,00;R$1.500.000,00
2025;50410001;S.PART.;COMISSÃO DA SAÚDE;2712 / 4077;HUGO MOTTA / ZÉ VITOR;PB;251710;VARZEA;MUNICIPAL;COMISSAO;CORRENTE;301;1001;1030151192E890001;02/09/2025;36000698244202500;202500039608;FAF;INCREMENTO PAP;2E89;ATENÇÃO PRIMÁRIA À SAÚDE;INCREMENTO DO PISO DA ATENÇÃO PRIMÁRIA À SAÚDE - PAP;11228615000196;FUNDO MUNICIPAL DE SAUDE;9013;01/12/2025;PROPOSTA PAGA;Proposta Paga;22/12/2025;R$382.511,00;R$382.511,00;R$382.511,00
2025;50410001;S.PART.;COMISSÃO DA SAÚDE;1283 / 2714;ROMERO RODRIGUES / WILSON SANTIAGO;PB;251680;TRIUNFO;MUNICIPAL;COMISSAO;CORRENTE;301;1001;1030151192E890001;17/09/2025;36000707445202500;202500028092;FAF;INCREMENTO PAP;2E89;ATENÇÃO PRIMÁRIA À SAÚDE;INCREMENTO DO PISO DA ATENÇÃO PRIMÁRIA À SAÚDE - PAP;12794460000118;FUNDO MUNICIPAL DE SAUDE DE TRIUNFO;8260;29/09/2025;PROPOSTA PAGA;Proposta Paga;24/10/2025;R$700.000,00;R$700.000,00;R$700.000,00
2025;60060003;S.PART.;COMISSÃO DE ASSUNTOS SOCIAIS - CAS;4088 / 4270;EFRAIM FILHO / VENEZIANO VITAL DO RÊGO;PB;250420;CATINGUEIRA;MUNICIPAL;COMISSAO;CORRENTE;301;1001;1030151192E890001;17/09/2025;36000707402202500;202500038100;FAF;INCREMENTO PAP;2E89;ATENÇÃO PRIMÁRIA À SAÚDE;INCREMENTO DO PISO DA ATENÇÃO PRIMÁRIA À SAÚDE - PAP;12401524000173;FUNDO MUNICIPAL DE SAUDE;8895;21/11/2025;PROPOSTA PAGA;Proposta Paga;16/12/2025;R$100.000,00;R$100.000,00;R$100.000,00
2025;60060003;S.PART.;COMISSÃO DE ASSUNTOS SOCIAIS - CAS;4141;DANIELLA RIBEIRO;PB;251140;PICUI;MUNICIPAL;COMISSAO;CORRENTE;301;1001;1030151192E890001;03/10/2025;36000710963202500;202500031157;FAF;INCREMENTO PAP;2E89;ATENÇÃO PRIMÁRIA À SAÚDE;INCREMENTO DO PISO DA ATENÇÃO PRIMÁRIA À SAÚDE - PAP;08619650000121;FUNDO MUNICIPAL DE SAUDE;8411;15/10/2025;PROPOSTA PAGA;Proposta Paga;06/11/2025;R$200.000,00;R$200.000,00;R$200.000,00
2025;60060003;S.PART.;COMISSÃO DE ASSUNTOS SOCIAIS - CAS;4141;DANIELLA RIBEIRO;PB;251150;PILAR;MUNICIPAL;COMISSAO;CORRENTE;301;1001;1030151192E890001;01/09/2025;36000697136202500;202500032921;FAF;INCREMENTO PAP;2E89;ATENÇÃO PRIMÁRIA À SAÚDE;INCREMENTO DO PISO DA ATENÇÃO PRIMÁRIA À SAÚDE - PAP;11171199000137;FUNDO MUNICIPAL DE SAUDE DO MUNICIPIO DE PILAR;8495;23/10/2025;PROPOSTA PAGA;Proposta Paga;13/11/2025;R$200.000,00;R$200.000,00;R$200.000,00
2025;60060003;S.PART.;COMISSÃO DE ASSUNTOS SOCIAIS - CAS;4088;VENEZIANO VITAL DO RÊGO;PB;251430;SAO JOSE DE CAIANA;MUNICIPAL;COMISSAO;CORRENTE;301;1001;1030151192E890001;04/09/2025;36000701345202500;202500032094;FAF;INCREMENTO PAP;2E89;ATENÇÃO PRIMÁRIA À SAÚDE;INCREMENTO DO PISO DA ATENÇÃO PRIMÁRIA À SAÚDE - PAP;10785644000196;FUNDO MUNICIPAL DE SAUDE DE SAO JOSE DE CAIANA;8453;20/10/2025;PROPOSTA PAGA;Proposta Paga;06/11/2025;R$200.000,00;R$200.000,00;R$200.000,00
2025;60060003;S.PART.;COMISSÃO DE ASSUNTOS SOCIAIS - CAS;4141;DANIELLA RIBEIRO;PB;251100;PEDRA BRANCA;MUNICIPAL;COMISSAO;CORRENTE;301;1001;1030151192E890001;04/12/2025;36000720600202500;202500040759;FAF;INCREMENTO PAP;2E89;ATENÇÃO PRIMÁRIA À SAÚDE;INCREMENTO DO PISO DA ATENÇÃO PRIMÁRIA À SAÚDE - PAP;12051399000119;FUNDO MUNICIPAL DE SAUDE DE PEDRA BRANCA;9172;09/12/2025;PROPOSTA PAGA;Proposta Paga;16/12/2025;R$310.000,00;R$310.000,00;R$310.000,00
2025;50410002;S.PART.;COMISSÃO DA SAÚDE;4436;MURILO GALDINO;PB;251670;TEIXEIRA;MUNICIPAL;COMISSAO;CORRENTE;302;1001;1030251182E900001;05/09/2025;36000701805202500;202500028844;FAF;INCREMENTO MAC;2E90;ATENÇÃO ESPECIALIZADA À SAÚDE;Incremento Temporário do Teto da Média e Alta Complexidade - MAC;11229326000101;FUNDO MUNICIPAL DE SAUDE;8268;30/09/2025;PROPOSTA PAGA;Proposta Paga;24/10/2025;R$500.000,00;R$500.000,00;R$500.000,00
2025;60060003;S.PART.;COMISSÃO DE ASSUNTOS SOCIAIS - CAS;4270;EFRAIM FILHO;PB;251670;TEIXEIRA;MUNICIPAL;COMISSAO;CORRENTE;301;1001;1030151192E890001;18/09/2025;36000707779202500;202500028078;FAF;INCREMENTO PAP;2E89;ATENÇÃO PRIMÁRIA À SAÚDE;INCREMENTO DO PISO DA ATENÇÃO PRIMÁRIA À SAÚDE - PAP;11229326000101;FUNDO MUNICIPAL DE SAUDE;8260;29/09/2025;PROPOSTA PAGA;Proposta Paga;06/11/2025;R$1.760.000,00;R$1.760.000,00;R$1.760.000,00
2025;60060004;S.PART.;COMISSÃO DE ASSUNTOS SOCIAIS - CAS;4141;DANIELLA RIBEIRO;PB;250410;CARRAPATEIRA;MUNICIPAL;COMISSAO;CORRENTE;302;1001;1030251182E900001;04/12/2025;36000720647202500;202500042587;FAF;INCREMENTO MAC;2E90;ATENÇÃO ESPECIALIZADA À SAÚDE;Incremento Temporário do Teto da Média e Alta Complexidade - MAC;11579536000120;FUNDO MUNICIPAL DE SAUDE;9576;22/12/2025;PROPOSTA PAGA;Proposta Paga;29/12/2025;R$320.000,00;R$320.000,00;R$320.000,00
2025;50410001;S.PART.;COMISSÃO DA SAÚDE;2715;RUY CARNEIRO;PB;251130;PIANCO;MUNICIPAL;COMISSAO;CORRENTE;301;1001;1030151192E890001;07/10/2025;36000711396202500;202500034682;FAF;INCREMENTO PAP;2E89;ATENÇÃO PRIMÁRIA À SAÚDE;INCREMENTO DO PISO DA ATENÇÃO PRIMÁRIA À SAÚDE - PAP;04827493000199;FUNDO MUNICIPAL DE SAUDE;8598;31/10/2025;PROPOSTA PAGA;Proposta Paga;13/11/2025;R$250.000,00;R$250.000,00;R$250.000,00
2025;50410001;S.PART.;COMISSÃO DA SAÚDE;2715;RUY CARNEIRO;PB;251650;TAPEROA;MUNICIPAL;COMISSAO;CORRENTE;301;1001;1030151192E890001;13/10/2025;36000712102202500;202500038162;FAF;INCREMENTO PAP;2E89;ATENÇÃO PRIMÁRIA À SAÚDE;INCREMENTO DO PISO DA ATENÇÃO PRIMÁRIA À SAÚDE - PAP;11850452000189;FUNDO MUNICIPAL DE SAUDE DE TAPEROA;8895;21/11/2025;PROPOSTA PAGA;Proposta Paga;10/12/2025;R$250.000,00;R$250.000,00;R$250.000,00
2025;50410001;S.PART.;COMISSÃO DA SAÚDE;2712 / 4077;HUGO MOTTA / ZÉ VITOR;PB;250490;CRUZ DO ESPIRITO SANTO;MUNICIPAL;COMISSAO;CORRENTE;301;1001;1030151192E890001;08/09/2025;36000703003202500;202500039587;FAF;INCREMENTO PAP;2E89;ATENÇÃO PRIMÁRIA À SAÚDE;INCREMENTO DO PISO DA ATENÇÃO PRIMÁRIA À SAÚDE - PAP;23014200000107;FUNDO MUNICIPAL DE SAUDE DE CRUZ DO ESPIRITO SANTO;9013;01/12/2025;PROPOSTA PAGA;Proposta Paga;22/12/2025;R$2.200.000,00;R$2.200.000,00;R$2.200.000,00
2025;50410001;S.PART.;COMISSÃO DA SAÚDE;2712 / 2715;HUGO MOTTA / RUY CARNEIRO;PB;250720;ITATUBA;MUNICIPAL;COMISSAO;CORRENTE;301;1001;1030151192E890001;05/09/2025;36000701920202500;202500030346;FAF;INCREMENTO PAP;2E89;ATENÇÃO PRIMÁRIA À SAÚDE;INCREMENTO DO PISO DA ATENÇÃO PRIMÁRIA À SAÚDE - PAP;12306005000126;FUNDO MUNICIPAL DE SAUDE;8382;13/10/2025;PROPOSTA PAGA;Proposta Paga;27/10/2025;R$2.500.000,00;R$2.500.000,00;R$2.500.000,00
2025;50410002;S.PART.;COMISSÃO DA SAÚDE;2714 / 2715 / 3997 / 3999 / 4468;GERVÁSIO MAIA / GILBERTO ABRAMO / RODRIGO GAMBALE / ROMERO RODRIGUES / RUY CARNEIRO;PB;250750;JOAO PESSOA;ESTADUAL;COMISSAO;CORRENTE;302;1001;1030251182E900001;14/10/2025;36000712602202500;202500041569;FAF;INCREMENTO MAC;2E90;ATENÇÃO ESPECIALIZADA À SAÚDE;Incremento Temporário do Teto da Média e Alta Complexidade - MAC;03609595000175;FUNDO ESTADUAL DE SAUDE DO ESTADO DA PARAIBA - FESEP;9412;17/12/2025;PROPOSTA PAGA;Proposta Paga;29/12/2025;R$4.597.800,00;R$4.597.800,00;R$4.597.800,00
2025;50410001;S.PART.;COMISSÃO DA SAÚDE;3999;GILBERTO ABRAMO;PB;251340;SANTA LUZIA;MUNICIPAL;COMISSAO;CORRENTE;301;1001;1030151192E890001;08/10/2025;36000711485202500;202500034685;FAF;INCREMENTO PAP;2E89;ATENÇÃO PRIMÁRIA À SAÚDE;INCREMENTO DO PISO DA ATENÇÃO PRIMÁRIA À SAÚDE - PAP;10425754000147;FUNDO MUNICIPAL DE SAUDE DE SANTA LUZIA;8598;31/10/2025;PROPOSTA PAGA;Proposta Paga;13/11/2025;R$1.000.000,00;R$1.000.000,00;R$1.000.000,00
2025;50410001;S.PART.;COMISSÃO DA SAÚDE;4432;MERSINHO LUCENA;PB;250750;JOAO PESSOA;MUNICIPAL;COMISSAO;CORRENTE;301;1001;1030151192E890001;08/09/2025;36000703041202500;202500038103;FAF;INCREMENTO PAP;2E89;ATENÇÃO PRIMÁRIA À SAÚDE;INCREMENTO DO PISO DA ATENÇÃO PRIMÁRIA À SAÚDE - PAP;08715618000140;FUNDO MUNICIPAL DE SAUDE;8895;21/11/2025;PROPOSTA PAGA;Proposta Paga;10/12/2025;R$4.000.000,00;R$4.000.000,00;R$4.000.000,00
2025;60060003;S.PART.;COMISSÃO DE ASSUNTOS SOCIAIS - CAS;4088;VENEZIANO VITAL DO RÊGO;PB;251465;SAO JOSE DO BREJO DO CRUZ;MUNICIPAL;COMISSAO;CORRENTE;301;1001;1030151192E890001;09/09/2025;36000703963202500;202500028082;FAF;INCREMENTO PAP;2E89;ATENÇÃO PRIMÁRIA À SAÚDE;INCREMENTO DO PISO DA ATENÇÃO PRIMÁRIA À SAÚDE - PAP;11879377000189;FUNDO MUNICIPAL DE SAUDE;8260;29/09/2025;PROPOSTA PAGA;Proposta Paga;24/10/2025;R$100.000,00;R$100.000,00;R$100.000,00
2025;60060003;S.PART.;COMISSÃO DE ASSUNTOS SOCIAIS - CAS;4141;DANIELLA RIBEIRO;PB;251240;PUXINANA;MUNICIPAL;COMISSAO;CORRENTE;301;1001;1030151192E890001;01/12/2025;36000719945202500;202500040427;FAF;INCREMENTO PAP;2E89;ATENÇÃO PRIMÁRIA À SAÚDE;INCREMENTO DO PISO DA ATENÇÃO PRIMÁRIA À SAÚDE - PAP;10521892000120;FUNDO MUNICIPAL DE SAUDE - PUXINANA;9157;08/12/2025;PROPOSTA PAGA;Proposta Paga;22/12/2025;R$310.000,00;R$310.000,00;R$310.000,00
2025;60060003;S.PART.;COMISSÃO DE ASSUNTOS SOCIAIS - CAS;4088;VENEZIANO VITAL DO RÊGO;PB;251630;SUME;MUNICIPAL;COMISSAO;CORRENTE;301;1001;1030151192E890001;04/09/2025;36000700773202500;202500025311;FAF;INCREMENTO PAP;2E89;ATENÇÃO PRIMÁRIA À SAÚDE;INCREMENTO DO PISO DA ATENÇÃO PRIMÁRIA À SAÚDE - PAP;11285069000125;FUNDO MUNICIPAL DE SAUDE;8109;16/09/2025;PROPOSTA PAGA;Proposta Paga;02/12/2025;R$200.000,00;R$200.000,00;R$200.000,00
2025;60060003;S.PART.;COMISSÃO DE ASSUNTOS SOCIAIS - CAS;4141;DANIELLA RIBEIRO;PB;251640;TACIMA;MUNICIPAL;COMISSAO;CORRENTE;301;1001;1030151192E890001;26/09/2025;36000709840202500;202500029130;FAF;INCREMENTO PAP;2E89;ATENÇÃO PRIMÁRIA À SAÚDE;INCREMENTO DO PISO DA ATENÇÃO PRIMÁRIA À SAÚDE - PAP;11907806000184;FUNDO MUNICIPAL DE SAUDE DE TACIMA;8305;03/10/2025;PROPOSTA PAGA;Proposta Paga;24/10/2025;R$200.000,00;R$200.000,00;R$200.000,00
2025;60060003;S.PART.;COMISSÃO DE ASSUNTOS SOCIAIS - CAS;4141;DANIELLA RIBEIRO;PB;251680;TRIUNFO;MUNICIPAL;COMISSAO;CORRENTE;301;1001;1030151192E890001;16/09/2025;36000707063202500;202500027619;FAF;INCREMENTO PAP;2E89;ATENÇÃO PRIMÁRIA À SAÚDE;INCREMENTO DO PISO DA ATENÇÃO PRIMÁRIA À SAÚDE - PAP;12794460000118;FUNDO MUNICIPAL DE SAUDE DE TRIUNFO;8247;26/09/2025;PROPOSTA PAGA;Proposta Paga;06/11/2025;R$200.000,00;R$200.000,00;R$200.000,00
2025;60060004;S.PART.;COMISSÃO DE ASSUNTOS SOCIAIS - CAS;4088;VENEZIANO VITAL DO RÊGO;PB;250390;CAMALAU;MUNICIPAL;COMISSAO;CORRENTE;302;1001;1030251182E900001;26/09/2025;36000709703202500;202500036741;FAF;INCREMENTO MAC;2E90;ATENÇÃO ESPECIALIZADA À SAÚDE;Incremento Temporário do Teto da Média e Alta Complexidade - MAC;11417610000101;FUNDO MUNICIPAL DE SAUDE CAMALAU;8705;10/11/2025;PROPOSTA PAGA;Proposta Paga;29/12/2025;R$100.000,00;R$100.000,00;R$100.000,00
2025;60060004;S.PART.;COMISSÃO DE ASSUNTOS SOCIAIS - CAS;4088;VENEZIANO VITAL DO RÊGO;PB;250915;MARIZOPOLIS;MUNICIPAL;COMISSAO;CORRENTE;302;1001;1030251182E900001;03/09/2025;36000699892202500;202500026931;FAF;INCREMENTO MAC;2E90;ATENÇÃO ESPECIALIZADA À SAÚDE;Incremento Temporário do Teto da Média e Alta Complexidade - MAC;11404727000150;FUNDO MUNICIPAL DE SAUDE;8213;23/09/2025;PROPOSTA PAGA;Proposta Paga;24/10/2025;R$100.000,00;R$100.000,00;R$100.000,00
2025;60060004;S.PART.;COMISSÃO DE ASSUNTOS SOCIAIS - CAS;4088;VENEZIANO VITAL DO RÊGO;PB;250180;BAYEUX;MUNICIPAL;COMISSAO;CORRENTE;302;1001;1030251182E900001;05/12/2025;36000720741202500;202500041318;FAF;INCREMENTO MAC;2E90;ATENÇÃO ESPECIALIZADA À SAÚDE;Incremento Temporário do Teto da Média e Alta Complexidade - MAC;11685421000110;FUNDO MUNICIPAL DE SAUDE DE BAYEUX;9388;16/12/2025;PROPOSTA PAGA;Proposta Paga;29/12/2025;R$1.000.000,00;R$1.000.000,00;R$1.000.000,00
2025;60060003;S.PART.;COMISSÃO DE ASSUNTOS SOCIAIS - CAS;4141 / 4270;DANIELLA RIBEIRO / EFRAIM FILHO;PB;250030;ALAGOA GRANDE;MUNICIPAL;COMISSAO;CORRENTE;301;1001;1030151192E890001;29/09/2025;36000710070202500;202500032908;FAF;INCREMENTO PAP;2E89;ATENÇÃO PRIMÁRIA À SAÚDE;INCREMENTO DO PISO DA ATENÇÃO PRIMÁRIA À SAÚDE - PAP;17698753000115;FUNDO MUNICIPAL DE SAUDE DE ALAGOA GRANDE;8495;23/10/2025;PROPOSTA PAGA;Proposta Paga;13/11/2025;R$2.390.000,00;R$2.390.000,00;R$2.390.000,00
2025;60060003;S.PART.;COMISSÃO DE ASSUNTOS SOCIAIS - CAS;4270;EFRAIM FILHO;PB;250300;CAAPORA;MUNICIPAL;COMISSAO;CORRENTE;301;1001;1030151192E890001;23/09/2025;36000709055202500;202500028022;FAF;INCREMENTO PAP;2E89;ATENÇÃO PRIMÁRIA À SAÚDE;INCREMENTO DO PISO DA ATENÇÃO PRIMÁRIA À SAÚDE - PAP;10975044000190;FUNDO MUNICIPAL DE SAUDE - FMS;8260;29/09/2025;PROPOSTA PAGA;Proposta Paga;06/11/2025;R$3.000.000,00;R$3.000.000,00;R$3.000.000,00
2025;60060004;S.PART.;COMISSÃO DE ASSUNTOS SOCIAIS - CAS;4088 / 4270;EFRAIM FILHO / VENEZIANO VITAL DO RÊGO;PB;251670;TEIXEIRA;MUNICIPAL;COMISSAO;CORRENTE;302;1001;1030251182E900001;05/09/2025;36000701828202500;202500028845;FAF;INCREMENTO MAC;2E90;ATENÇÃO ESPECIALIZADA À SAÚDE;Incremento Temporário do Teto da Média e Alta Complexidade - MAC;11229326000101;FUNDO MUNICIPAL DE SAUDE;8268;30/09/2025;PROPOSTA PAGA;Proposta Paga;24/10/2025;R$200.000,00;R$200.000,00;R$200.000,00
2025;50410001;S.PART.;COMISSÃO DA SAÚDE;3530 / 3999;DAMIÃO FELICIANO / GILBERTO ABRAMO;PB;250240;BONITO DE SANTA FE;MUNICIPAL;COMISSAO;CORRENTE;301;1001;1030151192E890001;23/09/2025;36000708973202500;202500038094;FAF;INCREMENTO PAP;2E89;ATENÇÃO PRIMÁRIA À SAÚDE;INCREMENTO DO PISO DA ATENÇÃO PRIMÁRIA À SAÚDE - PAP;11494230000170;FUNDO MUNICIPAL DE SAUDE BONITO DE SANTA FE;8895;21/11/2025;PROPOSTA PAGA;Proposta Paga;10/12/2025;R$500.000,00;R$500.000,00;R$500.000,00
2025;50410001;S.PART.;COMISSÃO DA SAÚDE;2712 / 4077;HUGO MOTTA / ZÉ VITOR;PB;251300;SALGADINHO;MUNICIPAL;COMISSAO;CORRENTE;301;1001;1030151192E890001;07/10/2025;36000711420202500;202500039601;FAF;INCREMENTO PAP;2E89;ATENÇÃO PRIMÁRIA À SAÚDE;INCREMENTO DO PISO DA ATENÇÃO PRIMÁRIA À SAÚDE - PAP;11321779000163;FUNDO MUNICIPAL DE SAUDE - SALGADINHO - PB;9013;01/12/2025;PROPOSTA PAGA;Proposta Paga;22/12/2025;R$602.696,00;R$602.696,00;R$602.696,00
2025;50410001;S.PART.;COMISSÃO DA SAÚDE;3999 / 4317;CABO GILBERTO SILVA / GILBERTO ABRAMO;PB;250527;CURRAL DE CIMA;MUNICIPAL;COMISSAO;CORRENTE;301;1001;1030151192E890001;11/10/2025;36000712074202500;202500041870;FAF;INCREMENTO PAP;2E89;ATENÇÃO PRIMÁRIA À SAÚDE;INCREMENTO DO PISO DA ATENÇÃO PRIMÁRIA À SAÚDE - PAP;17945598000194;FUNDO MUNICIPAL DE SAUDE DE CURRAL DE CIMA;9408;17/12/2025;PROPOSTA PAGA;Proposta Paga;29/12/2025;R$1.000.000,00;R$1.000.000,00;R$1.000.000,00
2025;60060003;S.PART.;COMISSÃO DE ASSUNTOS SOCIAIS - CAS;4088;VENEZIANO VITAL DO RÊGO;PB;250560;DIAMANTE;MUNICIPAL;COMISSAO;CORRENTE;301;1001;1030151192E890001;16/09/2025;36000706782202500;202500028052;FAF;INCREMENTO PAP;2E89;ATENÇÃO PRIMÁRIA À SAÚDE;INCREMENTO DO PISO DA ATENÇÃO PRIMÁRIA À SAÚDE - PAP;10382118000185;FUNDO MUNICIPAL DE SAUDE DE DIAMANTE;8263;29/09/2025;PROPOSTA PAGA;Proposta Paga;24/10/2025;R$100.000,00;R$100.000,00;R$100.000,00
2025;60060003;S.PART.;COMISSÃO DE ASSUNTOS SOCIAIS - CAS;4088 / 4270;EFRAIM FILHO / VENEZIANO VITAL DO RÊGO;PB;251110;PEDRA LAVRADA;MUNICIPAL;COMISSAO;CORRENTE;301;1001;1030151192E890001;05/12/2025;36000720762202500;202500040760;FAF;INCREMENTO PAP;2E89;ATENÇÃO PRIMÁRIA À SAÚDE;INCREMENTO DO PISO DA ATENÇÃO PRIMÁRIA À SAÚDE - PAP;08932293000157;FUNDO MUNICIPAL DE SAUDE DE PEDRA LAVRADA;9172;09/12/2025;PROPOSTA PAGA;Proposta Paga;16/12/2025;R$200.000,00;R$200.000,00;R$200.000,00
2025;60060003;S.PART.;COMISSÃO DE ASSUNTOS SOCIAIS - CAS;4088;VENEZIANO VITAL DO RÊGO;PB;250215;BOA VISTA;MUNICIPAL;COMISSAO;CORRENTE;301;1001;1030151192E890001;13/10/2025;36000712287202500;202500037019;FAF;INCREMENTO PAP;2E89;ATENÇÃO PRIMÁRIA À SAÚDE;INCREMENTO DO PISO DA ATENÇÃO PRIMÁRIA À SAÚDE - PAP;12868705000104;FUNDO MUNICIPAL DE SAUDE;8766;13/11/2025;PROPOSTA PAGA;Proposta Paga;16/12/2025;R$300.000,00;R$300.000,00;R$300.000,00
2025;50410003;S.PART.;COMISSÃO DA SAÚDE;2712;HUGO MOTTA;PB;250073;AMPARO;MUNICIPAL;COMISSAO;CAPITAL;302;3129;10302511885350001;08/09/2025;08612869000125009;202500042029;FAF;EQUIPAMENTO;8535;ATENÇÃO ESPECIALIZADA À SAÚDE;Políticas de Atenção Ambulatorial Especializada e Serviços Hospitalares de Alta Complexidade - Transporte Sanitário Eletivo;08612869000107;FUNDO MUNICIPAL DE SAUDE DE AMPARO-PB;9440;18/12/2025;PROPOSTA PAGA;Proposta Paga;29/12/2025;R$385.723,00;R$385.723,00;R$385.723,00
2025;60060004;S.PART.;COMISSÃO DE ASSUNTOS SOCIAIS - CAS;4270;EFRAIM FILHO;PB;250430;CATOLE DO ROCHA;MUNICIPAL;COMISSAO;CORRENTE;302;1001;1030251182E900001;26/09/2025;36000709665202500;202500035143;FAF;INCREMENTO MAC;2E90;ATENÇÃO ESPECIALIZADA À SAÚDE;Incremento Temporário do Teto da Média e Alta Complexidade - MAC;12784607000199;FUNDO MUNICIPAL DE SAUDE DE CATOLE DO ROCHA;8605;31/10/2025;PROPOSTA PAGA;Proposta Paga;21/11/2025;R$2.500.000,00;R$2.500.000,00;R$2.500.000,00
2025;60060004;S.PART.;COMISSÃO DE ASSUNTOS SOCIAIS - CAS;4088;VENEZIANO VITAL DO RÊGO;PB;250435;CATURITE;MUNICIPAL;COMISSAO;CORRENTE;302;1001;1030251182E900001;23/09/2025;36000709092202500;202500030482;FAF;INCREMENTO MAC;2E90;ATENÇÃO ESPECIALIZADA À SAÚDE;Incremento Temporário do Teto da Média e Alta Complexidade - MAC;11457024000190;FUNDO MUNICIPAL DE SAUDE CATURITE;8409;15/10/2025;PROPOSTA PAGA;Proposta Paga;10/11/2025;R$200.000,00;R$200.000,00;R$200.000,00
2025;50410001;S.PART.;COMISSÃO DA SAÚDE;1271;LUIZ COUTO;PB;251620;SOUSA;MUNICIPAL;COMISSAO;CORRENTE;301;1001;1030151192E890001;09/09/2025;36000703757202500;202500026681;FAF;INCREMENTO PAP;2E89;ATENÇÃO PRIMÁRIA À SAÚDE;INCREMENTO DO PISO DA ATENÇÃO PRIMÁRIA À SAÚDE - PAP;05626697000124;FUNDO MUNICIPAL DE SAUDE DE SOUSA;8185;22/09/2025;PROPOSTA PAGA;Proposta Paga;01/10/2025;R$272.000,00;R$272.000,00;R$272.000,00
2025;50410001;S.PART.;COMISSÃO DA SAÚDE;3530 / 3999;DAMIÃO FELICIANO / GILBERTO ABRAMO;PB;250240;BONITO DE SANTA FE;MUNICIPAL;COMISSAO;CORRENTE;301;1001;1030151192E890001;15/10/2025;36000712622202500;202500038097;FAF;INCREMENTO PAP;2E89;ATENÇÃO PRIMÁRIA À SAÚDE;INCREMENTO DO PISO DA ATENÇÃO PRIMÁRIA À SAÚDE - PAP;11494230000170;FUNDO MUNICIPAL DE SAUDE BONITO DE SANTA FE;8895;21/11/2025;PROPOSTA PAGA;Proposta Paga;10/12/2025;R$500.000,00;R$500.000,00;R$500.000,00
2025;50410001;S.PART.;COMISSÃO DA SAÚDE;2712;HUGO MOTTA;PB;250860;LUCENA;MUNICIPAL;COMISSAO;CORRENTE;301;1001;1030151192E890001;17/09/2025;36000707552202500;202500031148;FAF;INCREMENTO PAP;2E89;ATENÇÃO PRIMÁRIA À SAÚDE;INCREMENTO DO PISO DA ATENÇÃO PRIMÁRIA À SAÚDE - PAP;11516231000179;FUNDO MUNICIPAL DE SAUDE DE LUCENA;8411;15/10/2025;PROPOSTA PAGA;Proposta Paga;30/10/2025;R$3.000.000,00;R$3.000.000,00;R$3.000.000,00
2025;50410001;S.PART.;COMISSÃO DA SAÚDE;2712 / 4077;HUGO MOTTA / ZÉ VITOR;PB;250937;MATO GROSSO;MUNICIPAL;COMISSAO;CORRENTE;301;1001;1030151192E890001;06/10/2025;36000711150202500;202500039593;FAF;INCREMENTO PAP;2E89;ATENÇÃO PRIMÁRIA À SAÚDE;INCREMENTO DO PISO DA ATENÇÃO PRIMÁRIA À SAÚDE - PAP;11951131000170;FUNDO MUNICIPAL DE SAUDE DE MATO GROSSO PB;9013;01/12/2025;PROPOSTA PAGA;Proposta Paga;22/12/2025;R$424.000,00;R$424.000,00;R$424.000,00
2025;50410002;S.PART.;COMISSÃO DA SAÚDE;2712;HUGO MOTTA;PB;251620;SOUSA;MUNICIPAL;COMISSAO;CORRENTE;302;1001;1030251182E900001;30/09/2025;36000710267202500;202500040147;FAF;INCREMENTO MAC;2E90;ATENÇÃO ESPECIALIZADA À SAÚDE;Incremento Temporário do Teto da Média e Alta Complexidade - MAC;05626697000124;FUNDO MUNICIPAL DE SAUDE DE SOUSA;9119;05/12/2025;PROPOSTA PAGA;Proposta Paga;16/12/2025;R$4.000.000,00;R$4.000.000,00;R$4.000.000,00
2025;50410002;S.PART.;COMISSÃO DA SAÚDE;1283;WILSON SANTIAGO;PB;251680;TRIUNFO;MUNICIPAL;COMISSAO;CORRENTE;302;1001;1030251182E900001;16/09/2025;36000707064202500;202500029324;FAF;INCREMENTO MAC;2E90;ATENÇÃO ESPECIALIZADA À SAÚDE;Incremento Temporário do Teto da Média e Alta Complexidade - MAC;12794460000118;FUNDO MUNICIPAL DE SAUDE DE TRIUNFO;8303;03/10/2025;PROPOSTA PAGA;Proposta Paga;24/10/2025;R$390.000,00;R$390.000,00;R$390.000,00
2025;60060003;S.PART.;COMISSÃO DE ASSUNTOS SOCIAIS - CAS;4088;VENEZIANO VITAL DO RÊGO;PB;251410;SAO JOAO DO TIGRE;MUNICIPAL;COMISSAO;CORRENTE;301;1001;1030151192E890001;09/09/2025;36000703805202500;202500029134;FAF;INCREMENTO PAP;2E89;ATENÇÃO PRIMÁRIA À SAÚDE;INCREMENTO DO PISO DA ATENÇÃO PRIMÁRIA À SAÚDE - PAP;12899907000113;FUNDO MUNICIPAL DE SAUDE;8305;03/10/2025;PROPOSTA PAGA;Proposta Paga;24/10/2025;R$200.000,00;R$200.000,00;R$200.000,00
2025;60060003;S.PART.;COMISSÃO DE ASSUNTOS SOCIAIS - CAS;4088;VENEZIANO VITAL DO RÊGO;PB;251320;SANTA CRUZ;MUNICIPAL;COMISSAO;CORRENTE;301;1001;1030151192E890001;04/09/2025;36000700969202500;202500031156;FAF;INCREMENTO PAP;2E89;ATENÇÃO PRIMÁRIA À SAÚDE;INCREMENTO DO PISO DA ATENÇÃO PRIMÁRIA À SAÚDE - PAP;11181651000141;FUNDO MUNICIPAL DE SAUDE DE SANTA CRUZ - PB;8411;15/10/2025;PROPOSTA PAGA;Proposta Paga;06/11/2025;R$50.000,00;R$50.000,00;R$50.000,00
2025;60060004;S.PART.;COMISSÃO DE ASSUNTOS SOCIAIS - CAS;4088 / 4270;EFRAIM FILHO / VENEZIANO VITAL DO RÊGO;PB;250710;ITAPOROROCA;MUNICIPAL;COMISSAO;CORRENTE;302;1001;1030251182E900001;11/12/2025;36000721853202500;202500041568;FAF;INCREMENTO MAC;2E90;ATENÇÃO ESPECIALIZADA À SAÚDE;Incremento Temporário do Teto da Média e Alta Complexidade - MAC;12099621000153;FUNDO MUNICIPAL DE SAUDE;9412;17/12/2025;PROPOSTA PAGA;Proposta Paga;29/12/2025;R$222.000,00;R$222.000,00;R$222.000,00
2025;60060004;S.PART.;COMISSÃO DE ASSUNTOS SOCIAIS - CAS;4270;EFRAIM FILHO;PB;251490;SAO MAMEDE;MUNICIPAL;COMISSAO;CORRENTE;302;1001;1030251182E900001;25/09/2025;36000709559202500;202500029391;FAF;INCREMENTO MAC;2E90;ATENÇÃO ESPECIALIZADA À SAÚDE;Incremento Temporário do Teto da Média e Alta Complexidade - MAC;04223191000101;FUNDO MUN.DE SAUDE DE SAO MAMEDE-PB;8326;06/10/2025;PROPOSTA PAGA;Proposta Paga;10/11/2025;R$286.739,00;R$286.739,00;R$286.739,00
2025;60060004;S.PART.;COMISSÃO DE ASSUNTOS SOCIAIS - CAS;4088;VENEZIANO VITAL DO RÊGO;PB;251220;PRATA;MUNICIPAL;COMISSAO;CORRENTE;302;1001;1030251182E900001;25/09/2025;36000709512202500;202500039090;FAF;INCREMENTO MAC;2E90;ATENÇÃO ESPECIALIZADA À SAÚDE;Incremento Temporário do Teto da Média e Alta Complexidade - MAC;11356674000140;FUNDO MUNICIPAL DE SAUDE DO MUNICIPIO DE PRATA;8965;27/11/2025;PROPOSTA PAGA;Proposta Paga;16/12/2025;R$100.000,00;R$100.000,00;R$100.000,00
2025;60060003;S.PART.;COMISSÃO DE ASSUNTOS SOCIAIS - CAS;4270;EFRAIM FILHO;PB;251470;SAO JOSE DO SABUGI;MUNICIPAL;COMISSAO;CORRENTE;301;1001;1030151192E890001;07/10/2025;36000711426202500;202500031165;FAF;INCREMENTO PAP;2E89;ATENÇÃO PRIMÁRIA À SAÚDE;INCREMENTO DO PISO DA ATENÇÃO PRIMÁRIA À SAÚDE - PAP;11850135000162;FUNDO MUNICIPAL DE SAUDE DO MUNICIPIO DE SAO JOSE DO SABUGI;8411;15/10/2025;PROPOSTA PAGA;Proposta Paga;06/11/2025;R$599.240,00;R$599.240,00;R$599.240,00
2025;60060003;S.PART.;COMISSÃO DE ASSUNTOS SOCIAIS - CAS;4270;EFRAIM FILHO;PB;250990;NATUBA;MUNICIPAL;COMISSAO;CORRENTE;301;1001;1030151192E890001;21/10/2025;36000713399202500;202500033784;FAF;INCREMENTO PAP;2E89;ATENÇÃO PRIMÁRIA À SAÚDE;INCREMENTO DO PISO DA ATENÇÃO PRIMÁRIA À SAÚDE - PAP;17975221000188;FUNDO MUNICIPAL DE SAUDE DE NATUBA;8545;28/10/2025;PROPOSTA PAGA;Proposta Paga;13/11/2025;R$500.000,00;R$500.000,00;R$500.000,00
2025;60060004;S.PART.;COMISSÃO DE ASSUNTOS SOCIAIS - CAS;4088 / 4270;EFRAIM FILHO / VENEZIANO VITAL DO RÊGO;PB;251470;SAO JOSE DO SABUGI;MUNICIPAL;COMISSAO;CORRENTE;302;1001;1030251182E900001;12/11/2025;36000717648202500;202500037743;FAF;INCREMENTO MAC;2E90;ATENÇÃO ESPECIALIZADA À SAÚDE;Incremento Temporário do Teto da Média e Alta Complexidade - MAC;11850135000162;FUNDO MUNICIPAL DE SAUDE DO MUNICIPIO DE SAO JOSE DO SABUGI;8858;18/11/2025;PROPOSTA PAGA;Proposta Paga;16/12/2025;R$161.364,00;R$161.364,00;R$161.364,00
2025;60060004;S.PART.;COMISSÃO DE ASSUNTOS SOCIAIS - CAS;4088 / 4270;EFRAIM FILHO / VENEZIANO VITAL DO RÊGO;PB;251670;TEIXEIRA;MUNICIPAL;COMISSAO;CORRENTE;302;1001;1030251182E900001;17/09/2025;36000707549202500;202500029244;FAF;INCREMENTO MAC;2E90;ATENÇÃO ESPECIALIZADA À SAÚDE;Incremento Temporário do Teto da Média e Alta Complexidade - MAC;11229326000101;FUNDO MUNICIPAL DE SAUDE;8303;03/10/2025;PROPOSTA PAGA;Proposta Paga;24/10/2025;R$740.000,00;R$740.000,00;R$740.000,00
2025;60060003;S.PART.;COMISSÃO DE ASSUNTOS SOCIAIS - CAS;4141 / 4270;DANIELLA RIBEIRO / EFRAIM FILHO;PB;250030;ALAGOA GRANDE;MUNICIPAL;COMISSAO;CORRENTE;301;1001;1030151192E890001;04/11/2025;36000716381202500;202500037016;FAF;INCREMENTO PAP;2E89;ATENÇÃO PRIMÁRIA À SAÚDE;INCREMENTO DO PISO DA ATENÇÃO PRIMÁRIA À SAÚDE - PAP;17698753000115;FUNDO MUNICIPAL DE SAUDE DE ALAGOA GRANDE;8766;13/11/2025;PROPOSTA PAGA;Proposta Paga;16/12/2025;R$1.000.000,00;R$1.000.000,00;R$1.000.000,00
2025;50410001;S.PART.;COMISSÃO DA SAÚDE;2712 / 4436;HUGO MOTTA / MURILO GALDINO;PB;250570;DONA INES;MUNICIPAL;COMISSAO;CORRENTE;301;1001;1030151192E890001;26/11/2025;36000719417202500;202500040757;FAF;INCREMENTO PAP;2E89;ATENÇÃO PRIMÁRIA À SAÚDE;INCREMENTO DO PISO DA ATENÇÃO PRIMÁRIA À SAÚDE - PAP;11420456000127;DONA INES - FUNDO MUNICIPAL DE SAUDE;9200;09/12/2025;PROPOSTA PAGA;Proposta Paga;22/12/2025;R$100.000,00;R$100.000,00;R$100.000,00
2025;50410001;S.PART.;COMISSÃO DA SAÚDE;2715 / 3997;GERVÁSIO MAIA / RUY CARNEIRO;PB;250640;GURINHEM;MUNICIPAL;COMISSAO;CORRENTE;301;1001;1030151192E890001;23/09/2025;36000708795202500;202500031764;FAF;INCREMENTO PAP;2E89;ATENÇÃO PRIMÁRIA À SAÚDE;INCREMENTO DO PISO DA ATENÇÃO PRIMÁRIA À SAÚDE - PAP;11739873000137;FMS DE GURINHEM;8411;15/10/2025;PROPOSTA PAGA;Proposta Paga;30/10/2025;R$500.000,00;R$500.000,00;R$500.000,00
2025;50410001;S.PART.;COMISSÃO DA SAÚDE;2712;HUGO MOTTA;PB;251455;SAO JOSE DE PRINCESA;MUNICIPAL;COMISSAO;CORRENTE;301;1001;1030151192E890001;03/09/2025;36000699894202500;202500031173;FAF;INCREMENTO PAP;2E89;ATENÇÃO PRIMÁRIA À SAÚDE;INCREMENTO DO PISO DA ATENÇÃO PRIMÁRIA À SAÚDE - PAP;10460712000147;FUNDO MUNICIPAL DE SAUDE DE SAO JOSE DE PRINCESA;8411;15/10/2025;PROPOSTA PAGA;Proposta Paga;30/10/2025;R$1.000.000,00;R$1.000.000,00;R$1.000.000,00
2025;50410002;S.PART.;COMISSÃO DA SAÚDE;2714 / 2715 / 3997 / 3999 / 4468;GERVÁSIO MAIA / GILBERTO ABRAMO / RODRIGO GAMBALE / ROMERO RODRIGUES / RUY CARNEIRO;PB;250750;JOAO PESSOA;ESTADUAL;COMISSAO;CORRENTE;302;1001;1030251182E900001;14/10/2025;36000712604202500;202500041036;FAF;INCREMENTO MAC;2E90;ATENÇÃO ESPECIALIZADA À SAÚDE;Incremento Temporário do Teto da Média e Alta Complexidade - MAC;03609595000175;FUNDO ESTADUAL DE SAUDE DO ESTADO DA PARAIBA - FESEP;9235;11/12/2025;PROPOSTA PAGA;Proposta Paga;29/12/2025;R$225.151,00;R$225.151,00;R$225.151,00
2025;60060003;S.PART.;COMISSÃO DE ASSUNTOS SOCIAIS - CAS;4270;EFRAIM FILHO;PB;251070;PASSAGEM;MUNICIPAL;COMISSAO;CORRENTE;301;1001;1030151192E890001;08/10/2025;36000711644202500;202500031154;FAF;INCREMENTO PAP;2E89;ATENÇÃO PRIMÁRIA À SAÚDE;INCREMENTO DO PISO DA ATENÇÃO PRIMÁRIA À SAÚDE - PAP;12383333000126;FUNDO MUNICIPAL DE SAUDE DE PASSAGEM PB;8411;15/10/2025;PROPOSTA PAGA;Proposta Paga;06/11/2025;R$200.000,00;R$200.000,00;R$200.000,00
2025;60060003;S.PART.;COMISSÃO DE ASSUNTOS SOCIAIS - CAS;4088 / 4141;DANIELLA RIBEIRO / VENEZIANO VITAL DO RÊGO;PB;251580;SERRA REDONDA;MUNICIPAL;COMISSAO;CORRENTE;301;1001;1030151192E890001;03/09/2025;36000699719202500;202500039606;FAF;INCREMENTO PAP;2E89;ATENÇÃO PRIMÁRIA À SAÚDE;INCREMENTO DO PISO DA ATENÇÃO PRIMÁRIA À SAÚDE - PAP;97519352000190;FUNDO MUNICIPAL DE SAUDE;9031;02/12/2025;PROPOSTA PAGA;Proposta Paga;22/12/2025;R$200.000,00;R$200.000,00;R$200.000,00
2025;60060003;S.PART.;COMISSÃO DE ASSUNTOS SOCIAIS - CAS;4141;DANIELLA RIBEIRO;PB;251610;SOLEDADE;MUNICIPAL;COMISSAO;CORRENTE;301;1001;1030151192E890001;10/09/2025;36000704723202500;202500026680;FAF;INCREMENTO PAP;2E89;ATENÇÃO PRIMÁRIA À SAÚDE;INCREMENTO DO PISO DA ATENÇÃO PRIMÁRIA À SAÚDE - PAP;02182502000106;FUNDO MUNICIPAL DE SAUDE DE SOLEDADE;8185;22/09/2025;PROPOSTA PAGA;Proposta Paga;01/10/2025;R$239.000,00;R$239.000,00;R$239.000,00
2025;60060003;S.PART.;COMISSÃO DE ASSUNTOS SOCIAIS - CAS;4270;EFRAIM FILHO;PB;250157;BARRA DE SANTANA;MUNICIPAL;COMISSAO;CORRENTE;301;1001;1030151192E890001;05/12/2025;36000720771202500;202500040753;FAF;INCREMENTO PAP;2E89;ATENÇÃO PRIMÁRIA À SAÚDE;INCREMENTO DO PISO DA ATENÇÃO PRIMÁRIA À SAÚDE - PAP;11109361000197;FUNDO MUNICIPAL DE SAUDE BARRA DE SANTANA;9172;09/12/2025;PROPOSTA PAGA;Proposta Paga;16/12/2025;R$181.000,00;R$181.000,00;R$181.000,00
2025;50410002;S.PART.;COMISSÃO DA SAÚDE;1277;WELLINGTON ROBERTO;PB;251690;UIRAUNA;MUNICIPAL;COMISSAO;CORRENTE;302;1001;1030251182E900001;10/10/2025;36000712040202500;202500038515;FAF;INCREMENTO MAC;2E90;ATENÇÃO ESPECIALIZADA À SAÚDE;Incremento Temporário do Teto da Média e Alta Complexidade - MAC;10435066000168;FUNDO MUNICIPAL DE SAUDE;8886;21/11/2025;PROPOSTA PAGA;Proposta Paga;11/12/2025;R$2.720.000,00;R$2.720.000,00;R$2.720.000,00
2025;60060003;S.PART.;COMISSÃO DE ASSUNTOS SOCIAIS - CAS;4088;VENEZIANO VITAL DO RÊGO;PB;250939;MATUREIA;MUNICIPAL;COMISSAO;CORRENTE;301;1001;1030151192E890001;30/09/2025;36000710306202500;202500029451;FAF;INCREMENTO PAP;2E89;ATENÇÃO PRIMÁRIA À SAÚDE;INCREMENTO DO PISO DA ATENÇÃO PRIMÁRIA À SAÚDE - PAP;11209770000165;FUNDO MUNICIPAL DE SAUDE;8320;06/10/2025;PROPOSTA PAGA;Proposta Paga;24/10/2025;R$300.000,00;R$300.000,00;R$300.000,00
2025;50410002;S.PART.;COMISSÃO DA SAÚDE;3999;GILBERTO ABRAMO;PB;251230;PRINCESA ISABEL;MUNICIPAL;COMISSAO;CORRENTE;302;1001;1030251182E900001;15/10/2025;36000712630202500;202500038510;FAF;INCREMENTO MAC;2E90;ATENÇÃO ESPECIALIZADA À SAÚDE;Incremento Temporário do Teto da Média e Alta Complexidade - MAC;10473821000107;FUNDO MUNICIPAL DE SAUDE DO MUNICIPIO DE PRINCESA ISABEL;8886;21/11/2025;PROPOSTA PAGA;Proposta Paga;11/12/2025;R$1.500.000,00;R$1.500.000,00;R$1.500.000,00
2025;60060004;S.PART.;COMISSÃO DE ASSUNTOS SOCIAIS - CAS;4141;DANIELLA RIBEIRO;PB;251130;PIANCO;MUNICIPAL;COMISSAO;CORRENTE;302;1001;1030251182E900001;01/09/2025;36000696938202500;202500024248;FAF;INCREMENTO MAC;2E90;ATENÇÃO ESPECIALIZADA À SAÚDE;Incremento Temporário do Teto da Média e Alta Complexidade - MAC;04827493000199;FUNDO MUNICIPAL DE SAUDE;8112;16/09/2025;PROPOSTA PAGA;Proposta Paga;24/10/2025;R$728.695,00;R$728.695,00;R$728.695,00
2025;60060004;S.PART.;COMISSÃO DE ASSUNTOS SOCIAIS - CAS;4088;VENEZIANO VITAL DO RÊGO;PB;250010;AGUA BRANCA;MUNICIPAL;COMISSAO;CORRENTE;302;1001;1030251182E900001;04/09/2025;36000701221202500;202500024241;FAF;INCREMENTO MAC;2E90;ATENÇÃO ESPECIALIZADA À SAÚDE;Incremento Temporário do Teto da Média e Alta Complexidade - MAC;10502869000198;FUNDO MUNICIPAL DE SAUDE DE AGUA BRANCA;8112;16/09/2025;PROPOSTA PAGA;Proposta Paga;24/10/2025;R$200.000,00;R$200.000,00;R$200.000,00
2025;50410001;S.PART.;COMISSÃO DA SAÚDE;1271;LUIZ COUTO;PB;250523;CUITE DE MAMANGUAPE;MUNICIPAL;COMISSAO;CORRENTE;301;1001;1030151192E890001;01/09/2025;36000696920202500;202500031132;FAF;INCREMENTO PAP;2E89;ATENÇÃO PRIMÁRIA À SAÚDE;INCREMENTO DO PISO DA ATENÇÃO PRIMÁRIA À SAÚDE - PAP;13099820000124;CUITE DE MAMANGUAPE FUNDO MUNICIPAL DE SAUDE;8411;15/10/2025;PROPOSTA PAGA;Proposta Paga;30/10/2025;R$241.000,00;R$241.000,00;R$241.000,00
2025;50410001;S.PART.;COMISSÃO DA SAÚDE;2712;HUGO MOTTA;PB;251700;UMBUZEIRO;MUNICIPAL;COMISSAO;CORRENTE;301;1001;1030151192E890001;04/09/2025;36000701093202500;202500034693;FAF;INCREMENTO PAP;2E89;ATENÇÃO PRIMÁRIA À SAÚDE;INCREMENTO DO PISO DA ATENÇÃO PRIMÁRIA À SAÚDE - PAP;09494245000197;FUNDO MUNICIPAL DE SAUDE;8598;31/10/2025;PROPOSTA PAGA;Proposta Paga;13/11/2025;R$350.000,00;R$350.000,00;R$350.000,00
2025;60060003;S.PART.;COMISSÃO DE ASSUNTOS SOCIAIS - CAS;4088;VENEZIANO VITAL DO RÊGO;PB;250625;GADO BRAVO;MUNICIPAL;COMISSAO;CORRENTE;301;1001;1030151192E890001;03/09/2025;36000700241202500;202500028054;FAF;INCREMENTO PAP;2E89;ATENÇÃO PRIMÁRIA À SAÚDE;INCREMENTO DO PISO DA ATENÇÃO PRIMÁRIA À SAÚDE - PAP;11136097000180;FUNDO MUNICIPAL DE SAUDE GADO BRAVO;8263;29/09/2025;PROPOSTA PAGA;Proposta Paga;24/10/2025;R$200.000,00;R$200.000,00;R$200.000,00
2025;60060003;S.PART.;COMISSÃO DE ASSUNTOS SOCIAIS - CAS;4088;VENEZIANO VITAL DO RÊGO;PB;250540;DESTERRO;MUNICIPAL;COMISSAO;CORRENTE;301;1001;1030151192E890001;01/09/2025;36000696472202500;202500026673;FAF;INCREMENTO PAP;2E89;ATENÇÃO PRIMÁRIA À SAÚDE;INCREMENTO DO PISO DA ATENÇÃO PRIMÁRIA À SAÚDE - PAP;10493355000113;FUNDO MUNICIPAL DE SAUDE DE DESTERRO;8126;22/09/2025;PROPOSTA PAGA;Proposta Paga;15/10/2025;R$100.000,00;R$100.000,00;R$100.000,00
2025;50410002;S.PART.;COMISSÃO DA SAÚDE;3999;GILBERTO ABRAMO;PB;251230;PRINCESA ISABEL;MUNICIPAL;COMISSAO;CORRENTE;302;1001;1030251182E900001;15/10/2025;36000712632202500;202500038511;FAF;INCREMENTO MAC;2E90;ATENÇÃO ESPECIALIZADA À SAÚDE;Incremento Temporário do Teto da Média e Alta Complexidade - MAC;10473821000107;FUNDO MUNICIPAL DE SAUDE DO MUNICIPIO DE PRINCESA ISABEL;8886;21/11/2025;PROPOSTA PAGA;Proposta Paga;11/12/2025;R$1.000.000,00;R$1.000.000,00;R$1.000.000,00
2025;60060004;S.PART.;COMISSÃO DE ASSUNTOS SOCIAIS - CAS;4088;VENEZIANO VITAL DO RÊGO;PB;250205;BERNARDINO BATISTA;MUNICIPAL;COMISSAO;CORRENTE;302;1001;1030251182E900001;25/09/2025;36000709641202500;202500028831;FAF;INCREMENTO MAC;2E90;ATENÇÃO ESPECIALIZADA À SAÚDE;Incremento Temporário do Teto da Média e Alta Complexidade - MAC;10484826000127;FUNDO MUNICIPAL DE SAUDE;8273;30/09/2025;PROPOSTA PAGA;Proposta Paga;24/10/2025;R$34.928,00;R$34.928,00;R$34.928,00
2025;60060003;S.PART.;COMISSÃO DE ASSUNTOS SOCIAIS - CAS;4088 / 4270;EFRAIM FILHO / VENEZIANO VITAL DO RÊGO;PB;251276;RIACHAO DO POCO;MUNICIPAL;COMISSAO;CORRENTE;301;1001;1030151192E890001;22/09/2025;36000708586202500;202500038142;FAF;INCREMENTO PAP;2E89;ATENÇÃO PRIMÁRIA À SAÚDE;INCREMENTO DO PISO DA ATENÇÃO PRIMÁRIA À SAÚDE - PAP;11975218000188;FUNDO MUNICIPAL DE SAUDE DO MUNICIPIO DE RIACHAO DO POCO;8895;21/11/2025;PROPOSTA PAGA;Proposta Paga;16/12/2025;R$500.000,00;R$500.000,00;R$500.000,00
2025;60060004;S.PART.;COMISSÃO DE ASSUNTOS SOCIAIS - CAS;4088 / 4270;EFRAIM FILHO / VENEZIANO VITAL DO RÊGO;PB;250030;ALAGOA GRANDE;MUNICIPAL;COMISSAO;CORRENTE;302;1001;1030251182E900001;29/09/2025;36000710073202500;202500032292;FAF;INCREMENTO MAC;2E90;ATENÇÃO ESPECIALIZADA À SAÚDE;Incremento Temporário do Teto da Média e Alta Complexidade - MAC;17698753000115;FUNDO MUNICIPAL DE SAUDE DE ALAGOA GRANDE;8442;20/10/2025;PROPOSTA PAGA;Proposta Paga;06/11/2025;R$1.457.344,00;R$1.457.344,00;R$1.457.344,00
2025;50410001;S.PART.;COMISSÃO DA SAÚDE;2714 / 3999 / 4077;GILBERTO ABRAMO / ROMERO RODRIGUES / ZÉ VITOR;PB;250620;FREI MARTINHO;MUNICIPAL;COMISSAO;CORRENTE;301;1001;1030151192E890001;15/09/2025;36000706526202500;202500031139;FAF;INCREMENTO PAP;2E89;ATENÇÃO PRIMÁRIA À SAÚDE;INCREMENTO DO PISO DA ATENÇÃO PRIMÁRIA À SAÚDE - PAP;11252030000101;FUNDO MUNICIPAL DE SAUDE DE FREI MARTINHO;8411;15/10/2025;PROPOSTA PAGA;Proposta Paga;30/10/2025;R$200.000,00;R$200.000,00;R$200.000,00
2025;50410001;S.PART.;COMISSÃO DA SAÚDE;1271 / 2712;HUGO MOTTA / LUIZ COUTO;PB;251100;PEDRA BRANCA;MUNICIPAL;COMISSAO;CORRENTE;301;1001;1030151192E890001;08/09/2025;36000703179202500;202500028063;FAF;INCREMENTO PAP;2E89;ATENÇÃO PRIMÁRIA À SAÚDE;INCREMENTO DO PISO DA ATENÇÃO PRIMÁRIA À SAÚDE - PAP;12051399000119;FUNDO MUNICIPAL DE SAUDE DE PEDRA BRANCA;8260;29/09/2025;PROPOSTA PAGA;Proposta Paga;24/10/2025;R$200.000,00;R$200.000,00;R$200.000,00
2025;50410001;S.PART.;COMISSÃO DA SAÚDE;1283;WILSON SANTIAGO;PB;250780;JUNCO DO SERIDO;MUNICIPAL;COMISSAO;CORRENTE;301;1001;1030151192E890001;17/09/2025;36000707356202500;202500028510;FAF;INCREMENTO PAP;2E89;ATENÇÃO PRIMÁRIA À SAÚDE;INCREMENTO DO PISO DA ATENÇÃO PRIMÁRIA À SAÚDE - PAP;13069201000197;FUNDO MUNICIPAL DE SAUDE DE JUNCO DO SERIDO-PB;8275;30/09/2025;PROPOSTA PAGA;Proposta Paga;24/10/2025;R$400.000,00;R$400.000,00;R$400.000,00
2025;50410001;S.PART.;COMISSÃO DA SAÚDE;2712;HUGO MOTTA;PB;250200;BELEM DO BREJO DO CRUZ;MUNICIPAL;COMISSAO;CORRENTE;301;1001;1030151192E890001;02/09/2025;36000698016202500;202500031113;FAF;INCREMENTO PAP;2E89;ATENÇÃO PRIMÁRIA À SAÚDE;INCREMENTO DO PISO DA ATENÇÃO PRIMÁRIA À SAÚDE - PAP;12461113000173;FUNDO MUNICIPAL DE SAUDE DE BELEM DO BREJO DO CRUZ;8411;15/10/2025;PROPOSTA PAGA;Proposta Paga;30/10/2025;R$1.000.000,00;R$1.000.000,00;R$1.000.000,00
2025;50410001;S.PART.;COMISSÃO DA SAÚDE;4317 / 4436;CABO GILBERTO SILVA / MURILO GALDINO;PB;251200;POCINHOS;MUNICIPAL;COMISSAO;CORRENTE;301;1001;1030151192E890001;09/09/2025;36000703413202500;202500028083;FAF;INCREMENTO PAP;2E89;ATENÇÃO PRIMÁRIA À SAÚDE;INCREMENTO DO PISO DA ATENÇÃO PRIMÁRIA À SAÚDE - PAP;09505246000190;FUNDO MUNICIPAL DE SAUDE - POCINHOS - PARAIBA;8260;29/09/2025;PROPOSTA PAGA;Proposta Paga;24/10/2025;R$1.300.000,00;R$1.300.000,00;R$1.300.000,00
2025;50410001;S.PART.;COMISSÃO DA SAÚDE;2712;HUGO MOTTA;PB;250110;AREIA;MUNICIPAL;COMISSAO;CORRENTE;301;1001;1030151192E890001;09/09/2025;36000703582202500;202500031105;FAF;INCREMENTO PAP;2E89;ATENÇÃO PRIMÁRIA À SAÚDE;INCREMENTO DO PISO DA ATENÇÃO PRIMÁRIA À SAÚDE - PAP;11268285000162;FUNDO MUNICIPAL DE SAUDE;8411;15/10/2025;PROPOSTA PAGA;Proposta Paga;30/10/2025;R$2.000.000,00;R$2.000.000,00;R$2.000.000,00
2025;60060003;S.PART.;COMISSÃO DE ASSUNTOS SOCIAIS - CAS;4088;VENEZIANO VITAL DO RÊGO;PB;250140;BAIA DA TRAICAO;MUNICIPAL;COMISSAO;CORRENTE;301;1001;1030151192E890001;04/09/2025;36000701428202500;202500031111;FAF;INCREMENTO PAP;2E89;ATENÇÃO PRIMÁRIA À SAÚDE;INCREMENTO DO PISO DA ATENÇÃO PRIMÁRIA À SAÚDE - PAP;13923732000103;FUNDO MUNICIPAL DE SAUDE DE BAIA DA TRAICAO-PB;8411;15/10/2025;PROPOSTA PAGA;Proposta Paga;06/11/2025;R$100.000,00;R$100.000,00;R$100.000,00
2025;50410002;S.PART.;COMISSÃO DA SAÚDE;2712 / 4077;HUGO MOTTA / ZÉ VITOR;PB;250080;ARACAGI;MUNICIPAL;COMISSAO;CORRENTE;302;1001;1030251182E900001;10/09/2025;36000704739202500;202500039292;FAF;INCREMENTO MAC;2E90;ATENÇÃO ESPECIALIZADA À SAÚDE;Incremento Temporário do Teto da Média e Alta Complexidade - MAC;12431299000118;ARACAGI - FUNDO MUNICIPAL DE SAUDE;8956;28/11/2025;PROPOSTA PAGA;Proposta Paga;11/12/2025;R$689.723,00;R$689.723,00;R$689.723,00
2025;60060003;S.PART.;COMISSÃO DE ASSUNTOS SOCIAIS - CAS;4088 / 4141;DANIELLA RIBEIRO / VENEZIANO VITAL DO RÊGO;PB;250960;MONTE HOREBE;MUNICIPAL;COMISSAO;CORRENTE;301;1001;1030151192E890001;13/10/2025;36000712319202500;202500032085;FAF;INCREMENTO PAP;2E89;ATENÇÃO PRIMÁRIA À SAÚDE;INCREMENTO DO PISO DA ATENÇÃO PRIMÁRIA À SAÚDE - PAP;12445872000142;FUNDO MUNICIPAL DE SAUDE DO MUNICIPIO DE MONTE HOREBE - PB;8446;20/10/2025;PROPOSTA PAGA;Proposta Paga;06/11/2025;R$300.000,00;R$300.000,00;R$300.000,00
2025;60060003;S.PART.;COMISSÃO DE ASSUNTOS SOCIAIS - CAS;4088 / 4270;EFRAIM FILHO / VENEZIANO VITAL DO RÊGO;PB;250630;GUARABIRA;MUNICIPAL;COMISSAO;CORRENTE;301;1001;1030151192E890001;03/09/2025;36000699958202500;202500025327;FAF;INCREMENTO PAP;2E89;ATENÇÃO PRIMÁRIA À SAÚDE;INCREMENTO DO PISO DA ATENÇÃO PRIMÁRIA À SAÚDE - PAP;13844779000173;GUARABIRA FUNDO MUNICIPAL DE SAUDE;8109;16/09/2025;PROPOSTA PAGA;Proposta Paga;24/10/2025;R$400.000,00;R$400.000,00;R$400.000,00
2025;60060003;S.PART.;COMISSÃO DE ASSUNTOS SOCIAIS - CAS;4088 / 4141;DANIELLA RIBEIRO / VENEZIANO VITAL DO RÊGO;PB;251593;SERTAOZINHO;MUNICIPAL;COMISSAO;CORRENTE;301;1001;1030151192E890001;02/09/2025;36000698262202500;202500026677;FAF;INCREMENTO PAP;2E89;ATENÇÃO PRIMÁRIA À SAÚDE;INCREMENTO DO PISO DA ATENÇÃO PRIMÁRIA À SAÚDE - PAP;11958034000100;FUNDO MUNICIPAL DE SAUDE DO MUNICIPIO DE SERTAOZINHO-PB;8185;22/09/2025;PROPOSTA PAGA;Proposta Paga;01/10/2025;R$400.000,00;R$400.000,00;R$400.000,00
2025;60060004;S.PART.;COMISSÃO DE ASSUNTOS SOCIAIS - CAS;4088;VENEZIANO VITAL DO RÊGO;PB;250820;LAGOA DE DENTRO;MUNICIPAL;COMISSAO;CORRENTE;302;1001;1030251182E900001;03/10/2025;36000710837202500;202500039797;FAF;INCREMENTO MAC;2E90;ATENÇÃO ESPECIALIZADA À SAÚDE;Incremento Temporário do Teto da Média e Alta Complexidade - MAC;12375571000190;LAGOA DE DENTRO - FUNDO MUNICIPAL DE SAUDE;9076;03/12/2025;PROPOSTA PAGA;Proposta Paga;23/12/2025;R$350.000,00;R$350.000,00;R$350.000,00
2025;60060004;S.PART.;COMISSÃO DE ASSUNTOS SOCIAIS - CAS;4088;VENEZIANO VITAL DO RÊGO;PB;250020;AGUIAR;MUNICIPAL;COMISSAO;CORRENTE;302;1001;1030251182E900001;05/09/2025;36000702024202500;202500029815;FAF;INCREMENTO MAC;2E90;ATENÇÃO ESPECIALIZADA À SAÚDE;Incremento Temporário do Teto da Média e Alta Complexidade - MAC;11267041000165;FUNDO MUNICIPAL DE SAUDE;8361;09/10/2025;PROPOSTA PAGA;Proposta Paga;24/10/2025;R$200.000,00;R$200.000,00;R$200.000,00
2025;60060004;S.PART.;COMISSÃO DE ASSUNTOS SOCIAIS - CAS;4088;VENEZIANO VITAL DO RÊGO;PB;250640;GURINHEM;MUNICIPAL;COMISSAO;CORRENTE;302;1001;1030251182E900001;23/09/2025;36000708793202500;202500030485;FAF;INCREMENTO MAC;2E90;ATENÇÃO ESPECIALIZADA À SAÚDE;Incremento Temporário do Teto da Média e Alta Complexidade - MAC;11739873000137;FMS DE GURINHEM;8414;15/10/2025;PROPOSTA PAGA;Proposta Paga;27/10/2025;R$200.000,00;R$200.000,00;R$200.000,00
2025;60060004;S.PART.;COMISSÃO DE ASSUNTOS SOCIAIS - CAS;4088;VENEZIANO VITAL DO RÊGO;PB;250900;MANAIRA;MUNICIPAL;COMISSAO;CORRENTE;302;1001;1030251182E900001;17/09/2025;36000707167202500;202500033488;FAF;INCREMENTO MAC;2E90;ATENÇÃO ESPECIALIZADA À SAÚDE;Incremento Temporário do Teto da Média e Alta Complexidade - MAC;10522238000130;FUNDO MUNICIPAL DE SAUDE DE MANAIRA;8534;24/10/2025;PROPOSTA PAGA;Proposta Paga;10/11/2025;R$200.000,00;R$200.000,00;R$200.000,00
2025;60060004;S.PART.;COMISSÃO DE ASSUNTOS SOCIAIS - CAS;4088;VENEZIANO VITAL DO RÊGO;PB;250920;MASSARANDUBA;MUNICIPAL;COMISSAO;CORRENTE;302;1001;1030251182E900001;29/11/2025;36000719865202500;202500041322;FAF;INCREMENTO MAC;2E90;ATENÇÃO ESPECIALIZADA À SAÚDE;Incremento Temporário do Teto da Média e Alta Complexidade - MAC;10948421000100;FUNDO MUNICIPAL DE SAUDE;9388;16/12/2025;PROPOSTA PAGA;Proposta Paga;29/12/2025;R$200.000,00;R$200.000,00;R$200.000,00
2025;50410001;S.PART.;COMISSÃO DA SAÚDE;3997;GERVÁSIO MAIA;PB;250150;BANANEIRAS;MUNICIPAL;COMISSAO;CORRENTE;301;1001;1030151192E890001;01/09/2025;36000697030202500;202500025292;FAF;INCREMENTO PAP;2E89;ATENÇÃO PRIMÁRIA À SAÚDE;INCREMENTO DO PISO DA ATENÇÃO PRIMÁRIA À SAÚDE - PAP;18730452000194;BANANEIRAS - FUNDO MUNICIPAL DE SAUDE;8109;16/09/2025;PROPOSTA PAGA;Proposta Paga;24/10/2025;R$800.000,00;R$800.000,00;R$800.000,00
2025;60060003;S.PART.;COMISSÃO DE ASSUNTOS SOCIAIS - CAS;4088;VENEZIANO VITAL DO RÊGO;PB;250590;EMAS;MUNICIPAL;COMISSAO;CORRENTE;301;1001;1030151192E890001;03/09/2025;36000700050202500;202500027609;FAF;INCREMENTO PAP;2E89;ATENÇÃO PRIMÁRIA À SAÚDE;INCREMENTO DO PISO DA ATENÇÃO PRIMÁRIA À SAÚDE - PAP;11655026000194;FUNDO MUNICIPAL DE SAUDE;8247;26/09/2025;PROPOSTA PAGA;Proposta Paga;06/11/2025;R$200.000,00;R$200.000,00;R$200.000,00
2025;60060004;S.PART.;COMISSÃO DE ASSUNTOS SOCIAIS - CAS;4141;DANIELLA RIBEIRO;PB;251130;PIANCO;MUNICIPAL;COMISSAO;CORRENTE;302;1001;1030251182E900001;20/10/2025;36000713148202500;202500035586;FAF;INCREMENTO MAC;2E90;ATENÇÃO ESPECIALIZADA À SAÚDE;Incremento Temporário do Teto da Média e Alta Complexidade - MAC;04827493000199;FUNDO MUNICIPAL DE SAUDE;8621;03/11/2025;PROPOSTA PAGA;Proposta Paga;29/12/2025;R$600.000,00;R$600.000,00;R$600.000,00
2025;60060004;S.PART.;COMISSÃO DE ASSUNTOS SOCIAIS - CAS;4088;VENEZIANO VITAL DO RÊGO;PB;250840;LASTRO;MUNICIPAL;COMISSAO;CORRENTE;302;1001;1030251182E900001;05/09/2025;36000702003202500;202500036745;FAF;INCREMENTO MAC;2E90;ATENÇÃO ESPECIALIZADA À SAÚDE;Incremento Temporário do Teto da Média e Alta Complexidade - MAC;11304889000117;FUNDO MUNICIPAL DE SAUDE DE LASTRO;8705;10/11/2025;PROPOSTA PAGA;Proposta Paga;03/06/2026;R$150.000,00;R$150.000,00;R$150.000,00
2025;60060004;S.PART.;COMISSÃO DE ASSUNTOS SOCIAIS - CAS;4088;VENEZIANO VITAL DO RÊGO;PB;250050;ALAGOINHA;MUNICIPAL;COMISSAO;CORRENTE;302;1001;1030251182E900001;26/09/2025;36000709742202500;202500038507;FAF;INCREMENTO MAC;2E90;ATENÇÃO ESPECIALIZADA À SAÚDE;Incremento Temporário do Teto da Média e Alta Complexidade - MAC;11757032000152;FUNDO MUNICIPAL DE SAUDE DE ALAGOINHA;8889;21/11/2025;PROPOSTA PAGA;Proposta Paga;16/12/2025;R$200.000,00;R$200.000,00;R$200.000,00
2025;60060004;S.PART.;COMISSÃO DE ASSUNTOS SOCIAIS - CAS;4141;DANIELLA RIBEIRO;PB;251207;POCO DE JOSE DE MOURA;MUNICIPAL;COMISSAO;CORRENTE;302;1001;1030251182E900001;17/10/2025;36000712983202500;202500035146;FAF;INCREMENTO MAC;2E90;ATENÇÃO ESPECIALIZADA À SAÚDE;Incremento Temporário do Teto da Média e Alta Complexidade - MAC;11472830000138;FUNDO MUNICIPAL DE SAUDE DE POCO DE JOSE DE MOURA;8592;31/10/2025;PROPOSTA PAGA;Proposta Paga;10/11/2025;R$200.000,00;R$200.000,00;R$200.000,00
2025;50410001;S.PART.;COMISSÃO DA SAÚDE;2712 / 2715;HUGO MOTTA / RUY CARNEIRO;PB;250830;LAGOA SECA;MUNICIPAL;COMISSAO;CORRENTE;301;1001;1030151192E890001;13/09/2025;36000705884202500;202500031146;FAF;INCREMENTO PAP;2E89;ATENÇÃO PRIMÁRIA À SAÚDE;INCREMENTO DO PISO DA ATENÇÃO PRIMÁRIA À SAÚDE - PAP;11264183000179;FUNDO MUNICIPAL DE SAUDE;8411;15/10/2025;PROPOSTA PAGA;Proposta Paga;30/10/2025;R$200.000,00;R$200.000,00;R$200.000,00
2025;50410002;S.PART.;COMISSÃO DA SAÚDE;2714 / 2715 / 3997 / 3999 / 4468;GERVÁSIO MAIA / GILBERTO ABRAMO / RODRIGO GAMBALE / ROMERO RODRIGUES / RUY CARNEIRO;PB;250750;JOAO PESSOA;ESTADUAL;COMISSAO;CORRENTE;302;1001;1030251182E900001;06/10/2025;36000711195202500;202500035145;FAF;INCREMENTO MAC;2E90;ATENÇÃO ESPECIALIZADA À SAÚDE;Incremento Temporário do Teto da Média e Alta Complexidade - MAC;03609595000175;FUNDO ESTADUAL DE SAUDE DO ESTADO DA PARAIBA - FESEP;8596;31/10/2025;PROPOSTA PAGA;Proposta Paga;10/11/2025;R$1.600.000,00;R$1.600.000,00;R$1.600.000,00
2025;60060003;S.PART.;COMISSÃO DE ASSUNTOS SOCIAIS - CAS;4270;EFRAIM FILHO;PB;250450;CONDADO;MUNICIPAL;COMISSAO;CORRENTE;301;1001;1030151192E890001;24/09/2025;36000709338202500;202500031126;FAF;INCREMENTO PAP;2E89;ATENÇÃO PRIMÁRIA À SAÚDE;INCREMENTO DO PISO DA ATENÇÃO PRIMÁRIA À SAÚDE - PAP;04275034000140;FUNDO MUNICIPAL DE SAUDE;8411;15/10/2025;PROPOSTA PAGA;Proposta Paga;06/11/2025;R$200.000,00;R$200.000,00;R$200.000,00
2025;60060003;S.PART.;COMISSÃO DE ASSUNTOS SOCIAIS - CAS;4088;VENEZIANO VITAL DO RÊGO;PB;250860;LUCENA;MUNICIPAL;COMISSAO;CORRENTE;301;1001;1030151192E890001;17/09/2025;36000707556202500;202500028520;FAF;INCREMENTO PAP;2E89;ATENÇÃO PRIMÁRIA À SAÚDE;INCREMENTO DO PISO DA ATENÇÃO PRIMÁRIA À SAÚDE - PAP;11516231000179;FUNDO MUNICIPAL DE SAUDE DE LUCENA;8275;30/09/2025;PROPOSTA PAGA;Proposta Paga;24/10/2025;R$200.000,00;R$200.000,00;R$200.000,00
2025;60060003;S.PART.;COMISSÃO DE ASSUNTOS SOCIAIS - CAS;4088;VENEZIANO VITAL DO RÊGO;PB;251315;SANTA CECILIA;MUNICIPAL;COMISSAO;CORRENTE;301;1001;1030151192E890001;25/09/2025;36000709520202500;202500039602;FAF;INCREMENTO PAP;2E89;ATENÇÃO PRIMÁRIA À SAÚDE;INCREMENTO DO PISO DA ATENÇÃO PRIMÁRIA À SAÚDE - PAP;08698105000178;FUNDO MUNICIPAL DE SAUDE SANTA CECILIA;9031;02/12/2025;PROPOSTA PAGA;Proposta Paga;22/12/2025;R$100.000,00;R$100.000,00;R$100.000,00
2025;60060003;S.PART.;COMISSÃO DE ASSUNTOS SOCIAIS - CAS;4088;VENEZIANO VITAL DO RÊGO;PB;251570;SERRA GRANDE;MUNICIPAL;COMISSAO;CORRENTE;301;1001;1030151192E890001;11/09/2025;36000705023202500;202500026676;FAF;INCREMENTO PAP;2E89;ATENÇÃO PRIMÁRIA À SAÚDE;INCREMENTO DO PISO DA ATENÇÃO PRIMÁRIA À SAÚDE - PAP;11588202000112;FUNDO MUNICIPAL DE SAUDE DE SERRA GRANDE;8185;22/09/2025;PROPOSTA PAGA;Proposta Paga;01/10/2025;R$100.000,00;R$100.000,00;R$100.000,00
2025;60060003;S.PART.;COMISSÃO DE ASSUNTOS SOCIAIS - CAS;4088;VENEZIANO VITAL DO RÊGO;PB;251530;SAPE;MUNICIPAL;COMISSAO;CORRENTE;301;1001;1030151192E890001;03/09/2025;36000700586202500;202500032092;FAF;INCREMENTO PAP;2E89;ATENÇÃO PRIMÁRIA À SAÚDE;INCREMENTO DO PISO DA ATENÇÃO PRIMÁRIA À SAÚDE - PAP;08036438000131;FUNDO MUNICIPAL DE SAUDE DE SAPE;8446;20/10/2025;PROPOSTA PAGA;Proposta Paga;06/11/2025;R$200.000,00;R$200.000,00;R$200.000,00
2025;60060003;S.PART.;COMISSÃO DE ASSUNTOS SOCIAIS - CAS;4088;VENEZIANO VITAL DO RÊGO;PB;251550;SERRA BRANCA;MUNICIPAL;COMISSAO;CORRENTE;301;1001;1030151192E890001;10/09/2025;36000704416202500;202500026675;FAF;INCREMENTO PAP;2E89;ATENÇÃO PRIMÁRIA À SAÚDE;INCREMENTO DO PISO DA ATENÇÃO PRIMÁRIA À SAÚDE - PAP;05456092000132;FUNDO MUNICIPAL DE SAUDE;8185;22/09/2025;PROPOSTA PAGA;Proposta Paga;01/10/2025;R$200.000,00;R$200.000,00;R$200.000,00
2025;60060003;S.PART.;COMISSÃO DE ASSUNTOS SOCIAIS - CAS;4270;EFRAIM FILHO;PB;251335;SANTA INES;MUNICIPAL;COMISSAO;CORRENTE;301;1001;1030151192E890001;07/10/2025;36000711390202500;202500037026;FAF;INCREMENTO PAP;2E89;ATENÇÃO PRIMÁRIA À SAÚDE;INCREMENTO DO PISO DA ATENÇÃO PRIMÁRIA À SAÚDE - PAP;14418667000113;FUNDO MUNICIPAL DE SAUDE;8766;13/11/2025;PROPOSTA PAGA;Proposta Paga;16/12/2025;R$213.760,00;R$213.760,00;R$213.760,00
2025;60060003;S.PART.;COMISSÃO DE ASSUNTOS SOCIAIS - CAS;4088 / 4141;DANIELLA RIBEIRO / VENEZIANO VITAL DO RÊGO;PB;250840;LASTRO;MUNICIPAL;COMISSAO;CORRENTE;301;1001;1030151192E890001;03/09/2025;36000699867202500;202500028516;FAF;INCREMENTO PAP;2E89;ATENÇÃO PRIMÁRIA À SAÚDE;INCREMENTO DO PISO DA ATENÇÃO PRIMÁRIA À SAÚDE - PAP;11304889000117;FUNDO MUNICIPAL DE SAUDE DE LASTRO;8275;30/09/2025;PROPOSTA PAGA;Proposta Paga;24/10/2025;R$150.000,00;R$150.000,00;R$150.000,00
2025;60060003;S.PART.;COMISSÃO DE ASSUNTOS SOCIAIS - CAS;4088;VENEZIANO VITAL DO RÊGO;PB;251710;VARZEA;MUNICIPAL;COMISSAO;CORRENTE;301;1001;1030151192E890001;02/09/2025;36000697780202500;202500027620;FAF;INCREMENTO PAP;2E89;ATENÇÃO PRIMÁRIA À SAÚDE;INCREMENTO DO PISO DA ATENÇÃO PRIMÁRIA À SAÚDE - PAP;11228615000196;FUNDO MUNICIPAL DE SAUDE;8247;26/09/2025;PROPOSTA PAGA;Proposta Paga;06/11/2025;R$300.000,00;R$300.000,00;R$300.000,00
2025;60060004;S.PART.;COMISSÃO DE ASSUNTOS SOCIAIS - CAS;4088;VENEZIANO VITAL DO RÊGO;PB;250280;BREJO DO CRUZ;MUNICIPAL;COMISSAO;CORRENTE;302;1001;1030251182E900001;09/09/2025;36000703862202500;202500028832;FAF;INCREMENTO MAC;2E90;ATENÇÃO ESPECIALIZADA À SAÚDE;Incremento Temporário do Teto da Média e Alta Complexidade - MAC;12452534000138;FUNDO MUNICIPAL DE SAUDE DE BREJO DO CRUZ;8273;30/09/2025;PROPOSTA PAGA;Proposta Paga;24/10/2025;R$100.000,00;R$100.000,00;R$100.000,00
2025;60060004;S.PART.;COMISSÃO DE ASSUNTOS SOCIAIS - CAS;4088;VENEZIANO VITAL DO RÊGO;PB;250560;DIAMANTE;MUNICIPAL;COMISSAO;CORRENTE;302;1001;1030251182E900001;16/09/2025;36000706816202500;202500030489;FAF;INCREMENTO MAC;2E90;ATENÇÃO ESPECIALIZADA À SAÚDE;Incremento Temporário do Teto da Média e Alta Complexidade - MAC;10382118000185;FUNDO MUNICIPAL DE SAUDE DE DIAMANTE;8409;15/10/2025;PROPOSTA PAGA;Proposta Paga;10/11/2025;R$100.000,00;R$100.000,00;R$100.000,00
2025;50410002;S.PART.;COMISSÃO DA SAÚDE;2714 / 2715 / 3997 / 3999 / 4468;GERVÁSIO MAIA / GILBERTO ABRAMO / RODRIGO GAMBALE / ROMERO RODRIGUES / RUY CARNEIRO;PB;250750;JOAO PESSOA;ESTADUAL;COMISSAO;CORRENTE;302;1001;1030251182E900001;14/10/2025;36000712605202500;202500041038;FAF;INCREMENTO MAC;2E90;ATENÇÃO ESPECIALIZADA À SAÚDE;Incremento Temporário do Teto da Média e Alta Complexidade - MAC;03609595000175;FUNDO ESTADUAL DE SAUDE DO ESTADO DA PARAIBA - FESEP;9235;11/12/2025;PROPOSTA PAGA;Proposta Paga;29/12/2025;R$1.100.000,00;R$1.100.000,00;R$1.100.000,00
2025;50410001;S.PART.;COMISSÃO DA SAÚDE;2712;HUGO MOTTA;PB;251060;OURO VELHO;MUNICIPAL;COMISSAO;CORRENTE;301;1001;1030151192E890001;13/09/2025;36000705879202500;202500032917;FAF;INCREMENTO PAP;2E89;ATENÇÃO PRIMÁRIA À SAÚDE;INCREMENTO DO PISO DA ATENÇÃO PRIMÁRIA À SAÚDE - PAP;11348410000144;FUNDO MUNICIPAL DE SAUDE DE OURO VELHO;8495;23/10/2025;PROPOSTA PAGA;Proposta Paga;13/11/2025;R$500.000,00;R$500.000,00;R$500.000,00
2025;50410001;S.PART.;COMISSÃO DA SAÚDE;4125;PEDRO LUCAS FERNANDES;PB;251190;PITIMBU;MUNICIPAL;COMISSAO;CORRENTE;301;1001;1030151192E890001;23/09/2025;36000708892202500;202500038106;FAF;INCREMENTO PAP;2E89;ATENÇÃO PRIMÁRIA À SAÚDE;INCREMENTO DO PISO DA ATENÇÃO PRIMÁRIA À SAÚDE - PAP;10557425000150;FUNDO MUNICIPAL DE SAUDE DE PITIMBU;8895;21/11/2025;PROPOSTA PAGA;Proposta Paga;10/12/2025;R$500.000,00;R$500.000,00;R$500.000,00
2025;60060003;S.PART.;COMISSÃO DE ASSUNTOS SOCIAIS - CAS;4270;EFRAIM FILHO;PB;251335;SANTA INES;MUNICIPAL;COMISSAO;CORRENTE;301;1001;1030151192E890001;04/12/2025;36000720685202500;202500043855;FAF;INCREMENTO PAP;2E89;ATENÇÃO PRIMÁRIA À SAÚDE;INCREMENTO DO PISO DA ATENÇÃO PRIMÁRIA À SAÚDE - PAP;14418667000113;FUNDO MUNICIPAL DE SAUDE;9762;30/12/2025;PROPOSTA PAGA;Proposta Paga;12/02/2026;R$200.000,00;R$200.000,00;R$200.000,00
2025;60060003;S.PART.;COMISSÃO DE ASSUNTOS SOCIAIS - CAS;4141 / 4270;DANIELLA RIBEIRO / EFRAIM FILHO;PB;250260;IGARACY;MUNICIPAL;COMISSAO;CORRENTE;301;1001;1030151192E890001;24/09/2025;36000709262202500;202500028071;FAF;INCREMENTO PAP;2E89;ATENÇÃO PRIMÁRIA À SAÚDE;INCREMENTO DO PISO DA ATENÇÃO PRIMÁRIA À SAÚDE - PAP;11463951000113;FUNDO MUNICIPAL DE SAUDE DE IGARACY;8263;29/09/2025;PROPOSTA PAGA;Proposta Paga;06/11/2025;R$1.500.000,00;R$1.500.000,00;R$1.500.000,00
2025;60060004;S.PART.;COMISSÃO DE ASSUNTOS SOCIAIS - CAS;4088 / 4270;EFRAIM FILHO / VENEZIANO VITAL DO RÊGO;PB;250030;ALAGOA GRANDE;MUNICIPAL;COMISSAO;CORRENTE;302;1001;1030251182E900001;05/09/2025;36000701969202500;202500032289;FAF;INCREMENTO MAC;2E90;ATENÇÃO ESPECIALIZADA À SAÚDE;Incremento Temporário do Teto da Média e Alta Complexidade - MAC;17698753000115;FUNDO MUNICIPAL DE SAUDE DE ALAGOA GRANDE;8454;20/10/2025;PROPOSTA PAGA;Proposta Paga;06/11/2025;R$200.000,00;R$200.000,00;R$200.000,00
2025;60060004;S.PART.;COMISSÃO DE ASSUNTOS SOCIAIS - CAS;4141;DANIELLA RIBEIRO;PB;250937;MATO GROSSO;MUNICIPAL;COMISSAO;CORRENTE;302;1001;1030251182E900001;05/12/2025;36000720810202500;202500040927;FAF;INCREMENTO MAC;2E90;ATENÇÃO ESPECIALIZADA À SAÚDE;Incremento Temporário do Teto da Média e Alta Complexidade - MAC;11951131000170;FUNDO MUNICIPAL DE SAUDE DE MATO GROSSO PB;9203;10/12/2025;PROPOSTA PAGA;Proposta Paga;23/12/2025;R$30.000,00;R$30.000,00;R$30.000,00
2025;60060004;S.PART.;COMISSÃO DE ASSUNTOS SOCIAIS - CAS;4270;EFRAIM FILHO;PB;251276;RIACHAO DO POCO;MUNICIPAL;COMISSAO;CORRENTE;302;1001;1030251182E900001;22/09/2025;36000708580202500;202500038948;FAF;INCREMENTO MAC;2E90;ATENÇÃO ESPECIALIZADA À SAÚDE;Incremento Temporário do Teto da Média e Alta Complexidade - MAC;11975218000188;FUNDO MUNICIPAL DE SAUDE DO MUNICIPIO DE RIACHAO DO POCO;8946;26/11/2025;PROPOSTA PAGA;Proposta Paga;16/12/2025;R$30.000,00;R$30.000,00;R$30.000,00
2025;50410001;S.PART.;COMISSÃO DA SAÚDE;1271;LUIZ COUTO;PB;250180;BAYEUX;MUNICIPAL;COMISSAO;CORRENTE;301;1001;1030151192E890001;02/09/2025;36000698135202500;202500025294;FAF;INCREMENTO PAP;2E89;ATENÇÃO PRIMÁRIA À SAÚDE;INCREMENTO DO PISO DA ATENÇÃO PRIMÁRIA À SAÚDE - PAP;11685421000110;FUNDO MUNICIPAL DE SAUDE DE BAYEUX;8109;16/09/2025;PROPOSTA PAGA;Proposta Paga;24/10/2025;R$200.000,00;R$200.000,00;R$200.000,00
2025;50410001;S.PART.;COMISSÃO DA SAÚDE;1271 / 2712;HUGO MOTTA / LUIZ COUTO;PB;251610;SOLEDADE;MUNICIPAL;COMISSAO;CORRENTE;301;1001;1030151192E890001;10/09/2025;36000704690202500;202500026679;FAF;INCREMENTO PAP;2E89;ATENÇÃO PRIMÁRIA À SAÚDE;INCREMENTO DO PISO DA ATENÇÃO PRIMÁRIA À SAÚDE - PAP;02182502000106;FUNDO MUNICIPAL DE SAUDE DE SOLEDADE;8185;22/09/2025;PROPOSTA PAGA;Proposta Paga;01/10/2025;R$200.000,00;R$200.000,00;R$200.000,00
2025;50410001;S.PART.;COMISSÃO DA SAÚDE;4436;MURILO GALDINO;PB;251510;SAO SEBASTIAO DE LAGOA DE ROCA;MUNICIPAL;COMISSAO;CORRENTE;301;1001;1030151192E890001;13/09/2025;36000705899202500;202500029132;FAF;INCREMENTO PAP;2E89;ATENÇÃO PRIMÁRIA À SAÚDE;INCREMENTO DO PISO DA ATENÇÃO PRIMÁRIA À SAÚDE - PAP;11143891000151;FUNDO MUNICIPAL DE SAUDE SAO SEBASTIAO DE LAGOA DE ROCA;8305;03/10/2025;PROPOSTA PAGA;Proposta Paga;24/10/2025;R$238.505,00;R$238.505,00;R$238.505,00
2025;50410001;S.PART.;COMISSÃO DA SAÚDE;2712;HUGO MOTTA;PB;251700;UMBUZEIRO;MUNICIPAL;COMISSAO;CORRENTE;301;1001;1030151192E890001;03/09/2025;36000700156202500;202500034690;FAF;INCREMENTO PAP;2E89;ATENÇÃO PRIMÁRIA À SAÚDE;INCREMENTO DO PISO DA ATENÇÃO PRIMÁRIA À SAÚDE - PAP;09494245000197;FUNDO MUNICIPAL DE SAUDE;8598;31/10/2025;PROPOSTA PAGA;Proposta Paga;13/11/2025;R$80.000,00;R$80.000,00;R$80.000,00
2025;50410001;S.PART.;COMISSÃO DA SAÚDE;3999 / 4077;GILBERTO ABRAMO / ZÉ VITOR;PB;250540;DESTERRO;MUNICIPAL;COMISSAO;CORRENTE;301;1001;1030151192E890001;01/10/2025;36000710561202500;202500039590;FAF;INCREMENTO PAP;2E89;ATENÇÃO PRIMÁRIA À SAÚDE;INCREMENTO DO PISO DA ATENÇÃO PRIMÁRIA À SAÚDE - PAP;10493355000113;FUNDO MUNICIPAL DE SAUDE DE DESTERRO;9013;01/12/2025;PROPOSTA PAGA;Proposta Paga;16/12/2025;R$1.039.567,00;R$1.039.567,00;R$1.039.567,00
2025;50410001;S.PART.;COMISSÃO DA SAÚDE;2714 / 2715 / 3999;GILBERTO ABRAMO / ROMERO RODRIGUES / RUY CARNEIRO;PB;250403;CAPIM;MUNICIPAL;COMISSAO;CORRENTE;301;1001;1030151192E890001;09/09/2025;36000703856202500;202500028033;FAF;INCREMENTO PAP;2E89;ATENÇÃO PRIMÁRIA À SAÚDE;INCREMENTO DO PISO DA ATENÇÃO PRIMÁRIA À SAÚDE - PAP;08730943000181;FUNDO MUNICIPAL DE SAUDE;8260;29/09/2025;PROPOSTA PAGA;Proposta Paga;24/10/2025;R$500.000,00;R$500.000,00;R$500.000,00
2025;50410001;S.PART.;COMISSÃO DA SAÚDE;2715;RUY CARNEIRO;PB;250730;JACARAU;MUNICIPAL;COMISSAO;CORRENTE;301;1001;1030151192E890001;03/10/2025;36000710932202500;202500037024;FAF;INCREMENTO PAP;2E89;ATENÇÃO PRIMÁRIA À SAÚDE;INCREMENTO DO PISO DA ATENÇÃO PRIMÁRIA À SAÚDE - PAP;10486210000195;FUNDO MUNICIPAL DE SAUDE DE JACARAU;8766;13/11/2025;PROPOSTA PAGA;Proposta Paga;10/12/2025;R$500.000,00;R$500.000,00;R$500.000,00
2025;50410001;S.PART.;COMISSÃO DA SAÚDE;2712;HUGO MOTTA;PB;251470;SAO JOSE DO SABUGI;MUNICIPAL;COMISSAO;CORRENTE;301;1001;1030151192E890001;04/09/2025;36000700781202500;202500038112;FAF;INCREMENTO PAP;2E89;ATENÇÃO PRIMÁRIA À SAÚDE;INCREMENTO DO PISO DA ATENÇÃO PRIMÁRIA À SAÚDE - PAP;11850135000162;FUNDO MUNICIPAL DE SAUDE DO MUNICIPIO DE SAO JOSE DO SABUGI;8895;21/11/2025;PROPOSTA PAGA;Proposta Paga;10/12/2025;R$500.000,00;R$500.000,00;R$500.000,00
2025;60060003;S.PART.;COMISSÃO DE ASSUNTOS SOCIAIS - CAS;4088 / 4141;DANIELLA RIBEIRO / VENEZIANO VITAL DO RÊGO;PB;251593;SERTAOZINHO;MUNICIPAL;COMISSAO;CORRENTE;301;1001;1030151192E890001;02/09/2025;36000698293202500;202500026678;FAF;INCREMENTO PAP;2E89;ATENÇÃO PRIMÁRIA À SAÚDE;INCREMENTO DO PISO DA ATENÇÃO PRIMÁRIA À SAÚDE - PAP;11958034000100;FUNDO MUNICIPAL DE SAUDE DO MUNICIPIO DE SERTAOZINHO-PB;8185;22/09/2025;PROPOSTA PAGA;Proposta Paga;01/10/2025;R$200.000,00;R$200.000,00;R$200.000,00
2025;60060003;S.PART.;COMISSÃO DE ASSUNTOS SOCIAIS - CAS;4088 / 4270;EFRAIM FILHO / VENEZIANO VITAL DO RÊGO;PB;250940;MOGEIRO;MUNICIPAL;COMISSAO;CORRENTE;301;1001;1030151192E890001;01/09/2025;36000697132202500;202500032090;FAF;INCREMENTO PAP;2E89;ATENÇÃO PRIMÁRIA À SAÚDE;INCREMENTO DO PISO DA ATENÇÃO PRIMÁRIA À SAÚDE - PAP;10664047000103;FUNDO MUNICIPAL DE SAUDE DE MOGEIRO;8446;20/10/2025;PROPOSTA PAGA;Proposta Paga;06/11/2025;R$300.000,00;R$300.000,00;R$300.000,00
2025;60060004;S.PART.;COMISSÃO DE ASSUNTOS SOCIAIS - CAS;4270;EFRAIM FILHO;PB;251630;SUME;MUNICIPAL;COMISSAO;CORRENTE;302;1001;1030251182E900001;22/09/2025;36000708673202500;202500033491;FAF;INCREMENTO MAC;2E90;ATENÇÃO ESPECIALIZADA À SAÚDE;Incremento Temporário do Teto da Média e Alta Complexidade - MAC;11285069000125;FUNDO MUNICIPAL DE SAUDE;8532;24/10/2025;PROPOSTA PAGA;Proposta Paga;12/02/2026;R$1.955.391,00;R$1.955.391,00;R$1.955.391,00
2025;60060004;S.PART.;COMISSÃO DE ASSUNTOS SOCIAIS - CAS;4088;VENEZIANO VITAL DO RÊGO;PB;251140;PICUI;MUNICIPAL;COMISSAO;CORRENTE;302;1001;1030251182E900001;03/10/2025;36000710953202500;202500042806;FAF;INCREMENTO MAC;2E90;ATENÇÃO ESPECIALIZADA À SAÚDE;Incremento Temporário do Teto da Média e Alta Complexidade - MAC;08619650000121;FUNDO MUNICIPAL DE SAUDE;9599;23/12/2025;PROPOSTA PAGA;Proposta Paga;31/12/2025;R$100.000,00;R$100.000,00;R$100.000,00
2025;60060003;S.PART.;COMISSÃO DE ASSUNTOS SOCIAIS - CAS;4088 / 4141;DANIELLA RIBEIRO / VENEZIANO VITAL DO RÊGO;PB;250523;CUITE DE MAMANGUAPE;MUNICIPAL;COMISSAO;CORRENTE;301;1001;1030151192E890001;10/11/2025;36000717370202500;202500038150;FAF;INCREMENTO PAP;2E89;ATENÇÃO PRIMÁRIA À SAÚDE;INCREMENTO DO PISO DA ATENÇÃO PRIMÁRIA À SAÚDE - PAP;13099820000124;CUITE DE MAMANGUAPE FUNDO MUNICIPAL DE SAUDE;8895;21/11/2025;PROPOSTA PAGA;Proposta Paga;16/12/2025;R$500.000,00;R$500.000,00;R$500.000,00
2025;60060003;S.PART.;COMISSÃO DE ASSUNTOS SOCIAIS - CAS;4088 / 4141;DANIELLA RIBEIRO / VENEZIANO VITAL DO RÊGO;PB;250930;MATARACA;MUNICIPAL;COMISSAO;CORRENTE;301;1001;1030151192E890001;18/09/2025;36000707786202500;202500028526;FAF;INCREMENTO PAP;2E89;ATENÇÃO PRIMÁRIA À SAÚDE;INCREMENTO DO PISO DA ATENÇÃO PRIMÁRIA À SAÚDE - PAP;13070749000157;FUNDO MUNICIPAL DE SAUDE DO MUNICIPIO DE MATARACA-PB;8275;30/09/2025;PROPOSTA PAGA;Proposta Paga;27/10/2025;R$500.000,00;R$500.000,00;R$500.000,00
2025;60060003;S.PART.;COMISSÃO DE ASSUNTOS SOCIAIS - CAS;4270;EFRAIM FILHO;PB;250830;LAGOA SECA;MUNICIPAL;COMISSAO;CORRENTE;301;1001;1030151192E890001;18/09/2025;36000707843202500;202500028515;FAF;INCREMENTO PAP;2E89;ATENÇÃO PRIMÁRIA À SAÚDE;INCREMENTO DO PISO DA ATENÇÃO PRIMÁRIA À SAÚDE - PAP;11264183000179;FUNDO MUNICIPAL DE SAUDE;8275;30/09/2025;PROPOSTA PAGA;Proposta Paga;06/11/2025;R$1.000.000,00;R$1.000.000,00;R$1.000.000,00
2025;60060004;S.PART.;COMISSÃO DE ASSUNTOS SOCIAIS - CAS;4088;VENEZIANO VITAL DO RÊGO;PB;251540;SAO VICENTE DO SERIDO;MUNICIPAL;COMISSAO;CORRENTE;302;1001;1030251182E900001;19/09/2025;36000708032202500;202500029819;FAF;INCREMENTO MAC;2E90;ATENÇÃO ESPECIALIZADA À SAÚDE;Incremento Temporário do Teto da Média e Alta Complexidade - MAC;08573654000116;FUNDO MUNICIPAL DE SAUDE;8371;09/10/2025;PROPOSTA PAGA;Proposta Paga;24/10/2025;R$200.000,00;R$200.000,00;R$200.000,00
2025;50410001;S.PART.;COMISSÃO DA SAÚDE;2712 / 2715;HUGO MOTTA / RUY CARNEIRO;PB;250080;ARACAGI;MUNICIPAL;COMISSAO;CORRENTE;301;1001;1030151192E890001;15/09/2025;36000706177202500;202500028015;FAF;INCREMENTO PAP;2E89;ATENÇÃO PRIMÁRIA À SAÚDE;INCREMENTO DO PISO DA ATENÇÃO PRIMÁRIA À SAÚDE - PAP;12431299000118;ARACAGI - FUNDO MUNICIPAL DE SAUDE;8260;29/09/2025;PROPOSTA PAGA;Proposta Paga;24/10/2025;R$173.532,00;R$173.532,00;R$173.532,00
2025;50410001;S.PART.;COMISSÃO DA SAÚDE;3999;GILBERTO ABRAMO;PB;250880;MALTA;MUNICIPAL;COMISSAO;CORRENTE;301;1001;1030151192E890001;06/10/2025;36000711106202500;202500034679;FAF;INCREMENTO PAP;2E89;ATENÇÃO PRIMÁRIA À SAÚDE;INCREMENTO DO PISO DA ATENÇÃO PRIMÁRIA À SAÚDE - PAP;12460136000163;FUNDO MUNICIPAL DE SAUDE DE MALTA;8598;31/10/2025;PROPOSTA PAGA;Proposta Paga;13/11/2025;R$500.000,00;R$500.000,00;R$500.000,00
2025;50410001;S.PART.;COMISSÃO DA SAÚDE;2712;HUGO MOTTA;PB;250790;JURIPIRANGA;MUNICIPAL;COMISSAO;CORRENTE;301;1001;1030151192E890001;01/09/2025;36000697099202500;202500031145;FAF;INCREMENTO PAP;2E89;ATENÇÃO PRIMÁRIA À SAÚDE;INCREMENTO DO PISO DA ATENÇÃO PRIMÁRIA À SAÚDE - PAP;11164805000197;FUNDO MUNICIPAL DE SAUDE;8411;15/10/2025;PROPOSTA PAGA;Proposta Paga;30/10/2025;R$1.000.000,00;R$1.000.000,00;R$1.000.000,00
2025;60060003;S.PART.;COMISSÃO DE ASSUNTOS SOCIAIS - CAS;4141;DANIELLA RIBEIRO;PB;250200;BELEM DO BREJO DO CRUZ;MUNICIPAL;COMISSAO;CORRENTE;301;1001;1030151192E890001;08/09/2025;36000702835202500;202500032911;FAF;INCREMENTO PAP;2E89;ATENÇÃO PRIMÁRIA À SAÚDE;INCREMENTO DO PISO DA ATENÇÃO PRIMÁRIA À SAÚDE - PAP;12461113000173;FUNDO MUNICIPAL DE SAUDE DE BELEM DO BREJO DO CRUZ;8495;23/10/2025;PROPOSTA PAGA;Proposta Paga;13/11/2025;R$200.000,00;R$200.000,00;R$200.000,00
2025;60060003;S.PART.;COMISSÃO DE ASSUNTOS SOCIAIS - CAS;4141;DANIELLA RIBEIRO;PB;251160;PILOES;MUNICIPAL;COMISSAO;CORRENTE;301;1001;1030151192E890001;08/09/2025;36000703101202500;202500028069;FAF;INCREMENTO PAP;2E89;ATENÇÃO PRIMÁRIA À SAÚDE;INCREMENTO DO PISO DA ATENÇÃO PRIMÁRIA À SAÚDE - PAP;12044868000172;FUNDO MUNICIPAL DE SAUDE - PILOES-PB;8260;29/09/2025;PROPOSTA PAGA;Proposta Paga;24/10/2025;R$200.000,00;R$200.000,00;R$200.000,00
2025;60060003;S.PART.;COMISSÃO DE ASSUNTOS SOCIAIS - CAS;4270;EFRAIM FILHO;PB;250080;ARACAGI;MUNICIPAL;COMISSAO;CORRENTE;301;1001;1030151192E890001;30/09/2025;36000710209202500;202500029442;FAF;INCREMENTO PAP;2E89;ATENÇÃO PRIMÁRIA À SAÚDE;INCREMENTO DO PISO DA ATENÇÃO PRIMÁRIA À SAÚDE - PAP;12431299000118;ARACAGI - FUNDO MUNICIPAL DE SAUDE;8320;06/10/2025;PROPOSTA PAGA;Proposta Paga;06/11/2025;R$1.300.000,00;R$1.300.000,00;R$1.300.000,00
2025;60060004;S.PART.;COMISSÃO DE ASSUNTOS SOCIAIS - CAS;4141;DANIELLA RIBEIRO;PB;251280;RIACHO DOS CAVALOS;MUNICIPAL;COMISSAO;CORRENTE;302;1001;1030251182E900001;07/11/2025;36000717230202500;202500039799;FAF;INCREMENTO MAC;2E90;ATENÇÃO ESPECIALIZADA À SAÚDE;Incremento Temporário do Teto da Média e Alta Complexidade - MAC;12081925000193;RIACHO DOS CAVALOS FUNDO MUNICIPAL DE SAUDE;9076;03/12/2025;PROPOSTA PAGA;Proposta Paga;16/12/2025;R$436.000,00;R$436.000,00;R$436.000,00
2025;60060004;S.PART.;COMISSÃO DE ASSUNTOS SOCIAIS - CAS;4141 / 4270;DANIELLA RIBEIRO / EFRAIM FILHO;PB;250670;IMACULADA;MUNICIPAL;COMISSAO;CORRENTE;302;1001;1030251182E900001;06/11/2025;36000716820202500;202500041266;FAF;INCREMENTO MAC;2E90;ATENÇÃO ESPECIALIZADA À SAÚDE;Incremento Temporário do Teto da Média e Alta Complexidade - MAC;11838404000175;FUNDO MUNICIPAL DE SAUDE DO MUNICIPIO DE IMACULADA;9326;12/12/2025;PROPOSTA PAGA;Proposta Paga;29/12/2025;R$550.000,00;R$550.000,00;R$550.000,00
2025;60060004;S.PART.;COMISSÃO DE ASSUNTOS SOCIAIS - CAS;4270;EFRAIM FILHO;PB;250480;COREMAS;MUNICIPAL;COMISSAO;CORRENTE;302;1001;1030251182E900001;01/10/2025;36000710414202500;202500033960;FAF;INCREMENTO MAC;2E90;ATENÇÃO ESPECIALIZADA À SAÚDE;Incremento Temporário do Teto da Média e Alta Complexidade - MAC;11161210000188;FUNDO MUNICIPAL DE SAUDE;8542;28/10/2025;PROPOSTA PAGA;Proposta Paga;10/11/2025;R$958.298,00;R$958.298,00;R$958.298,00
2025;50410001;S.PART.;COMISSÃO DA SAÚDE;4436;MURILO GALDINO;PB;250625;GADO BRAVO;MUNICIPAL;COMISSAO;CORRENTE;301;1001;1030151192E890001;03/09/2025;36000700232202500;202500025321;FAF;INCREMENTO PAP;2E89;ATENÇÃO PRIMÁRIA À SAÚDE;INCREMENTO DO PISO DA ATENÇÃO PRIMÁRIA À SAÚDE - PAP;11136097000180;FUNDO MUNICIPAL DE SAUDE GADO BRAVO;8109;16/09/2025;PROPOSTA PAGA;Proposta Paga;24/10/2025;R$400.000,00;R$400.000,00;R$400.000,00
2025;50410001;S.PART.;COMISSÃO DA SAÚDE;2712 / 4317;CABO GILBERTO SILVA / HUGO MOTTA;PB;251530;SAPE;MUNICIPAL;COMISSAO;CORRENTE;301;1001;1030151192E890001;03/09/2025;36000700575202500;202500031171;FAF;INCREMENTO PAP;2E89;ATENÇÃO PRIMÁRIA À SAÚDE;INCREMENTO DO PISO DA ATENÇÃO PRIMÁRIA À SAÚDE - PAP;08036438000131;FUNDO MUNICIPAL DE SAUDE DE SAPE;8411;15/10/2025;PROPOSTA PAGA;Proposta Paga;30/10/2025;R$4.000.000,00;R$4.000.000,00;R$4.000.000,00
2025;50410003;S.PART.;COMISSÃO DA SAÚDE;2712;HUGO MOTTA;PB;251660;TAVARES;MUNICIPAL;COMISSAO;CAPITAL;302;3129;10302511885350001;16/09/2025;10598364000125011;202500037917;FAF;EQUIPAMENTO;8535;ATENÇÃO ESPECIALIZADA À SAÚDE;Rede de Atenção Hospitalar - Hospital Geral;10598364000179;FUNDO MUNICIPAL DE SAUDE DE TAVARES;8887;21/11/2025;PROPOSTA PAGA;Proposta Paga;11/12/2025;R$596.690,00;R$596.690,00;R$596.690,00
2025;50410003;S.PART.;COMISSÃO DA SAÚDE;2712;HUGO MOTTA;PB;250073;AMPARO;MUNICIPAL;COMISSAO;CAPITAL;302;3129;10302511885350001;17/09/2025;90861225001;-;CONTRATO DE REPASSE;CONVÊNIO OBRA;8535;ATENÇÃO ESPECIALIZADA À SAÚDE;Políticas de Atenção Ambulatorial Especializada e Serviços Hospitalares de Alta Complexidade - Ambulatório;08612869000107;FUNDO MUNICIPAL DE SAUDE DE AMPARO-PB;991026;08/01/2026;EM ANALISE PELA ÁREA FINALÍSTICA;Proposta Empenhada aguardando Formalização;-;R$963.544,00;R$963.544,00;R$0,00
2025;60060003;S.PART.;COMISSÃO DE ASSUNTOS SOCIAIS - CAS;4141;DANIELLA RIBEIRO;PB;250440;CONCEICAO;MUNICIPAL;COMISSAO;CORRENTE;301;1001;1030151192E890001;10/10/2025;36000711904202500;202500037022;FAF;INCREMENTO PAP;2E89;ATENÇÃO PRIMÁRIA À SAÚDE;INCREMENTO DO PISO DA ATENÇÃO PRIMÁRIA À SAÚDE - PAP;05497410000103;FUNDO MUNICIPAL DE SAUDE DE CONCEICAO;8766;13/11/2025;PROPOSTA PAGA;Proposta Paga;16/12/2025;R$200.000,00;R$200.000,00;R$200.000,00
2025;60060003;S.PART.;COMISSÃO DE ASSUNTOS SOCIAIS - CAS;4088;VENEZIANO VITAL DO RÊGO;PB;250915;MARIZOPOLIS;MUNICIPAL;COMISSAO;CORRENTE;301;1001;1030151192E890001;02/09/2025;36000697447202500;202500025345;FAF;INCREMENTO PAP;2E89;ATENÇÃO PRIMÁRIA À SAÚDE;INCREMENTO DO PISO DA ATENÇÃO PRIMÁRIA À SAÚDE - PAP;11404727000150;FUNDO MUNICIPAL DE SAUDE;8109;16/09/2025;PROPOSTA PAGA;Proposta Paga;24/10/2025;R$200.000,00;R$200.000,00;R$200.000,00
2025;60060003;S.PART.;COMISSÃO DE ASSUNTOS SOCIAIS - CAS;4141;DANIELLA RIBEIRO;PB;250100;ARARUNA;MUNICIPAL;COMISSAO;CORRENTE;301;1001;1030151192E890001;01/10/2025;36000710409202500;202500029443;FAF;INCREMENTO PAP;2E89;ATENÇÃO PRIMÁRIA À SAÚDE;INCREMENTO DO PISO DA ATENÇÃO PRIMÁRIA À SAÚDE - PAP;11667845000151;FUNDO MUNICIPAL DE SAUDE DE ARARUNA PARAIBA;8320;06/10/2025;PROPOSTA PAGA;Proposta Paga;24/10/2025;R$239.695,00;R$239.695,00;R$239.695,00
2025;50410003;S.PART.;COMISSÃO DA SAÚDE;2712;HUGO MOTTA;PB;251455;SAO JOSE DE PRINCESA;MUNICIPAL;COMISSAO;CAPITAL;302;3129;10302511885350001;22/09/2025;10460712000125011;202500043257;FAF;EQUIPAMENTO;8535;ATENÇÃO ESPECIALIZADA À SAÚDE;Políticas de Atenção Ambulatorial Especializada e Serviços Hospitalares de Alta Complexidade - Ambulatório;10460712000147;FUNDO MUNICIPAL DE SAUDE DE SAO JOSE DE PRINCESA;9653;26/12/2025;PROPOSTA PAGA;Proposta Paga;12/02/2026;R$199.872,00;R$199.872,00;R$199.872,00
2025;50410007;S.PART.;COMISSÃO DA SAÚDE;1271;LUIZ COUTO;PB;251700;UMBUZEIRO;MUNICIPAL;COMISSAO;CAPITAL;301;3129;10301511985810001;12/09/2025;09494245000125005;202500033243;FAF;EQUIPAMENTO;8581;ATENÇÃO PRIMÁRIA À SAÚDE;EQUIPAMENTOS - UBS;09494245000197;FUNDO MUNICIPAL DE SAUDE;8501;23/10/2025;PROPOSTA PAGA;Proposta Paga;13/11/2025;R$149.993,00;R$149.993,00;R$149.993,00
2025;50410007;S.PART.;COMISSÃO DA SAÚDE;2712;HUGO MOTTA;PB;250410;CARRAPATEIRA;MUNICIPAL;COMISSAO;CAPITAL;301;3129;10301511985810001;17/09/2025;11579536000125007;202500034993;FAF;EQUIPAMENTO;8581;ATENÇÃO PRIMÁRIA À SAÚDE;EQUIPAMENTOS - UBS;11579536000120;FUNDO MUNICIPAL DE SAUDE;8600;31/10/2025;PROPOSTA PAGA;Proposta Paga;13/11/2025;R$199.687,00;R$199.687,00;R$199.687,00
2025;50410002;S.PART.;COMISSÃO DA SAÚDE;2715;RUY CARNEIRO;PB;250300;CAAPORA;MUNICIPAL;COMISSAO;CORRENTE;302;1001;1030251182E900001;23/09/2025;36000709027202500;202500032551;FAF;INCREMENTO MAC;2E90;ATENÇÃO ESPECIALIZADA À SAÚDE;Incremento Temporário do Teto da Média e Alta Complexidade - MAC;10975044000190;FUNDO MUNICIPAL DE SAUDE - FMS;8479;21/10/2025;PROPOSTA PAGA;Proposta Paga;30/10/2025;R$475.000,00;R$475.000,00;R$475.000,00
2025;50410002;S.PART.;COMISSÃO DA SAÚDE;2714 / 2715 / 3530;DAMIÃO FELICIANO / ROMERO RODRIGUES / RUY CARNEIRO;PB;250400;CAMPINA GRANDE;MUNICIPAL;COMISSAO;CORRENTE;302;1001;1030251182E900001;11/09/2025;36000705098202500;202500029816;FAF;INCREMENTO MAC;2E90;ATENÇÃO ESPECIALIZADA À SAÚDE;Incremento Temporário do Teto da Média e Alta Complexidade - MAC;24513574000121;FUNDO MUNICIPAL DE SAUDE DE CAMPINA GRANDE;8361;09/10/2025;PROPOSTA PAGA;Proposta Paga;24/10/2025;R$2.844.000,00;R$2.844.000,00;R$2.844.000,00
2025;50410003;S.PART.;COMISSÃO DA SAÚDE;2712;HUGO MOTTA;PB;251455;SAO JOSE DE PRINCESA;MUNICIPAL;COMISSAO;CAPITAL;302;3129;10302511885350001;16/09/2025;10460712000125010;202500043256;FAF;EQUIPAMENTO;8535;ATENÇÃO ESPECIALIZADA À SAÚDE;Políticas de Atenção Ambulatorial Especializada e Serviços Hospitalares de Alta Complexidade - Ambulatório;10460712000147;FUNDO MUNICIPAL DE SAUDE DE SAO JOSE DE PRINCESA;9653;26/12/2025;PROPOSTA PAGA;Proposta Paga;12/02/2026;R$327.563,00;R$327.563,00;R$327.563,00
2025;60060003;S.PART.;COMISSÃO DE ASSUNTOS SOCIAIS - CAS;4141;DANIELLA RIBEIRO;PB;251680;TRIUNFO;MUNICIPAL;COMISSAO;CORRENTE;301;1001;1030151192E890001;17/10/2025;36000712988202500;202500033828;FAF;INCREMENTO PAP;2E89;ATENÇÃO PRIMÁRIA À SAÚDE;INCREMENTO DO PISO DA ATENÇÃO PRIMÁRIA À SAÚDE - PAP;12794460000118;FUNDO MUNICIPAL DE SAUDE DE TRIUNFO;8545;28/10/2025;PROPOSTA PAGA;Proposta Paga;13/11/2025;R$300.000,00;R$300.000,00;R$300.000,00
2025;60060003;S.PART.;COMISSÃO DE ASSUNTOS SOCIAIS - CAS;4270;EFRAIM FILHO;PB;251510;SAO SEBASTIAO DE LAGOA DE ROCA;MUNICIPAL;COMISSAO;CORRENTE;301;1001;1030151192E890001;29/09/2025;36000710075202500;202500029127;FAF;INCREMENTO PAP;2E89;ATENÇÃO PRIMÁRIA À SAÚDE;INCREMENTO DO PISO DA ATENÇÃO PRIMÁRIA À SAÚDE - PAP;11143891000151;FUNDO MUNICIPAL DE SAUDE SAO SEBASTIAO DE LAGOA DE ROCA;8305;03/10/2025;PROPOSTA PAGA;Proposta Paga;06/11/2025;R$500.000,00;R$500.000,00;R$500.000,00
2025;60060004;S.PART.;COMISSÃO DE ASSUNTOS SOCIAIS - CAS;4141;DANIELLA RIBEIRO;PB;250070;SAO JOAO DO RIO DO PEIXE;MUNICIPAL;COMISSAO;CORRENTE;302;1001;1030251182E900001;27/11/2025;36000719646202500;202500039966;FAF;INCREMENTO MAC;2E90;ATENÇÃO ESPECIALIZADA À SAÚDE;Incremento Temporário do Teto da Média e Alta Complexidade - MAC;17648806000193;FUNDO MUNICIPAL DE SAUDE DE SAO JOAO DO RIO DO PEIXE;9096;04/12/2025;PROPOSTA PAGA;Proposta Paga;16/12/2025;R$500.000,00;R$500.000,00;R$500.000,00
2025;60060004;S.PART.;COMISSÃO DE ASSUNTOS SOCIAIS - CAS;4088;VENEZIANO VITAL DO RÊGO;PB;250780;JUNCO DO SERIDO;MUNICIPAL;COMISSAO;CORRENTE;302;1001;1030251182E900001;17/09/2025;36000707325202500;202500030492;FAF;INCREMENTO MAC;2E90;ATENÇÃO ESPECIALIZADA À SAÚDE;Incremento Temporário do Teto da Média e Alta Complexidade - MAC;13069201000197;FUNDO MUNICIPAL DE SAUDE DE JUNCO DO SERIDO-PB;8414;15/10/2025;PROPOSTA PAGA;Proposta Paga;27/10/2025;R$200.000,00;R$200.000,00;R$200.000,00
2025;50410001;S.PART.;COMISSÃO DA SAÚDE;2712 / 2715;HUGO MOTTA / RUY CARNEIRO;PB;250080;ARACAGI;MUNICIPAL;COMISSAO;CORRENTE;301;1001;1030151192E890001;15/09/2025;36000706180202500;202500030341;FAF;INCREMENTO PAP;2E89;ATENÇÃO PRIMÁRIA À SAÚDE;INCREMENTO DO PISO DA ATENÇÃO PRIMÁRIA À SAÚDE - PAP;12431299000118;ARACAGI - FUNDO MUNICIPAL DE SAUDE;8382;13/10/2025;PROPOSTA PAGA;Proposta Paga;27/10/2025;R$1.500.000,00;R$1.500.000,00;R$1.500.000,00
2025;50410002;S.PART.;COMISSÃO DA SAÚDE;2714 / 2715 / 3997 / 3999 / 4468;GERVÁSIO MAIA / GILBERTO ABRAMO / RODRIGO GAMBALE / ROMERO RODRIGUES / RUY CARNEIRO;PB;250750;JOAO PESSOA;ESTADUAL;COMISSAO;CORRENTE;302;1001;1030251182E900001;13/11/2025;36000717806202500;202500037899;FAF;INCREMENTO MAC;2E90;ATENÇÃO ESPECIALIZADA À SAÚDE;Incremento Temporário do Teto da Média e Alta Complexidade - MAC;03609595000175;FUNDO ESTADUAL DE SAUDE DO ESTADO DA PARAIBA - FESEP;8876;19/11/2025;PROPOSTA PAGA;Proposta Paga;11/12/2025;R$1.500.000,00;R$1.500.000,00;R$1.500.000,00
2025;50410001;S.PART.;COMISSÃO DA SAÚDE;2715 / 3997;GERVÁSIO MAIA / RUY CARNEIRO;PB;250640;GURINHEM;MUNICIPAL;COMISSAO;CORRENTE;301;1001;1030151192E890001;23/09/2025;36000708796202500;202500029599;FAF;INCREMENTO PAP;2E89;ATENÇÃO PRIMÁRIA À SAÚDE;INCREMENTO DO PISO DA ATENÇÃO PRIMÁRIA À SAÚDE - PAP;11739873000137;FMS DE GURINHEM;8330;07/10/2025;PROPOSTA PAGA;Proposta Paga;24/10/2025;R$500.000,00;R$500.000,00;R$500.000,00
2025;50410001;S.PART.;COMISSÃO DA SAÚDE;2712 / 4436;HUGO MOTTA / MURILO GALDINO;PB;250130;AROEIRAS;MUNICIPAL;COMISSAO;CORRENTE;301;1001;1030151192E890001;29/09/2025;36000709954202500;202500038126;FAF;INCREMENTO PAP;2E89;ATENÇÃO PRIMÁRIA À SAÚDE;INCREMENTO DO PISO DA ATENÇÃO PRIMÁRIA À SAÚDE - PAP;10819820000163;FUNDO MUNICIPAL DE SAUDE;8895;21/11/2025;PROPOSTA PAGA;Proposta Paga;10/12/2025;R$3.000.000,00;R$3.000.000,00;R$3.000.000,00
2025;50410001;S.PART.;COMISSÃO DA SAÚDE;1283;WILSON SANTIAGO;PB;251570;SERRA GRANDE;MUNICIPAL;COMISSAO;CORRENTE;301;1001;1030151192E890001;08/10/2025;36000711539202500;202500034687;FAF;INCREMENTO PAP;2E89;ATENÇÃO PRIMÁRIA À SAÚDE;INCREMENTO DO PISO DA ATENÇÃO PRIMÁRIA À SAÚDE - PAP;11588202000112;FUNDO MUNICIPAL DE SAUDE DE SERRA GRANDE;8598;31/10/2025;PROPOSTA PAGA;Proposta Paga;13/11/2025;R$1.000.000,00;R$1.000.000,00;R$1.000.000,00
2025;60060003;S.PART.;COMISSÃO DE ASSUNTOS SOCIAIS - CAS;4088;VENEZIANO VITAL DO RÊGO;PB;250470;CONGO;MUNICIPAL;COMISSAO;CORRENTE;301;1001;1030151192E890001;25/09/2025;36000709457202500;202500028496;FAF;INCREMENTO PAP;2E89;ATENÇÃO PRIMÁRIA À SAÚDE;INCREMENTO DO PISO DA ATENÇÃO PRIMÁRIA À SAÚDE - PAP;11436548000103;FUNDO MUNICIPAL DE SAUDE - CONGO - PARAIBA;8275;30/09/2025;PROPOSTA PAGA;Proposta Paga;24/10/2025;R$100.000,00;R$100.000,00;R$100.000,00
2025;50410007;S.PART.;COMISSÃO DA SAÚDE;1271;LUIZ COUTO;PB;250700;ITAPORANGA;MUNICIPAL;COMISSAO;CAPITAL;301;3129;10301511985810001;03/09/2025;11174552000125016;202500040960;FAF;EQUIPAMENTO;8581;ATENÇÃO PRIMÁRIA À SAÚDE;EQUIPAMENTOS - UBS;11174552000132;FUNDO MUNICIPAL DE SAUDE DE ITAPORANGA;9219;11/12/2025;PROPOSTA PAGA;Proposta Paga;05/02/2026;R$295.146,00;R$295.146,00;R$295.146,00
2025;60060004;S.PART.;COMISSÃO DE ASSUNTOS SOCIAIS - CAS;4270;EFRAIM FILHO;PB;251490;SAO MAMEDE;MUNICIPAL;COMISSAO;CORRENTE;302;1001;1030251182E900001;25/09/2025;36000709564202500;202500029318;FAF;INCREMENTO MAC;2E90;ATENÇÃO ESPECIALIZADA À SAÚDE;Incremento Temporário do Teto da Média e Alta Complexidade - MAC;04223191000101;FUNDO MUN.DE SAUDE DE SAO MAMEDE-PB;8307;03/10/2025;PROPOSTA PAGA;Proposta Paga;10/11/2025;R$97.856,00;R$97.856,00;R$97.856,00
2025;60060004;S.PART.;COMISSÃO DE ASSUNTOS SOCIAIS - CAS;4270;EFRAIM FILHO;PB;251110;PEDRA LAVRADA;MUNICIPAL;COMISSAO;CORRENTE;302;1001;1030251182E900001;03/10/2025;36000710939202500;202500032294;FAF;INCREMENTO MAC;2E90;ATENÇÃO ESPECIALIZADA À SAÚDE;Incremento Temporário do Teto da Média e Alta Complexidade - MAC;08932293000157;FUNDO MUNICIPAL DE SAUDE DE PEDRA LAVRADA;8442;20/10/2025;PROPOSTA PAGA;Proposta Paga;06/11/2025;R$300.000,00;R$300.000,00;R$300.000,00
2025;60060003;S.PART.;COMISSÃO DE ASSUNTOS SOCIAIS - CAS;4270;EFRAIM FILHO;PB;250280;BREJO DO CRUZ;MUNICIPAL;COMISSAO;CORRENTE;301;1001;1030151192E890001;17/09/2025;36000707142202500;202500028495;FAF;INCREMENTO PAP;2E89;ATENÇÃO PRIMÁRIA À SAÚDE;INCREMENTO DO PISO DA ATENÇÃO PRIMÁRIA À SAÚDE - PAP;12452534000138;FUNDO MUNICIPAL DE SAUDE DE BREJO DO CRUZ;8275;30/09/2025;PROPOSTA PAGA;Proposta Paga;06/11/2025;R$1.000.000,00;R$1.000.000,00;R$1.000.000,00
2025;60060004;S.PART.;COMISSÃO DE ASSUNTOS SOCIAIS - CAS;4088 / 4141 / 4270;DANIELLA RIBEIRO / EFRAIM FILHO / VENEZIANO VITAL DO RÊGO;PB;250750;JOAO PESSOA;ESTADUAL;COMISSAO;CORRENTE;302;1001;1030251182E900001;09/10/2025;36000711877202500;202500032556;FAF;INCREMENTO MAC;2E90;ATENÇÃO ESPECIALIZADA À SAÚDE;Incremento Temporário do Teto da Média e Alta Complexidade - MAC;03609595000175;FUNDO ESTADUAL DE SAUDE DO ESTADO DA PARAIBA - FESEP;8474;21/10/2025;PROPOSTA PAGA;Proposta Paga;06/11/2025;R$7.500.000,00;R$7.500.000,00;R$7.500.000,00
2025;60060004;S.PART.;COMISSÃO DE ASSUNTOS SOCIAIS - CAS;4088;VENEZIANO VITAL DO RÊGO;PB;251510;SAO SEBASTIAO DE LAGOA DE ROCA;MUNICIPAL;COMISSAO;CORRENTE;302;1001;1030251182E900001;13/09/2025;36000705897202500;202500029320;FAF;INCREMENTO MAC;2E90;ATENÇÃO ESPECIALIZADA À SAÚDE;Incremento Temporário do Teto da Média e Alta Complexidade - MAC;11143891000151;FUNDO MUNICIPAL DE SAUDE SAO SEBASTIAO DE LAGOA DE ROCA;8307;03/10/2025;PROPOSTA PAGA;Proposta Paga;24/10/2025;R$200.000,00;R$200.000,00;R$200.000,00
2025;50410001;S.PART.;COMISSÃO DA SAÚDE;2712 / 2715;HUGO MOTTA / RUY CARNEIRO;PB;250720;ITATUBA;MUNICIPAL;COMISSAO;CORRENTE;301;1001;1030151192E890001;05/09/2025;36000701866202500;202500028501;FAF;INCREMENTO PAP;2E89;ATENÇÃO PRIMÁRIA À SAÚDE;INCREMENTO DO PISO DA ATENÇÃO PRIMÁRIA À SAÚDE - PAP;12306005000126;FUNDO MUNICIPAL DE SAUDE;8275;30/09/2025;PROPOSTA PAGA;Proposta Paga;24/10/2025;R$732.468,00;R$732.468,00;R$732.468,00
2025;50410001;S.PART.;COMISSÃO DA SAÚDE;2712;HUGO MOTTA;PB;250770;JUAZEIRINHO;MUNICIPAL;COMISSAO;CORRENTE;301;1001;1030151192E890001;03/10/2025;36000710976202500;202500034678;FAF;INCREMENTO PAP;2E89;ATENÇÃO PRIMÁRIA À SAÚDE;INCREMENTO DO PISO DA ATENÇÃO PRIMÁRIA À SAÚDE - PAP;11277311000119;FUNDO MUNICIPAL DE SAUDE DE JUAZEIRINHO;8598;31/10/2025;PROPOSTA PAGA;Proposta Paga;13/11/2025;R$1.500.000,00;R$1.500.000,00;R$1.500.000,00
2025;50410001;S.PART.;COMISSÃO DA SAÚDE;3999;GILBERTO ABRAMO;PB;250340;CACIMBA DE AREIA;MUNICIPAL;COMISSAO;CORRENTE;301;1001;1030151192E890001;13/10/2025;36000712149202500;202500038147;FAF;INCREMENTO PAP;2E89;ATENÇÃO PRIMÁRIA À SAÚDE;INCREMENTO DO PISO DA ATENÇÃO PRIMÁRIA À SAÚDE - PAP;10460927000168;FUNDO MUNICIPAL DE SAUDE DE CACIMBA DE AREIA;8895;21/11/2025;PROPOSTA PAGA;Proposta Paga;10/12/2025;R$800.000,00;R$800.000,00;R$800.000,00
2025;50410001;S.PART.;COMISSÃO DA SAÚDE;1283;WILSON SANTIAGO;PB;251203;POCO DANTAS;MUNICIPAL;COMISSAO;CORRENTE;301;1001;1030151192E890001;02/09/2025;36000697985202500;202500032086;FAF;INCREMENTO PAP;2E89;ATENÇÃO PRIMÁRIA À SAÚDE;INCREMENTO DO PISO DA ATENÇÃO PRIMÁRIA À SAÚDE - PAP;08743272000193;FUNDO MUNICIPAL DE SAUDE;8446;20/10/2025;PROPOSTA PAGA;Proposta Paga;30/10/2025;R$500.000,00;R$500.000,00;R$500.000,00
2025;50410001;S.PART.;COMISSÃO DA SAÚDE;2712 / 4317;CABO GILBERTO SILVA / HUGO MOTTA;PB;251530;SAPE;MUNICIPAL;COMISSAO;CORRENTE;301;1001;1030151192E890001;08/10/2025;36000711651202500;202500041872;FAF;INCREMENTO PAP;2E89;ATENÇÃO PRIMÁRIA À SAÚDE;INCREMENTO DO PISO DA ATENÇÃO PRIMÁRIA À SAÚDE - PAP;08036438000131;FUNDO MUNICIPAL DE SAUDE DE SAPE;9408;17/12/2025;PROPOSTA PAGA;Proposta Paga;29/12/2025;R$3.000.000,00;R$3.000.000,00;R$3.000.000,00
2025;50410001;S.PART.;COMISSÃO DA SAÚDE;1283 / 2714;ROMERO RODRIGUES / WILSON SANTIAGO;PB;251680;TRIUNFO;MUNICIPAL;COMISSAO;CORRENTE;301;1001;1030151192E890001;17/09/2025;36000707448202500;202500030349;FAF;INCREMENTO PAP;2E89;ATENÇÃO PRIMÁRIA À SAÚDE;INCREMENTO DO PISO DA ATENÇÃO PRIMÁRIA À SAÚDE - PAP;12794460000118;FUNDO MUNICIPAL DE SAUDE DE TRIUNFO;8382;13/10/2025;PROPOSTA PAGA;Proposta Paga;27/10/2025;R$1.000.000,00;R$1.000.000,00;R$1.000.000,00
2025;50410001;S.PART.;COMISSÃO DA SAÚDE;2712 / 3530;DAMIÃO FELICIANO / HUGO MOTTA;PB;251490;SAO MAMEDE;MUNICIPAL;COMISSAO;CORRENTE;301;1001;1030151192E890001;10/09/2025;36000704336202500;202500039604;FAF;INCREMENTO PAP;2E89;ATENÇÃO PRIMÁRIA À SAÚDE;INCREMENTO DO PISO DA ATENÇÃO PRIMÁRIA À SAÚDE - PAP;04223191000101;FUNDO MUN.DE SAUDE DE SAO MAMEDE-PB;9013;01/12/2025;PROPOSTA PAGA;Proposta Paga;22/12/2025;R$1.321.254,00;R$1.321.254,00;R$1.321.254,00
2025;50410003;S.PART.;COMISSÃO DA SAÚDE;2712;HUGO MOTTA;PB;250890;MAMANGUAPE;MUNICIPAL;COMISSAO;CAPITAL;302;3129;10302511885350001;22/09/2025;90867425001;-;CONTRATO DE REPASSE;CONVÊNIO OBRA;8535;ATENÇÃO ESPECIALIZADA À SAÚDE;Políticas de Atenção Ambulatorial Especializada e Serviços Hospitalares de Alta Complexidade - Ambulatório;08674396000164;FUNDO MUNICIPAL DE SAUDE DE MAMANGUAPE;990315;08/01/2026;EM ANALISE PELA ÁREA FINALÍSTICA;Proposta Empenhada aguardando Formalização;-;R$3.352.200,00;R$3.352.200,00;R$0,00
2025;60060003;S.PART.;COMISSÃO DE ASSUNTOS SOCIAIS - CAS;4088;VENEZIANO VITAL DO RÊGO;PB;250230;BOM SUCESSO;MUNICIPAL;COMISSAO;CORRENTE;301;1001;1030151192E890001;15/09/2025;36000706199202500;202500031118;FAF;INCREMENTO PAP;2E89;ATENÇÃO PRIMÁRIA À SAÚDE;INCREMENTO DO PISO DA ATENÇÃO PRIMÁRIA À SAÚDE - PAP;12403050000107;FUNDO MUNICIPAL DE SAUDE - FMS;8411;15/10/2025;PROPOSTA PAGA;Proposta Paga;06/11/2025;R$200.000,00;R$200.000,00;R$200.000,00
2025;60060003;S.PART.;COMISSÃO DE ASSUNTOS SOCIAIS - CAS;4088 / 4270;EFRAIM FILHO / VENEZIANO VITAL DO RÊGO;PB;251110;PEDRA LAVRADA;MUNICIPAL;COMISSAO;CORRENTE;301;1001;1030151192E890001;08/09/2025;36000703273202500;202500028077;FAF;INCREMENTO PAP;2E89;ATENÇÃO PRIMÁRIA À SAÚDE;INCREMENTO DO PISO DA ATENÇÃO PRIMÁRIA À SAÚDE - PAP;08932293000157;FUNDO MUNICIPAL DE SAUDE DE PEDRA LAVRADA;8260;29/09/2025;PROPOSTA PAGA;Proposta Paga;24/10/2025;R$200.000,00;R$200.000,00;R$200.000,00
2025;60060003;S.PART.;COMISSÃO DE ASSUNTOS SOCIAIS - CAS;4141;DANIELLA RIBEIRO;PB;251385;SANTO ANDRE;MUNICIPAL;COMISSAO;CORRENTE;301;1001;1030151192E890001;08/09/2025;36000702961202500;202500031170;FAF;INCREMENTO PAP;2E89;ATENÇÃO PRIMÁRIA À SAÚDE;INCREMENTO DO PISO DA ATENÇÃO PRIMÁRIA À SAÚDE - PAP;11411482000199;FUNDO MUNICIPAL DE SAUDE DE SANTO ANDRE;8411;15/10/2025;PROPOSTA PAGA;Proposta Paga;06/11/2025;R$200.000,00;R$200.000,00;R$200.000,00
2025;60060003;S.PART.;COMISSÃO DE ASSUNTOS SOCIAIS - CAS;4270;EFRAIM FILHO;PB;250720;ITATUBA;MUNICIPAL;COMISSAO;CORRENTE;301;1001;1030151192E890001;24/09/2025;36000709313202500;202500028503;FAF;INCREMENTO PAP;2E89;ATENÇÃO PRIMÁRIA À SAÚDE;INCREMENTO DO PISO DA ATENÇÃO PRIMÁRIA À SAÚDE - PAP;12306005000126;FUNDO MUNICIPAL DE SAUDE;8275;30/09/2025;PROPOSTA PAGA;Proposta Paga;06/11/2025;R$324.230,00;R$324.230,00;R$324.230,00
2025;60060004;S.PART.;COMISSÃO DE ASSUNTOS SOCIAIS - CAS;4088 / 4141;DANIELLA RIBEIRO / VENEZIANO VITAL DO RÊGO;PB;250510;CUITE;MUNICIPAL;COMISSAO;CORRENTE;302;1001;1030251182E900001;21/10/2025;36000713663202500;202500037741;FAF;INCREMENTO MAC;2E90;ATENÇÃO ESPECIALIZADA À SAÚDE;Incremento Temporário do Teto da Média e Alta Complexidade - MAC;11404674000178;FUNDO MUNICIPAL DE SAUDE;8858;18/11/2025;PROPOSTA PAGA;Proposta Paga;16/12/2025;R$600.000,00;R$600.000,00;R$600.000,00
2025;60060003;S.PART.;COMISSÃO DE ASSUNTOS SOCIAIS - CAS;4088 / 4141;DANIELLA RIBEIRO / VENEZIANO VITAL DO RÊGO;PB;250680;INGA;MUNICIPAL;COMISSAO;CORRENTE;301;1001;1030151192E890001;22/10/2025;36000713990202500;202500037571;FAF;INCREMENTO PAP;2E89;ATENÇÃO PRIMÁRIA À SAÚDE;INCREMENTO DO PISO DA ATENÇÃO PRIMÁRIA À SAÚDE - PAP;08610110000187;FUNDO MUNICIPAL DE SAUDE DE INGA/PB;8865;18/11/2025;PROPOSTA PAGA;Proposta Paga;16/12/2025;R$2.000.000,00;R$2.000.000,00;R$2.000.000,00
2025;60060004;S.PART.;COMISSÃO DE ASSUNTOS SOCIAIS - CAS;4088;VENEZIANO VITAL DO RÊGO;PB;251290;RIO TINTO;MUNICIPAL;COMISSAO;CORRENTE;302;1001;1030251182E900001;30/11/2025;36000719898202500;202500040364;FAF;INCREMENTO MAC;2E90;ATENÇÃO ESPECIALIZADA À SAÚDE;Incremento Temporário do Teto da Média e Alta Complexidade - MAC;12457150000108;FUNDO MUNICIPAL DE SAUDE DE RIO TINTO;9167;08/12/2025;PROPOSTA PAGA;Proposta Paga;16/12/2025;R$500.000,00;R$500.000,00;R$500.000,00
2025;60060004;S.PART.;COMISSÃO DE ASSUNTOS SOCIAIS - CAS;4141;DANIELLA RIBEIRO;PB;251270;REMIGIO;MUNICIPAL;COMISSAO;CORRENTE;302;1001;1030251182E900001;22/10/2025;36000713795202500;202500037144;FAF;INCREMENTO MAC;2E90;ATENÇÃO ESPECIALIZADA À SAÚDE;Incremento Temporário do Teto da Média e Alta Complexidade - MAC;11376311000176;FUNDO MUNICIPAL DE SAUDE - REMIGIO - PB;8797;13/11/2025;PROPOSTA PAGA;Proposta Paga;16/12/2025;R$800.000,00;R$800.000,00;R$800.000,00
2025;50410001;S.PART.;COMISSÃO DA SAÚDE;3997;GERVÁSIO MAIA;PB;250470;CONGO;MUNICIPAL;COMISSAO;CORRENTE;301;1001;1030151192E890001;18/11/2025;36000718479202500;202500040032;FAF;INCREMENTO PAP;2E89;ATENÇÃO PRIMÁRIA À SAÚDE;INCREMENTO DO PISO DA ATENÇÃO PRIMÁRIA À SAÚDE - PAP;11436548000103;FUNDO MUNICIPAL DE SAUDE - CONGO - PARAIBA;9098;04/12/2025;PROPOSTA PAGA;Proposta Paga;16/12/2025;R$200.000,00;R$200.000,00;R$200.000,00
2025;50410001;S.PART.;COMISSÃO DA SAÚDE;1271;LUIZ COUTO;PB;250355;CACIMBAS;MUNICIPAL;COMISSAO;CORRENTE;301;1001;1030151192E890001;10/09/2025;36000704377202500;202500028027;FAF;INCREMENTO PAP;2E89;ATENÇÃO PRIMÁRIA À SAÚDE;INCREMENTO DO PISO DA ATENÇÃO PRIMÁRIA À SAÚDE - PAP;10541009000163;FUNDO MUNICIPAL DE SAUDE DE CACIMBAS;8260;29/09/2025;PROPOSTA PAGA;Proposta Paga;24/10/2025;R$100.000,00;R$100.000,00;R$100.000,00
2025;50410001;S.PART.;COMISSÃO DA SAÚDE;3997;GERVÁSIO MAIA;PB;250040;ALAGOA NOVA;MUNICIPAL;COMISSAO;CORRENTE;301;1001;1030151192E890001;01/09/2025;36000696803202500;202500029441;FAF;INCREMENTO PAP;2E89;ATENÇÃO PRIMÁRIA À SAÚDE;INCREMENTO DO PISO DA ATENÇÃO PRIMÁRIA À SAÚDE - PAP;11838096000188;FUNDO MUNICIPAL DE SAUDE DE ALAGOA NOVA;8320;06/10/2025;PROPOSTA PAGA;Proposta Paga;24/10/2025;R$800.000,00;R$800.000,00;R$800.000,00
2025;50410001;S.PART.;COMISSÃO DA SAÚDE;1283;WILSON SANTIAGO;PB;250020;AGUIAR;MUNICIPAL;COMISSAO;CORRENTE;301;1001;1030151192E890001;09/09/2025;36000703808202500;202500028017;FAF;INCREMENTO PAP;2E89;ATENÇÃO PRIMÁRIA À SAÚDE;INCREMENTO DO PISO DA ATENÇÃO PRIMÁRIA À SAÚDE - PAP;11267041000165;FUNDO MUNICIPAL DE SAUDE;8260;29/09/2025;PROPOSTA PAGA;Proposta Paga;24/10/2025;R$500.588,00;R$500.588,00;R$500.588,00
2025;50410001;S.PART.;COMISSÃO DA SAÚDE;3999;GILBERTO ABRAMO;PB;251675;TENORIO;MUNICIPAL;COMISSAO;CORRENTE;301;1001;1030151192E890001;03/10/2025;36000710850202500;202500034689;FAF;INCREMENTO PAP;2E89;ATENÇÃO PRIMÁRIA À SAÚDE;INCREMENTO DO PISO DA ATENÇÃO PRIMÁRIA À SAÚDE - PAP;11793042000143;FUNDO MUNICIPAL DE SAUDE DE TENORIO;8598;31/10/2025;PROPOSTA PAGA;Proposta Paga;13/11/2025;R$1.000.000,00;R$1.000.000,00;R$1.000.000,00
2025;50410002;S.PART.;COMISSÃO DA SAÚDE;2712 / 4077;HUGO MOTTA / ZÉ VITOR;PB;251455;SAO JOSE DE PRINCESA;MUNICIPAL;COMISSAO;CORRENTE;302;1001;1030251182E900001;18/12/2025;36000722688202500;202500042589;FAF;INCREMENTO MAC;2E90;ATENÇÃO ESPECIALIZADA À SAÚDE;Incremento Temporário do Teto da Média e Alta Complexidade - MAC;10460712000147;FUNDO MUNICIPAL DE SAUDE DE SAO JOSE DE PRINCESA;9580;22/12/2025;PROPOSTA PAGA;Proposta Paga;29/12/2025;R$72.336,00;R$72.336,00;R$72.336,00
2025;50410001;S.PART.;COMISSÃO DA SAÚDE;2712 / 4436;HUGO MOTTA / MURILO GALDINO;PB;250130;AROEIRAS;MUNICIPAL;COMISSAO;CORRENTE;301;1001;1030151192E890001;08/09/2025;36000703102202500;202500028018;FAF;INCREMENTO PAP;2E89;ATENÇÃO PRIMÁRIA À SAÚDE;INCREMENTO DO PISO DA ATENÇÃO PRIMÁRIA À SAÚDE - PAP;10819820000163;FUNDO MUNICIPAL DE SAUDE;8260;29/09/2025;PROPOSTA PAGA;Proposta Paga;24/10/2025;R$1.300.000,00;R$1.300.000,00;R$1.300.000,00
2025;50410002;S.PART.;COMISSÃO DA SAÚDE;3997;GERVÁSIO MAIA;PB;250600;ESPERANCA;MUNICIPAL;COMISSAO;CORRENTE;302;1001;1030251182E900001;08/09/2025;36000703382202500;202500028835;FAF;INCREMENTO MAC;2E90;ATENÇÃO ESPECIALIZADA À SAÚDE;Incremento Temporário do Teto da Média e Alta Complexidade - MAC;12011984000195;FUNDO MUNICIPAL DE SAUDE;8268;30/09/2025;PROPOSTA PAGA;Proposta Paga;24/10/2025;R$1.000.000,00;R$1.000.000,00;R$1.000.000,00
2025;60060003;S.PART.;COMISSÃO DE ASSUNTOS SOCIAIS - CAS;4270;EFRAIM FILHO;PB;250480;COREMAS;MUNICIPAL;COMISSAO;CORRENTE;301;1001;1030151192E890001;01/10/2025;36000710422202500;202500031129;FAF;INCREMENTO PAP;2E89;ATENÇÃO PRIMÁRIA À SAÚDE;INCREMENTO DO PISO DA ATENÇÃO PRIMÁRIA À SAÚDE - PAP;11161210000188;FUNDO MUNICIPAL DE SAUDE;8411;15/10/2025;PROPOSTA PAGA;Proposta Paga;06/11/2025;R$1.000.000,00;R$1.000.000,00;R$1.000.000,00
2025;60060004;S.PART.;COMISSÃO DE ASSUNTOS SOCIAIS - CAS;4088;VENEZIANO VITAL DO RÊGO;PB;250360;CAICARA;MUNICIPAL;COMISSAO;CORRENTE;302;1001;1030251182E900001;10/09/2025;36000704270202500;202500028833;FAF;INCREMENTO MAC;2E90;ATENÇÃO ESPECIALIZADA À SAÚDE;Incremento Temporário do Teto da Média e Alta Complexidade - MAC;17577160000109;FUNDO MUNICIPAL DE SAUDE DE CAICARA;8268;30/09/2025;PROPOSTA PAGA;Proposta Paga;24/10/2025;R$200.000,00;R$200.000,00;R$200.000,00
2025;50410001;S.PART.;COMISSÃO DA SAÚDE;3530 / 3999;DAMIÃO FELICIANO / GILBERTO ABRAMO;PB;250240;BONITO DE SANTA FE;MUNICIPAL;COMISSAO;CORRENTE;301;1001;1030151192E890001;23/09/2025;36000708983202500;202500038144;FAF;INCREMENTO PAP;2E89;ATENÇÃO PRIMÁRIA À SAÚDE;INCREMENTO DO PISO DA ATENÇÃO PRIMÁRIA À SAÚDE - PAP;11494230000170;FUNDO MUNICIPAL DE SAUDE BONITO DE SANTA FE;8895;21/11/2025;PROPOSTA PAGA;Proposta Paga;10/12/2025;R$250.000,00;R$250.000,00;R$250.000,00
2025;50410001;S.PART.;COMISSÃO DA SAÚDE;3999;GILBERTO ABRAMO;PB;250450;CONDADO;MUNICIPAL;COMISSAO;CORRENTE;301;1001;1030151192E890001;06/11/2025;36000716916202500;202500039586;FAF;INCREMENTO PAP;2E89;ATENÇÃO PRIMÁRIA À SAÚDE;INCREMENTO DO PISO DA ATENÇÃO PRIMÁRIA À SAÚDE - PAP;04275034000140;FUNDO MUNICIPAL DE SAUDE;9013;01/12/2025;PROPOSTA PAGA;Proposta Paga;16/12/2025;R$500.000,00;R$500.000,00;R$500.000,00
2025;50410001;S.PART.;COMISSÃO DA SAÚDE;2712 / 3530;DAMIÃO FELICIANO / HUGO MOTTA;PB;251490;SAO MAMEDE;MUNICIPAL;COMISSAO;CORRENTE;301;1001;1030151192E890001;09/09/2025;36000703468202500;202500031178;FAF;INCREMENTO PAP;2E89;ATENÇÃO PRIMÁRIA À SAÚDE;INCREMENTO DO PISO DA ATENÇÃO PRIMÁRIA À SAÚDE - PAP;04223191000101;FUNDO MUN.DE SAUDE DE SAO MAMEDE-PB;8411;15/10/2025;PROPOSTA PAGA;Proposta Paga;30/10/2025;R$1.000.000,00;R$1.000.000,00;R$1.000.000,00
2025;50410001;S.PART.;COMISSÃO DA SAÚDE;1283 / 2714 / 4077;ROMERO RODRIGUES / WILSON SANTIAGO / ZÉ VITOR;PB;251207;POCO DE JOSE DE MOURA;MUNICIPAL;COMISSAO;CORRENTE;301;1001;1030151192E890001;17/09/2025;36000707483202500;202500039600;FAF;INCREMENTO PAP;2E89;ATENÇÃO PRIMÁRIA À SAÚDE;INCREMENTO DO PISO DA ATENÇÃO PRIMÁRIA À SAÚDE - PAP;11472830000138;FUNDO MUNICIPAL DE SAUDE DE POCO DE JOSE DE MOURA;9013;01/12/2025;PROPOSTA PAGA;Proposta Paga;16/12/2025;R$717.196,00;R$717.196,00;R$717.196,00
2025;50410002;S.PART.;COMISSÃO DA SAÚDE;2714 / 2715 / 3530;DAMIÃO FELICIANO / ROMERO RODRIGUES / RUY CARNEIRO;PB;250400;CAMPINA GRANDE;MUNICIPAL;COMISSAO;CORRENTE;302;1001;1030251182E900001;11/09/2025;36000705103202500;202500035138;FAF;INCREMENTO MAC;2E90;ATENÇÃO ESPECIALIZADA À SAÚDE;Incremento Temporário do Teto da Média e Alta Complexidade - MAC;24513574000121;FUNDO MUNICIPAL DE SAUDE DE CAMPINA GRANDE;8596;31/10/2025;PROPOSTA PAGA;Proposta Paga;10/11/2025;R$869.000,00;R$869.000,00;R$869.000,00
2025;60060003;S.PART.;COMISSÃO DE ASSUNTOS SOCIAIS - CAS;4270;EFRAIM FILHO;PB;250050;ALAGOINHA;MUNICIPAL;COMISSAO;CORRENTE;301;1001;1030151192E890001;26/09/2025;36000709698202500;202500029125;FAF;INCREMENTO PAP;2E89;ATENÇÃO PRIMÁRIA À SAÚDE;INCREMENTO DO PISO DA ATENÇÃO PRIMÁRIA À SAÚDE - PAP;11757032000152;FUNDO MUNICIPAL DE SAUDE DE ALAGOINHA;8305;03/10/2025;PROPOSTA PAGA;Proposta Paga;06/11/2025;R$1.500.000,00;R$1.500.000,00;R$1.500.000,00
2025;50410001;S.PART.;COMISSÃO DA SAÚDE;3999;GILBERTO ABRAMO;PB;251398;SAO FRANCISCO;MUNICIPAL;COMISSAO;CORRENTE;301;1001;1030151192E890001;04/10/2025;36000710996202500;202500034686;FAF;INCREMENTO PAP;2E89;ATENÇÃO PRIMÁRIA À SAÚDE;INCREMENTO DO PISO DA ATENÇÃO PRIMÁRIA À SAÚDE - PAP;10398439000178;FUNDO MUNICIPAL DE SAUDE;8598;31/10/2025;PROPOSTA PAGA;Proposta Paga;13/11/2025;R$500.000,00;R$500.000,00;R$500.000,00
2025;50410001;S.PART.;COMISSÃO DA SAÚDE;1271 / 2712;HUGO MOTTA / LUIZ COUTO;PB;251100;PEDRA BRANCA;MUNICIPAL;COMISSAO;CORRENTE;301;1001;1030151192E890001;08/09/2025;36000703210202500;202500030344;FAF;INCREMENTO PAP;2E89;ATENÇÃO PRIMÁRIA À SAÚDE;INCREMENTO DO PISO DA ATENÇÃO PRIMÁRIA À SAÚDE - PAP;12051399000119;FUNDO MUNICIPAL DE SAUDE DE PEDRA BRANCA;8382;13/10/2025;PROPOSTA PAGA;Proposta Paga;24/10/2025;R$1.000.000,00;R$1.000.000,00;R$1.000.000,00
2025;60060003;S.PART.;COMISSÃO DE ASSUNTOS SOCIAIS - CAS;4088 / 4141;DANIELLA RIBEIRO / VENEZIANO VITAL DO RÊGO;PB;250840;LASTRO;MUNICIPAL;COMISSAO;CORRENTE;301;1001;1030151192E890001;01/12/2025;36000719972202500;202500040424;FAF;INCREMENTO PAP;2E89;ATENÇÃO PRIMÁRIA À SAÚDE;INCREMENTO DO PISO DA ATENÇÃO PRIMÁRIA À SAÚDE - PAP;11304889000117;FUNDO MUNICIPAL DE SAUDE DE LASTRO;9157;08/12/2025;PROPOSTA PAGA;Proposta Paga;16/12/2025;R$200.000,00;R$200.000,00;R$200.000,00
2025;60060003;S.PART.;COMISSÃO DE ASSUNTOS SOCIAIS - CAS;4088 / 4270;EFRAIM FILHO / VENEZIANO VITAL DO RÊGO;PB;251276;RIACHAO DO POCO;MUNICIPAL;COMISSAO;CORRENTE;301;1001;1030151192E890001;15/09/2025;36000706003202500;202500038156;FAF;INCREMENTO PAP;2E89;ATENÇÃO PRIMÁRIA À SAÚDE;INCREMENTO DO PISO DA ATENÇÃO PRIMÁRIA À SAÚDE - PAP;11975218000188;FUNDO MUNICIPAL DE SAUDE DO MUNICIPIO DE RIACHAO DO POCO;8895;21/11/2025;PROPOSTA PAGA;Proposta Paga;16/12/2025;R$200.000,00;R$200.000,00;R$200.000,00
2025;60060003;S.PART.;COMISSÃO DE ASSUNTOS SOCIAIS - CAS;4088;VENEZIANO VITAL DO RÊGO;PB;250135;ASSUNCAO;MUNICIPAL;COMISSAO;CORRENTE;301;1001;1030151192E890001;01/10/2025;36000710511202500;202500031112;FAF;INCREMENTO PAP;2E89;ATENÇÃO PRIMÁRIA À SAÚDE;INCREMENTO DO PISO DA ATENÇÃO PRIMÁRIA À SAÚDE - PAP;11383748000137;FUNDO MUNICIPAL DE SAUDE;8411;15/10/2025;PROPOSTA PAGA;Proposta Paga;06/11/2025;R$336.000,00;R$336.000,00;R$336.000,00
2025;50410002;S.PART.;COMISSÃO DA SAÚDE;3530;DAMIÃO FELICIANO;PB;250240;BONITO DE SANTA FE;MUNICIPAL;COMISSAO;CORRENTE;302;1001;1030251182E900001;23/09/2025;36000708960202500;202500035135;FAF;INCREMENTO MAC;2E90;ATENÇÃO ESPECIALIZADA À SAÚDE;Incremento Temporário do Teto da Média e Alta Complexidade - MAC;11494230000170;FUNDO MUNICIPAL DE SAUDE BONITO DE SANTA FE;8595;31/10/2025;PROPOSTA PAGA;Proposta Paga;10/11/2025;R$600.000,00;R$600.000,00;R$600.000,00
2025;50410003;S.PART.;COMISSÃO DA SAÚDE;1271;LUIZ COUTO;PB;250360;CAICARA;MUNICIPAL;COMISSAO;CAPITAL;302;3129;10302511885350001;18/09/2025;17577160000125006;202500044072;FAF;EQUIPAMENTO;8535;ATENÇÃO ESPECIALIZADA À SAÚDE;Políticas de Atenção Ambulatorial Especializada e Serviços Hospitalares de Alta Complexidade - Ambulatório;17577160000109;FUNDO MUNICIPAL DE SAUDE DE CAICARA;10016;31/12/2025;PROPOSTA PAGA;Proposta Paga;12/02/2026;R$260.500,00;R$260.500,00;R$260.500,00
2025;60060003;S.PART.;COMISSÃO DE ASSUNTOS SOCIAIS - CAS;4270;EFRAIM FILHO;PB;250700;ITAPORANGA;MUNICIPAL;COMISSAO;CORRENTE;301;1001;1030151192E890001;30/09/2025;36000710115202500;202500029121;FAF;INCREMENTO PAP;2E89;ATENÇÃO PRIMÁRIA À SAÚDE;INCREMENTO DO PISO DA ATENÇÃO PRIMÁRIA À SAÚDE - PAP;11174552000132;FUNDO MUNICIPAL DE SAUDE DE ITAPORANGA;8305;03/10/2025;PROPOSTA PAGA;Proposta Paga;06/11/2025;R$300.000,00;R$300.000,00;R$300.000,00
2025;60060004;S.PART.;COMISSÃO DE ASSUNTOS SOCIAIS - CAS;4141 / 4270;DANIELLA RIBEIRO / EFRAIM FILHO;PB;250670;IMACULADA;MUNICIPAL;COMISSAO;CORRENTE;302;1001;1030251182E900001;04/12/2025;36000720645202500;202500040617;FAF;INCREMENTO MAC;2E90;ATENÇÃO ESPECIALIZADA À SAÚDE;Incremento Temporário do Teto da Média e Alta Complexidade - MAC;11838404000175;FUNDO MUNICIPAL DE SAUDE DO MUNICIPIO DE IMACULADA;9186;09/12/2025;PROPOSTA PAGA;Proposta Paga;23/12/2025;R$100.000,00;R$100.000,00;R$100.000,00
2025;60060004;S.PART.;COMISSÃO DE ASSUNTOS SOCIAIS - CAS;4088;VENEZIANO VITAL DO RÊGO;PB;251030;NOVA PALMEIRA;MUNICIPAL;COMISSAO;CORRENTE;302;1001;1030251182E900001;16/09/2025;36000706694202500;202500030481;FAF;INCREMENTO MAC;2E90;ATENÇÃO ESPECIALIZADA À SAÚDE;Incremento Temporário do Teto da Média e Alta Complexidade - MAC;08579944000177;FUNDO MUNICIPAL DE SAUDE DE NOVA PALMEIRA;8409;15/10/2025;PROPOSTA PAGA;Proposta Paga;10/11/2025;R$100.000,00;R$100.000,00;R$100.000,00
2025;60060004;S.PART.;COMISSÃO DE ASSUNTOS SOCIAIS - CAS;4088 / 4270;EFRAIM FILHO / VENEZIANO VITAL DO RÊGO;PB;250710;ITAPOROROCA;MUNICIPAL;COMISSAO;CORRENTE;302;1001;1030251182E900001;07/10/2025;36000711345202500;202500040619;FAF;INCREMENTO MAC;2E90;ATENÇÃO ESPECIALIZADA À SAÚDE;Incremento Temporário do Teto da Média e Alta Complexidade - MAC;12099621000153;FUNDO MUNICIPAL DE SAUDE;9186;09/12/2025;PROPOSTA PAGA;Proposta Paga;23/12/2025;R$600.000,00;R$600.000,00;R$600.000,00
2025;60060003;S.PART.;COMISSÃO DE ASSUNTOS SOCIAIS - CAS;4270;EFRAIM FILHO;PB;251060;OURO VELHO;MUNICIPAL;COMISSAO;CORRENTE;301;1001;1030151192E890001;18/09/2025;36000707817202500;202500031152;FAF;INCREMENTO PAP;2E89;ATENÇÃO PRIMÁRIA À SAÚDE;INCREMENTO DO PISO DA ATENÇÃO PRIMÁRIA À SAÚDE - PAP;11348410000144;FUNDO MUNICIPAL DE SAUDE DE OURO VELHO;8411;15/10/2025;PROPOSTA PAGA;Proposta Paga;06/11/2025;R$500.000,00;R$500.000,00;R$500.000,00
2025;50410001;S.PART.;COMISSÃO DA SAÚDE;1271;LUIZ COUTO;PB;250590;EMAS;MUNICIPAL;COMISSAO;CORRENTE;301;1001;1030151192E890001;03/09/2025;36000699344202500;202500028055;FAF;INCREMENTO PAP;2E89;ATENÇÃO PRIMÁRIA À SAÚDE;INCREMENTO DO PISO DA ATENÇÃO PRIMÁRIA À SAÚDE - PAP;11655026000194;FUNDO MUNICIPAL DE SAUDE;8263;29/09/2025;PROPOSTA PAGA;Proposta Paga;24/10/2025;R$100.000,00;R$100.000,00;R$100.000,00
2025;50410001;S.PART.;COMISSÃO DA SAÚDE;3999;GILBERTO ABRAMO;PB;251260;QUIXABA;MUNICIPAL;COMISSAO;CORRENTE;301;1001;1030151192E890001;07/10/2025;36000711442202500;202500034683;FAF;INCREMENTO PAP;2E89;ATENÇÃO PRIMÁRIA À SAÚDE;INCREMENTO DO PISO DA ATENÇÃO PRIMÁRIA À SAÚDE - PAP;12335016000134;FUNDO MUNICIPAL DE SAUDE DE QUIXABA;8598;31/10/2025;PROPOSTA PAGA;Proposta Paga;13/11/2025;R$400.000,00;R$400.000,00;R$400.000,00
2025;50410002;S.PART.;COMISSÃO DA SAÚDE;3999;GILBERTO ABRAMO;PB;250540;DESTERRO;MUNICIPAL;COMISSAO;CORRENTE;302;1001;1030251182E900001;01/10/2025;36000710559202500;202500035144;FAF;INCREMENTO MAC;2E90;ATENÇÃO ESPECIALIZADA À SAÚDE;Incremento Temporário do Teto da Média e Alta Complexidade - MAC;10493355000113;FUNDO MUNICIPAL DE SAUDE DE DESTERRO;8595;31/10/2025;PROPOSTA PAGA;Proposta Paga;10/11/2025;R$95.000,00;R$95.000,00;R$95.000,00
2025;60060003;S.PART.;COMISSÃO DE ASSUNTOS SOCIAIS - CAS;4088;VENEZIANO VITAL DO RÊGO;PB;251065;PARARI;MUNICIPAL;COMISSAO;CORRENTE;301;1001;1030151192E890001;08/09/2025;36000702782202500;202500028070;FAF;INCREMENTO PAP;2E89;ATENÇÃO PRIMÁRIA À SAÚDE;INCREMENTO DO PISO DA ATENÇÃO PRIMÁRIA À SAÚDE - PAP;13845567000100;FUNDO MUNICIPAL DE SAUDE DE PARARI;8260;29/09/2025;PROPOSTA PAGA;Proposta Paga;24/10/2025;R$100.000,00;R$100.000,00;R$100.000,00
2025;60060003;S.PART.;COMISSÃO DE ASSUNTOS SOCIAIS - CAS;4141;DANIELLA RIBEIRO;PB;251290;RIO TINTO;MUNICIPAL;COMISSAO;CORRENTE;301;1001;1030151192E890001;02/09/2025;36000698232202500;202500029458;FAF;INCREMENTO PAP;2E89;ATENÇÃO PRIMÁRIA À SAÚDE;INCREMENTO DO PISO DA ATENÇÃO PRIMÁRIA À SAÚDE - PAP;12457150000108;FUNDO MUNICIPAL DE SAUDE DE RIO TINTO;8320;06/10/2025;PROPOSTA PAGA;Proposta Paga;24/10/2025;R$250.000,00;R$250.000,00;R$250.000,00
2025;60060003;S.PART.;COMISSÃO DE ASSUNTOS SOCIAIS - CAS;4088;VENEZIANO VITAL DO RÊGO;PB;250403;CAPIM;MUNICIPAL;COMISSAO;CORRENTE;301;1001;1030151192E890001;09/09/2025;36000703892202500;202500028038;FAF;INCREMENTO PAP;2E89;ATENÇÃO PRIMÁRIA À SAÚDE;INCREMENTO DO PISO DA ATENÇÃO PRIMÁRIA À SAÚDE - PAP;08730943000181;FUNDO MUNICIPAL DE SAUDE;8260;29/09/2025;PROPOSTA PAGA;Proposta Paga;24/10/2025;R$300.000,00;R$300.000,00;R$300.000,00
2025;50410002;S.PART.;COMISSÃO DA SAÚDE;2712;HUGO MOTTA;PB;251530;SAPE;MUNICIPAL;COMISSAO;CORRENTE;302;1001;1030251182E900001;03/09/2025;36000700592202500;202500041573;FAF;INCREMENTO MAC;2E90;ATENÇÃO ESPECIALIZADA À SAÚDE;Incremento Temporário do Teto da Média e Alta Complexidade - MAC;08036438000131;FUNDO MUNICIPAL DE SAUDE DE SAPE;9412;17/12/2025;PROPOSTA PAGA;Proposta Paga;29/12/2025;R$3.000.000,00;R$3.000.000,00;R$3.000.000,00
2025;60060004;S.PART.;COMISSÃO DE ASSUNTOS SOCIAIS - CAS;4088;VENEZIANO VITAL DO RÊGO;PB;250060;ALHANDRA;MUNICIPAL;COMISSAO;CORRENTE;302;1001;1030251182E900001;04/09/2025;36000701414202500;202500040146;FAF;INCREMENTO MAC;2E90;ATENÇÃO ESPECIALIZADA À SAÚDE;Incremento Temporário do Teto da Média e Alta Complexidade - MAC;11490408000105;FUNDO MUNICIPAL DE SAUDE;9119;05/12/2025;PROPOSTA PAGA;Proposta Paga;23/12/2025;R$100.000,00;R$100.000,00;R$100.000,00
2025;60060004;S.PART.;COMISSÃO DE ASSUNTOS SOCIAIS - CAS;4088;VENEZIANO VITAL DO RÊGO;PB;250850;LIVRAMENTO;MUNICIPAL;COMISSAO;CORRENTE;302;1001;1030251182E900001;18/09/2025;36000707920202500;202500032559;FAF;INCREMENTO MAC;2E90;ATENÇÃO ESPECIALIZADA À SAÚDE;Incremento Temporário do Teto da Média e Alta Complexidade - MAC;11188530000121;FUNDO MUNICIPAL DE SAUDE;8480;21/10/2025;PROPOSTA PAGA;Proposta Paga;06/11/2025;R$100.000,00;R$100.000,00;R$100.000,00
2025;60060004;S.PART.;COMISSÃO DE ASSUNTOS SOCIAIS - CAS;4141;DANIELLA RIBEIRO;PB;251710;VARZEA;MUNICIPAL;COMISSAO;CORRENTE;302;1001;1030251182E900001;05/12/2025;36000720758202500;202500040622;FAF;INCREMENTO MAC;2E90;ATENÇÃO ESPECIALIZADA À SAÚDE;Incremento Temporário do Teto da Média e Alta Complexidade - MAC;11228615000196;FUNDO MUNICIPAL DE SAUDE;9186;09/12/2025;PROPOSTA PAGA;Proposta Paga;16/12/2025;R$100.000,00;R$100.000,00;R$100.000,00
2025;60060003;S.PART.;COMISSÃO DE ASSUNTOS SOCIAIS - CAS;4088;VENEZIANO VITAL DO RÊGO;PB;250760;JUAREZ TAVORA;MUNICIPAL;COMISSAO;CORRENTE;301;1001;1030151192E890001;03/09/2025;36000699283202500;202500028507;FAF;INCREMENTO PAP;2E89;ATENÇÃO PRIMÁRIA À SAÚDE;INCREMENTO DO PISO DA ATENÇÃO PRIMÁRIA À SAÚDE - PAP;11908594000150;FUNDO MUNICIPAL DE SAUDE DE JUAREZ TAVORA;8275;30/09/2025;PROPOSTA PAGA;Proposta Paga;24/10/2025;R$500.000,00;R$500.000,00;R$500.000,00
2025;60060004;S.PART.;COMISSÃO DE ASSUNTOS SOCIAIS - CAS;4141;DANIELLA RIBEIRO;PB;251240;PUXINANA;MUNICIPAL;COMISSAO;CORRENTE;302;1001;1030251182E900001;08/12/2025;36000720885202500;202500041041;FAF;INCREMENTO MAC;2E90;ATENÇÃO ESPECIALIZADA À SAÚDE;Incremento Temporário do Teto da Média e Alta Complexidade - MAC;10521892000120;FUNDO MUNICIPAL DE SAUDE - PUXINANA;9226;11/12/2025;PROPOSTA PAGA;Proposta Paga;29/12/2025;R$170.581,00;R$170.581,00;R$170.581,00
2025;60060004;S.PART.;COMISSÃO DE ASSUNTOS SOCIAIS - CAS;4088;VENEZIANO VITAL DO RÊGO;PB;250040;ALAGOA NOVA;MUNICIPAL;COMISSAO;CORRENTE;302;1001;1030251182E900001;01/09/2025;36000696835202500;202500041191;FAF;INCREMENTO MAC;2E90;ATENÇÃO ESPECIALIZADA À SAÚDE;Incremento Temporário do Teto da Média e Alta Complexidade - MAC;11838096000188;FUNDO MUNICIPAL DE SAUDE DE ALAGOA NOVA;9324;12/12/2025;PROPOSTA PAGA;Proposta Paga;29/12/2025;R$200.000,00;R$200.000,00;R$200.000,00
2025;50410001;S.PART.;COMISSÃO DA SAÚDE;4436;MURILO GALDINO;PB;251010;NOVA FLORESTA;MUNICIPAL;COMISSAO;CORRENTE;301;1001;1030151192E890001;23/09/2025;36000708930202500;202500029126;FAF;INCREMENTO PAP;2E89;ATENÇÃO PRIMÁRIA À SAÚDE;INCREMENTO DO PISO DA ATENÇÃO PRIMÁRIA À SAÚDE - PAP;18517489000139;FUNDO MUNICIPAL DE SAUDE;8305;03/10/2025;PROPOSTA PAGA;Proposta Paga;24/10/2025;R$200.000,00;R$200.000,00;R$200.000,00
2025;50410002;S.PART.;COMISSÃO DA SAÚDE;3530;DAMIÃO FELICIANO;PB;250240;BONITO DE SANTA FE;MUNICIPAL;COMISSAO;CORRENTE;302;1001;1030251182E900001;23/09/2025;36000708967202500;202500035136;FAF;INCREMENTO MAC;2E90;ATENÇÃO ESPECIALIZADA À SAÚDE;Incremento Temporário do Teto da Média e Alta Complexidade - MAC;11494230000170;FUNDO MUNICIPAL DE SAUDE BONITO DE SANTA FE;8595;31/10/2025;PROPOSTA PAGA;Proposta Paga;10/11/2025;R$320.000,00;R$320.000,00;R$320.000,00
2025;60060003;S.PART.;COMISSÃO DE ASSUNTOS SOCIAIS - CAS;4088;VENEZIANO VITAL DO RÊGO;PB;251203;POCO DANTAS;MUNICIPAL;COMISSAO;CORRENTE;301;1001;1030151192E890001;05/09/2025;36000702278202500;202500031158;FAF;INCREMENTO PAP;2E89;ATENÇÃO PRIMÁRIA À SAÚDE;INCREMENTO DO PISO DA ATENÇÃO PRIMÁRIA À SAÚDE - PAP;08743272000193;FUNDO MUNICIPAL DE SAUDE;8411;15/10/2025;PROPOSTA PAGA;Proposta Paga;06/11/2025;R$200.000,00;R$200.000,00;R$200.000,00
2025;60060003;S.PART.;COMISSÃO DE ASSUNTOS SOCIAIS - CAS;4088;VENEZIANO VITAL DO RÊGO;PB;251420;SAO JOSE DA LAGOA TAPADA;MUNICIPAL;COMISSAO;CORRENTE;301;1001;1030151192E890001;08/09/2025;36000703358202500;202500028086;FAF;INCREMENTO PAP;2E89;ATENÇÃO PRIMÁRIA À SAÚDE;INCREMENTO DO PISO DA ATENÇÃO PRIMÁRIA À SAÚDE - PAP;11420422000132;FUNDO MUNIC DE SAUDE DE JOSE DA LAGOA TAPADA;8260;29/09/2025;PROPOSTA PAGA;Proposta Paga;24/10/2025;R$200.000,00;R$200.000,00;R$200.000,00
2025;60060003;S.PART.;COMISSÃO DE ASSUNTOS SOCIAIS - CAS;4141;DANIELLA RIBEIRO;PB;251440;SAO JOSE DE ESPINHARAS;MUNICIPAL;COMISSAO;CORRENTE;301;1001;1030151192E890001;03/09/2025;36000700407202500;202500032102;FAF;INCREMENTO PAP;2E89;ATENÇÃO PRIMÁRIA À SAÚDE;INCREMENTO DO PISO DA ATENÇÃO PRIMÁRIA À SAÚDE - PAP;11418606000168;FUNDO MUNICIPAL DE SAUDE;8446;20/10/2025;PROPOSTA PAGA;Proposta Paga;06/11/2025;R$200.000,00;R$200.000,00;R$200.000,00
2025;50410007;S.PART.;COMISSÃO DA SAÚDE;4436;MURILO GALDINO;PB;250180;BAYEUX;MUNICIPAL;COMISSAO;CAPITAL;301;3129;10301511985810001;09/09/2025;11685421000125006;202500033227;FAF;EQUIPAMENTO;8581;ATENÇÃO PRIMÁRIA À SAÚDE;EQUIPAMENTOS - UBS;11685421000110;FUNDO MUNICIPAL DE SAUDE DE BAYEUX;8501;23/10/2025;PROPOSTA PAGA;Proposta Paga;13/11/2025;R$479.851,00;R$479.851,00;R$479.851,00
2025;50410002;S.PART.;COMISSÃO DA SAÚDE;1283;WILSON SANTIAGO;PB;250205;BERNARDINO BATISTA;MUNICIPAL;COMISSAO;CORRENTE;302;1001;1030251182E900001;25/09/2025;36000709603202500;202500028830;FAF;INCREMENTO MAC;2E90;ATENÇÃO ESPECIALIZADA À SAÚDE;Incremento Temporário do Teto da Média e Alta Complexidade - MAC;10484826000127;FUNDO MUNICIPAL DE SAUDE;8273;30/09/2025;PROPOSTA PAGA;Proposta Paga;24/10/2025;R$500.000,00;R$500.000,00;R$500.000,00
2025;60060003;S.PART.;COMISSÃO DE ASSUNTOS SOCIAIS - CAS;4088;VENEZIANO VITAL DO RÊGO;PB;250820;LAGOA DE DENTRO;MUNICIPAL;COMISSAO;CORRENTE;301;1001;1030151192E890001;02/10/2025;36000710764202500;202500032918;FAF;INCREMENTO PAP;2E89;ATENÇÃO PRIMÁRIA À SAÚDE;INCREMENTO DO PISO DA ATENÇÃO PRIMÁRIA À SAÚDE - PAP;12375571000190;LAGOA DE DENTRO - FUNDO MUNICIPAL DE SAUDE;8495;23/10/2025;PROPOSTA PAGA;Proposta Paga;13/11/2025;R$250.000,00;R$250.000,00;R$250.000,00
2025;60060003;S.PART.;COMISSÃO DE ASSUNTOS SOCIAIS - CAS;4088 / 4141;DANIELLA RIBEIRO / VENEZIANO VITAL DO RÊGO;PB;250523;CUITE DE MAMANGUAPE;MUNICIPAL;COMISSAO;CORRENTE;301;1001;1030151192E890001;01/09/2025;36000696900202500;202500039588;FAF;INCREMENTO PAP;2E89;ATENÇÃO PRIMÁRIA À SAÚDE;INCREMENTO DO PISO DA ATENÇÃO PRIMÁRIA À SAÚDE - PAP;13099820000124;CUITE DE MAMANGUAPE FUNDO MUNICIPAL DE SAUDE;9013;01/12/2025;PROPOSTA PAGA;Proposta Paga;22/12/2025;R$300.000,00;R$300.000,00;R$300.000,00
2025;50410002;S.PART.;COMISSÃO DA SAÚDE;2712 / 3997;GERVÁSIO MAIA / HUGO MOTTA;PB;250480;COREMAS;MUNICIPAL;COMISSAO;CORRENTE;302;1001;1030251182E900001;17/09/2025;36000707364202500;202500032555;FAF;INCREMENTO MAC;2E90;ATENÇÃO ESPECIALIZADA À SAÚDE;Incremento Temporário do Teto da Média e Alta Complexidade - MAC;11161210000188;FUNDO MUNICIPAL DE SAUDE;8479;21/10/2025;PROPOSTA PAGA;Proposta Paga;30/10/2025;R$750.000,00;R$750.000,00;R$750.000,00
2025;60060004;S.PART.;COMISSÃO DE ASSUNTOS SOCIAIS - CAS;4088;VENEZIANO VITAL DO RÊGO;PB;250077;APARECIDA;MUNICIPAL;COMISSAO;CORRENTE;302;1001;1030251182E900001;08/09/2025;36000703269202500;202500030230;FAF;INCREMENTO MAC;2E90;ATENÇÃO ESPECIALIZADA À SAÚDE;Incremento Temporário do Teto da Média e Alta Complexidade - MAC;11956816000100;FUNDO MUNICIPAL DE SAUDE DE APARECIDA;8395;14/10/2025;PROPOSTA PAGA;Proposta Paga;24/10/2025;R$100.000,00;R$100.000,00;R$100.000,00
2025;60060003;S.PART.;COMISSÃO DE ASSUNTOS SOCIAIS - CAS;4141;DANIELLA RIBEIRO;PB;250880;MALTA;MUNICIPAL;COMISSAO;CORRENTE;301;1001;1030151192E890001;17/10/2025;36000712976202500;202500032916;FAF;INCREMENTO PAP;2E89;ATENÇÃO PRIMÁRIA À SAÚDE;INCREMENTO DO PISO DA ATENÇÃO PRIMÁRIA À SAÚDE - PAP;12460136000163;FUNDO MUNICIPAL DE SAUDE DE MALTA;8495;23/10/2025;PROPOSTA PAGA;Proposta Paga;13/11/2025;R$500.000,00;R$500.000,00;R$500.000,00
2025;60060004;S.PART.;COMISSÃO DE ASSUNTOS SOCIAIS - CAS;4088;VENEZIANO VITAL DO RÊGO;PB;250990;NATUBA;MUNICIPAL;COMISSAO;CORRENTE;302;1001;1030251182E900001;11/09/2025;36000705354202500;202500041192;FAF;INCREMENTO MAC;2E90;ATENÇÃO ESPECIALIZADA À SAÚDE;Incremento Temporário do Teto da Média e Alta Complexidade - MAC;17975221000188;FUNDO MUNICIPAL DE SAUDE DE NATUBA;9326;12/12/2025;PROPOSTA PAGA;Proposta Paga;20/05/2026;R$141.744,00;R$141.744,00;R$141.744,00
2025;60060004;S.PART.;COMISSÃO DE ASSUNTOS SOCIAIS - CAS;4141;DANIELLA RIBEIRO;PB;251450;SAO JOSE DE PIRANHAS;MUNICIPAL;COMISSAO;CORRENTE;302;1001;1030251182E900001;04/12/2025;36000720640202500;202500041324;FAF;INCREMENTO MAC;2E90;ATENÇÃO ESPECIALIZADA À SAÚDE;Incremento Temporário do Teto da Média e Alta Complexidade - MAC;11602227000123;FUNDO MUNICIPAL DE SAUDE;9388;16/12/2025;PROPOSTA PAGA;Proposta Paga;29/12/2025;R$500.000,00;R$500.000,00;R$500.000,00
2025;50410001;S.PART.;COMISSÃO DA SAÚDE;4436;MURILO GALDINO;PB;251030;NOVA PALMEIRA;MUNICIPAL;COMISSAO;CORRENTE;301;1001;1030151192E890001;16/09/2025;36000706659202500;202500028534;FAF;INCREMENTO PAP;2E89;ATENÇÃO PRIMÁRIA À SAÚDE;INCREMENTO DO PISO DA ATENÇÃO PRIMÁRIA À SAÚDE - PAP;08579944000177;FUNDO MUNICIPAL DE SAUDE DE NOVA PALMEIRA;8275;30/09/2025;PROPOSTA PAGA;Proposta Paga;24/10/2025;R$200.000,00;R$200.000,00;R$200.000,00
2025;50410001;S.PART.;COMISSÃO DA SAÚDE;3999;GILBERTO ABRAMO;PB;250210;BOA VENTURA;MUNICIPAL;COMISSAO;CORRENTE;301;1001;1030151192E890001;15/10/2025;36000712710202500;202500038127;FAF;INCREMENTO PAP;2E89;ATENÇÃO PRIMÁRIA À SAÚDE;INCREMENTO DO PISO DA ATENÇÃO PRIMÁRIA À SAÚDE - PAP;10570295000195;FUNCO MUNICIPAL DE SAUDE DE BOA VENTURA;8895;21/11/2025;PROPOSTA PAGA;Proposta Paga;10/12/2025;R$300.000,00;R$300.000,00;R$300.000,00
2025;50410001;S.PART.;COMISSÃO DA SAÚDE;2712;HUGO MOTTA;PB;250375;CAJAZEIRINHAS;MUNICIPAL;COMISSAO;CORRENTE;301;1001;1030151192E890001;15/09/2025;36000706347202500;202500031125;FAF;INCREMENTO PAP;2E89;ATENÇÃO PRIMÁRIA À SAÚDE;INCREMENTO DO PISO DA ATENÇÃO PRIMÁRIA À SAÚDE - PAP;10461231000156;FUNDO MUNICIPAL DE SAUDE DE CAJAZEIRINHAS;8411;15/10/2025;PROPOSTA PAGA;Proposta Paga;30/10/2025;R$500.000,00;R$500.000,00;R$500.000,00
2025;50410001;S.PART.;COMISSÃO DA SAÚDE;1271;LUIZ COUTO;PB;250690;ITABAIANA;MUNICIPAL;COMISSAO;CORRENTE;301;1001;1030151192E890001;03/09/2025;36000699723202500;202500025330;FAF;INCREMENTO PAP;2E89;ATENÇÃO PRIMÁRIA À SAÚDE;INCREMENTO DO PISO DA ATENÇÃO PRIMÁRIA À SAÚDE - PAP;07615929000174;FUNDO MUNICIPAL DE SAUDE;8109;16/09/2025;PROPOSTA PAGA;Proposta Paga;24/10/2025;R$500.000,00;R$500.000,00;R$500.000,00
2025;50410001;S.PART.;COMISSÃO DA SAÚDE;1283 / 2714 / 4077;ROMERO RODRIGUES / WILSON SANTIAGO / ZÉ VITOR;PB;251207;POCO DE JOSE DE MOURA;MUNICIPAL;COMISSAO;CORRENTE;301;1001;1030151192E890001;17/09/2025;36000707453202500;202500028537;FAF;INCREMENTO PAP;2E89;ATENÇÃO PRIMÁRIA À SAÚDE;INCREMENTO DO PISO DA ATENÇÃO PRIMÁRIA À SAÚDE - PAP;11472830000138;FUNDO MUNICIPAL DE SAUDE DE POCO DE JOSE DE MOURA;8275;30/09/2025;PROPOSTA PAGA;Proposta Paga;24/10/2025;R$500.000,00;R$500.000,00;R$500.000,00
2025;50410001;S.PART.;COMISSÃO DA SAÚDE;2712;HUGO MOTTA;PB;251700;UMBUZEIRO;MUNICIPAL;COMISSAO;CORRENTE;301;1001;1030151192E890001;03/09/2025;36000700388202500;202500034692;FAF;INCREMENTO PAP;2E89;ATENÇÃO PRIMÁRIA À SAÚDE;INCREMENTO DO PISO DA ATENÇÃO PRIMÁRIA À SAÚDE - PAP;09494245000197;FUNDO MUNICIPAL DE SAUDE;8598;31/10/2025;PROPOSTA PAGA;Proposta Paga;13/11/2025;R$550.000,00;R$550.000,00;R$550.000,00
2025;60060003;S.PART.;COMISSÃO DE ASSUNTOS SOCIAIS - CAS;4088;VENEZIANO VITAL DO RÊGO;PB;250855;LOGRADOURO;MUNICIPAL;COMISSAO;CORRENTE;301;1001;1030151192E890001;16/09/2025;36000706997202500;202500028519;FAF;INCREMENTO PAP;2E89;ATENÇÃO PRIMÁRIA À SAÚDE;INCREMENTO DO PISO DA ATENÇÃO PRIMÁRIA À SAÚDE - PAP;11268139000137;FUNDO MUNICIPAL DE SAUDE DE LOGRADOURO;8275;30/09/2025;PROPOSTA PAGA;Proposta Paga;24/10/2025;R$100.000,00;R$100.000,00;R$100.000,00
2025;50410002;S.PART.;COMISSÃO DA SAÚDE;3530;DAMIÃO FELICIANO;PB;250020;AGUIAR;MUNICIPAL;COMISSAO;CORRENTE;302;1001;1030251182E900001;09/09/2025;36000703770202500;202500032550;FAF;INCREMENTO MAC;2E90;ATENÇÃO ESPECIALIZADA À SAÚDE;Incremento Temporário do Teto da Média e Alta Complexidade - MAC;11267041000165;FUNDO MUNICIPAL DE SAUDE;8479;21/10/2025;PROPOSTA PAGA;Proposta Paga;30/10/2025;R$400.000,00;R$400.000,00;R$400.000,00
2025;50410002;S.PART.;COMISSÃO DA SAÚDE;2714 / 2715 / 3530;DAMIÃO FELICIANO / ROMERO RODRIGUES / RUY CARNEIRO;PB;250400;CAMPINA GRANDE;MUNICIPAL;COMISSAO;CORRENTE;302;1001;1030251182E900001;11/09/2025;36000705101202500;202500032553;FAF;INCREMENTO MAC;2E90;ATENÇÃO ESPECIALIZADA À SAÚDE;Incremento Temporário do Teto da Média e Alta Complexidade - MAC;24513574000121;FUNDO MUNICIPAL DE SAUDE DE CAMPINA GRANDE;8479;21/10/2025;PROPOSTA PAGA;Proposta Paga;30/10/2025;R$2.100.000,00;R$2.100.000,00;R$2.100.000,00
2025;60060004;S.PART.;COMISSÃO DE ASSUNTOS SOCIAIS - CAS;4088;VENEZIANO VITAL DO RÊGO;PB;250290;BREJO DOS SANTOS;MUNICIPAL;COMISSAO;CORRENTE;302;1001;1030251182E900001;30/09/2025;36000710271202500;202500030187;FAF;INCREMENTO MAC;2E90;ATENÇÃO ESPECIALIZADA À SAÚDE;Incremento Temporário do Teto da Média e Alta Complexidade - MAC;18000776000177;FUNDO MUNICIPAL DE SAUDE DE BREJO DOS SANTOS;8395;14/10/2025;PROPOSTA PAGA;Proposta Paga;24/10/2025;R$100.000,00;R$100.000,00;R$100.000,00
2025;60060004;S.PART.;COMISSÃO DE ASSUNTOS SOCIAIS - CAS;4088;VENEZIANO VITAL DO RÊGO;PB;251530;SAPE;MUNICIPAL;COMISSAO;CORRENTE;302;1001;1030251182E900001;04/11/2025;36000716187202500;202500042809;FAF;INCREMENTO MAC;2E90;ATENÇÃO ESPECIALIZADA À SAÚDE;Incremento Temporário do Teto da Média e Alta Complexidade - MAC;08036438000131;FUNDO MUNICIPAL DE SAUDE DE SAPE;9599;23/12/2025;PROPOSTA PAGA;Proposta Paga;31/12/2025;R$700.000,00;R$700.000,00;R$700.000,00
2025;60060004;S.PART.;COMISSÃO DE ASSUNTOS SOCIAIS - CAS;4088;VENEZIANO VITAL DO RÊGO;PB;251455;SAO JOSE DE PRINCESA;MUNICIPAL;COMISSAO;CORRENTE;302;1001;1030251182E900001;03/09/2025;36000699994202500;202500028840;FAF;INCREMENTO MAC;2E90;ATENÇÃO ESPECIALIZADA À SAÚDE;Incremento Temporário do Teto da Média e Alta Complexidade - MAC;10460712000147;FUNDO MUNICIPAL DE SAUDE DE SAO JOSE DE PRINCESA;8268;30/09/2025;PROPOSTA PAGA;Proposta Paga;24/10/2025;R$200.000,00;R$200.000,00;R$200.000,00
2025;50410001;S.PART.;COMISSÃO DA SAÚDE;2712 / 4077;HUGO MOTTA / ZÉ VITOR;PB;250760;JUAREZ TAVORA;MUNICIPAL;COMISSAO;CORRENTE;301;1001;1030151192E890001;03/09/2025;36000699340202500;202500039592;FAF;INCREMENTO PAP;2E89;ATENÇÃO PRIMÁRIA À SAÚDE;INCREMENTO DO PISO DA ATENÇÃO PRIMÁRIA À SAÚDE - PAP;11908594000150;FUNDO MUNICIPAL DE SAUDE DE JUAREZ TAVORA;9013;01/12/2025;PROPOSTA PAGA;Proposta Paga;16/12/2025;R$2.039.432,00;R$2.039.432,00;R$2.039.432,00
2025;50410001;S.PART.;COMISSÃO DA SAÚDE;3999;GILBERTO ABRAMO;PB;250660;IBIARA;MUNICIPAL;COMISSAO;CORRENTE;301;1001;1030151192E890001;09/10/2025;36000711847202500;202500038136;FAF;INCREMENTO PAP;2E89;ATENÇÃO PRIMÁRIA À SAÚDE;INCREMENTO DO PISO DA ATENÇÃO PRIMÁRIA À SAÚDE - PAP;08892967000137;FUNDO MUNICIPAL DE SAUDE DE IBIARA;8895;21/11/2025;PROPOSTA PAGA;Proposta Paga;10/12/2025;R$1.000.000,00;R$1.000.000,00;R$1.000.000,00
2025;50410001;S.PART.;COMISSÃO DA SAÚDE;1271 / 2712;HUGO MOTTA / LUIZ COUTO;PB;251610;SOLEDADE;MUNICIPAL;COMISSAO;CORRENTE;301;1001;1030151192E890001;06/11/2025;36000717037202500;202500040763;FAF;INCREMENTO PAP;2E89;ATENÇÃO PRIMÁRIA À SAÚDE;INCREMENTO DO PISO DA ATENÇÃO PRIMÁRIA À SAÚDE - PAP;02182502000106;FUNDO MUNICIPAL DE SAUDE DE SOLEDADE;9200;09/12/2025;PROPOSTA PAGA;Proposta Paga;16/12/2025;R$2.000.000,00;R$2.000.000,00;R$2.000.000,00
2025;60060003;S.PART.;COMISSÃO DE ASSUNTOS SOCIAIS - CAS;4141;DANIELLA RIBEIRO;PB;250435;CATURITE;MUNICIPAL;COMISSAO;CORRENTE;301;1001;1030151192E890001;23/09/2025;36000709095202500;202500028036;FAF;INCREMENTO PAP;2E89;ATENÇÃO PRIMÁRIA À SAÚDE;INCREMENTO DO PISO DA ATENÇÃO PRIMÁRIA À SAÚDE - PAP;11457024000190;FUNDO MUNICIPAL DE SAUDE CATURITE;8260;29/09/2025;PROPOSTA PAGA;Proposta Paga;24/10/2025;R$200.000,00;R$200.000,00;R$200.000,00
2025;60060003;S.PART.;COMISSÃO DE ASSUNTOS SOCIAIS - CAS;4088;VENEZIANO VITAL DO RÊGO;PB;251480;SAO JOSE DOS CORDEIROS;MUNICIPAL;COMISSAO;CORRENTE;301;1001;1030151192E890001;22/09/2025;36000708681202500;202500028075;FAF;INCREMENTO PAP;2E89;ATENÇÃO PRIMÁRIA À SAÚDE;INCREMENTO DO PISO DA ATENÇÃO PRIMÁRIA À SAÚDE - PAP;13491027000176;FUNDO MUNICIPAL DE SAUDE DE SAO JOSE DOS CORDEIROS - PB;8260;29/09/2025;PROPOSTA PAGA;Proposta Paga;24/10/2025;R$200.000,00;R$200.000,00;R$200.000,00
2025;50410007;S.PART.;COMISSÃO DA SAÚDE;1271;LUIZ COUTO;PB;251700;UMBUZEIRO;MUNICIPAL;COMISSAO;CAPITAL;301;3129;10301511985810001;16/09/2025;09494245000125006;202500027294;FAF;EQUIPAMENTO;8581;ATENÇÃO PRIMÁRIA À SAÚDE;SAÚDE BUCAL - BRASIL SORRIDENTE;09494245000197;FUNDO MUNICIPAL DE SAUDE;8235;25/09/2025;PROPOSTA PAGA;Proposta Paga;24/10/2025;R$72.359,00;R$72.359,00;R$72.359,00
2025;60060003;S.PART.;COMISSÃO DE ASSUNTOS SOCIAIS - CAS;4088 / 4270;EFRAIM FILHO / VENEZIANO VITAL DO RÊGO;PB;250120;AREIAL;MUNICIPAL;COMISSAO;CORRENTE;301;1001;1030151192E890001;30/09/2025;36000710263202500;202500031759;FAF;INCREMENTO PAP;2E89;ATENÇÃO PRIMÁRIA À SAÚDE;INCREMENTO DO PISO DA ATENÇÃO PRIMÁRIA À SAÚDE - PAP;13876013000170;FUNDO MUNICIPAL DE SAUDE DE AREIAL;8411;15/10/2025;PROPOSTA PAGA;Proposta Paga;06/11/2025;R$120.000,00;R$120.000,00;R$120.000,00
2025;50410002;S.PART.;COMISSÃO DA SAÚDE;1283;WILSON SANTIAGO;PB;251207;POCO DE JOSE DE MOURA;MUNICIPAL;COMISSAO;CORRENTE;302;1001;1030251182E900001;16/09/2025;36000707059202500;202500029317;FAF;INCREMENTO MAC;2E90;ATENÇÃO ESPECIALIZADA À SAÚDE;Incremento Temporário do Teto da Média e Alta Complexidade - MAC;11472830000138;FUNDO MUNICIPAL DE SAUDE DE POCO DE JOSE DE MOURA;8303;03/10/2025;PROPOSTA PAGA;Proposta Paga;24/10/2025;R$300.000,00;R$300.000,00;R$300.000,00
2025;50410002;S.PART.;COMISSÃO DA SAÚDE;2712 / 4077;HUGO MOTTA / ZÉ VITOR;PB;251100;PEDRA BRANCA;MUNICIPAL;COMISSAO;CORRENTE;302;1001;1030251182E900001;08/09/2025;36000703304202500;202500039293;FAF;INCREMENTO MAC;2E90;ATENÇÃO ESPECIALIZADA À SAÚDE;Incremento Temporário do Teto da Média e Alta Complexidade - MAC;12051399000119;FUNDO MUNICIPAL DE SAUDE DE PEDRA BRANCA;8956;28/11/2025;PROPOSTA PAGA;Proposta Paga;11/12/2025;R$401.510,00;R$401.510,00;R$401.510,00
2025;60060004;S.PART.;COMISSÃO DE ASSUNTOS SOCIAIS - CAS;4270;EFRAIM FILHO;PB;251550;SERRA BRANCA;MUNICIPAL;COMISSAO;CORRENTE;302;1001;1030251182E900001;26/09/2025;36000709652202500;202500036235;FAF;INCREMENTO MAC;2E90;ATENÇÃO ESPECIALIZADA À SAÚDE;Incremento Temporário do Teto da Média e Alta Complexidade - MAC;05456092000132;FUNDO MUNICIPAL DE SAUDE;8672;06/11/2025;PROPOSTA PAGA;Proposta Paga;16/12/2025;R$2.000.000,00;R$2.000.000,00;R$2.000.000,00
2025;60060003;S.PART.;COMISSÃO DE ASSUNTOS SOCIAIS - CAS;4088 / 4141;DANIELLA RIBEIRO / VENEZIANO VITAL DO RÊGO;PB;250680;INGA;MUNICIPAL;COMISSAO;CORRENTE;301;1001;1030151192E890001;01/09/2025;36000697125202500;202500028500;FAF;INCREMENTO PAP;2E89;ATENÇÃO PRIMÁRIA À SAÚDE;INCREMENTO DO PISO DA ATENÇÃO PRIMÁRIA À SAÚDE - PAP;08610110000187;FUNDO MUNICIPAL DE SAUDE DE INGA/PB;8275;30/09/2025;PROPOSTA PAGA;Proposta Paga;24/10/2025;R$400.000,00;R$400.000,00;R$400.000,00
2025;60060004;S.PART.;COMISSÃO DE ASSUNTOS SOCIAIS - CAS;4088;VENEZIANO VITAL DO RÊGO;PB;250160;BARRA DE SANTA ROSA;MUNICIPAL;COMISSAO;CORRENTE;302;1001;1030251182E900001;25/09/2025;36000709515202500;202500038508;FAF;INCREMENTO MAC;2E90;ATENÇÃO ESPECIALIZADA À SAÚDE;Incremento Temporário do Teto da Média e Alta Complexidade - MAC;11404690000160;FUNDO MUNICIPAL DE SAUDE;8884;21/11/2025;PROPOSTA PAGA;Proposta Paga;16/12/2025;R$121.739,00;R$121.739,00;R$121.739,00
2025;60060004;S.PART.;COMISSÃO DE ASSUNTOS SOCIAIS - CAS;4270;EFRAIM FILHO;PB;250230;BOM SUCESSO;MUNICIPAL;COMISSAO;CORRENTE;302;1001;1030251182E900001;17/09/2025;36000707179202500;202500027158;FAF;INCREMENTO MAC;2E90;ATENÇÃO ESPECIALIZADA À SAÚDE;Incremento Temporário do Teto da Média e Alta Complexidade - MAC;12403050000107;FUNDO MUNICIPAL DE SAUDE - FMS;8219;24/09/2025;PROPOSTA PAGA;Proposta Paga;10/11/2025;R$1.090.000,00;R$1.090.000,00;R$1.090.000,00
2025;50410001;S.PART.;COMISSÃO DA SAÚDE;2712 / 4436;HUGO MOTTA / MURILO GALDINO;PB;250570;DONA INES;MUNICIPAL;COMISSAO;CORRENTE;301;1001;1030151192E890001;08/09/2025;36000703022202500;202500031137;FAF;INCREMENTO PAP;2E89;ATENÇÃO PRIMÁRIA À SAÚDE;INCREMENTO DO PISO DA ATENÇÃO PRIMÁRIA À SAÚDE - PAP;11420456000127;DONA INES - FUNDO MUNICIPAL DE SAUDE;8411;15/10/2025;PROPOSTA PAGA;Proposta Paga;30/10/2025;R$250.000,00;R$250.000,00;R$250.000,00
2025;50410001;S.PART.;COMISSÃO DA SAÚDE;3999;GILBERTO ABRAMO;PB;250700;ITAPORANGA;MUNICIPAL;COMISSAO;CORRENTE;301;1001;1030151192E890001;06/10/2025;36000711231202500;202500034677;FAF;INCREMENTO PAP;2E89;ATENÇÃO PRIMÁRIA À SAÚDE;INCREMENTO DO PISO DA ATENÇÃO PRIMÁRIA À SAÚDE - PAP;11174552000132;FUNDO MUNICIPAL DE SAUDE DE ITAPORANGA;8598;31/10/2025;PROPOSTA PAGA;Proposta Paga;13/11/2025;R$1.500.000,00;R$1.500.000,00;R$1.500.000,00
2025;50410001;S.PART.;COMISSÃO DA SAÚDE;1271;LUIZ COUTO;PB;251140;PICUI;MUNICIPAL;COMISSAO;CORRENTE;301;1001;1030151192E890001;10/09/2025;36000704433202500;202500028066;FAF;INCREMENTO PAP;2E89;ATENÇÃO PRIMÁRIA À SAÚDE;INCREMENTO DO PISO DA ATENÇÃO PRIMÁRIA À SAÚDE - PAP;08619650000121;FUNDO MUNICIPAL DE SAUDE;8260;29/09/2025;PROPOSTA PAGA;Proposta Paga;24/10/2025;R$800.000,00;R$800.000,00;R$800.000,00
2025;50410001;S.PART.;COMISSÃO DA SAÚDE;2712;HUGO MOTTA;PB;251310;SALGADO DE SAO FELIX;MUNICIPAL;COMISSAO;CORRENTE;301;1001;1030151192E890001;19/09/2025;36000708000202500;202500031166;FAF;INCREMENTO PAP;2E89;ATENÇÃO PRIMÁRIA À SAÚDE;INCREMENTO DO PISO DA ATENÇÃO PRIMÁRIA À SAÚDE - PAP;11462050000107;FUNDO MUNICIPAL DE SAUDE DE SALGADO DE SAO FELIX;8411;15/10/2025;PROPOSTA PAGA;Proposta Paga;30/10/2025;R$1.000.000,00;R$1.000.000,00;R$1.000.000,00
2025;50410001;S.PART.;COMISSÃO DA SAÚDE;4317 / 4436;CABO GILBERTO SILVA / MURILO GALDINO;PB;251200;POCINHOS;MUNICIPAL;COMISSAO;CORRENTE;301;1001;1030151192E890001;09/09/2025;36000703433202500;202500030345;FAF;INCREMENTO PAP;2E89;ATENÇÃO PRIMÁRIA À SAÚDE;INCREMENTO DO PISO DA ATENÇÃO PRIMÁRIA À SAÚDE - PAP;09505246000190;FUNDO MUNICIPAL DE SAUDE - POCINHOS - PARAIBA;8382;13/10/2025;PROPOSTA PAGA;Proposta Paga;27/10/2025;R$2.000.000,00;R$2.000.000,00;R$2.000.000,00
2025;50410002;S.PART.;COMISSÃO DA SAÚDE;1271;LUIZ COUTO;PB;251370;SANTA RITA;MUNICIPAL;COMISSAO;CORRENTE;302;1001;1030251182E900001;10/11/2025;36000717418202500;202500037742;FAF;INCREMENTO MAC;2E90;ATENÇÃO ESPECIALIZADA À SAÚDE;Incremento Temporário do Teto da Média e Alta Complexidade - MAC;08694222000163;FUNDO MUNICIPAL DE SAUDE DE SANTA RITA;8858;18/11/2025;PROPOSTA PAGA;Proposta Paga;10/12/2025;R$500.000,00;R$500.000,00;R$500.000,00
2025;60060004;S.PART.;COMISSÃO DE ASSUNTOS SOCIAIS - CAS;4088 / 4270;EFRAIM FILHO / VENEZIANO VITAL DO RÊGO;PB;250440;CONCEICAO;MUNICIPAL;COMISSAO;CORRENTE;302;1001;1030251182E900001;10/10/2025;36000711963202500;202500039438;FAF;INCREMENTO MAC;2E90;ATENÇÃO ESPECIALIZADA À SAÚDE;Incremento Temporário do Teto da Média e Alta Complexidade - MAC;05497410000103;FUNDO MUNICIPAL DE SAUDE DE CONCEICAO;9003;01/12/2025;PROPOSTA PAGA;Proposta Paga;23/12/2025;R$300.000,00;R$300.000,00;R$300.000,00
2025;60060003;S.PART.;COMISSÃO DE ASSUNTOS SOCIAIS - CAS;4088 / 4270;EFRAIM FILHO / VENEZIANO VITAL DO RÊGO;PB;250940;MOGEIRO;MUNICIPAL;COMISSAO;CORRENTE;301;1001;1030151192E890001;30/09/2025;36000710255202500;202500034680;FAF;INCREMENTO PAP;2E89;ATENÇÃO PRIMÁRIA À SAÚDE;INCREMENTO DO PISO DA ATENÇÃO PRIMÁRIA À SAÚDE - PAP;10664047000103;FUNDO MUNICIPAL DE SAUDE DE MOGEIRO;8598;31/10/2025;PROPOSTA PAGA;Proposta Paga;13/11/2025;R$1.000.000,00;R$1.000.000,00;R$1.000.000,00
2025;50410001;S.PART.;COMISSÃO DA SAÚDE;2712;HUGO MOTTA;PB;251600;SOLANEA;MUNICIPAL;COMISSAO;CORRENTE;301;1001;1030151192E890001;13/09/2025;36000705888202500;202500031177;FAF;INCREMENTO PAP;2E89;ATENÇÃO PRIMÁRIA À SAÚDE;INCREMENTO DO PISO DA ATENÇÃO PRIMÁRIA À SAÚDE - PAP;13857317000190;FUNDO MUNICIPAL DE SAUDE DE SOLANEA;8411;15/10/2025;PROPOSTA PAGA;Proposta Paga;30/10/2025;R$1.000.000,00;R$1.000.000,00;R$1.000.000,00
2025;50410001;S.PART.;COMISSÃO DA SAÚDE;4436;MURILO GALDINO;PB;250230;BOM SUCESSO;MUNICIPAL;COMISSAO;CORRENTE;301;1001;1030151192E890001;11/09/2025;36000705145202500;202500028494;FAF;INCREMENTO PAP;2E89;ATENÇÃO PRIMÁRIA À SAÚDE;INCREMENTO DO PISO DA ATENÇÃO PRIMÁRIA À SAÚDE - PAP;12403050000107;FUNDO MUNICIPAL DE SAUDE - FMS;8275;30/09/2025;PROPOSTA PAGA;Proposta Paga;24/10/2025;R$421.102,00;R$421.102,00;R$421.102,00
2025;50410002;S.PART.;COMISSÃO DA SAÚDE;3530;DAMIÃO FELICIANO;PB;250240;BONITO DE SANTA FE;MUNICIPAL;COMISSAO;CORRENTE;302;1001;1030251182E900001;23/09/2025;36000708948202500;202500035134;FAF;INCREMENTO MAC;2E90;ATENÇÃO ESPECIALIZADA À SAÚDE;Incremento Temporário do Teto da Média e Alta Complexidade - MAC;11494230000170;FUNDO MUNICIPAL DE SAUDE BONITO DE SANTA FE;8595;31/10/2025;PROPOSTA PAGA;Proposta Paga;10/11/2025;R$80.000,00;R$80.000,00;R$80.000,00
2025;60060003;S.PART.;COMISSÃO DE ASSUNTOS SOCIAIS - CAS;4088 / 4270;EFRAIM FILHO / VENEZIANO VITAL DO RÊGO;PB;250120;AREIAL;MUNICIPAL;COMISSAO;CORRENTE;301;1001;1030151192E890001;10/09/2025;36000704554202500;202500028016;FAF;INCREMENTO PAP;2E89;ATENÇÃO PRIMÁRIA À SAÚDE;INCREMENTO DO PISO DA ATENÇÃO PRIMÁRIA À SAÚDE - PAP;13876013000170;FUNDO MUNICIPAL DE SAUDE DE AREIAL;8260;29/09/2025;PROPOSTA PAGA;Proposta Paga;24/10/2025;R$200.000,00;R$200.000,00;R$200.000,00
2025;50410002;S.PART.;COMISSÃO DA SAÚDE;1283;WILSON SANTIAGO;PB;251250;QUEIMADAS;MUNICIPAL;COMISSAO;CORRENTE;302;1001;1030251182E900001;07/10/2025;36000711467202500;202500033490;FAF;INCREMENTO MAC;2E90;ATENÇÃO ESPECIALIZADA À SAÚDE;Incremento Temporário do Teto da Média e Alta Complexidade - MAC;11162629000154;FUNDO MUNICIPAL DE SAUDE;8532;24/10/2025;PROPOSTA PAGA;Proposta Paga;10/11/2025;R$869.411,00;R$869.411,00;R$869.411,00
2025;50410003;S.PART.;COMISSÃO DA SAÚDE;1277;WELLINGTON ROBERTO;PB;251690;UIRAUNA;MUNICIPAL;COMISSAO;CAPITAL;302;3129;10302511885350001;08/09/2025;10435066000125004;202500037412;FAF;CAPS;8535;ATENÇÃO ESPECIALIZADA À SAÚDE;Rede de Atenção Psicossocial - Centro de Atenção Psicossocial (Caps);10435066000168;FUNDO MUNICIPAL DE SAUDE;8852;18/11/2025;LIBERADO PAGAMENTO FNS;Proposta aprovada para Pagamento;-;R$2.273.000,00;R$2.273.000,00;R$0,00
2025;60060003;S.PART.;COMISSÃO DE ASSUNTOS SOCIAIS - CAS;4088 / 4141;DANIELLA RIBEIRO / VENEZIANO VITAL DO RÊGO;PB;251500;SAO MIGUEL DE TAIPU;MUNICIPAL;COMISSAO;CORRENTE;301;1001;1030151192E890001;17/09/2025;36000707214202500;202500028089;FAF;INCREMENTO PAP;2E89;ATENÇÃO PRIMÁRIA À SAÚDE;INCREMENTO DO PISO DA ATENÇÃO PRIMÁRIA À SAÚDE - PAP;11601645000104;FUNDO MUNICIPAL DE SAUDE;8260;29/09/2025;PROPOSTA PAGA;Proposta Paga;27/10/2025;R$300.000,00;R$300.000,00;R$300.000,00
2025;50410003;S.PART.;COMISSÃO DA SAÚDE;2712;HUGO MOTTA;PB;250407;CARAUBAS;MUNICIPAL;COMISSAO;CAPITAL;302;3129;10302511885350001;24/09/2025;11431018000125005;202500043516;FAF;EQUIPAMENTO;8535;ATENÇÃO ESPECIALIZADA À SAÚDE;Políticas de Atenção Ambulatorial Especializada e Serviços Hospitalares de Alta Complexidade - Ambulatório;11431018000164;FUNDO MUNICIPAL DE SAUDE;9751;29/12/2025;PROPOSTA PAGA;Proposta Paga;12/02/2026;R$372.602,00;R$372.602,00;R$372.602,00
2025;60060003;S.PART.;COMISSÃO DE ASSUNTOS SOCIAIS - CAS;4088;VENEZIANO VITAL DO RÊGO;PB;251350;SANTANA DE MANGUEIRA;MUNICIPAL;COMISSAO;CORRENTE;301;1001;1030151192E890001;09/09/2025;36000704079202500;202500028079;FAF;INCREMENTO PAP;2E89;ATENÇÃO PRIMÁRIA À SAÚDE;INCREMENTO DO PISO DA ATENÇÃO PRIMÁRIA À SAÚDE - PAP;11285050000189;FUNDO MUNICIPAL DE SAUDE;8260;29/09/2025;PROPOSTA PAGA;Proposta Paga;24/10/2025;R$50.000,00;R$50.000,00;R$50.000,00
2025;60060004;S.PART.;COMISSÃO DE ASSUNTOS SOCIAIS - CAS;4088;VENEZIANO VITAL DO RÊGO;PB;250135;ASSUNCAO;MUNICIPAL;COMISSAO;CORRENTE;302;1001;1030251182E900001;01/10/2025;36000710523202500;202500033485;FAF;INCREMENTO MAC;2E90;ATENÇÃO ESPECIALIZADA À SAÚDE;Incremento Temporário do Teto da Média e Alta Complexidade - MAC;11383748000137;FUNDO MUNICIPAL DE SAUDE;8532;24/10/2025;PROPOSTA PAGA;Proposta Paga;10/11/2025;R$64.000,00;R$64.000,00;R$64.000,00
2025;60060004;S.PART.;COMISSÃO DE ASSUNTOS SOCIAIS - CAS;4088;VENEZIANO VITAL DO RÊGO;PB;251500;SAO MIGUEL DE TAIPU;MUNICIPAL;COMISSAO;CORRENTE;302;1001;1030251182E900001;04/09/2025;36000701020202500;202500026934;FAF;INCREMENTO MAC;2E90;ATENÇÃO ESPECIALIZADA À SAÚDE;Incremento Temporário do Teto da Média e Alta Complexidade - MAC;11601645000104;FUNDO MUNICIPAL DE SAUDE;8213;23/09/2025;PROPOSTA PAGA;Proposta Paga;24/10/2025;R$100.000,00;R$100.000,00;R$100.000,00
2025;60060004;S.PART.;COMISSÃO DE ASSUNTOS SOCIAIS - CAS;4088 / 4141;DANIELLA RIBEIRO / VENEZIANO VITAL DO RÊGO;PB;250370;CAJAZEIRAS;MUNICIPAL;COMISSAO;CORRENTE;302;1001;1030251182E900001;17/10/2025;36000712971202500;202500035137;FAF;INCREMENTO MAC;2E90;ATENÇÃO ESPECIALIZADA À SAÚDE;Incremento Temporário do Teto da Média e Alta Complexidade - MAC;11902878000139;MUNICIPIO DE CAJAZEIRAS FUNDO MUNICIPAL DE SAUDE - FMS;8592;31/10/2025;PROPOSTA PAGA;Proposta Paga;10/11/2025;R$1.057.043,00;R$1.057.043,00;R$1.057.043,00
2025;60060004;S.PART.;COMISSÃO DE ASSUNTOS SOCIAIS - CAS;4088 / 4270;EFRAIM FILHO / VENEZIANO VITAL DO RÊGO;PB;250400;CAMPINA GRANDE;MUNICIPAL;COMISSAO;CORRENTE;302;1001;1030251182E900001;23/09/2025;36000708756202500;202500029314;FAF;INCREMENTO MAC;2E90;ATENÇÃO ESPECIALIZADA À SAÚDE;Incremento Temporário do Teto da Média e Alta Complexidade - MAC;24513574000121;FUNDO MUNICIPAL DE SAUDE DE CAMPINA GRANDE;8303;03/10/2025;PROPOSTA PAGA;Proposta Paga;05/11/2025;R$10.000.000,00;R$10.000.000,00;R$10.000.000,00
2025;60060004;S.PART.;COMISSÃO DE ASSUNTOS SOCIAIS - CAS;4088;VENEZIANO VITAL DO RÊGO;PB;250830;LAGOA SECA;MUNICIPAL;COMISSAO;CORRENTE;302;1001;1030251182E900001;13/09/2025;36000705885202500;202500024245;FAF;INCREMENTO MAC;2E90;ATENÇÃO ESPECIALIZADA À SAÚDE;Incremento Temporário do Teto da Média e Alta Complexidade - MAC;11264183000179;FUNDO MUNICIPAL DE SAUDE;8112;16/09/2025;PROPOSTA PAGA;Proposta Paga;24/10/2025;R$500.000,00;R$500.000,00;R$500.000,00
2025;60060004;S.PART.;COMISSÃO DE ASSUNTOS SOCIAIS - CAS;4088;VENEZIANO VITAL DO RÊGO;PB;250540;DESTERRO;MUNICIPAL;COMISSAO;CORRENTE;302;1001;1030251182E900001;23/09/2025;36000708803202500;202500029817;FAF;INCREMENTO MAC;2E90;ATENÇÃO ESPECIALIZADA À SAÚDE;Incremento Temporário do Teto da Média e Alta Complexidade - MAC;10493355000113;FUNDO MUNICIPAL DE SAUDE DE DESTERRO;8363;09/10/2025;PROPOSTA PAGA;Proposta Paga;24/10/2025;R$200.000,00;R$200.000,00;R$200.000,00
2025;50410001;S.PART.;COMISSÃO DA SAÚDE;2712;HUGO MOTTA;PB;251700;UMBUZEIRO;MUNICIPAL;COMISSAO;CORRENTE;301;1001;1030151192E890001;03/09/2025;36000700365202500;202500034691;FAF;INCREMENTO PAP;2E89;ATENÇÃO PRIMÁRIA À SAÚDE;INCREMENTO DO PISO DA ATENÇÃO PRIMÁRIA À SAÚDE - PAP;09494245000197;FUNDO MUNICIPAL DE SAUDE;8598;31/10/2025;PROPOSTA PAGA;Proposta Paga;13/11/2025;R$20.000,00;R$20.000,00;R$20.000,00
2025;50410001;S.PART.;COMISSÃO DA SAÚDE;2714 / 2715;ROMERO RODRIGUES / RUY CARNEIRO;PB;250070;SAO JOAO DO RIO DO PEIXE;MUNICIPAL;COMISSAO;CORRENTE;301;1001;1030151192E890001;08/09/2025;36000703227202500;202500031162;FAF;INCREMENTO PAP;2E89;ATENÇÃO PRIMÁRIA À SAÚDE;INCREMENTO DO PISO DA ATENÇÃO PRIMÁRIA À SAÚDE - PAP;17648806000193;FUNDO MUNICIPAL DE SAUDE DE SAO JOAO DO RIO DO PEIXE;8411;15/10/2025;PROPOSTA PAGA;Proposta Paga;30/10/2025;R$2.106.000,00;R$2.106.000,00;R$2.106.000,00
2025;50410001;S.PART.;COMISSÃO DA SAÚDE;1283;WILSON SANTIAGO;PB;251330;SANTA HELENA;MUNICIPAL;COMISSAO;CORRENTE;301;1001;1030151192E890001;05/09/2025;36000702159202500;202500031167;FAF;INCREMENTO PAP;2E89;ATENÇÃO PRIMÁRIA À SAÚDE;INCREMENTO DO PISO DA ATENÇÃO PRIMÁRIA À SAÚDE - PAP;11245287000136;FUNDO MUNICIPAL DE SAUDE DE SANTA HELENA-PB;8411;15/10/2025;PROPOSTA PAGA;Proposta Paga;30/10/2025;R$500.000,00;R$500.000,00;R$500.000,00
2025;50410002;S.PART.;COMISSÃO DA SAÚDE;4432;MERSINHO LUCENA;PB;250750;JOAO PESSOA;MUNICIPAL;COMISSAO;CORRENTE;302;1001;1030251182E900001;24/10/2025;36000714625202500;202500042588;FAF;INCREMENTO MAC;2E90;ATENÇÃO ESPECIALIZADA À SAÚDE;Incremento Temporário do Teto da Média e Alta Complexidade - MAC;08715618000140;FUNDO MUNICIPAL DE SAUDE;9580;22/12/2025;PROPOSTA PAGA;Proposta Paga;29/12/2025;R$4.000.000,00;R$4.000.000,00;R$4.000.000,00
2025;60060003;S.PART.;COMISSÃO DE ASSUNTOS SOCIAIS - CAS;4141;DANIELLA RIBEIRO;PB;250220;BOM JESUS;MUNICIPAL;COMISSAO;CORRENTE;301;1001;1030151192E890001;03/09/2025;36000700580202500;202500028493;FAF;INCREMENTO PAP;2E89;ATENÇÃO PRIMÁRIA À SAÚDE;INCREMENTO DO PISO DA ATENÇÃO PRIMÁRIA À SAÚDE - PAP;11856862000137;FUNDO MUNICIPAL DE SAUDE DO MUNICIPIO DE BOM JESUS;8275;30/09/2025;PROPOSTA PAGA;Proposta Paga;24/10/2025;R$200.000,00;R$200.000,00;R$200.000,00
2025;60060003;S.PART.;COMISSÃO DE ASSUNTOS SOCIAIS - CAS;4141;DANIELLA RIBEIRO;PB;250870;MAE D'AGUA;MUNICIPAL;COMISSAO;CORRENTE;301;1001;1030151192E890001;04/09/2025;36000701022202500;202500025339;FAF;INCREMENTO PAP;2E89;ATENÇÃO PRIMÁRIA À SAÚDE;INCREMENTO DO PISO DA ATENÇÃO PRIMÁRIA À SAÚDE - PAP;03627760000111;FUNDO MUNICIPAL DE SAUDE DE MAE D AGUA;8109;16/09/2025;PROPOSTA PAGA;Proposta Paga;24/10/2025;R$200.000,00;R$200.000,00;R$200.000,00
2025;60060004;S.PART.;COMISSÃO DE ASSUNTOS SOCIAIS - CAS;4088;VENEZIANO VITAL DO RÊGO;PB;250053;ALCANTIL;MUNICIPAL;COMISSAO;CORRENTE;302;1001;1030251182E900001;06/10/2025;36000711138202500;202500037740;FAF;INCREMENTO MAC;2E90;ATENÇÃO ESPECIALIZADA À SAÚDE;Incremento Temporário do Teto da Média e Alta Complexidade - MAC;08448753000176;FUNDO MUNICIPAL DE SAUDE - ALCANTIL PB;8858;18/11/2025;PROPOSTA PAGA;Proposta Paga;16/12/2025;R$100.000,00;R$100.000,00;R$100.000,00
2025;60060004;S.PART.;COMISSÃO DE ASSUNTOS SOCIAIS - CAS;4088 / 4270;EFRAIM FILHO / VENEZIANO VITAL DO RÊGO;PB;250970;MONTEIRO;MUNICIPAL;COMISSAO;CORRENTE;302;1001;1030251182E900001;01/09/2025;36000696734202500;202500024246;FAF;INCREMENTO MAC;2E90;ATENÇÃO ESPECIALIZADA À SAÚDE;Incremento Temporário do Teto da Média e Alta Complexidade - MAC;11214763000151;FUNDO MUNICIPAL DE SAUDE DE MONTEIRO;8112;16/09/2025;PROPOSTA PAGA;Proposta Paga;24/10/2025;R$100.000,00;R$100.000,00;R$100.000,00
2025;60060004;S.PART.;COMISSÃO DE ASSUNTOS SOCIAIS - CAS;4141;DANIELLA RIBEIRO;PB;251230;PRINCESA ISABEL;MUNICIPAL;COMISSAO;CORRENTE;302;1001;1030251182E900001;23/10/2025;36000714320202500;202500035147;FAF;INCREMENTO MAC;2E90;ATENÇÃO ESPECIALIZADA À SAÚDE;Incremento Temporário do Teto da Média e Alta Complexidade - MAC;10473821000107;FUNDO MUNICIPAL DE SAUDE DO MUNICIPIO DE PRINCESA ISABEL;8605;31/10/2025;PROPOSTA PAGA;Proposta Paga;21/11/2025;R$1.500.000,00;R$1.500.000,00;R$1.500.000,00
2025;50410001;S.PART.;COMISSÃO DA SAÚDE;2714 / 4317;CABO GILBERTO SILVA / ROMERO RODRIGUES;PB;250400;CAMPINA GRANDE;MUNICIPAL;COMISSAO;CORRENTE;301;1001;1030151192E890001;04/09/2025;36000701246202500;202500032913;FAF;INCREMENTO PAP;2E89;ATENÇÃO PRIMÁRIA À SAÚDE;INCREMENTO DO PISO DA ATENÇÃO PRIMÁRIA À SAÚDE - PAP;24513574000121;FUNDO MUNICIPAL DE SAUDE DE CAMPINA GRANDE;8495;23/10/2025;PROPOSTA PAGA;Proposta Paga;13/11/2025;R$81.000,00;R$81.000,00;R$81.000,00
2025;50410001;S.PART.;COMISSÃO DA SAÚDE;2714 / 2715 / 3999;GILBERTO ABRAMO / ROMERO RODRIGUES / RUY CARNEIRO;PB;250403;CAPIM;MUNICIPAL;COMISSAO;CORRENTE;301;1001;1030151192E890001;17/09/2025;36000707241202500;202500030342;FAF;INCREMENTO PAP;2E89;ATENÇÃO PRIMÁRIA À SAÚDE;INCREMENTO DO PISO DA ATENÇÃO PRIMÁRIA À SAÚDE - PAP;08730943000181;FUNDO MUNICIPAL DE SAUDE;8382;13/10/2025;PROPOSTA PAGA;Proposta Paga;24/10/2025;R$300.000,00;R$300.000,00;R$300.000,00
2025;50410001;S.PART.;COMISSÃO DA SAÚDE;4436;MURILO GALDINO;PB;251240;PUXINANA;MUNICIPAL;COMISSAO;CORRENTE;301;1001;1030151192E890001;02/09/2025;36000697769202500;202500025369;FAF;INCREMENTO PAP;2E89;ATENÇÃO PRIMÁRIA À SAÚDE;INCREMENTO DO PISO DA ATENÇÃO PRIMÁRIA À SAÚDE - PAP;10521892000120;FUNDO MUNICIPAL DE SAUDE - PUXINANA;8109;16/09/2025;PROPOSTA PAGA;Proposta Paga;24/10/2025;R$300.000,00;R$300.000,00;R$300.000,00
2025;50410001;S.PART.;COMISSÃO DA SAÚDE;3530 / 3999;DAMIÃO FELICIANO / GILBERTO ABRAMO;PB;250240;BONITO DE SANTA FE;MUNICIPAL;COMISSAO;CORRENTE;301;1001;1030151192E890001;23/09/2025;36000708988202500;202500038130;FAF;INCREMENTO PAP;2E89;ATENÇÃO PRIMÁRIA À SAÚDE;INCREMENTO DO PISO DA ATENÇÃO PRIMÁRIA À SAÚDE - PAP;11494230000170;FUNDO MUNICIPAL DE SAUDE BONITO DE SANTA FE;8895;21/11/2025;PROPOSTA PAGA;Proposta Paga;10/12/2025;R$250.000,00;R$250.000,00;R$250.000,00
2025;50410001;S.PART.;COMISSÃO DA SAÚDE;1283;WILSON SANTIAGO;PB;250560;DIAMANTE;MUNICIPAL;COMISSAO;CORRENTE;301;1001;1030151192E890001;16/09/2025;36000706752202500;202500028056;FAF;INCREMENTO PAP;2E89;ATENÇÃO PRIMÁRIA À SAÚDE;INCREMENTO DO PISO DA ATENÇÃO PRIMÁRIA À SAÚDE - PAP;10382118000185;FUNDO MUNICIPAL DE SAUDE DE DIAMANTE;8263;29/09/2025;PROPOSTA PAGA;Proposta Paga;24/10/2025;R$500.000,00;R$500.000,00;R$500.000,00
2025;60060003;S.PART.;COMISSÃO DE ASSUNTOS SOCIAIS - CAS;4088 / 4270;EFRAIM FILHO / VENEZIANO VITAL DO RÊGO;PB;250420;CATINGUEIRA;MUNICIPAL;COMISSAO;CORRENTE;301;1001;1030151192E890001;04/12/2025;36000720628202500;202500040754;FAF;INCREMENTO PAP;2E89;ATENÇÃO PRIMÁRIA À SAÚDE;INCREMENTO DO PISO DA ATENÇÃO PRIMÁRIA À SAÚDE - PAP;12401524000173;FUNDO MUNICIPAL DE SAUDE;9172;09/12/2025;PROPOSTA PAGA;Proposta Paga;16/12/2025;R$200.000,00;R$200.000,00;R$200.000,00
2025;60060003;S.PART.;COMISSÃO DE ASSUNTOS SOCIAIS - CAS;4141;DANIELLA RIBEIRO;PB;250933;MATINHAS;MUNICIPAL;COMISSAO;CORRENTE;301;1001;1030151192E890001;05/09/2025;36000702046202500;202500028528;FAF;INCREMENTO PAP;2E89;ATENÇÃO PRIMÁRIA À SAÚDE;INCREMENTO DO PISO DA ATENÇÃO PRIMÁRIA À SAÚDE - PAP;12012166000107;FUNDO MUNICIPAL DE SAUDE;8275;30/09/2025;PROPOSTA PAGA;Proposta Paga;24/10/2025;R$200.000,00;R$200.000,00;R$200.000,00
2025;50410003;S.PART.;COMISSÃO DA SAÚDE;1271;LUIZ COUTO;PB;250630;GUARABIRA;MUNICIPAL;COMISSAO;CAPITAL;302;3129;10302511885350001;03/10/2025;13844779000125007;202500043692;FAF;EQUIPAMENTO;8535;ATENÇÃO ESPECIALIZADA À SAÚDE;Rede de Cuidados à Pessoa com Deficiência - Centro Especializado em Reabilitação (CER);13844779000173;GUARABIRA FUNDO MUNICIPAL DE SAUDE;9788;30/12/2025;PROPOSTA PAGA;Proposta Paga;12/02/2026;R$261.062,00;R$261.062,00;R$261.062,00
2025;50410003;S.PART.;COMISSÃO DA SAÚDE;2712;HUGO MOTTA;PB;251455;SAO JOSE DE PRINCESA;MUNICIPAL;COMISSAO;CAPITAL;302;3129;10302511885350001;11/09/2025;10460712000125006;202500040963;FAF;EQUIPAMENTO;8535;ATENÇÃO ESPECIALIZADA À SAÚDE;Rede de Urgência e Emergência - SAMU 192 - Ampliação de Frota (USA/USB);10460712000147;FUNDO MUNICIPAL DE SAUDE DE SAO JOSE DE PRINCESA;9238;11/12/2025;PROPOSTA PAGA;Proposta Paga;29/12/2025;R$472.100,00;R$472.100,00;R$472.100,00
2025;60060003;S.PART.;COMISSÃO DE ASSUNTOS SOCIAIS - CAS;4088 / 4141;DANIELLA RIBEIRO / VENEZIANO VITAL DO RÊGO;PB;251580;SERRA REDONDA;MUNICIPAL;COMISSAO;CORRENTE;301;1001;1030151192E890001;29/10/2025;36000715115202500;202500039607;FAF;INCREMENTO PAP;2E89;ATENÇÃO PRIMÁRIA À SAÚDE;INCREMENTO DO PISO DA ATENÇÃO PRIMÁRIA À SAÚDE - PAP;97519352000190;FUNDO MUNICIPAL DE SAUDE;9031;02/12/2025;PROPOSTA PAGA;Proposta Paga;22/12/2025;R$940.000,00;R$940.000,00;R$940.000,00
2025;60060003;S.PART.;COMISSÃO DE ASSUNTOS SOCIAIS - CAS;4088 / 4270;EFRAIM FILHO / VENEZIANO VITAL DO RÊGO;PB;250500;CUBATI;MUNICIPAL;COMISSAO;CORRENTE;301;1001;1030151192E890001;07/10/2025;36000711311202500;202500031131;FAF;INCREMENTO PAP;2E89;ATENÇÃO PRIMÁRIA À SAÚDE;INCREMENTO DO PISO DA ATENÇÃO PRIMÁRIA À SAÚDE - PAP;08580325000100;FUNDO MUNICIPAL DE SAUDE DE CUBATI;8411;15/10/2025;PROPOSTA PAGA;Proposta Paga;17/04/2026;R$500.000,00;R$500.000,00;R$500.000,00
2025;60060004;S.PART.;COMISSÃO DE ASSUNTOS SOCIAIS - CAS;4088 / 4270;EFRAIM FILHO / VENEZIANO VITAL DO RÊGO;PB;251180;PIRPIRITUBA;MUNICIPAL;COMISSAO;CORRENTE;302;1001;1030251182E900001;24/09/2025;36000709319202500;202500039798;FAF;INCREMENTO MAC;2E90;ATENÇÃO ESPECIALIZADA À SAÚDE;Incremento Temporário do Teto da Média e Alta Complexidade - MAC;12044829000175;FUNDO MUNICIPAL DE SAUDE DE PIRPIRITUBA;9044;03/12/2025;PROPOSTA PAGA;Proposta Paga;23/12/2025;R$190.000,00;R$190.000,00;R$190.000,00
2025;60060003;S.PART.;COMISSÃO DE ASSUNTOS SOCIAIS - CAS;4088 / 4270;EFRAIM FILHO / VENEZIANO VITAL DO RÊGO;PB;251110;PEDRA LAVRADA;MUNICIPAL;COMISSAO;CORRENTE;301;1001;1030151192E890001;24/09/2025;36000709275202500;202500028073;FAF;INCREMENTO PAP;2E89;ATENÇÃO PRIMÁRIA À SAÚDE;INCREMENTO DO PISO DA ATENÇÃO PRIMÁRIA À SAÚDE - PAP;08932293000157;FUNDO MUNICIPAL DE SAUDE DE PEDRA LAVRADA;8260;29/09/2025;PROPOSTA PAGA;Proposta Paga;24/10/2025;R$700.000,00;R$700.000,00;R$700.000,00
2025;60060004;S.PART.;COMISSÃO DE ASSUNTOS SOCIAIS - CAS;4088;VENEZIANO VITAL DO RÊGO;PB;250200;BELEM DO BREJO DO CRUZ;MUNICIPAL;COMISSAO;CORRENTE;302;1001;1030251182E900001;05/09/2025;36000702102202500;202500035133;FAF;INCREMENTO MAC;2E90;ATENÇÃO ESPECIALIZADA À SAÚDE;Incremento Temporário do Teto da Média e Alta Complexidade - MAC;12461113000173;FUNDO MUNICIPAL DE SAUDE DE BELEM DO BREJO DO CRUZ;8605;31/10/2025;PROPOSTA PAGA;Proposta Paga;12/02/2026;R$200.000,00;R$200.000,00;R$200.000,00
2025;60060004;S.PART.;COMISSÃO DE ASSUNTOS SOCIAIS - CAS;4141;DANIELLA RIBEIRO;PB;251570;SERRA GRANDE;MUNICIPAL;COMISSAO;CORRENTE;302;1001;1030251182E900001;04/12/2025;36000720651202500;202500040621;FAF;INCREMENTO MAC;2E90;ATENÇÃO ESPECIALIZADA À SAÚDE;Incremento Temporário do Teto da Média e Alta Complexidade - MAC;11588202000112;FUNDO MUNICIPAL DE SAUDE DE SERRA GRANDE;9186;09/12/2025;PROPOSTA PAGA;Proposta Paga;16/12/2025;R$200.000,00;R$200.000,00;R$200.000,00
2025;50410001;S.PART.;COMISSÃO DA SAÚDE;2712;HUGO MOTTA;PB;250480;COREMAS;MUNICIPAL;COMISSAO;CORRENTE;301;1001;1030151192E890001;04/09/2025;36000700912202500;202500031130;FAF;INCREMENTO PAP;2E89;ATENÇÃO PRIMÁRIA À SAÚDE;INCREMENTO DO PISO DA ATENÇÃO PRIMÁRIA À SAÚDE - PAP;11161210000188;FUNDO MUNICIPAL DE SAUDE;8411;15/10/2025;PROPOSTA PAGA;Proposta Paga;30/10/2025;R$1.000.000,00;R$1.000.000,00;R$1.000.000,00
2025;60060003;S.PART.;COMISSÃO DE ASSUNTOS SOCIAIS - CAS;4088;VENEZIANO VITAL DO RÊGO;PB;250355;CACIMBAS;MUNICIPAL;COMISSAO;CORRENTE;301;1001;1030151192E890001;10/09/2025;36000704389202500;202500028028;FAF;INCREMENTO PAP;2E89;ATENÇÃO PRIMÁRIA À SAÚDE;INCREMENTO DO PISO DA ATENÇÃO PRIMÁRIA À SAÚDE - PAP;10541009000163;FUNDO MUNICIPAL DE SAUDE DE CACIMBAS;8260;29/09/2025;PROPOSTA PAGA;Proposta Paga;24/10/2025;R$100.000,00;R$100.000,00;R$100.000,00
2025;50410002;S.PART.;COMISSÃO DA SAÚDE;2712 / 3997;GERVÁSIO MAIA / HUGO MOTTA;PB;250480;COREMAS;MUNICIPAL;COMISSAO;CORRENTE;302;1001;1030251182E900001;04/09/2025;36000700776202500;202500032554;FAF;INCREMENTO MAC;2E90;ATENÇÃO ESPECIALIZADA À SAÚDE;Incremento Temporário do Teto da Média e Alta Complexidade - MAC;11161210000188;FUNDO MUNICIPAL DE SAUDE;8479;21/10/2025;PROPOSTA PAGA;Proposta Paga;30/10/2025;R$500.000,00;R$500.000,00;R$500.000,00
2025;50410002;S.PART.;COMISSÃO DA SAÚDE;1283;WILSON SANTIAGO;PB;251700;UMBUZEIRO;MUNICIPAL;COMISSAO;CORRENTE;302;1001;1030251182E900001;05/09/2025;36000701782202500;202500026935;FAF;INCREMENTO MAC;2E90;ATENÇÃO ESPECIALIZADA À SAÚDE;Incremento Temporário do Teto da Média e Alta Complexidade - MAC;09494245000197;FUNDO MUNICIPAL DE SAUDE;8213;23/09/2025;PROPOSTA PAGA;Proposta Paga;24/10/2025;R$600.000,00;R$600.000,00;R$600.000,00
2025;60060003;S.PART.;COMISSÃO DE ASSUNTOS SOCIAIS - CAS;4088 / 4141;DANIELLA RIBEIRO / VENEZIANO VITAL DO RÊGO;PB;250310;CABACEIRAS;MUNICIPAL;COMISSAO;CORRENTE;301;1001;1030151192E890001;16/09/2025;36000706550202500;202500028026;FAF;INCREMENTO PAP;2E89;ATENÇÃO PRIMÁRIA À SAÚDE;INCREMENTO DO PISO DA ATENÇÃO PRIMÁRIA À SAÚDE - PAP;11309134000105;FUNDO MUNICIPAL DE SAUDE - CABACEIRAS PB;8260;29/09/2025;PROPOSTA PAGA;Proposta Paga;27/10/2025;R$300.000,00;R$300.000,00;R$300.000,00
2025;60060004;S.PART.;COMISSÃO DE ASSUNTOS SOCIAIS - CAS;4088 / 4270;EFRAIM FILHO / VENEZIANO VITAL DO RÊGO;PB;250970;MONTEIRO;MUNICIPAL;COMISSAO;CORRENTE;302;1001;1030251182E900001;02/10/2025;36000710806202500;202500030476;FAF;INCREMENTO MAC;2E90;ATENÇÃO ESPECIALIZADA À SAÚDE;Incremento Temporário do Teto da Média e Alta Complexidade - MAC;11214763000151;FUNDO MUNICIPAL DE SAUDE DE MONTEIRO;8409;15/10/2025;PROPOSTA PAGA;Proposta Paga;10/11/2025;R$32.767,00;R$32.767,00;R$32.767,00
2025;60060003;S.PART.;COMISSÃO DE ASSUNTOS SOCIAIS - CAS;4270;EFRAIM FILHO;PB;251670;TEIXEIRA;MUNICIPAL;COMISSAO;CORRENTE;301;1001;1030151192E890001;17/09/2025;36000707490202500;202500028541;FAF;INCREMENTO PAP;2E89;ATENÇÃO PRIMÁRIA À SAÚDE;INCREMENTO DO PISO DA ATENÇÃO PRIMÁRIA À SAÚDE - PAP;11229326000101;FUNDO MUNICIPAL DE SAUDE;8275;30/09/2025;PROPOSTA PAGA;Proposta Paga;06/11/2025;R$500.000,00;R$500.000,00;R$500.000,00
2025;60060003;S.PART.;COMISSÃO DE ASSUNTOS SOCIAIS - CAS;4088 / 4270;EFRAIM FILHO / VENEZIANO VITAL DO RÊGO;PB;250630;GUARABIRA;MUNICIPAL;COMISSAO;CORRENTE;301;1001;1030151192E890001;23/09/2025;36000708833202500;202500028199;FAF;INCREMENTO PAP;2E89;ATENÇÃO PRIMÁRIA À SAÚDE;INCREMENTO DO PISO DA ATENÇÃO PRIMÁRIA À SAÚDE - PAP;13844779000173;GUARABIRA FUNDO MUNICIPAL DE SAUDE;8263;29/09/2025;PROPOSTA PAGA;Proposta Paga;24/10/2025;R$1.000.000,00;R$1.000.000,00;R$1.000.000,00
2024;50410002;S.PART.;COMISSÃO DA SAÚDE;não se aplica;não se aplica;PB;250130;AROEIRAS;MUNICIPAL;COMISSAO;CORRENTE;302;1000;1030251182E900001;28/05/2024;36000614326202400;-;FAF;INCREMENTO MAC;2E90;ATENÇÃO ESPECIALIZADA À SAÚDE;INCREMENTO TEMPORÁRIO DO TETO DA MÉDIA E ALTA COMPLEXIDADE - MAC;10819820000163;FUNDO MUNICIPAL DE SAUDE;4218;10/06/2024;PROPOSTA PAGA;Proposta Paga;20/06/2024;R$550.000,00;R$550.000,00;R$550.000,00
2024;50410002;S.PART.;COMISSÃO DA SAÚDE;não se aplica;não se aplica;PB;250890;MAMANGUAPE;MUNICIPAL;COMISSAO;CORRENTE;302;1001;1030251182E900001;06/05/2024;36000610568202400;-;FAF;INCREMENTO MAC;2E90;ATENÇÃO ESPECIALIZADA À SAÚDE;INCREMENTO TEMPORÁRIO DO TETO DA MÉDIA E ALTA COMPLEXIDADE - MAC;08674396000164;FUNDO MUNICIPAL DE SAUDE DE MAMANGUAPE;3864;21/05/2024;PROPOSTA PAGA;Proposta Paga;10/06/2024;R$1.800.000,00;R$1.800.000,00;R$1.800.000,00
2024;50410002;S.PART.;COMISSÃO DA SAÚDE;não se aplica;não se aplica;PB;250400;CAMPINA GRANDE;MUNICIPAL;COMISSAO;CORRENTE;302;1001;1030251182E900001;13/06/2024;36000615287202400;-;FAF;INCREMENTO MAC;2E90;ATENÇÃO ESPECIALIZADA À SAÚDE;INCREMENTO TEMPORÁRIO DO TETO DA MÉDIA E ALTA COMPLEXIDADE - MAC;24513574000121;FUNDO MUNICIPAL DE SAUDE DE CAMPINA GRANDE;4410;18/06/2024;PROPOSTA PAGA;Proposta Paga;26/06/2024;R$6.171.000,00;R$6.171.000,00;R$6.171.000,00
2024;50410002;S.PART.;COMISSÃO DA SAÚDE;não se aplica;não se aplica;PB;250290;BREJO DOS SANTOS;MUNICIPAL;COMISSAO;CORRENTE;302;1001;1030251182E900001;17/06/2024;36000616863202400;-;FAF;INCREMENTO MAC;2E90;ATENÇÃO ESPECIALIZADA À SAÚDE;INCREMENTO TEMPORÁRIO DO TETO DA MÉDIA E ALTA COMPLEXIDADE - MAC;18000776000177;FUNDO MUNICIPAL DE SAUDE DE BREJO DOS SANTOS;4452;19/06/2024;PROPOSTA PAGA;Proposta Paga;26/06/2024;R$150.000,00;R$150.000,00;R$150.000,00
2024;50410004;S.PART.;COMISSÃO DA SAÚDE;não se aplica;não se aplica;PB;251597;SOBRADO;MUNICIPAL;COMISSAO;CORRENTE;301;3000;1030151192E890001;18/06/2024;36000618053202400;-;FAF;INCREMENTO PAP;2E89;INCREMENTO TEMPORÁRIO AO CUSTEIO DOS SERVIÇOS DE ATENÇÃO PRIMÁRIA À SAÚDE - PAP;INCREMENTO DO PISO DA ATENÇÃO PRIMÁRIA À SAÚDE - PAP;12012235000182;FUNDO MUNICIPAL DE SAUDE;4458;19/06/2024;PROPOSTA PAGA;Proposta Paga;26/06/2024;R$250.000,00;R$250.000,00;R$250.000,00
2024;50410004;S.PART.;COMISSÃO DA SAÚDE;não se aplica;não se aplica;PB;250670;IMACULADA;MUNICIPAL;COMISSAO;CORRENTE;301;3000;1030151192E890001;04/07/2024;36000631029202400;-;FAF;INCREMENTO PAP;2E89;INCREMENTO TEMPORÁRIO AO CUSTEIO DOS SERVIÇOS DE ATENÇÃO PRIMÁRIA À SAÚDE - PAP;INCREMENTO DO PISO DA ATENÇÃO PRIMÁRIA À SAÚDE - PAP;11838404000175;FUNDO MUNICIPAL DE SAUDE DO MUNICIPIO DE IMACULADA;4800;04/07/2024;PROPOSTA PAGA;Proposta Paga;05/07/2024;R$300.000,00;R$300.000,00;R$300.000,00
2024;50410004;S.PART.;COMISSÃO DA SAÚDE;não se aplica;não se aplica;PB;250770;JUAZEIRINHO;MUNICIPAL;COMISSAO;CORRENTE;301;3000;1030151192E890001;03/07/2024;36000629758202400;-;FAF;INCREMENTO PAP;2E89;INCREMENTO TEMPORÁRIO AO CUSTEIO DOS SERVIÇOS DE ATENÇÃO PRIMÁRIA À SAÚDE - PAP;INCREMENTO DO PISO DA ATENÇÃO PRIMÁRIA À SAÚDE - PAP;11277311000119;FUNDO MUNICIPAL DE SAUDE DE JUAZEIRINHO;4759;04/07/2024;PROPOSTA PAGA;Proposta Paga;05/07/2024;R$400.000,00;R$400.000,00;R$400.000,00
2024;60060003;S.PART.;COMISSÃO DE ASSUNTOS SOCIAIS - CAS;não se aplica;não se aplica;PB;250403;CAPIM;MUNICIPAL;COMISSAO;CORRENTE;301;3000;1030151192E890001;18/06/2024;36000618435202400;-;FAF;INCREMENTO PAP;2E89;INCREMENTO TEMPORÁRIO AO CUSTEIO DOS SERVIÇOS DE ATENÇÃO PRIMÁRIA À SAÚDE - PAP;INCREMENTO DO PISO DA ATENÇÃO PRIMÁRIA À SAÚDE - PAP;08730943000181;FUNDO MUNICIPAL DE SAUDE;4492;21/06/2024;PROPOSTA PAGA;Proposta Paga;26/06/2024;R$300.000,00;R$300.000,00;R$300.000,00
2024;60060003;S.PART.;COMISSÃO DE ASSUNTOS SOCIAIS - CAS;não se aplica;não se aplica;PB;251190;PITIMBU;MUNICIPAL;COMISSAO;CORRENTE;302;1000;1030251182E900001;03/07/2024;36000630843202400;-;FAF;INCREMENTO MAC;2E90;ATENÇÃO ESPECIALIZADA À SAÚDE;INCREMENTO TEMPORÁRIO DO TETO DA MÉDIA E ALTA COMPLEXIDADE - MAC;10557425000150;FUNDO MUNICIPAL DE SAUDE DE PITIMBU;4805;04/07/2024;PROPOSTA PAGA;Proposta Paga;05/07/2024;R$100.000,00;R$100.000,00;R$100.000,00
2024;50410006;S.PART.;COMISSÃO DA SAÚDE;não se aplica;não se aplica;PB;250080;ARACAGI;MUNICIPAL;COMISSAO;CORRENTE;302;1001;1030251182E900001;04/07/2024;36000631100202400;-;FAF;INCREMENTO MAC;2E90;ATENÇÃO ESPECIALIZADA À SAÚDE;INCREMENTO TEMPORÁRIO DO TETO DA MÉDIA E ALTA COMPLEXIDADE - MAC;12431299000118;ARACAGI - FUNDO MUNICIPAL DE SAUDE;4809;04/07/2024;PROPOSTA PAGA;Proposta Paga;05/07/2024;R$500.000,00;R$500.000,00;R$500.000,00
2024;60110001;S.PART.;COMISSÃO DE ASSUNTOS SOCIAIS - CAS;não se aplica;não se aplica;PB;251440;SAO JOSE DE ESPINHARAS;MUNICIPAL;COMISSAO;CORRENTE;302;1000;1030251182E900001;19/06/2024;36000619775202400;-;FAF;INCREMENTO MAC;2E90;ATENÇÃO ESPECIALIZADA À SAÚDE;INCREMENTO TEMPORÁRIO DO TETO DA MÉDIA E ALTA COMPLEXIDADE - MAC;11418606000168;FUNDO MUNICIPAL DE SAUDE;4493;21/06/2024;PROPOSTA PAGA;Proposta Paga;26/06/2024;R$400.000,00;R$400.000,00;R$400.000,00
2024;60110002;S.PART.;COMISSÃO DE ASSUNTOS SOCIAIS - CAS;não se aplica;não se aplica;PB;251420;SAO JOSE DA LAGOA TAPADA;MUNICIPAL;COMISSAO;CORRENTE;301;1000;1030151192E890001;25/06/2024;36000623720202400;-;FAF;INCREMENTO PAP;2E89;INCREMENTO TEMPORÁRIO AO CUSTEIO DOS SERVIÇOS DE ATENÇÃO PRIMÁRIA À SAÚDE - PAP;INCREMENTO DO PISO DA ATENÇÃO PRIMÁRIA À SAÚDE - PAP;11420422000132;FUNDO MUNIC DE SAUDE DE JOSE DA LAGOA TAPADA;4549;26/06/2024;PROPOSTA PAGA;Proposta Paga;28/06/2024;R$500.000,00;R$500.000,00;R$500.000,00
2024;60110002;S.PART.;COMISSÃO DE ASSUNTOS SOCIAIS - CAS;não se aplica;não se aplica;PB;251110;PEDRA LAVRADA;MUNICIPAL;COMISSAO;CORRENTE;301;1000;1030151192E890001;19/06/2024;36000620602202400;-;FAF;INCREMENTO PAP;2E89;INCREMENTO TEMPORÁRIO AO CUSTEIO DOS SERVIÇOS DE ATENÇÃO PRIMÁRIA À SAÚDE - PAP;INCREMENTO DO PISO DA ATENÇÃO PRIMÁRIA À SAÚDE - PAP;08932293000157;FUNDO MUNICIPAL DE SAUDE DE PEDRA LAVRADA;4492;21/06/2024;PROPOSTA PAGA;Proposta Paga;26/06/2024;R$725.000,00;R$725.000,00;R$725.000,00
2024;60110002;S.PART.;COMISSÃO DE ASSUNTOS SOCIAIS - CAS;não se aplica;não se aplica;PB;250940;MOGEIRO;MUNICIPAL;COMISSAO;CORRENTE;301;1000;1030151192E890001;25/06/2024;36000623864202400;-;FAF;INCREMENTO PAP;2E89;INCREMENTO TEMPORÁRIO AO CUSTEIO DOS SERVIÇOS DE ATENÇÃO PRIMÁRIA À SAÚDE - PAP;INCREMENTO DO PISO DA ATENÇÃO PRIMÁRIA À SAÚDE - PAP;10664047000103;FUNDO MUNICIPAL DE SAUDE DE MOGEIRO;4549;26/06/2024;PROPOSTA PAGA;Proposta Paga;28/06/2024;R$400.000,00;R$400.000,00;R$400.000,00
2024;50410002;S.PART.;COMISSÃO DA SAÚDE;não se aplica;não se aplica;PB;250310;CABACEIRAS;MUNICIPAL;COMISSAO;CORRENTE;302;1000;1030251182E900001;24/06/2024;36000623553202400;-;FAF;INCREMENTO MAC;2E90;ATENÇÃO ESPECIALIZADA À SAÚDE;INCREMENTO TEMPORÁRIO DO TETO DA MÉDIA E ALTA COMPLEXIDADE - MAC;11309134000105;FUNDO MUNICIPAL DE SAUDE - CABACEIRAS PB;4588;28/06/2024;PROPOSTA PAGA;Proposta Paga;02/07/2024;R$100.000,00;R$100.000,00;R$100.000,00
2024;50410002;S.PART.;COMISSÃO DA SAÚDE;não se aplica;não se aplica;PB;250460;CONDE;MUNICIPAL;COMISSAO;CORRENTE;302;1000;1030251182E900001;19/06/2024;36000620421202400;-;FAF;INCREMENTO MAC;2E90;ATENÇÃO ESPECIALIZADA À SAÚDE;INCREMENTO TEMPORÁRIO DO TETO DA MÉDIA E ALTA COMPLEXIDADE - MAC;11570107000191;FUNDO MUNICIPAL DE SAUDE;4493;21/06/2024;PROPOSTA PAGA;Proposta Paga;26/06/2024;R$1.000.000,00;R$1.000.000,00;R$1.000.000,00
2024;50410002;S.PART.;COMISSÃO DA SAÚDE;não se aplica;não se aplica;PB;250280;BREJO DO CRUZ;MUNICIPAL;COMISSAO;CORRENTE;302;1001;1030251182E900001;25/04/2024;36000608957202400;-;FAF;INCREMENTO MAC;2E90;ATENÇÃO ESPECIALIZADA À SAÚDE;INCREMENTO TEMPORÁRIO DO TETO DA MÉDIA E ALTA COMPLEXIDADE - MAC;12452534000138;FUNDO MUNICIPAL DE SAUDE DE BREJO DO CRUZ;3864;21/05/2024;PROPOSTA PAGA;Proposta Paga;29/05/2024;R$500.000,00;R$500.000,00;R$500.000,00
2024;50410002;S.PART.;COMISSÃO DA SAÚDE;não se aplica;não se aplica;PB;250680;INGA;MUNICIPAL;COMISSAO;CORRENTE;302;1001;1030251182E900001;19/04/2024;36000607377202400;-;FAF;INCREMENTO MAC;2E90;ATENÇÃO ESPECIALIZADA À SAÚDE;INCREMENTO TEMPORÁRIO DO TETO DA MÉDIA E ALTA COMPLEXIDADE - MAC;08610110000187;FUNDO MUNICIPAL DE SAUDE DE INGA/PB;3864;21/05/2024;PROPOSTA PAGA;Proposta Paga;29/05/2024;R$1.000.000,00;R$1.000.000,00;R$1.000.000,00
2024;50410004;S.PART.;COMISSÃO DA SAÚDE;não se aplica;não se aplica;PB;250930;MATARACA;MUNICIPAL;COMISSAO;CORRENTE;301;1000;1030151192E890001;18/06/2024;36000618825202400;-;FAF;INCREMENTO PAP;2E89;INCREMENTO TEMPORÁRIO AO CUSTEIO DOS SERVIÇOS DE ATENÇÃO PRIMÁRIA À SAÚDE - PAP;INCREMENTO DO PISO DA ATENÇÃO PRIMÁRIA À SAÚDE - PAP;13070749000157;FUNDO MUNICIPAL DE SAUDE DO MUNICIPIO DE MATARACA-PB;4492;21/06/2024;PROPOSTA PAGA;Proposta Paga;26/06/2024;R$68.607,00;R$68.607,00;R$68.607,00
2024;50410003;S.PART.;COMISSÃO DA SAÚDE;não se aplica;não se aplica;PB;250890;MAMANGUAPE;MUNICIPAL;COMISSAO;CAPITAL;302;1000;10302511885350001;25/04/2024;08674396000124001;-;FAF;EQUIPAMENTO;8535;ATENÇÃO ESPECIALIZADA À SAÚDE;REDE DE ATENÇÃO HOSPITALAR - AMBULÂNCIA TIPO A - REMOÇÃO SIMPLES E ELETIVA;08674396000164;FUNDO MUNICIPAL DE SAUDE DE MAMANGUAPE;4259;10/06/2024;PROPOSTA PAGA;Proposta Paga;26/06/2024;R$323.812,00;R$323.812,00;R$323.812,00
2024;50410004;S.PART.;COMISSÃO DA SAÚDE;não se aplica;não se aplica;PB;250250;BOQUEIRAO;MUNICIPAL;COMISSAO;CORRENTE;301;1000;1030151192E890001;24/04/2024;36000608739202400;-;FAF;INCREMENTO PAP;2E89;INCREMENTO TEMPORÁRIO AO CUSTEIO DOS SERVIÇOS DE ATENÇÃO PRIMÁRIA À SAÚDE - PAP;INCREMENTO DO PISO DA ATENÇÃO PRIMÁRIA À SAÚDE - PAP;11153600000106;FUNDO MUNICIPAL DE SAUDE;3853;21/05/2024;PROPOSTA PAGA;Proposta Paga;29/05/2024;R$150.000,00;R$150.000,00;R$150.000,00
2024;50410004;S.PART.;COMISSÃO DA SAÚDE;não se aplica;não se aplica;PB;251500;SAO MIGUEL DE TAIPU;MUNICIPAL;COMISSAO;CORRENTE;301;1000;1030151192E890001;18/04/2024;36000606641202400;-;FAF;INCREMENTO PAP;2E89;INCREMENTO TEMPORÁRIO AO CUSTEIO DOS SERVIÇOS DE ATENÇÃO PRIMÁRIA À SAÚDE - PAP;INCREMENTO DO PISO DA ATENÇÃO PRIMÁRIA À SAÚDE - PAP;11601645000104;FUNDO MUNICIPAL DE SAUDE;3853;21/05/2024;PROPOSTA PAGA;Proposta Paga;29/05/2024;R$250.000,00;R$250.000,00;R$250.000,00
2024;50410004;S.PART.;COMISSÃO DA SAÚDE;não se aplica;não se aplica;PB;250920;MASSARANDUBA;MUNICIPAL;COMISSAO;CORRENTE;301;3000;1030151192E890001;24/06/2024;36000623308202400;-;FAF;INCREMENTO PAP;2E89;INCREMENTO TEMPORÁRIO AO CUSTEIO DOS SERVIÇOS DE ATENÇÃO PRIMÁRIA À SAÚDE - PAP;INCREMENTO DO PISO DA ATENÇÃO PRIMÁRIA À SAÚDE - PAP;10948421000100;FUNDO MUNICIPAL DE SAUDE;4547;26/06/2024;PROPOSTA PAGA;Proposta Paga;28/06/2024;R$300.000,00;R$300.000,00;R$300.000,00
2024;60060003;S.PART.;COMISSÃO DE ASSUNTOS SOCIAIS - CAS;não se aplica;não se aplica;PB;250050;ALAGOINHA;MUNICIPAL;COMISSAO;CORRENTE;302;1000;1030251182E900001;19/06/2024;36000620120202400;-;FAF;INCREMENTO MAC;2E90;ATENÇÃO ESPECIALIZADA À SAÚDE;INCREMENTO TEMPORÁRIO DO TETO DA MÉDIA E ALTA COMPLEXIDADE - MAC;11757032000152;FUNDO MUNICIPAL DE SAUDE DE ALAGOINHA;4493;21/06/2024;PROPOSTA PAGA;Proposta Paga;26/06/2024;R$63.208,00;R$63.208,00;R$63.208,00
2024;60060003;S.PART.;COMISSÃO DE ASSUNTOS SOCIAIS - CAS;não se aplica;não se aplica;PB;250630;GUARABIRA;MUNICIPAL;COMISSAO;CORRENTE;302;1000;1030251182E900001;18/06/2024;36000619214202400;-;FAF;INCREMENTO MAC;2E90;ATENÇÃO ESPECIALIZADA À SAÚDE;INCREMENTO TEMPORÁRIO DO TETO DA MÉDIA E ALTA COMPLEXIDADE - MAC;13844779000173;GUARABIRA FUNDO MUNICIPAL DE SAUDE;4493;21/06/2024;PROPOSTA PAGA;Proposta Paga;26/06/2024;R$67.000,00;R$67.000,00;R$67.000,00
2024;50410006;S.PART.;COMISSÃO DA SAÚDE;não se aplica;não se aplica;PB;250400;CAMPINA GRANDE;MUNICIPAL;COMISSAO;CORRENTE;302;1001;1030251182E900001;04/07/2024;36000630942202400;-;FAF;INCREMENTO MAC;2E90;ATENÇÃO ESPECIALIZADA À SAÚDE;INCREMENTO TEMPORÁRIO DO TETO DA MÉDIA E ALTA COMPLEXIDADE - MAC;24513574000121;FUNDO MUNICIPAL DE SAUDE DE CAMPINA GRANDE;4809;04/07/2024;PROPOSTA PAGA;Proposta Paga;05/07/2024;R$149.000,00;R$149.000,00;R$149.000,00
2024;50410005;S.PART.;COMISSÃO DA SAÚDE;não se aplica;não se aplica;PB;251455;SAO JOSE DE PRINCESA;MUNICIPAL;COMISSAO;CAPITAL;301;1001;10301511985810001;04/07/2024;10460712000124005;-;FAF;EQUIPAMENTO;8581;SAÚDE DA FAMÍLIA;TRANSPORTE ELETIVO EM SAÚDE;10460712000147;FUNDO MUNICIPAL DE SAUDE DE SAO JOSE DE PRINCESA;6163;18/12/2024;PROPOSTA PAGA;Proposta Paga;30/05/2025;R$611.000,00;R$611.000,00;R$611.000,00
2024;60060003;S.PART.;COMISSÃO DE ASSUNTOS SOCIAIS - CAS;não se aplica;não se aplica;PB;250110;AREIA;MUNICIPAL;COMISSAO;CORRENTE;301;3000;1030151192E890001;24/06/2024;36000622742202400;-;FAF;INCREMENTO PAP;2E89;INCREMENTO TEMPORÁRIO AO CUSTEIO DOS SERVIÇOS DE ATENÇÃO PRIMÁRIA À SAÚDE - PAP;INCREMENTO DO PISO DA ATENÇÃO PRIMÁRIA À SAÚDE - PAP;11268285000162;FUNDO MUNICIPAL DE SAUDE;4525;25/06/2024;PROPOSTA PAGA;Proposta Paga;28/06/2024;R$150.000,00;R$150.000,00;R$150.000,00
2024;60060003;S.PART.;COMISSÃO DE ASSUNTOS SOCIAIS - CAS;não se aplica;não se aplica;PB;251650;TAPEROA;MUNICIPAL;COMISSAO;CORRENTE;301;3000;1030151192E890001;18/06/2024;36000619218202400;-;FAF;INCREMENTO PAP;2E89;INCREMENTO TEMPORÁRIO AO CUSTEIO DOS SERVIÇOS DE ATENÇÃO PRIMÁRIA À SAÚDE - PAP;INCREMENTO DO PISO DA ATENÇÃO PRIMÁRIA À SAÚDE - PAP;11850452000189;FUNDO MUNICIPAL DE SAUDE DE TAPEROA;4492;21/06/2024;PROPOSTA PAGA;Proposta Paga;26/06/2024;R$188.242,00;R$188.242,00;R$188.242,00
2024;60060003;S.PART.;COMISSÃO DE ASSUNTOS SOCIAIS - CAS;não se aplica;não se aplica;PB;250110;AREIA;MUNICIPAL;COMISSAO;CORRENTE;301;3000;1030151192E890001;24/06/2024;36000622746202400;-;FAF;INCREMENTO PAP;2E89;INCREMENTO TEMPORÁRIO AO CUSTEIO DOS SERVIÇOS DE ATENÇÃO PRIMÁRIA À SAÚDE - PAP;INCREMENTO DO PISO DA ATENÇÃO PRIMÁRIA À SAÚDE - PAP;11268285000162;FUNDO MUNICIPAL DE SAUDE;4525;25/06/2024;PROPOSTA PAGA;Proposta Paga;28/06/2024;R$600.000,00;R$600.000,00;R$600.000,00
2024;50410004;S.PART.;COMISSÃO DA SAÚDE;não se aplica;não se aplica;PB;250060;ALHANDRA;MUNICIPAL;COMISSAO;CORRENTE;301;3000;1030151192E890001;25/06/2024;36000624914202400;-;FAF;INCREMENTO PAP;2E89;INCREMENTO TEMPORÁRIO AO CUSTEIO DOS SERVIÇOS DE ATENÇÃO PRIMÁRIA À SAÚDE - PAP;INCREMENTO DO PISO DA ATENÇÃO PRIMÁRIA À SAÚDE - PAP;11490408000105;FUNDO MUNICIPAL DE SAUDE;4591;28/06/2024;PROPOSTA PAGA;Proposta Paga;02/07/2024;R$1.998.000,00;R$1.998.000,00;R$1.998.000,00
2024;60060003;S.PART.;COMISSÃO DE ASSUNTOS SOCIAIS - CAS;não se aplica;não se aplica;PB;250010;AGUA BRANCA;MUNICIPAL;COMISSAO;CORRENTE;302;1000;1030251182E900001;03/07/2024;36000630799202400;-;FAF;INCREMENTO MAC;2E90;ATENÇÃO ESPECIALIZADA À SAÚDE;INCREMENTO TEMPORÁRIO DO TETO DA MÉDIA E ALTA COMPLEXIDADE - MAC;10502869000198;FUNDO MUNICIPAL DE SAUDE DE AGUA BRANCA;4805;04/07/2024;PROPOSTA PAGA;Proposta Paga;05/07/2024;R$400.000,00;R$400.000,00;R$400.000,00
2024;60110001;S.PART.;COMISSÃO DE ASSUNTOS SOCIAIS - CAS;não se aplica;não se aplica;PB;251110;PEDRA LAVRADA;MUNICIPAL;COMISSAO;CORRENTE;302;1000;1030251182E900001;19/06/2024;36000620603202400;-;FAF;INCREMENTO MAC;2E90;ATENÇÃO ESPECIALIZADA À SAÚDE;INCREMENTO TEMPORÁRIO DO TETO DA MÉDIA E ALTA COMPLEXIDADE - MAC;08932293000157;FUNDO MUNICIPAL DE SAUDE DE PEDRA LAVRADA;4493;21/06/2024;PROPOSTA PAGA;Proposta Paga;26/06/2024;R$240.000,00;R$240.000,00;R$240.000,00
2024;50410002;S.PART.;COMISSÃO DA SAÚDE;não se aplica;não se aplica;PB;251400;SAO JOAO DO CARIRI;MUNICIPAL;COMISSAO;CORRENTE;302;1000;1030251182E900001;11/06/2024;36000615031202400;-;FAF;INCREMENTO MAC;2E90;ATENÇÃO ESPECIALIZADA À SAÚDE;INCREMENTO TEMPORÁRIO DO TETO DA MÉDIA E ALTA COMPLEXIDADE - MAC;12447221000191;FUNDO MUNICIPAL DE SAUDE DE SAO JOAO DO CARIRI - PB;4422;18/06/2024;PROPOSTA PAGA;Proposta Paga;26/06/2024;R$211.320,00;R$211.320,00;R$211.320,00
2024;50410002;S.PART.;COMISSÃO DA SAÚDE;não se aplica;não se aplica;PB;250600;ESPERANCA;MUNICIPAL;COMISSAO;CORRENTE;302;1000;1030251182E900001;25/06/2024;36000624709202400;-;FAF;INCREMENTO MAC;2E90;ATENÇÃO ESPECIALIZADA À SAÚDE;INCREMENTO TEMPORÁRIO DO TETO DA MÉDIA E ALTA COMPLEXIDADE - MAC;12011984000195;FUNDO MUNICIPAL DE SAUDE;4588;28/06/2024;PROPOSTA PAGA;Proposta Paga;02/07/2024;R$998.000,00;R$998.000,00;R$998.000,00
2024;50410002;S.PART.;COMISSÃO DA SAÚDE;não se aplica;não se aplica;PB;250990;NATUBA;MUNICIPAL;COMISSAO;CORRENTE;302;1000;1030251182E900001;24/06/2024;36000623401202400;-;FAF;INCREMENTO MAC;2E90;ATENÇÃO ESPECIALIZADA À SAÚDE;INCREMENTO TEMPORÁRIO DO TETO DA MÉDIA E ALTA COMPLEXIDADE - MAC;17975221000188;FUNDO MUNICIPAL DE SAUDE DE NATUBA;4588;28/06/2024;PROPOSTA PAGA;Proposta Paga;02/07/2024;R$200.000,00;R$200.000,00;R$200.000,00
2024;50410004;S.PART.;COMISSÃO DA SAÚDE;não se aplica;não se aplica;PB;251120;PEDRAS DE FOGO;MUNICIPAL;COMISSAO;CORRENTE;301;1000;1030151192E890001;13/05/2024;36000611852202400;-;FAF;INCREMENTO PAP;2E89;INCREMENTO TEMPORÁRIO AO CUSTEIO DOS SERVIÇOS DE ATENÇÃO PRIMÁRIA À SAÚDE - PAP;INCREMENTO DO PISO DA ATENÇÃO PRIMÁRIA À SAÚDE - PAP;10490987000123;FUNDO MUNICIPAL DE SAUDE;3853;21/05/2024;PROPOSTA PAGA;Proposta Paga;11/06/2024;R$500.000,00;R$500.000,00;R$500.000,00
2024;50410004;S.PART.;COMISSÃO DA SAÚDE;não se aplica;não se aplica;PB;251650;TAPEROA;MUNICIPAL;COMISSAO;CORRENTE;301;1000;1030151192E890001;11/04/2024;36000602757202400;-;FAF;INCREMENTO PAP;2E89;INCREMENTO TEMPORÁRIO AO CUSTEIO DOS SERVIÇOS DE ATENÇÃO PRIMÁRIA À SAÚDE - PAP;INCREMENTO DO PISO DA ATENÇÃO PRIMÁRIA À SAÚDE - PAP;11850452000189;FUNDO MUNICIPAL DE SAUDE DE TAPEROA;3853;21/05/2024;PROPOSTA PAGA;Proposta Paga;29/05/2024;R$1.795.118,00;R$1.795.118,00;R$1.795.118,00
2024;50410004;S.PART.;COMISSÃO DA SAÚDE;não se aplica;não se aplica;PB;250210;BOA VENTURA;MUNICIPAL;COMISSAO;CORRENTE;301;3000;1030151192E890001;04/07/2024;36000630985202400;-;FAF;INCREMENTO PAP;2E89;INCREMENTO TEMPORÁRIO AO CUSTEIO DOS SERVIÇOS DE ATENÇÃO PRIMÁRIA À SAÚDE - PAP;INCREMENTO DO PISO DA ATENÇÃO PRIMÁRIA À SAÚDE - PAP;10570295000195;FUNCO MUNICIPAL DE SAUDE DE BOA VENTURA;4800;04/07/2024;PROPOSTA PAGA;Proposta Paga;05/07/2024;R$100.000,00;R$100.000,00;R$100.000,00
2024;50410004;S.PART.;COMISSÃO DA SAÚDE;não se aplica;não se aplica;PB;250939;MATUREIA;MUNICIPAL;COMISSAO;CORRENTE;301;3000;1030151192E890001;19/06/2024;36000620397202400;-;FAF;INCREMENTO PAP;2E89;INCREMENTO TEMPORÁRIO AO CUSTEIO DOS SERVIÇOS DE ATENÇÃO PRIMÁRIA À SAÚDE - PAP;INCREMENTO DO PISO DA ATENÇÃO PRIMÁRIA À SAÚDE - PAP;11209770000165;FUNDO MUNICIPAL DE SAUDE;4492;21/06/2024;PROPOSTA PAGA;Proposta Paga;26/06/2024;R$5.614,00;R$5.614,00;R$5.614,00
2024;50410004;S.PART.;COMISSÃO DA SAÚDE;não se aplica;não se aplica;PB;250110;AREIA;MUNICIPAL;COMISSAO;CORRENTE;301;3000;1030151192E890001;18/06/2024;36000617994202400;-;FAF;INCREMENTO PAP;2E89;INCREMENTO TEMPORÁRIO AO CUSTEIO DOS SERVIÇOS DE ATENÇÃO PRIMÁRIA À SAÚDE - PAP;INCREMENTO DO PISO DA ATENÇÃO PRIMÁRIA À SAÚDE - PAP;11268285000162;FUNDO MUNICIPAL DE SAUDE;4458;19/06/2024;PROPOSTA PAGA;Proposta Paga;26/06/2024;R$500.000,00;R$500.000,00;R$500.000,00
2024;50410004;S.PART.;COMISSÃO DA SAÚDE;não se aplica;não se aplica;PB;250370;CAJAZEIRAS;MUNICIPAL;COMISSAO;CORRENTE;301;3000;1030151192E890001;04/07/2024;36000630964202400;-;FAF;INCREMENTO PAP;2E89;INCREMENTO TEMPORÁRIO AO CUSTEIO DOS SERVIÇOS DE ATENÇÃO PRIMÁRIA À SAÚDE - PAP;INCREMENTO DO PISO DA ATENÇÃO PRIMÁRIA À SAÚDE - PAP;11902878000139;MUNICIPIO DE CAJAZEIRAS FUNDO MUNICIPAL DE SAUDE - FMS;4800;04/07/2024;PROPOSTA PAGA;Proposta Paga;05/07/2024;R$500.000,00;R$500.000,00;R$500.000,00
2024;50410004;S.PART.;COMISSÃO DA SAÚDE;não se aplica;não se aplica;PB;251530;SAPE;MUNICIPAL;COMISSAO;CORRENTE;301;3000;1030151192E890001;17/06/2024;36000617472202400;-;FAF;INCREMENTO PAP;2E89;INCREMENTO TEMPORÁRIO AO CUSTEIO DOS SERVIÇOS DE ATENÇÃO PRIMÁRIA À SAÚDE - PAP;INCREMENTO DO PISO DA ATENÇÃO PRIMÁRIA À SAÚDE - PAP;08036438000131;FUNDO MUNICIPAL DE SAUDE DE SAPE;4458;19/06/2024;PROPOSTA PAGA;Proposta Paga;26/06/2024;R$820.000,00;R$820.000,00;R$820.000,00
2024;50410004;S.PART.;COMISSÃO DA SAÚDE;não se aplica;não se aplica;PB;250070;SAO JOAO DO RIO DO PEIXE;MUNICIPAL;COMISSAO;CORRENTE;301;3000;1030151192E890001;25/06/2024;36000624229202400;-;FAF;INCREMENTO PAP;2E89;INCREMENTO TEMPORÁRIO AO CUSTEIO DOS SERVIÇOS DE ATENÇÃO PRIMÁRIA À SAÚDE - PAP;INCREMENTO DO PISO DA ATENÇÃO PRIMÁRIA À SAÚDE - PAP;17648806000193;FUNDO MUNICIPAL DE SAUDE DE SAO JOAO DO RIO DO PEIXE;4581;28/06/2024;PROPOSTA PAGA;Proposta Paga;02/07/2024;R$500.000,00;R$500.000,00;R$500.000,00
2024;50410004;S.PART.;COMISSÃO DA SAÚDE;não se aplica;não se aplica;PB;251272;PEDRO REGIS;MUNICIPAL;COMISSAO;CORRENTE;301;3000;1030151192E890001;17/06/2024;36000617074202400;-;FAF;INCREMENTO PAP;2E89;INCREMENTO TEMPORÁRIO AO CUSTEIO DOS SERVIÇOS DE ATENÇÃO PRIMÁRIA À SAÚDE - PAP;INCREMENTO DO PISO DA ATENÇÃO PRIMÁRIA À SAÚDE - PAP;13072341000114;PEDRO REGIS FUNDO MUNICIPAL DE SAUDE;4458;19/06/2024;PROPOSTA PAGA;Proposta Paga;26/06/2024;R$550.000,00;R$550.000,00;R$550.000,00
2024;60060003;S.PART.;COMISSÃO DE ASSUNTOS SOCIAIS - CAS;não se aplica;não se aplica;PB;250570;DONA INES;MUNICIPAL;COMISSAO;CORRENTE;301;3000;1030151192E890001;18/06/2024;36000618740202400;-;FAF;INCREMENTO PAP;2E89;INCREMENTO TEMPORÁRIO AO CUSTEIO DOS SERVIÇOS DE ATENÇÃO PRIMÁRIA À SAÚDE - PAP;INCREMENTO DO PISO DA ATENÇÃO PRIMÁRIA À SAÚDE - PAP;11420456000127;DONA INES - FUNDO MUNICIPAL DE SAUDE;4492;21/06/2024;PROPOSTA PAGA;Proposta Paga;26/06/2024;R$200.000,00;R$200.000,00;R$200.000,00
2024;60060003;S.PART.;COMISSÃO DE ASSUNTOS SOCIAIS - CAS;não se aplica;não se aplica;PB;250710;ITAPOROROCA;MUNICIPAL;COMISSAO;CORRENTE;302;1000;1030251182E900001;19/06/2024;36000620541202400;-;FAF;INCREMENTO MAC;2E90;ATENÇÃO ESPECIALIZADA À SAÚDE;INCREMENTO TEMPORÁRIO DO TETO DA MÉDIA E ALTA COMPLEXIDADE - MAC;12099621000153;FUNDO MUNICIPAL DE SAUDE;4493;21/06/2024;PROPOSTA PAGA;Proposta Paga;26/06/2024;R$500.000,00;R$500.000,00;R$500.000,00
2024;60060003;S.PART.;COMISSÃO DE ASSUNTOS SOCIAIS - CAS;não se aplica;não se aplica;PB;251630;SUME;MUNICIPAL;COMISSAO;CORRENTE;302;1000;1030251182E900001;03/07/2024;36000630844202400;-;FAF;INCREMENTO MAC;2E90;ATENÇÃO ESPECIALIZADA À SAÚDE;INCREMENTO TEMPORÁRIO DO TETO DA MÉDIA E ALTA COMPLEXIDADE - MAC;11285069000125;FUNDO MUNICIPAL DE SAUDE;4805;04/07/2024;PROPOSTA PAGA;Proposta Paga;05/07/2024;R$500.000,00;R$500.000,00;R$500.000,00
2024;60110002;S.PART.;COMISSÃO DE ASSUNTOS SOCIAIS - CAS;não se aplica;não se aplica;PB;250855;LOGRADOURO;MUNICIPAL;COMISSAO;CORRENTE;301;1000;1030151192E890001;18/06/2024;36000618817202400;-;FAF;INCREMENTO PAP;2E89;INCREMENTO TEMPORÁRIO AO CUSTEIO DOS SERVIÇOS DE ATENÇÃO PRIMÁRIA À SAÚDE - PAP;INCREMENTO DO PISO DA ATENÇÃO PRIMÁRIA À SAÚDE - PAP;11268139000137;FUNDO MUNICIPAL DE SAUDE DE LOGRADOURO;4492;21/06/2024;PROPOSTA PAGA;Proposta Paga;26/06/2024;R$220.000,00;R$220.000,00;R$220.000,00
2024;60060003;S.PART.;COMISSÃO DE ASSUNTOS SOCIAIS - CAS;não se aplica;não se aplica;PB;251660;TAVARES;MUNICIPAL;COMISSAO;CORRENTE;302;1000;1030251182E900001;03/07/2024;36000630399202400;-;FAF;INCREMENTO MAC;2E90;ATENÇÃO ESPECIALIZADA À SAÚDE;INCREMENTO TEMPORÁRIO DO TETO DA MÉDIA E ALTA COMPLEXIDADE - MAC;10598364000179;FUNDO MUNICIPAL DE SAUDE DE TAVARES;4805;04/07/2024;PROPOSTA PAGA;Proposta Paga;05/07/2024;R$600.000,00;R$600.000,00;R$600.000,00
2024;50230002;S.PART.;COMISSÃO DA SAÚDE;não se aplica;não se aplica;PB;251550;SERRA BRANCA;MUNICIPAL;COMISSAO;CORRENTE;302;1000;1030251182E900001;03/07/2024;36000630731202400;-;FAF;INCREMENTO MAC;2E90;ATENÇÃO ESPECIALIZADA À SAÚDE;INCREMENTO TEMPORÁRIO DO TETO DA MÉDIA E ALTA COMPLEXIDADE - MAC;05456092000132;FUNDO MUNICIPAL DE SAUDE;4825;04/07/2024;PROPOSTA PAGA;Proposta Paga;05/07/2024;R$300.000,00;R$300.000,00;R$300.000,00
2024;50410002;S.PART.;COMISSÃO DA SAÚDE;não se aplica;não se aplica;PB;250250;BOQUEIRAO;MUNICIPAL;COMISSAO;CORRENTE;302;1001;1030251182E900001;16/04/2024;36000606053202400;-;FAF;INCREMENTO MAC;2E90;ATENÇÃO ESPECIALIZADA À SAÚDE;INCREMENTO TEMPORÁRIO DO TETO DA MÉDIA E ALTA COMPLEXIDADE - MAC;11153600000106;FUNDO MUNICIPAL DE SAUDE;3864;21/05/2024;PROPOSTA PAGA;Proposta Paga;29/05/2024;R$500.000,00;R$500.000,00;R$500.000,00
2024;50410002;S.PART.;COMISSÃO DA SAÚDE;não se aplica;não se aplica;PB;250180;BAYEUX;MUNICIPAL;COMISSAO;CORRENTE;302;1001;1030251182E900001;08/05/2024;36000611217202400;-;FAF;INCREMENTO MAC;2E90;ATENÇÃO ESPECIALIZADA À SAÚDE;INCREMENTO TEMPORÁRIO DO TETO DA MÉDIA E ALTA COMPLEXIDADE - MAC;11685421000110;FUNDO MUNICIPAL DE SAUDE DE BAYEUX;3864;21/05/2024;PROPOSTA PAGA;Proposta Paga;10/06/2024;R$2.000.000,00;R$2.000.000,00;R$2.000.000,00
2024;50410004;S.PART.;COMISSÃO DA SAÚDE;não se aplica;não se aplica;PB;251090;PAULISTA;MUNICIPAL;COMISSAO;CORRENTE;301;3000;1030151192E890001;04/07/2024;36000630998202400;-;FAF;INCREMENTO PAP;2E89;INCREMENTO TEMPORÁRIO AO CUSTEIO DOS SERVIÇOS DE ATENÇÃO PRIMÁRIA À SAÚDE - PAP;INCREMENTO DO PISO DA ATENÇÃO PRIMÁRIA À SAÚDE - PAP;11247833000178;FUNDO MUNICIPAL DE SAUDE;4800;04/07/2024;PROPOSTA PAGA;Proposta Paga;05/07/2024;R$200.000,00;R$200.000,00;R$200.000,00
2024;50410004;S.PART.;COMISSÃO DA SAÚDE;não se aplica;não se aplica;PB;251274;RIACHAO;MUNICIPAL;COMISSAO;CORRENTE;301;1000;1030151192E890001;28/05/2024;36000614335202400;-;FAF;INCREMENTO PAP;2E89;INCREMENTO TEMPORÁRIO AO CUSTEIO DOS SERVIÇOS DE ATENÇÃO PRIMÁRIA À SAÚDE - PAP;INCREMENTO DO PISO DA ATENÇÃO PRIMÁRIA À SAÚDE - PAP;12011137000120;FUNDO MUNICIPAL DE SAUDE DE RIACHAO;4300;18/06/2024;PROPOSTA PAGA;Proposta Paga;26/06/2024;R$300.000,00;R$300.000,00;R$300.000,00
2024;50410004;S.PART.;COMISSÃO DA SAÚDE;não se aplica;não se aplica;PB;250140;BAIA DA TRAICAO;MUNICIPAL;COMISSAO;CORRENTE;301;3000;1030151192E890001;03/07/2024;36000630846202400;-;FAF;INCREMENTO PAP;2E89;INCREMENTO TEMPORÁRIO AO CUSTEIO DOS SERVIÇOS DE ATENÇÃO PRIMÁRIA À SAÚDE - PAP;INCREMENTO DO PISO DA ATENÇÃO PRIMÁRIA À SAÚDE - PAP;13923732000103;FUNDO MUNICIPAL DE SAUDE DE BAIA DA TRAICAO-PB;4800;04/07/2024;PROPOSTA PAGA;Proposta Paga;05/07/2024;R$300.000,00;R$300.000,00;R$300.000,00
2024;50410004;S.PART.;COMISSÃO DA SAÚDE;não se aplica;não se aplica;PB;250150;BANANEIRAS;MUNICIPAL;COMISSAO;CORRENTE;301;3000;1030151192E890001;03/07/2024;36000630849202400;-;FAF;INCREMENTO PAP;2E89;INCREMENTO TEMPORÁRIO AO CUSTEIO DOS SERVIÇOS DE ATENÇÃO PRIMÁRIA À SAÚDE - PAP;INCREMENTO DO PISO DA ATENÇÃO PRIMÁRIA À SAÚDE - PAP;18730452000194;BANANEIRAS - FUNDO MUNICIPAL DE SAUDE;4800;04/07/2024;PROPOSTA PAGA;Proposta Paga;05/07/2024;R$300.000,00;R$300.000,00;R$300.000,00
2024;60060003;S.PART.;COMISSÃO DE ASSUNTOS SOCIAIS - CAS;não se aplica;não se aplica;PB;250080;ARACAGI;MUNICIPAL;COMISSAO;CORRENTE;301;3000;1030151192E890001;18/06/2024;36000618321202400;-;FAF;INCREMENTO PAP;2E89;INCREMENTO TEMPORÁRIO AO CUSTEIO DOS SERVIÇOS DE ATENÇÃO PRIMÁRIA À SAÚDE - PAP;INCREMENTO DO PISO DA ATENÇÃO PRIMÁRIA À SAÚDE - PAP;12431299000118;ARACAGI - FUNDO MUNICIPAL DE SAUDE;4458;19/06/2024;PROPOSTA PAGA;Proposta Paga;26/06/2024;R$300.000,00;R$300.000,00;R$300.000,00
2024;50410004;S.PART.;COMISSÃO DA SAÚDE;não se aplica;não se aplica;PB;250300;CAAPORA;MUNICIPAL;COMISSAO;CORRENTE;301;3000;1030151192E890001;03/07/2024;36000630732202400;-;FAF;INCREMENTO PAP;2E89;INCREMENTO TEMPORÁRIO AO CUSTEIO DOS SERVIÇOS DE ATENÇÃO PRIMÁRIA À SAÚDE - PAP;INCREMENTO DO PISO DA ATENÇÃO PRIMÁRIA À SAÚDE - PAP;10975044000190;FUNDO MUNICIPAL DE SAUDE - FMS;4800;04/07/2024;PROPOSTA PAGA;Proposta Paga;05/07/2024;R$500.000,00;R$500.000,00;R$500.000,00
2024;50410004;S.PART.;COMISSÃO DA SAÚDE;não se aplica;não se aplica;PB;250750;JOAO PESSOA;MUNICIPAL;COMISSAO;CORRENTE;301;3000;1030151192E890001;17/06/2024;36000616930202400;-;FAF;INCREMENTO PAP;2E89;INCREMENTO TEMPORÁRIO AO CUSTEIO DOS SERVIÇOS DE ATENÇÃO PRIMÁRIA À SAÚDE - PAP;INCREMENTO DO PISO DA ATENÇÃO PRIMÁRIA À SAÚDE - PAP;08715618000140;FUNDO MUNICIPAL DE SAUDE;4458;19/06/2024;PROPOSTA PAGA;Proposta Paga;26/06/2024;R$4.000.000,00;R$4.000.000,00;R$4.000.000,00
2024;50410005;S.PART.;COMISSÃO DA SAÚDE;não se aplica;não se aplica;PB;251170;PILOEZINHOS;MUNICIPAL;COMISSAO;CAPITAL;301;1001;10301511985810001;22/04/2024;12002118000124002;-;FAF;EQUIPAMENTO;8581;SAÚDE DA FAMÍLIA;AÇÕES INTERPROFISSIONAIS - EQUIPE MULTIPROFISSIONAL (EMULTI);12002118000138;FUNDO MUNICIPAL DE SAUDE - PILOEZINHOS-PB;3876;20/05/2024;PROPOSTA PAGA;Proposta Paga;29/05/2024;R$199.998,00;R$199.998,00;R$199.998,00
2024;60060003;S.PART.;COMISSÃO DE ASSUNTOS SOCIAIS - CAS;não se aplica;não se aplica;PB;251620;SOUSA;MUNICIPAL;COMISSAO;CORRENTE;302;1000;1030251182E900001;20/06/2024;36000621473202400;-;FAF;INCREMENTO MAC;2E90;ATENÇÃO ESPECIALIZADA À SAÚDE;INCREMENTO TEMPORÁRIO DO TETO DA MÉDIA E ALTA COMPLEXIDADE - MAC;05626697000124;FUNDO MUNICIPAL DE SAUDE DE SOUSA;4493;21/06/2024;PROPOSTA PAGA;Proposta Paga;26/06/2024;R$1.000.000,00;R$1.000.000,00;R$1.000.000,00
2024;60110002;S.PART.;COMISSÃO DE ASSUNTOS SOCIAIS - CAS;não se aplica;não se aplica;PB;250860;LUCENA;MUNICIPAL;COMISSAO;CORRENTE;301;1000;1030151192E890001;18/06/2024;36000618479202400;-;FAF;INCREMENTO PAP;2E89;INCREMENTO TEMPORÁRIO AO CUSTEIO DOS SERVIÇOS DE ATENÇÃO PRIMÁRIA À SAÚDE - PAP;INCREMENTO DO PISO DA ATENÇÃO PRIMÁRIA À SAÚDE - PAP;11516231000179;FUNDO MUNICIPAL DE SAUDE DE LUCENA;4492;21/06/2024;PROPOSTA PAGA;Proposta Paga;26/06/2024;R$150.000,00;R$150.000,00;R$150.000,00
2024;60060003;S.PART.;COMISSÃO DE ASSUNTOS SOCIAIS - CAS;não se aplica;não se aplica;PB;250190;BELEM;MUNICIPAL;COMISSAO;CORRENTE;302;1000;1030251182E900001;03/07/2024;36000630776202400;-;FAF;INCREMENTO MAC;2E90;ATENÇÃO ESPECIALIZADA À SAÚDE;INCREMENTO TEMPORÁRIO DO TETO DA MÉDIA E ALTA COMPLEXIDADE - MAC;11429813000118;FUNDO MUNICIPAL DE SAUDE DE BELEM;4805;04/07/2024;PROPOSTA PAGA;Proposta Paga;05/07/2024;R$500.000,00;R$500.000,00;R$500.000,00
2024;60060003;S.PART.;COMISSÃO DE ASSUNTOS SOCIAIS - CAS;não se aplica;não se aplica;PB;250830;LAGOA SECA;MUNICIPAL;COMISSAO;CORRENTE;302;1000;1030251182E900001;18/06/2024;36000619198202400;-;FAF;INCREMENTO MAC;2E90;ATENÇÃO ESPECIALIZADA À SAÚDE;INCREMENTO TEMPORÁRIO DO TETO DA MÉDIA E ALTA COMPLEXIDADE - MAC;11264183000179;FUNDO MUNICIPAL DE SAUDE;4493;21/06/2024;PROPOSTA PAGA;Proposta Paga;26/06/2024;R$500.000,00;R$500.000,00;R$500.000,00
2024;50410004;S.PART.;COMISSÃO DA SAÚDE;não se aplica;não se aplica;PB;250020;AGUIAR;MUNICIPAL;COMISSAO;CORRENTE;301;1000;1030151192E890001;25/04/2024;36000609138202400;-;FAF;INCREMENTO PAP;2E89;INCREMENTO TEMPORÁRIO AO CUSTEIO DOS SERVIÇOS DE ATENÇÃO PRIMÁRIA À SAÚDE - PAP;INCREMENTO DO PISO DA ATENÇÃO PRIMÁRIA À SAÚDE - PAP;11267041000165;FUNDO MUNICIPAL DE SAUDE;3853;21/05/2024;PROPOSTA PAGA;Proposta Paga;29/05/2024;R$200.000,00;R$200.000,00;R$200.000,00
2024;50410004;S.PART.;COMISSÃO DA SAÚDE;não se aplica;não se aplica;PB;250870;MAE D'AGUA;MUNICIPAL;COMISSAO;CORRENTE;301;1000;1030151192E890001;26/04/2024;36000609387202400;-;FAF;INCREMENTO PAP;2E89;INCREMENTO TEMPORÁRIO AO CUSTEIO DOS SERVIÇOS DE ATENÇÃO PRIMÁRIA À SAÚDE - PAP;INCREMENTO DO PISO DA ATENÇÃO PRIMÁRIA À SAÚDE - PAP;03627760000111;FUNDO MUNICIPAL DE SAUDE DE MAE D AGUA;3853;21/05/2024;PROPOSTA PAGA;Proposta Paga;11/06/2024;R$250.000,00;R$250.000,00;R$250.000,00
2024;50410004;S.PART.;COMISSÃO DA SAÚDE;não se aplica;não se aplica;PB;251010;NOVA FLORESTA;MUNICIPAL;COMISSAO;CORRENTE;301;1000;1030151192E890001;24/04/2024;36000608737202400;-;FAF;INCREMENTO PAP;2E89;INCREMENTO TEMPORÁRIO AO CUSTEIO DOS SERVIÇOS DE ATENÇÃO PRIMÁRIA À SAÚDE - PAP;INCREMENTO DO PISO DA ATENÇÃO PRIMÁRIA À SAÚDE - PAP;18517489000139;FUNDO MUNICIPAL DE SAUDE;3853;21/05/2024;PROPOSTA PAGA;Proposta Paga;29/05/2024;R$300.000,00;R$300.000,00;R$300.000,00
2024;50410004;S.PART.;COMISSÃO DA SAÚDE;não se aplica;não se aplica;PB;250440;CONCEICAO;MUNICIPAL;COMISSAO;CORRENTE;301;1000;1030151192E890001;12/04/2024;36000603444202400;-;FAF;INCREMENTO PAP;2E89;INCREMENTO TEMPORÁRIO AO CUSTEIO DOS SERVIÇOS DE ATENÇÃO PRIMÁRIA À SAÚDE - PAP;INCREMENTO DO PISO DA ATENÇÃO PRIMÁRIA À SAÚDE - PAP;05497410000103;FUNDO MUNICIPAL DE SAUDE DE CONCEICAO;3853;21/05/2024;PROPOSTA PAGA;Proposta Paga;29/05/2024;R$1.000.000,00;R$1.000.000,00;R$1.000.000,00
2024;50410004;S.PART.;COMISSÃO DA SAÚDE;não se aplica;não se aplica;PB;250130;AROEIRAS;MUNICIPAL;COMISSAO;CORRENTE;301;3000;1030151192E890001;04/07/2024;36000630981202400;-;FAF;INCREMENTO PAP;2E89;INCREMENTO TEMPORÁRIO AO CUSTEIO DOS SERVIÇOS DE ATENÇÃO PRIMÁRIA À SAÚDE - PAP;INCREMENTO DO PISO DA ATENÇÃO PRIMÁRIA À SAÚDE - PAP;10819820000163;FUNDO MUNICIPAL DE SAUDE;4800;04/07/2024;PROPOSTA PAGA;Proposta Paga;05/07/2024;R$500.000,00;R$500.000,00;R$500.000,00
2024;60060003;S.PART.;COMISSÃO DE ASSUNTOS SOCIAIS - CAS;não se aplica;não se aplica;PB;250420;CATINGUEIRA;MUNICIPAL;COMISSAO;CORRENTE;302;1000;1030251182E900001;03/07/2024;36000630783202400;-;FAF;INCREMENTO MAC;2E90;ATENÇÃO ESPECIALIZADA À SAÚDE;INCREMENTO TEMPORÁRIO DO TETO DA MÉDIA E ALTA COMPLEXIDADE - MAC;12401524000173;FUNDO MUNICIPAL DE SAUDE;4805;04/07/2024;PROPOSTA PAGA;Proposta Paga;05/07/2024;R$200.000,00;R$200.000,00;R$200.000,00
2024;60060003;S.PART.;COMISSÃO DE ASSUNTOS SOCIAIS - CAS;não se aplica;não se aplica;PB;250690;ITABAIANA;MUNICIPAL;COMISSAO;CORRENTE;301;3000;1030151192E890001;24/06/2024;36000623436202400;-;FAF;INCREMENTO PAP;2E89;INCREMENTO TEMPORÁRIO AO CUSTEIO DOS SERVIÇOS DE ATENÇÃO PRIMÁRIA À SAÚDE - PAP;INCREMENTO DO PISO DA ATENÇÃO PRIMÁRIA À SAÚDE - PAP;07615929000174;FUNDO MUNICIPAL DE SAUDE;4547;26/06/2024;PROPOSTA PAGA;Proposta Paga;28/06/2024;R$100.000,00;R$100.000,00;R$100.000,00
2024;60060003;S.PART.;COMISSÃO DE ASSUNTOS SOCIAIS - CAS;não se aplica;não se aplica;PB;250380;CALDAS BRANDAO;MUNICIPAL;COMISSAO;CORRENTE;301;3000;1030151192E890001;18/06/2024;36000618367202400;-;FAF;INCREMENTO PAP;2E89;INCREMENTO TEMPORÁRIO AO CUSTEIO DOS SERVIÇOS DE ATENÇÃO PRIMÁRIA À SAÚDE - PAP;INCREMENTO DO PISO DA ATENÇÃO PRIMÁRIA À SAÚDE - PAP;11238753000156;FUNDO MUNICIPAL DE SAUDE CALDAS BRANDAO;4492;21/06/2024;PROPOSTA PAGA;Proposta Paga;26/06/2024;R$250.000,00;R$250.000,00;R$250.000,00
2024;60060003;S.PART.;COMISSÃO DE ASSUNTOS SOCIAIS - CAS;não se aplica;não se aplica;PB;250280;BREJO DO CRUZ;MUNICIPAL;COMISSAO;CORRENTE;301;3000;1030151192E890001;18/06/2024;36000618276202400;-;FAF;INCREMENTO PAP;2E89;INCREMENTO TEMPORÁRIO AO CUSTEIO DOS SERVIÇOS DE ATENÇÃO PRIMÁRIA À SAÚDE - PAP;INCREMENTO DO PISO DA ATENÇÃO PRIMÁRIA À SAÚDE - PAP;12452534000138;FUNDO MUNICIPAL DE SAUDE DE BREJO DO CRUZ;4458;19/06/2024;PROPOSTA PAGA;Proposta Paga;26/06/2024;R$500.000,00;R$500.000,00;R$500.000,00
2024;60060003;S.PART.;COMISSÃO DE ASSUNTOS SOCIAIS - CAS;não se aplica;não se aplica;PB;250350;CACIMBA DE DENTRO;MUNICIPAL;COMISSAO;CORRENTE;302;1000;1030251182E900001;25/06/2024;36000624365202400;-;FAF;INCREMENTO MAC;2E90;ATENÇÃO ESPECIALIZADA À SAÚDE;INCREMENTO TEMPORÁRIO DO TETO DA MÉDIA E ALTA COMPLEXIDADE - MAC;12011663000190;FUNDO MUNICIPAL DE SAUDE DE CACIMBA DE DENTRO;4588;28/06/2024;PROPOSTA PAGA;Proposta Paga;02/07/2024;R$280.000,00;R$280.000,00;R$280.000,00
2024;60110002;S.PART.;COMISSÃO DE ASSUNTOS SOCIAIS - CAS;não se aplica;não se aplica;PB;251340;SANTA LUZIA;MUNICIPAL;COMISSAO;CORRENTE;301;1000;1030151192E890001;18/06/2024;36000618889202400;-;FAF;INCREMENTO PAP;2E89;INCREMENTO TEMPORÁRIO AO CUSTEIO DOS SERVIÇOS DE ATENÇÃO PRIMÁRIA À SAÚDE - PAP;INCREMENTO DO PISO DA ATENÇÃO PRIMÁRIA À SAÚDE - PAP;10425754000147;FUNDO MUNICIPAL DE SAUDE DE SANTA LUZIA;4492;21/06/2024;PROPOSTA PAGA;Proposta Paga;26/06/2024;R$250.000,00;R$250.000,00;R$250.000,00
2024;50230002;S.PART.;COMISSÃO DA SAÚDE;não se aplica;não se aplica;PB;250600;ESPERANCA;MUNICIPAL;COMISSAO;CORRENTE;302;1000;1030251182E900001;03/07/2024;36000630720202400;-;FAF;INCREMENTO MAC;2E90;ATENÇÃO ESPECIALIZADA À SAÚDE;INCREMENTO TEMPORÁRIO DO TETO DA MÉDIA E ALTA COMPLEXIDADE - MAC;12011984000195;FUNDO MUNICIPAL DE SAUDE;4825;04/07/2024;PROPOSTA PAGA;Proposta Paga;05/07/2024;R$500.000,00;R$500.000,00;R$500.000,00
2024;50410004;S.PART.;COMISSÃO DA SAÚDE;não se aplica;não se aplica;PB;251398;SAO FRANCISCO;MUNICIPAL;COMISSAO;CORRENTE;301;1000;1030151192E890001;25/04/2024;36000608868202400;-;FAF;INCREMENTO PAP;2E89;INCREMENTO TEMPORÁRIO AO CUSTEIO DOS SERVIÇOS DE ATENÇÃO PRIMÁRIA À SAÚDE - PAP;INCREMENTO DO PISO DA ATENÇÃO PRIMÁRIA À SAÚDE - PAP;10398439000178;FUNDO MUNICIPAL DE SAUDE;3853;21/05/2024;PROPOSTA PAGA;Proposta Paga;29/05/2024;R$250.000,00;R$250.000,00;R$250.000,00
2024;50410004;S.PART.;COMISSÃO DA SAÚDE;não se aplica;não se aplica;PB;250090;ARARA;MUNICIPAL;COMISSAO;CORRENTE;301;3000;1030151192E890001;27/06/2024;36000626641202400;-;FAF;INCREMENTO PAP;2E89;INCREMENTO TEMPORÁRIO AO CUSTEIO DOS SERVIÇOS DE ATENÇÃO PRIMÁRIA À SAÚDE - PAP;INCREMENTO DO PISO DA ATENÇÃO PRIMÁRIA À SAÚDE - PAP;11898585000125;FUNDO MUNICIPAL DE SAUDE DO MUNICIPIO DE ARARA - PB;4654;01/07/2024;PROPOSTA PAGA;Proposta Paga;04/07/2024;R$400.000,00;R$400.000,00;R$400.000,00
2024;50410004;S.PART.;COMISSÃO DA SAÚDE;não se aplica;não se aplica;PB;251140;PICUI;MUNICIPAL;COMISSAO;CORRENTE;301;3000;1030151192E890001;28/06/2024;36000627256202400;-;FAF;INCREMENTO PAP;2E89;INCREMENTO TEMPORÁRIO AO CUSTEIO DOS SERVIÇOS DE ATENÇÃO PRIMÁRIA À SAÚDE - PAP;INCREMENTO DO PISO DA ATENÇÃO PRIMÁRIA À SAÚDE - PAP;08619650000121;FUNDO MUNICIPAL DE SAUDE;4688;02/07/2024;PROPOSTA PAGA;Proposta Paga;04/07/2024;R$800.000,00;R$800.000,00;R$800.000,00
2024;50410006;S.PART.;COMISSÃO DA SAÚDE;não se aplica;não se aplica;PB;250400;CAMPINA GRANDE;MUNICIPAL;COMISSAO;CORRENTE;302;1001;1030251182E900001;04/07/2024;36000631072202400;-;FAF;INCREMENTO MAC;2E90;ATENÇÃO ESPECIALIZADA À SAÚDE;INCREMENTO TEMPORÁRIO DO TETO DA MÉDIA E ALTA COMPLEXIDADE - MAC;24513574000121;FUNDO MUNICIPAL DE SAUDE DE CAMPINA GRANDE;4809;04/07/2024;PROPOSTA PAGA;Proposta Paga;05/07/2024;R$300.000,00;R$300.000,00;R$300.000,00
2024;50410006;S.PART.;COMISSÃO DA SAÚDE;não se aplica;não se aplica;PB;250980;MULUNGU;MUNICIPAL;COMISSAO;CORRENTE;302;1001;1030251182E900001;03/07/2024;36000630774202400;-;FAF;INCREMENTO MAC;2E90;ATENÇÃO ESPECIALIZADA À SAÚDE;INCREMENTO TEMPORÁRIO DO TETO DA MÉDIA E ALTA COMPLEXIDADE - MAC;18767963000180;FUNDO MUNICIPAL DE SAUDE MULUNGU;4809;04/07/2024;PROPOSTA PAGA;Proposta Paga;05/07/2024;R$300.000,00;R$300.000,00;R$300.000,00
2024;50230002;S.PART.;COMISSÃO DA SAÚDE;não se aplica;não se aplica;PB;251380;SANTA TERESINHA;MUNICIPAL;COMISSAO;CORRENTE;302;1000;1030251182E900001;11/07/2024;36000631835202400;-;FAF;INCREMENTO MAC;2E90;ATENÇÃO ESPECIALIZADA À SAÚDE;INCREMENTO TEMPORÁRIO DO TETO DA MÉDIA E ALTA COMPLEXIDADE - MAC;12447227000169;FUNDO MUNICIPAL DE SAUDE DE SANTA TEREZINHA;6119;17/12/2024;PROPOSTA PAGA;Proposta Paga;04/06/2025;R$211.197,00;R$211.197,00;R$211.197,00
2024;50230002;S.PART.;COMISSÃO DA SAÚDE;não se aplica;não se aplica;PB;251450;SAO JOSE DE PIRANHAS;MUNICIPAL;COMISSAO;CORRENTE;302;1000;1030251182E900001;11/07/2024;36000631834202400;-;FAF;INCREMENTO MAC;2E90;ATENÇÃO ESPECIALIZADA À SAÚDE;INCREMENTO TEMPORÁRIO DO TETO DA MÉDIA E ALTA COMPLEXIDADE - MAC;11602227000123;FUNDO MUNICIPAL DE SAUDE;6119;17/12/2024;PROPOSTA PAGA;Proposta Paga;30/05/2025;R$250.000,00;R$250.000,00;R$250.000,00
2024;50410002;S.PART.;COMISSÃO DA SAÚDE;não se aplica;não se aplica;PB;250540;DESTERRO;MUNICIPAL;COMISSAO;CORRENTE;302;1000;1030251182E900001;29/05/2024;36000614388202400;-;FAF;INCREMENTO MAC;2E90;ATENÇÃO ESPECIALIZADA À SAÚDE;INCREMENTO TEMPORÁRIO DO TETO DA MÉDIA E ALTA COMPLEXIDADE - MAC;10493355000113;FUNDO MUNICIPAL DE SAUDE DE DESTERRO;4249;07/06/2024;PROPOSTA PAGA;Proposta Paga;20/06/2024;R$578.380,00;R$578.380,00;R$578.380,00
2024;50410002;S.PART.;COMISSÃO DA SAÚDE;não se aplica;não se aplica;PB;250800;JURU;MUNICIPAL;COMISSAO;CORRENTE;302;1001;1030251182E900001;26/04/2024;36000609382202400;-;FAF;INCREMENTO MAC;2E90;ATENÇÃO ESPECIALIZADA À SAÚDE;INCREMENTO TEMPORÁRIO DO TETO DA MÉDIA E ALTA COMPLEXIDADE - MAC;10538747000151;FUNDO MUNICIPAL DE SAUDE;3864;21/05/2024;PROPOSTA PAGA;Proposta Paga;29/05/2024;R$300.000,00;R$300.000,00;R$300.000,00
2024;50410002;S.PART.;COMISSÃO DA SAÚDE;não se aplica;não se aplica;PB;251280;RIACHO DOS CAVALOS;MUNICIPAL;COMISSAO;CORRENTE;302;1001;1030251182E900001;26/04/2024;36000609322202400;-;FAF;INCREMENTO MAC;2E90;ATENÇÃO ESPECIALIZADA À SAÚDE;INCREMENTO TEMPORÁRIO DO TETO DA MÉDIA E ALTA COMPLEXIDADE - MAC;12081925000193;RIACHO DOS CAVALOS FUNDO MUNICIPAL DE SAUDE;3864;21/05/2024;PROPOSTA PAGA;Proposta Paga;29/05/2024;R$300.000,00;R$300.000,00;R$300.000,00
2024;50410004;S.PART.;COMISSÃO DA SAÚDE;não se aplica;não se aplica;PB;251310;SALGADO DE SAO FELIX;MUNICIPAL;COMISSAO;CORRENTE;301;3000;1030151192E890001;03/07/2024;36000630091202400;-;FAF;INCREMENTO PAP;2E89;INCREMENTO TEMPORÁRIO AO CUSTEIO DOS SERVIÇOS DE ATENÇÃO PRIMÁRIA À SAÚDE - PAP;INCREMENTO DO PISO DA ATENÇÃO PRIMÁRIA À SAÚDE - PAP;11462050000107;FUNDO MUNICIPAL DE SAUDE DE SALGADO DE SAO FELIX;4760;04/07/2024;PROPOSTA PAGA;Proposta Paga;05/07/2024;R$300.000,00;R$300.000,00;R$300.000,00
2024;50410004;S.PART.;COMISSÃO DA SAÚDE;não se aplica;não se aplica;PB;250700;ITAPORANGA;MUNICIPAL;COMISSAO;CORRENTE;301;3000;1030151192E890001;03/07/2024;36000629741202400;-;FAF;INCREMENTO PAP;2E89;INCREMENTO TEMPORÁRIO AO CUSTEIO DOS SERVIÇOS DE ATENÇÃO PRIMÁRIA À SAÚDE - PAP;INCREMENTO DO PISO DA ATENÇÃO PRIMÁRIA À SAÚDE - PAP;11174552000132;FUNDO MUNICIPAL DE SAUDE DE ITAPORANGA;4759;04/07/2024;PROPOSTA PAGA;Proposta Paga;05/07/2024;R$400.000,00;R$400.000,00;R$400.000,00
2024;50410004;S.PART.;COMISSÃO DA SAÚDE;não se aplica;não se aplica;PB;250210;BOA VENTURA;MUNICIPAL;COMISSAO;CORRENTE;301;3000;1030151192E890001;03/07/2024;36000629959202400;-;FAF;INCREMENTO PAP;2E89;INCREMENTO TEMPORÁRIO AO CUSTEIO DOS SERVIÇOS DE ATENÇÃO PRIMÁRIA À SAÚDE - PAP;INCREMENTO DO PISO DA ATENÇÃO PRIMÁRIA À SAÚDE - PAP;10570295000195;FUNCO MUNICIPAL DE SAUDE DE BOA VENTURA;4760;04/07/2024;PROPOSTA PAGA;Proposta Paga;05/07/2024;R$200.000,00;R$200.000,00;R$200.000,00
2024;50410004;S.PART.;COMISSÃO DA SAÚDE;não se aplica;não se aplica;PB;250280;BREJO DO CRUZ;MUNICIPAL;COMISSAO;CORRENTE;301;3000;1030151192E890001;03/07/2024;36000629730202400;-;FAF;INCREMENTO PAP;2E89;INCREMENTO TEMPORÁRIO AO CUSTEIO DOS SERVIÇOS DE ATENÇÃO PRIMÁRIA À SAÚDE - PAP;INCREMENTO DO PISO DA ATENÇÃO PRIMÁRIA À SAÚDE - PAP;12452534000138;FUNDO MUNICIPAL DE SAUDE DE BREJO DO CRUZ;4759;04/07/2024;PROPOSTA PAGA;Proposta Paga;05/07/2024;R$500.000,00;R$500.000,00;R$500.000,00
2024;50410006;S.PART.;COMISSÃO DA SAÚDE;não se aplica;não se aplica;PB;250460;CONDE;MUNICIPAL;COMISSAO;CORRENTE;302;1001;1030251182E900001;03/07/2024;36000630777202400;-;FAF;INCREMENTO MAC;2E90;ATENÇÃO ESPECIALIZADA À SAÚDE;INCREMENTO TEMPORÁRIO DO TETO DA MÉDIA E ALTA COMPLEXIDADE - MAC;11570107000191;FUNDO MUNICIPAL DE SAUDE;4809;04/07/2024;PROPOSTA PAGA;Proposta Paga;05/07/2024;R$300.000,00;R$300.000,00;R$300.000,00
2024;50410005;S.PART.;COMISSÃO DA SAÚDE;não se aplica;não se aplica;PB;251460;SAO JOSE DO BONFIM;MUNICIPAL;COMISSAO;CAPITAL;301;1001;10301511985810001;26/04/2024;12526644000124001;-;FAF;EQUIPAMENTO;8581;SAÚDE DA FAMÍLIA;EQUIPAMENTOS;12526644000105;FUNDO MUNICIPAL DE SAUDE DE SAO JOSE DO BONFIM PB;3866;21/05/2024;PROPOSTA PAGA;Proposta Paga;29/05/2024;R$83.953,00;R$83.953,00;R$83.953,00
2024;50410005;S.PART.;COMISSÃO DA SAÚDE;não se aplica;não se aplica;PB;251380;SANTA TERESINHA;MUNICIPAL;COMISSAO;CAPITAL;301;1001;10301511985810001;25/04/2024;12447227000124001;-;FAF;EQUIPAMENTO;8581;SAÚDE DA FAMÍLIA;EQUIPAMENTOS;12447227000169;FUNDO MUNICIPAL DE SAUDE DE SANTA TEREZINHA;3866;21/05/2024;PROPOSTA PAGA;Proposta Paga;29/05/2024;R$93.801,00;R$93.801,00;R$93.801,00
2024;60060003;S.PART.;COMISSÃO DE ASSUNTOS SOCIAIS - CAS;não se aplica;não se aplica;PB;250060;ALHANDRA;MUNICIPAL;COMISSAO;CORRENTE;302;1000;1030251182E900001;18/06/2024;36000619207202400;-;FAF;INCREMENTO MAC;2E90;ATENÇÃO ESPECIALIZADA À SAÚDE;INCREMENTO TEMPORÁRIO DO TETO DA MÉDIA E ALTA COMPLEXIDADE - MAC;11490408000105;FUNDO MUNICIPAL DE SAUDE;4493;21/06/2024;PROPOSTA PAGA;Proposta Paga;26/06/2024;R$400.000,00;R$400.000,00;R$400.000,00
2024;60060003;S.PART.;COMISSÃO DE ASSUNTOS SOCIAIS - CAS;não se aplica;não se aplica;PB;251390;SAO BENTO;MUNICIPAL;COMISSAO;CORRENTE;302;1000;1030251182E900001;03/07/2024;36000630422202400;-;FAF;INCREMENTO MAC;2E90;ATENÇÃO ESPECIALIZADA À SAÚDE;INCREMENTO TEMPORÁRIO DO TETO DA MÉDIA E ALTA COMPLEXIDADE - MAC;02015756000130;FUNDO MINICIPAL DE SAUDE;4805;04/07/2024;PROPOSTA PAGA;Proposta Paga;05/07/2024;R$1.000.000,00;R$1.000.000,00;R$1.000.000,00
2024;50410002;S.PART.;COMISSÃO DA SAÚDE;não se aplica;não se aplica;PB;251600;SOLANEA;MUNICIPAL;COMISSAO;CORRENTE;302;1000;1030251182E900001;23/05/2024;36000613867202400;-;FAF;INCREMENTO MAC;2E90;ATENÇÃO ESPECIALIZADA À SAÚDE;INCREMENTO TEMPORÁRIO DO TETO DA MÉDIA E ALTA COMPLEXIDADE - MAC;13857317000190;FUNDO MUNICIPAL DE SAUDE DE SOLANEA;4352;18/06/2024;PROPOSTA PAGA;Proposta Paga;26/06/2024;R$2.000.000,00;R$2.000.000,00;R$2.000.000,00
2024;50230002;S.PART.;COMISSÃO DA SAÚDE;não se aplica;não se aplica;PB;250750;JOAO PESSOA;ESTADUAL;COMISSAO;CORRENTE;302;1000;1030251182E900001;04/07/2024;36000631249202400;-;FAF;INCREMENTO MAC;2E90;ATENÇÃO ESPECIALIZADA À SAÚDE;INCREMENTO TEMPORÁRIO DO TETO DA MÉDIA E ALTA COMPLEXIDADE - MAC;03609595000175;FUNDO ESTADUAL DE SAUDE DO ESTADO DA PARAIBA - FESEP;4825;04/07/2024;PROPOSTA PAGA;Proposta Paga;05/07/2024;R$3.000.005,00;R$3.000.005,00;R$3.000.005,00
2024;50410002;S.PART.;COMISSÃO DA SAÚDE;não se aplica;não se aplica;PB;250230;BOM SUCESSO;MUNICIPAL;COMISSAO;CORRENTE;302;1001;1030251182E900001;19/04/2024;36000607322202400;-;FAF;INCREMENTO MAC;2E90;ATENÇÃO ESPECIALIZADA À SAÚDE;INCREMENTO TEMPORÁRIO DO TETO DA MÉDIA E ALTA COMPLEXIDADE - MAC;12403050000107;FUNDO MUNICIPAL DE SAUDE - FMS;3864;21/05/2024;PROPOSTA PAGA;Proposta Paga;29/05/2024;R$300.000,00;R$300.000,00;R$300.000,00
2024;50410002;S.PART.;COMISSÃO DA SAÚDE;não se aplica;não se aplica;PB;250400;CAMPINA GRANDE;MUNICIPAL;COMISSAO;CORRENTE;302;1001;1030251182E900001;23/04/2024;36000608216202400;-;FAF;INCREMENTO MAC;2E90;ATENÇÃO ESPECIALIZADA À SAÚDE;INCREMENTO TEMPORÁRIO DO TETO DA MÉDIA E ALTA COMPLEXIDADE - MAC;24513574000121;FUNDO MUNICIPAL DE SAUDE DE CAMPINA GRANDE;3864;21/05/2024;PROPOSTA PAGA;Proposta Paga;29/05/2024;R$1.000.000,00;R$1.000.000,00;R$1.000.000,00
2024;50410003;S.PART.;COMISSÃO DA SAÚDE;não se aplica;não se aplica;PB;251260;QUIXABA;MUNICIPAL;COMISSAO;CAPITAL;302;1000;10302511885350001;25/06/2024;12335016000124002;-;FAF;EQUIPAMENTO;8535;ATENÇÃO ESPECIALIZADA À SAÚDE;REDE DE ATENÇÃO ESPECIALIZADA À SAÚDE - AMBULATÓRIO;12335016000134;FUNDO MUNICIPAL DE SAUDE DE QUIXABA;6111;18/12/2024;PROPOSTA PAGA;Proposta Paga;16/06/2025;R$253.711,00;R$253.711,00;R$253.711,00
2024;50410002;S.PART.;COMISSÃO DA SAÚDE;não se aplica;não se aplica;PB;250040;ALAGOA NOVA;MUNICIPAL;COMISSAO;CORRENTE;302;1001;1030251182E900001;07/08/2024;36000633226202400;-;FAF;INCREMENTO MAC;2E90;ATENÇÃO ESPECIALIZADA À SAÚDE;INCREMENTO TEMPORÁRIO DO TETO DA MÉDIA E ALTA COMPLEXIDADE - MAC;11838096000188;FUNDO MUNICIPAL DE SAUDE DE ALAGOA NOVA;6119;17/12/2024;PROPOSTA PAGA;Proposta Paga;30/05/2025;R$180.320,00;R$180.320,00;R$180.320,00
2024;50410002;S.PART.;COMISSÃO DA SAÚDE;não se aplica;não se aplica;PB;250150;BANANEIRAS;MUNICIPAL;COMISSAO;CORRENTE;302;1001;1030251182E900001;25/04/2024;36000608981202400;-;FAF;INCREMENTO MAC;2E90;ATENÇÃO ESPECIALIZADA À SAÚDE;INCREMENTO TEMPORÁRIO DO TETO DA MÉDIA E ALTA COMPLEXIDADE - MAC;18730452000194;BANANEIRAS - FUNDO MUNICIPAL DE SAUDE;3864;21/05/2024;PROPOSTA PAGA;Proposta Paga;29/05/2024;R$500.000,00;R$500.000,00;R$500.000,00
2024;50410004;S.PART.;COMISSÃO DA SAÚDE;não se aplica;não se aplica;PB;251720;VIEIROPOLIS;MUNICIPAL;COMISSAO;CORRENTE;301;3000;1030151192E890001;24/06/2024;36000623403202400;-;FAF;INCREMENTO PAP;2E89;INCREMENTO TEMPORÁRIO AO CUSTEIO DOS SERVIÇOS DE ATENÇÃO PRIMÁRIA À SAÚDE - PAP;INCREMENTO DO PISO DA ATENÇÃO PRIMÁRIA À SAÚDE - PAP;14688620000170;FUNDO MUNICIPAL DE SAUDE DE VIEIROPOLIS;4547;26/06/2024;PROPOSTA PAGA;Proposta Paga;28/06/2024;R$300.000,00;R$300.000,00;R$300.000,00
2024;50410004;S.PART.;COMISSÃO DA SAÚDE;não se aplica;não se aplica;PB;250940;MOGEIRO;MUNICIPAL;COMISSAO;CORRENTE;301;1000;1030151192E890001;23/05/2024;36000613869202400;-;FAF;INCREMENTO PAP;2E89;INCREMENTO TEMPORÁRIO AO CUSTEIO DOS SERVIÇOS DE ATENÇÃO PRIMÁRIA À SAÚDE - PAP;INCREMENTO DO PISO DA ATENÇÃO PRIMÁRIA À SAÚDE - PAP;10664047000103;FUNDO MUNICIPAL DE SAUDE DE MOGEIRO;4300;18/06/2024;PROPOSTA PAGA;Proposta Paga;26/06/2024;R$1.201.000,00;R$1.201.000,00;R$1.201.000,00
2024;50410004;S.PART.;COMISSÃO DA SAÚDE;não se aplica;não se aplica;PB;251060;OURO VELHO;MUNICIPAL;COMISSAO;CORRENTE;301;1000;1030151192E890001;25/04/2024;36000608918202400;-;FAF;INCREMENTO PAP;2E89;INCREMENTO TEMPORÁRIO AO CUSTEIO DOS SERVIÇOS DE ATENÇÃO PRIMÁRIA À SAÚDE - PAP;INCREMENTO DO PISO DA ATENÇÃO PRIMÁRIA À SAÚDE - PAP;11348410000144;FUNDO MUNICIPAL DE SAUDE DE OURO VELHO;3853;21/05/2024;PROPOSTA PAGA;Proposta Paga;29/05/2024;R$200.000,00;R$200.000,00;R$200.000,00
2024;50410004;S.PART.;COMISSÃO DA SAÚDE;não se aplica;não se aplica;PB;251274;RIACHAO;MUNICIPAL;COMISSAO;CORRENTE;301;3000;1030151192E890001;24/06/2024;36000623359202400;-;FAF;INCREMENTO PAP;2E89;INCREMENTO TEMPORÁRIO AO CUSTEIO DOS SERVIÇOS DE ATENÇÃO PRIMÁRIA À SAÚDE - PAP;INCREMENTO DO PISO DA ATENÇÃO PRIMÁRIA À SAÚDE - PAP;12011137000120;FUNDO MUNICIPAL DE SAUDE DE RIACHAO;4547;26/06/2024;PROPOSTA PAGA;Proposta Paga;28/06/2024;R$160.000,00;R$160.000,00;R$160.000,00
2024;50410004;S.PART.;COMISSÃO DA SAÚDE;não se aplica;não se aplica;PB;251396;SAO DOMINGOS;MUNICIPAL;COMISSAO;CORRENTE;301;3000;1030151192E890001;19/06/2024;36000620259202400;-;FAF;INCREMENTO PAP;2E89;INCREMENTO TEMPORÁRIO AO CUSTEIO DOS SERVIÇOS DE ATENÇÃO PRIMÁRIA À SAÚDE - PAP;INCREMENTO DO PISO DA ATENÇÃO PRIMÁRIA À SAÚDE - PAP;17792379000112;FUNDO MUNICIPAL DE SAUDE DE SAO DOMINGOS;4492;21/06/2024;PROPOSTA PAGA;Proposta Paga;26/06/2024;R$180.000,00;R$180.000,00;R$180.000,00
2024;50410004;S.PART.;COMISSÃO DA SAÚDE;não se aplica;não se aplica;PB;250820;LAGOA DE DENTRO;MUNICIPAL;COMISSAO;CORRENTE;301;1000;1030151192E890001;29/05/2024;36000614382202400;-;FAF;INCREMENTO PAP;2E89;INCREMENTO TEMPORÁRIO AO CUSTEIO DOS SERVIÇOS DE ATENÇÃO PRIMÁRIA À SAÚDE - PAP;INCREMENTO DO PISO DA ATENÇÃO PRIMÁRIA À SAÚDE - PAP;12375571000190;LAGOA DE DENTRO - FUNDO MUNICIPAL DE SAUDE;4300;18/06/2024;PROPOSTA PAGA;Proposta Paga;26/06/2024;R$500.000,00;R$500.000,00;R$500.000,00
2024;50410004;S.PART.;COMISSÃO DA SAÚDE;não se aplica;não se aplica;PB;250270;BORBOREMA;MUNICIPAL;COMISSAO;CORRENTE;301;3000;1030151192E890001;03/07/2024;36000630614202400;-;FAF;INCREMENTO PAP;2E89;INCREMENTO TEMPORÁRIO AO CUSTEIO DOS SERVIÇOS DE ATENÇÃO PRIMÁRIA À SAÚDE - PAP;INCREMENTO DO PISO DA ATENÇÃO PRIMÁRIA À SAÚDE - PAP;11594451000110;FUNDO MUNICIPAL DE SAUDE DE BORBOREMA;4800;04/07/2024;PROPOSTA PAGA;Proposta Paga;05/07/2024;R$370.000,00;R$370.000,00;R$370.000,00
2024;50410004;S.PART.;COMISSÃO DA SAÚDE;não se aplica;não se aplica;PB;250310;CABACEIRAS;MUNICIPAL;COMISSAO;CORRENTE;301;3000;1030151192E890001;03/07/2024;36000630626202400;-;FAF;INCREMENTO PAP;2E89;INCREMENTO TEMPORÁRIO AO CUSTEIO DOS SERVIÇOS DE ATENÇÃO PRIMÁRIA À SAÚDE - PAP;INCREMENTO DO PISO DA ATENÇÃO PRIMÁRIA À SAÚDE - PAP;11309134000105;FUNDO MUNICIPAL DE SAUDE - CABACEIRAS PB;4800;04/07/2024;PROPOSTA PAGA;Proposta Paga;05/07/2024;R$300.000,00;R$300.000,00;R$300.000,00
2024;50410004;S.PART.;COMISSÃO DA SAÚDE;não se aplica;não se aplica;PB;251420;SAO JOSE DA LAGOA TAPADA;MUNICIPAL;COMISSAO;CORRENTE;301;3000;1030151192E890001;04/07/2024;36000631051202400;-;FAF;INCREMENTO PAP;2E89;INCREMENTO TEMPORÁRIO AO CUSTEIO DOS SERVIÇOS DE ATENÇÃO PRIMÁRIA À SAÚDE - PAP;INCREMENTO DO PISO DA ATENÇÃO PRIMÁRIA À SAÚDE - PAP;11420422000132;FUNDO MUNIC DE SAUDE DE JOSE DA LAGOA TAPADA;4800;04/07/2024;PROPOSTA PAGA;Proposta Paga;05/07/2024;R$300.000,00;R$300.000,00;R$300.000,00
2024;50410004;S.PART.;COMISSÃO DA SAÚDE;não se aplica;não se aplica;PB;250090;ARARA;MUNICIPAL;COMISSAO;CORRENTE;301;3000;1030151192E890001;04/07/2024;36000630999202400;-;FAF;INCREMENTO PAP;2E89;INCREMENTO TEMPORÁRIO AO CUSTEIO DOS SERVIÇOS DE ATENÇÃO PRIMÁRIA À SAÚDE - PAP;INCREMENTO DO PISO DA ATENÇÃO PRIMÁRIA À SAÚDE - PAP;11898585000125;FUNDO MUNICIPAL DE SAUDE DO MUNICIPIO DE ARARA - PB;4800;04/07/2024;PROPOSTA PAGA;Proposta Paga;05/07/2024;R$200.000,00;R$200.000,00;R$200.000,00
2024;50410006;S.PART.;COMISSÃO DA SAÚDE;não se aplica;não se aplica;PB;250940;MOGEIRO;MUNICIPAL;COMISSAO;CORRENTE;302;1001;1030251182E900001;04/07/2024;36000631065202400;-;FAF;INCREMENTO MAC;2E90;ATENÇÃO ESPECIALIZADA À SAÚDE;INCREMENTO TEMPORÁRIO DO TETO DA MÉDIA E ALTA COMPLEXIDADE - MAC;10664047000103;FUNDO MUNICIPAL DE SAUDE DE MOGEIRO;4809;04/07/2024;PROPOSTA PAGA;Proposta Paga;05/07/2024;R$110.730,00;R$110.730,00;R$110.730,00
2024;60060003;S.PART.;COMISSÃO DE ASSUNTOS SOCIAIS - CAS;não se aplica;não se aplica;PB;250250;BOQUEIRAO;MUNICIPAL;COMISSAO;CORRENTE;301;3000;1030151192E890001;24/06/2024;36000623416202400;-;FAF;INCREMENTO PAP;2E89;INCREMENTO TEMPORÁRIO AO CUSTEIO DOS SERVIÇOS DE ATENÇÃO PRIMÁRIA À SAÚDE - PAP;INCREMENTO DO PISO DA ATENÇÃO PRIMÁRIA À SAÚDE - PAP;11153600000106;FUNDO MUNICIPAL DE SAUDE;4547;26/06/2024;PROPOSTA PAGA;Proposta Paga;28/06/2024;R$300.000,00;R$300.000,00;R$300.000,00
2024;50410004;S.PART.;COMISSÃO DA SAÚDE;não se aplica;não se aplica;PB;250480;COREMAS;MUNICIPAL;COMISSAO;CORRENTE;301;3000;1030151192E890001;04/07/2024;36000631124202400;-;FAF;INCREMENTO PAP;2E89;INCREMENTO TEMPORÁRIO AO CUSTEIO DOS SERVIÇOS DE ATENÇÃO PRIMÁRIA À SAÚDE - PAP;INCREMENTO DO PISO DA ATENÇÃO PRIMÁRIA À SAÚDE - PAP;11161210000188;FUNDO MUNICIPAL DE SAUDE;4800;04/07/2024;PROPOSTA PAGA;Proposta Paga;05/07/2024;R$1.500.003,00;R$1.500.003,00;R$1.500.003,00
2024;60110002;S.PART.;COMISSÃO DE ASSUNTOS SOCIAIS - CAS;não se aplica;não se aplica;PB;250860;LUCENA;MUNICIPAL;COMISSAO;CORRENTE;301;1000;1030151192E890001;18/06/2024;36000619205202400;-;FAF;INCREMENTO PAP;2E89;INCREMENTO TEMPORÁRIO AO CUSTEIO DOS SERVIÇOS DE ATENÇÃO PRIMÁRIA À SAÚDE - PAP;INCREMENTO DO PISO DA ATENÇÃO PRIMÁRIA À SAÚDE - PAP;11516231000179;FUNDO MUNICIPAL DE SAUDE DE LUCENA;4492;21/06/2024;PROPOSTA PAGA;Proposta Paga;26/06/2024;R$300.000,00;R$300.000,00;R$300.000,00
2024;60110002;S.PART.;COMISSÃO DE ASSUNTOS SOCIAIS - CAS;não se aplica;não se aplica;PB;250970;MONTEIRO;MUNICIPAL;COMISSAO;CORRENTE;301;1000;1030151192E890001;20/06/2024;36000621370202400;-;FAF;INCREMENTO PAP;2E89;INCREMENTO TEMPORÁRIO AO CUSTEIO DOS SERVIÇOS DE ATENÇÃO PRIMÁRIA À SAÚDE - PAP;INCREMENTO DO PISO DA ATENÇÃO PRIMÁRIA À SAÚDE - PAP;11214763000151;FUNDO MUNICIPAL DE SAUDE DE MONTEIRO;4492;21/06/2024;PROPOSTA PAGA;Proposta Paga;26/06/2024;R$300.000,00;R$300.000,00;R$300.000,00
2024;50410002;S.PART.;COMISSÃO DA SAÚDE;não se aplica;não se aplica;PB;250400;CAMPINA GRANDE;MUNICIPAL;COMISSAO;CORRENTE;302;1000;1030251182E900001;25/06/2024;36000624564202400;-;FAF;INCREMENTO MAC;2E90;ATENÇÃO ESPECIALIZADA À SAÚDE;INCREMENTO TEMPORÁRIO DO TETO DA MÉDIA E ALTA COMPLEXIDADE - MAC;24513574000121;FUNDO MUNICIPAL DE SAUDE DE CAMPINA GRANDE;4588;28/06/2024;PROPOSTA PAGA;Proposta Paga;02/07/2024;R$1.000.000,00;R$1.000.000,00;R$1.000.000,00
2024;50410002;S.PART.;COMISSÃO DA SAÚDE;não se aplica;não se aplica;PB;251120;PEDRAS DE FOGO;MUNICIPAL;COMISSAO;CORRENTE;302;1001;1030251182E900001;18/06/2024;36000618172202400;-;FAF;INCREMENTO MAC;2E90;ATENÇÃO ESPECIALIZADA À SAÚDE;INCREMENTO TEMPORÁRIO DO TETO DA MÉDIA E ALTA COMPLEXIDADE - MAC;10490987000123;FUNDO MUNICIPAL DE SAUDE;4452;19/06/2024;PROPOSTA PAGA;Proposta Paga;26/06/2024;R$300.000,00;R$300.000,00;R$300.000,00
2024;50410002;S.PART.;COMISSÃO DA SAÚDE;não se aplica;não se aplica;PB;251380;SANTA TERESINHA;MUNICIPAL;COMISSAO;CORRENTE;302;1001;1030251182E900001;25/04/2024;36000609078202400;-;FAF;INCREMENTO MAC;2E90;ATENÇÃO ESPECIALIZADA À SAÚDE;INCREMENTO TEMPORÁRIO DO TETO DA MÉDIA E ALTA COMPLEXIDADE - MAC;12447227000169;FUNDO MUNICIPAL DE SAUDE DE SANTA TEREZINHA;3864;21/05/2024;PROPOSTA PAGA;Proposta Paga;29/05/2024;R$200.000,00;R$200.000,00;R$200.000,00
2024;50410004;S.PART.;COMISSÃO DA SAÚDE;não se aplica;não se aplica;PB;251560;SERRA DA RAIZ;MUNICIPAL;COMISSAO;CORRENTE;301;1000;1030151192E890001;18/04/2024;36000606645202400;-;FAF;INCREMENTO PAP;2E89;INCREMENTO TEMPORÁRIO AO CUSTEIO DOS SERVIÇOS DE ATENÇÃO PRIMÁRIA À SAÚDE - PAP;INCREMENTO DO PISO DA ATENÇÃO PRIMÁRIA À SAÚDE - PAP;11594437000117;FUNDO MUNICIPAL DE SAUDE;3853;21/05/2024;PROPOSTA PAGA;Proposta Paga;29/05/2024;R$155.000,00;R$155.000,00;R$155.000,00
2024;50410004;S.PART.;COMISSÃO DA SAÚDE;não se aplica;não se aplica;PB;251700;UMBUZEIRO;MUNICIPAL;COMISSAO;CORRENTE;301;3000;1030151192E890001;04/07/2024;36000631061202400;-;FAF;INCREMENTO PAP;2E89;INCREMENTO TEMPORÁRIO AO CUSTEIO DOS SERVIÇOS DE ATENÇÃO PRIMÁRIA À SAÚDE - PAP;INCREMENTO DO PISO DA ATENÇÃO PRIMÁRIA À SAÚDE - PAP;09494245000197;FUNDO MUNICIPAL DE SAUDE;4800;04/07/2024;PROPOSTA PAGA;Proposta Paga;05/07/2024;R$200.000,00;R$200.000,00;R$200.000,00
2024;50410004;S.PART.;COMISSÃO DA SAÚDE;não se aplica;não se aplica;PB;251550;SERRA BRANCA;MUNICIPAL;COMISSAO;CORRENTE;301;3000;1030151192E890001;03/07/2024;36000630728202400;-;FAF;INCREMENTO PAP;2E89;INCREMENTO TEMPORÁRIO AO CUSTEIO DOS SERVIÇOS DE ATENÇÃO PRIMÁRIA À SAÚDE - PAP;INCREMENTO DO PISO DA ATENÇÃO PRIMÁRIA À SAÚDE - PAP;05456092000132;FUNDO MUNICIPAL DE SAUDE;4800;04/07/2024;PROPOSTA PAGA;Proposta Paga;05/07/2024;R$300.000,00;R$300.000,00;R$300.000,00
2024;50410004;S.PART.;COMISSÃO DA SAÚDE;não se aplica;não se aplica;PB;251200;POCINHOS;MUNICIPAL;COMISSAO;CORRENTE;301;3000;1030151192E890001;24/06/2024;36000623539202400;-;FAF;INCREMENTO PAP;2E89;INCREMENTO TEMPORÁRIO AO CUSTEIO DOS SERVIÇOS DE ATENÇÃO PRIMÁRIA À SAÚDE - PAP;INCREMENTO DO PISO DA ATENÇÃO PRIMÁRIA À SAÚDE - PAP;09505246000190;FUNDO MUNICIPAL DE SAUDE - POCINHOS - PARAIBA;4547;26/06/2024;PROPOSTA PAGA;Proposta Paga;28/06/2024;R$750.000,00;R$750.000,00;R$750.000,00
2024;50410004;S.PART.;COMISSÃO DA SAÚDE;não se aplica;não se aplica;PB;251290;RIO TINTO;MUNICIPAL;COMISSAO;CORRENTE;301;3000;1030151192E890001;03/07/2024;36000630812202400;-;FAF;INCREMENTO PAP;2E89;INCREMENTO TEMPORÁRIO AO CUSTEIO DOS SERVIÇOS DE ATENÇÃO PRIMÁRIA À SAÚDE - PAP;INCREMENTO DO PISO DA ATENÇÃO PRIMÁRIA À SAÚDE - PAP;12457150000108;FUNDO MUNICIPAL DE SAUDE DE RIO TINTO;4800;04/07/2024;PROPOSTA PAGA;Proposta Paga;05/07/2024;R$500.000,00;R$500.000,00;R$500.000,00
2024;60060003;S.PART.;COMISSÃO DE ASSUNTOS SOCIAIS - CAS;não se aplica;não se aplica;PB;250410;CARRAPATEIRA;MUNICIPAL;COMISSAO;CORRENTE;301;3000;1030151192E890001;26/06/2024;36000625295202400;-;FAF;INCREMENTO PAP;2E89;INCREMENTO TEMPORÁRIO AO CUSTEIO DOS SERVIÇOS DE ATENÇÃO PRIMÁRIA À SAÚDE - PAP;INCREMENTO DO PISO DA ATENÇÃO PRIMÁRIA À SAÚDE - PAP;11579536000120;FUNDO MUNICIPAL DE SAUDE;4597;01/07/2024;PROPOSTA PAGA;Proposta Paga;04/07/2024;R$250.000,00;R$250.000,00;R$250.000,00
2024;50410006;S.PART.;COMISSÃO DA SAÚDE;não se aplica;não se aplica;PB;251720;VIEIROPOLIS;MUNICIPAL;COMISSAO;CORRENTE;302;1001;1030251182E900001;21/06/2024;36000621898202400;-;FAF;INCREMENTO MAC;2E90;ATENÇÃO ESPECIALIZADA À SAÚDE;INCREMENTO TEMPORÁRIO DO TETO DA MÉDIA E ALTA COMPLEXIDADE - MAC;14688620000170;FUNDO MUNICIPAL DE SAUDE DE VIEIROPOLIS;4498;21/06/2024;PROPOSTA PAGA;Proposta Paga;26/06/2024;R$300.000,00;R$300.000,00;R$300.000,00
2024;50410007;S.PART.;COMISSÃO DA SAÚDE;não se aplica;não se aplica;PB;250750;JOAO PESSOA;ESTADUAL;COMISSAO;CAPITAL;302;1001;10302511885350001;28/06/2024;03609595000124005;-;FAF;EQUIPAMENTO;8535;ATENÇÃO ESPECIALIZADA À SAÚDE;REDE DE ATENÇÃO ESPECIALIZADA À SAÚDE - HOSPITAL DE ALTA COMPLEXIDADE;03609595000175;FUNDO ESTADUAL DE SAUDE DO ESTADO DA PARAIBA - FESEP;6108;17/12/2024;PROPOSTA PAGA;Proposta Paga;30/05/2025;R$599.913,00;R$599.913,00;R$599.913,00
2024;60060003;S.PART.;COMISSÃO DE ASSUNTOS SOCIAIS - CAS;não se aplica;não se aplica;PB;251670;TEIXEIRA;MUNICIPAL;COMISSAO;CORRENTE;301;3000;1030151192E890001;19/06/2024;36000620605202400;-;FAF;INCREMENTO PAP;2E89;INCREMENTO TEMPORÁRIO AO CUSTEIO DOS SERVIÇOS DE ATENÇÃO PRIMÁRIA À SAÚDE - PAP;INCREMENTO DO PISO DA ATENÇÃO PRIMÁRIA À SAÚDE - PAP;11229326000101;FUNDO MUNICIPAL DE SAUDE;4492;21/06/2024;PROPOSTA PAGA;Proposta Paga;26/06/2024;R$2.149.000,00;R$2.149.000,00;R$2.149.000,00
2024;60060003;S.PART.;COMISSÃO DE ASSUNTOS SOCIAIS - CAS;não se aplica;não se aplica;PB;250160;BARRA DE SANTA ROSA;MUNICIPAL;COMISSAO;CORRENTE;301;3000;1030151192E890001;18/06/2024;36000618647202400;-;FAF;INCREMENTO PAP;2E89;INCREMENTO TEMPORÁRIO AO CUSTEIO DOS SERVIÇOS DE ATENÇÃO PRIMÁRIA À SAÚDE - PAP;INCREMENTO DO PISO DA ATENÇÃO PRIMÁRIA À SAÚDE - PAP;11404690000160;FUNDO MUNICIPAL DE SAUDE;4492;21/06/2024;PROPOSTA PAGA;Proposta Paga;26/06/2024;R$450.000,00;R$450.000,00;R$450.000,00
2024;50410002;S.PART.;COMISSÃO DA SAÚDE;não se aplica;não se aplica;PB;250890;MAMANGUAPE;MUNICIPAL;COMISSAO;CORRENTE;302;1001;1030251182E900001;25/04/2024;36000609077202400;-;FAF;INCREMENTO MAC;2E90;ATENÇÃO ESPECIALIZADA À SAÚDE;INCREMENTO TEMPORÁRIO DO TETO DA MÉDIA E ALTA COMPLEXIDADE - MAC;08674396000164;FUNDO MUNICIPAL DE SAUDE DE MAMANGUAPE;3864;21/05/2024;PROPOSTA PAGA;Proposta Paga;29/05/2024;R$1.000.000,00;R$1.000.000,00;R$1.000.000,00
2024;50410002;S.PART.;COMISSÃO DA SAÚDE;não se aplica;não se aplica;PB;251230;PRINCESA ISABEL;MUNICIPAL;COMISSAO;CORRENTE;302;1001;1030251182E900001;25/04/2024;36000609056202400;-;FAF;INCREMENTO MAC;2E90;ATENÇÃO ESPECIALIZADA À SAÚDE;INCREMENTO TEMPORÁRIO DO TETO DA MÉDIA E ALTA COMPLEXIDADE - MAC;10473821000107;FUNDO MUNICIPAL DE SAUDE DO MUNICIPIO DE PRINCESA ISABEL;3864;21/05/2024;PROPOSTA PAGA;Proposta Paga;29/05/2024;R$600.000,00;R$600.000,00;R$600.000,00
2024;50410002;S.PART.;COMISSÃO DA SAÚDE;não se aplica;não se aplica;PB;251200;POCINHOS;MUNICIPAL;COMISSAO;CORRENTE;302;1001;1030251182E900001;25/04/2024;36000609064202400;-;FAF;INCREMENTO MAC;2E90;ATENÇÃO ESPECIALIZADA À SAÚDE;INCREMENTO TEMPORÁRIO DO TETO DA MÉDIA E ALTA COMPLEXIDADE - MAC;09505246000190;FUNDO MUNICIPAL DE SAUDE - POCINHOS - PARAIBA;3864;21/05/2024;PROPOSTA PAGA;Proposta Paga;29/05/2024;R$1.250.000,00;R$1.250.000,00;R$1.250.000,00
2024;50410004;S.PART.;COMISSÃO DA SAÚDE;não se aplica;não se aplica;PB;250520;CUITEGI;MUNICIPAL;COMISSAO;CORRENTE;301;1000;1030151192E890001;19/04/2024;36000607426202400;-;FAF;INCREMENTO PAP;2E89;INCREMENTO TEMPORÁRIO AO CUSTEIO DOS SERVIÇOS DE ATENÇÃO PRIMÁRIA À SAÚDE - PAP;INCREMENTO DO PISO DA ATENÇÃO PRIMÁRIA À SAÚDE - PAP;11780026000116;FUNDO MUNICIPAL DE SAUDE - CUITEGI-PB;3853;21/05/2024;PROPOSTA PAGA;Proposta Paga;29/05/2024;R$622.658,00;R$622.658,00;R$622.658,00
2024;50410004;S.PART.;COMISSÃO DA SAÚDE;não se aplica;não se aplica;PB;251615;SOSSEGO;MUNICIPAL;COMISSAO;CORRENTE;301;3000;1030151192E890001;03/07/2024;36000630607202400;-;FAF;INCREMENTO PAP;2E89;INCREMENTO TEMPORÁRIO AO CUSTEIO DOS SERVIÇOS DE ATENÇÃO PRIMÁRIA À SAÚDE - PAP;INCREMENTO DO PISO DA ATENÇÃO PRIMÁRIA À SAÚDE - PAP;11404679000109;FUNDO MUNICIPAL DE SAUDE;4800;04/07/2024;PROPOSTA PAGA;Proposta Paga;05/07/2024;R$120.000,00;R$120.000,00;R$120.000,00
2024;50410004;S.PART.;COMISSÃO DA SAÚDE;não se aplica;não se aplica;PB;250240;BONITO DE SANTA FE;MUNICIPAL;COMISSAO;CORRENTE;301;3000;1030151192E890001;21/06/2024;36000621927202400;-;FAF;INCREMENTO PAP;2E89;INCREMENTO TEMPORÁRIO AO CUSTEIO DOS SERVIÇOS DE ATENÇÃO PRIMÁRIA À SAÚDE - PAP;INCREMENTO DO PISO DA ATENÇÃO PRIMÁRIA À SAÚDE - PAP;11494230000170;FUNDO MUNICIPAL DE SAUDE BONITO DE SANTA FE;4524;25/06/2024;PROPOSTA PAGA;Proposta Paga;28/06/2024;R$450.000,00;R$450.000,00;R$450.000,00
2024;50410004;S.PART.;COMISSÃO DA SAÚDE;não se aplica;não se aplica;PB;250290;BREJO DOS SANTOS;MUNICIPAL;COMISSAO;CORRENTE;301;3000;1030151192E890001;17/06/2024;36000616861202400;-;FAF;INCREMENTO PAP;2E89;INCREMENTO TEMPORÁRIO AO CUSTEIO DOS SERVIÇOS DE ATENÇÃO PRIMÁRIA À SAÚDE - PAP;INCREMENTO DO PISO DA ATENÇÃO PRIMÁRIA À SAÚDE - PAP;18000776000177;FUNDO MUNICIPAL DE SAUDE DE BREJO DOS SANTOS;4458;19/06/2024;PROPOSTA PAGA;Proposta Paga;26/06/2024;R$100.000,00;R$100.000,00;R$100.000,00
2024;50410004;S.PART.;COMISSÃO DA SAÚDE;não se aplica;não se aplica;PB;250010;AGUA BRANCA;MUNICIPAL;COMISSAO;CORRENTE;301;3000;1030151192E890001;03/07/2024;36000629948202400;-;FAF;INCREMENTO PAP;2E89;INCREMENTO TEMPORÁRIO AO CUSTEIO DOS SERVIÇOS DE ATENÇÃO PRIMÁRIA À SAÚDE - PAP;INCREMENTO DO PISO DA ATENÇÃO PRIMÁRIA À SAÚDE - PAP;10502869000198;FUNDO MUNICIPAL DE SAUDE DE AGUA BRANCA;4760;04/07/2024;PROPOSTA PAGA;Proposta Paga;05/07/2024;R$300.000,00;R$300.000,00;R$300.000,00
2024;50410005;S.PART.;COMISSÃO DA SAÚDE;não se aplica;não se aplica;PB;251360;SANTANA DOS GARROTES;MUNICIPAL;COMISSAO;CAPITAL;301;1001;10301511985810001;04/07/2024;12290612000124003;-;FAF;UBSAMPLIACAO;8581;SAÚDE DA FAMÍLIA;REQUALIFICA - UBS;12290612000145;FUNDO MUNICIPAL DE SAUDE DE SANTANA DOS GARROTES;6159;18/12/2024;LIBERADO PAGAMENTO FNS;Proposta aprovada para Pagamento;-;R$499.975,00;R$499.975,00;R$0,00
2024;50410006;S.PART.;COMISSÃO DA SAÚDE;não se aplica;não se aplica;PB;250030;ALAGOA GRANDE;MUNICIPAL;COMISSAO;CORRENTE;302;1001;1030251182E900001;03/07/2024;36000630740202400;-;FAF;INCREMENTO MAC;2E90;ATENÇÃO ESPECIALIZADA À SAÚDE;INCREMENTO TEMPORÁRIO DO TETO DA MÉDIA E ALTA COMPLEXIDADE - MAC;17698753000115;FUNDO MUNICIPAL DE SAUDE DE ALAGOA GRANDE;4809;04/07/2024;PROPOSTA PAGA;Proposta Paga;05/07/2024;R$200.000,00;R$200.000,00;R$200.000,00
2024;60060003;S.PART.;COMISSÃO DE ASSUNTOS SOCIAIS - CAS;não se aplica;não se aplica;PB;250640;GURINHEM;MUNICIPAL;COMISSAO;CORRENTE;302;1000;1030251182E900001;03/07/2024;36000630796202400;-;FAF;INCREMENTO MAC;2E90;ATENÇÃO ESPECIALIZADA À SAÚDE;INCREMENTO TEMPORÁRIO DO TETO DA MÉDIA E ALTA COMPLEXIDADE - MAC;11739873000137;FMS DE GURINHEM;4805;04/07/2024;PROPOSTA PAGA;Proposta Paga;05/07/2024;R$100.000,00;R$100.000,00;R$100.000,00
2024;60060003;S.PART.;COMISSÃO DE ASSUNTOS SOCIAIS - CAS;não se aplica;não se aplica;PB;250790;JURIPIRANGA;MUNICIPAL;COMISSAO;CORRENTE;302;1000;1030251182E900001;03/07/2024;36000630394202400;-;FAF;INCREMENTO MAC;2E90;ATENÇÃO ESPECIALIZADA À SAÚDE;INCREMENTO TEMPORÁRIO DO TETO DA MÉDIA E ALTA COMPLEXIDADE - MAC;11164805000197;FUNDO MUNICIPAL DE SAUDE;4805;04/07/2024;PROPOSTA PAGA;Proposta Paga;05/07/2024;R$100.000,00;R$100.000,00;R$100.000,00
2024;60060003;S.PART.;COMISSÃO DE ASSUNTOS SOCIAIS - CAS;não se aplica;não se aplica;PB;250625;GADO BRAVO;MUNICIPAL;COMISSAO;CORRENTE;301;3000;1030151192E890001;24/06/2024;36000623472202400;-;FAF;INCREMENTO PAP;2E89;INCREMENTO TEMPORÁRIO AO CUSTEIO DOS SERVIÇOS DE ATENÇÃO PRIMÁRIA À SAÚDE - PAP;INCREMENTO DO PISO DA ATENÇÃO PRIMÁRIA À SAÚDE - PAP;11136097000180;FUNDO MUNICIPAL DE SAUDE GADO BRAVO;4547;26/06/2024;PROPOSTA PAGA;Proposta Paga;28/06/2024;R$150.000,00;R$150.000,00;R$150.000,00
2024;50410004;S.PART.;COMISSÃO DA SAÚDE;não se aplica;não se aplica;PB;251250;QUEIMADAS;MUNICIPAL;COMISSAO;CORRENTE;301;3000;1030151192E890001;04/07/2024;36000631050202400;-;FAF;INCREMENTO PAP;2E89;INCREMENTO TEMPORÁRIO AO CUSTEIO DOS SERVIÇOS DE ATENÇÃO PRIMÁRIA À SAÚDE - PAP;INCREMENTO DO PISO DA ATENÇÃO PRIMÁRIA À SAÚDE - PAP;11162629000154;FUNDO MUNICIPAL DE SAUDE;4800;04/07/2024;PROPOSTA PAGA;Proposta Paga;05/07/2024;R$1.000.000,00;R$1.000.000,00;R$1.000.000,00
2024;50410005;S.PART.;COMISSÃO DA SAÚDE;não se aplica;não se aplica;PB;251455;SAO JOSE DE PRINCESA;MUNICIPAL;COMISSAO;CAPITAL;301;1001;10301511985810001;25/04/2024;10460712000124002;-;FAF;EQUIPAMENTO;8581;SAÚDE DA FAMÍLIA;EQUIPAMENTOS;10460712000147;FUNDO MUNICIPAL DE SAUDE DE SAO JOSE DE PRINCESA;3866;21/05/2024;PROPOSTA PAGA;Proposta Paga;29/05/2024;R$93.801,00;R$93.801,00;R$93.801,00
2024;60060003;S.PART.;COMISSÃO DE ASSUNTOS SOCIAIS - CAS;não se aplica;não se aplica;PB;250130;AROEIRAS;MUNICIPAL;COMISSAO;CORRENTE;302;1000;1030251182E900001;26/06/2024;36000625783202400;-;FAF;INCREMENTO MAC;2E90;ATENÇÃO ESPECIALIZADA À SAÚDE;INCREMENTO TEMPORÁRIO DO TETO DA MÉDIA E ALTA COMPLEXIDADE - MAC;10819820000163;FUNDO MUNICIPAL DE SAUDE;4642;01/07/2024;PROPOSTA PAGA;Proposta Paga;04/07/2024;R$400.000,00;R$400.000,00;R$400.000,00
2024;60060003;S.PART.;COMISSÃO DE ASSUNTOS SOCIAIS - CAS;não se aplica;não se aplica;PB;250970;MONTEIRO;MUNICIPAL;COMISSAO;CORRENTE;302;1000;1030251182E900001;03/07/2024;36000630833202400;-;FAF;INCREMENTO MAC;2E90;ATENÇÃO ESPECIALIZADA À SAÚDE;INCREMENTO TEMPORÁRIO DO TETO DA MÉDIA E ALTA COMPLEXIDADE - MAC;11214763000151;FUNDO MUNICIPAL DE SAUDE DE MONTEIRO;4805;04/07/2024;PROPOSTA PAGA;Proposta Paga;05/07/2024;R$1.000.000,00;R$1.000.000,00;R$1.000.000,00
2024;60110002;S.PART.;COMISSÃO DE ASSUNTOS SOCIAIS - CAS;não se aplica;não se aplica;PB;250950;MONTADAS;MUNICIPAL;COMISSAO;CORRENTE;301;1000;1030151192E890001;19/06/2024;36000620601202400;-;FAF;INCREMENTO PAP;2E89;INCREMENTO TEMPORÁRIO AO CUSTEIO DOS SERVIÇOS DE ATENÇÃO PRIMÁRIA À SAÚDE - PAP;INCREMENTO DO PISO DA ATENÇÃO PRIMÁRIA À SAÚDE - PAP;13884126000118;FUNDO MUNICIPAL DE SAUDE DE MONTADAS;4492;21/06/2024;PROPOSTA PAGA;Proposta Paga;26/06/2024;R$500.000,00;R$500.000,00;R$500.000,00
2024;50230002;S.PART.;COMISSÃO DA SAÚDE;não se aplica;não se aplica;PB;250700;ITAPORANGA;MUNICIPAL;COMISSAO;CORRENTE;302;1000;1030251182E900001;11/07/2024;36000631840202400;-;FAF;INCREMENTO MAC;2E90;ATENÇÃO ESPECIALIZADA À SAÚDE;INCREMENTO TEMPORÁRIO DO TETO DA MÉDIA E ALTA COMPLEXIDADE - MAC;11174552000132;FUNDO MUNICIPAL DE SAUDE DE ITAPORANGA;6119;17/12/2024;PROPOSTA PAGA;Proposta Paga;30/05/2025;R$280.000,00;R$280.000,00;R$280.000,00
2024;50230002;S.PART.;COMISSÃO DA SAÚDE;não se aplica;não se aplica;PB;250480;COREMAS;MUNICIPAL;COMISSAO;CORRENTE;302;1000;1030251182E900001;04/07/2024;36000631125202400;-;FAF;INCREMENTO MAC;2E90;ATENÇÃO ESPECIALIZADA À SAÚDE;INCREMENTO TEMPORÁRIO DO TETO DA MÉDIA E ALTA COMPLEXIDADE - MAC;11161210000188;FUNDO MUNICIPAL DE SAUDE;4825;04/07/2024;PROPOSTA PAGA;Proposta Paga;05/07/2024;R$500.002,00;R$500.002,00;R$500.002,00
2024;50410002;S.PART.;COMISSÃO DA SAÚDE;não se aplica;não se aplica;PB;251340;SANTA LUZIA;MUNICIPAL;COMISSAO;CORRENTE;302;1001;1030251182E900001;25/04/2024;36000609125202400;-;FAF;INCREMENTO MAC;2E90;ATENÇÃO ESPECIALIZADA À SAÚDE;INCREMENTO TEMPORÁRIO DO TETO DA MÉDIA E ALTA COMPLEXIDADE - MAC;10425754000147;FUNDO MUNICIPAL DE SAUDE DE SANTA LUZIA;3864;21/05/2024;PROPOSTA PAGA;Proposta Paga;29/05/2024;R$400.000,00;R$400.000,00;R$400.000,00
2024;50410004;S.PART.;COMISSÃO DA SAÚDE;não se aplica;não se aplica;PB;250415;CASSERENGUE;MUNICIPAL;COMISSAO;CORRENTE;301;3000;1030151192E890001;04/07/2024;36000631008202400;-;FAF;INCREMENTO PAP;2E89;INCREMENTO TEMPORÁRIO AO CUSTEIO DOS SERVIÇOS DE ATENÇÃO PRIMÁRIA À SAÚDE - PAP;INCREMENTO DO PISO DA ATENÇÃO PRIMÁRIA À SAÚDE - PAP;12431437000169;FUNDO MUNICIPAL DE SAUDE;4800;04/07/2024;PROPOSTA PAGA;Proposta Paga;05/07/2024;R$200.000,00;R$200.000,00;R$200.000,00
2024;50410004;S.PART.;COMISSÃO DA SAÚDE;não se aplica;não se aplica;PB;251190;PITIMBU;MUNICIPAL;COMISSAO;CORRENTE;301;3000;1030151192E890001;03/07/2024;36000630853202400;-;FAF;INCREMENTO PAP;2E89;INCREMENTO TEMPORÁRIO AO CUSTEIO DOS SERVIÇOS DE ATENÇÃO PRIMÁRIA À SAÚDE - PAP;INCREMENTO DO PISO DA ATENÇÃO PRIMÁRIA À SAÚDE - PAP;10557425000150;FUNDO MUNICIPAL DE SAUDE DE PITIMBU;4800;04/07/2024;PROPOSTA PAGA;Proposta Paga;05/07/2024;R$200.000,00;R$200.000,00;R$200.000,00
2024;50410004;S.PART.;COMISSÃO DA SAÚDE;não se aplica;não se aplica;PB;251490;SAO MAMEDE;MUNICIPAL;COMISSAO;CORRENTE;301;1000;1030151192E890001;26/04/2024;36000609281202400;-;FAF;INCREMENTO PAP;2E89;INCREMENTO TEMPORÁRIO AO CUSTEIO DOS SERVIÇOS DE ATENÇÃO PRIMÁRIA À SAÚDE - PAP;INCREMENTO DO PISO DA ATENÇÃO PRIMÁRIA À SAÚDE - PAP;04223191000101;FUNDO MUN.DE SAUDE DE SAO MAMEDE-PB;3853;21/05/2024;PROPOSTA PAGA;Proposta Paga;29/05/2024;R$200.000,00;R$200.000,00;R$200.000,00
2024;50410004;S.PART.;COMISSÃO DA SAÚDE;não se aplica;não se aplica;PB;251020;NOVA OLINDA;MUNICIPAL;COMISSAO;CORRENTE;301;1000;1030151192E890001;08/05/2024;36000611163202400;-;FAF;INCREMENTO PAP;2E89;INCREMENTO TEMPORÁRIO AO CUSTEIO DOS SERVIÇOS DE ATENÇÃO PRIMÁRIA À SAÚDE - PAP;INCREMENTO DO PISO DA ATENÇÃO PRIMÁRIA À SAÚDE - PAP;11268720000159;FUNDO MUNICIPAL DE SAUDE_NOVA OLINDA;3853;21/05/2024;PROPOSTA PAGA;Proposta Paga;11/06/2024;R$241.580,00;R$241.580,00;R$241.580,00
2024;50410004;S.PART.;COMISSÃO DA SAÚDE;não se aplica;não se aplica;PB;250200;BELEM DO BREJO DO CRUZ;MUNICIPAL;COMISSAO;CORRENTE;301;3000;1030151192E890001;04/07/2024;36000630978202400;-;FAF;INCREMENTO PAP;2E89;INCREMENTO TEMPORÁRIO AO CUSTEIO DOS SERVIÇOS DE ATENÇÃO PRIMÁRIA À SAÚDE - PAP;INCREMENTO DO PISO DA ATENÇÃO PRIMÁRIA À SAÚDE - PAP;12461113000173;FUNDO MUNICIPAL DE SAUDE DE BELEM DO BREJO DO CRUZ;4800;04/07/2024;PROPOSTA PAGA;Proposta Paga;05/07/2024;R$100.000,00;R$100.000,00;R$100.000,00
2024;50410004;S.PART.;COMISSÃO DA SAÚDE;não se aplica;não se aplica;PB;250490;CRUZ DO ESPIRITO SANTO;MUNICIPAL;COMISSAO;CORRENTE;301;1000;1030151192E890001;22/04/2024;36000607701202400;-;FAF;INCREMENTO PAP;2E89;INCREMENTO TEMPORÁRIO AO CUSTEIO DOS SERVIÇOS DE ATENÇÃO PRIMÁRIA À SAÚDE - PAP;INCREMENTO DO PISO DA ATENÇÃO PRIMÁRIA À SAÚDE - PAP;23014200000107;FUNDO MUNICIPAL DE SAUDE DE CRUZ DO ESPIRITO SANTO;3853;21/05/2024;PROPOSTA PAGA;Proposta Paga;29/05/2024;R$1.000.000,00;R$1.000.000,00;R$1.000.000,00
2024;50410004;S.PART.;COMISSÃO DA SAÚDE;não se aplica;não se aplica;PB;251040;OLHO D'AGUA;MUNICIPAL;COMISSAO;CORRENTE;301;3000;1030151192E890001;17/06/2024;36000616714202400;-;FAF;INCREMENTO PAP;2E89;INCREMENTO TEMPORÁRIO AO CUSTEIO DOS SERVIÇOS DE ATENÇÃO PRIMÁRIA À SAÚDE - PAP;INCREMENTO DO PISO DA ATENÇÃO PRIMÁRIA À SAÚDE - PAP;11471451000123;FUNDO MUNICIPAL DE SAUDE;4458;19/06/2024;PROPOSTA PAGA;Proposta Paga;26/06/2024;R$800.000,00;R$800.000,00;R$800.000,00
2024;50410006;S.PART.;COMISSÃO DA SAÚDE;não se aplica;não se aplica;PB;250630;GUARABIRA;MUNICIPAL;COMISSAO;CORRENTE;302;1001;1030251182E900001;03/07/2024;36000630872202400;-;FAF;INCREMENTO MAC;2E90;ATENÇÃO ESPECIALIZADA À SAÚDE;INCREMENTO TEMPORÁRIO DO TETO DA MÉDIA E ALTA COMPLEXIDADE - MAC;13844779000173;GUARABIRA FUNDO MUNICIPAL DE SAUDE;4809;04/07/2024;PROPOSTA PAGA;Proposta Paga;05/07/2024;R$300.000,00;R$300.000,00;R$300.000,00
2024;60060003;S.PART.;COMISSÃO DE ASSUNTOS SOCIAIS - CAS;não se aplica;não se aplica;PB;250320;CABEDELO;MUNICIPAL;COMISSAO;CORRENTE;302;1000;1030251182E900001;03/07/2024;36000630282202400;-;FAF;INCREMENTO MAC;2E90;ATENÇÃO ESPECIALIZADA À SAÚDE;INCREMENTO TEMPORÁRIO DO TETO DA MÉDIA E ALTA COMPLEXIDADE - MAC;04849697000120;FUNDO MUNICIPAL DE SAUDE DE CABEDELO;4805;04/07/2024;PROPOSTA PAGA;Proposta Paga;05/07/2024;R$300.000,00;R$300.000,00;R$300.000,00
2024;50410004;S.PART.;COMISSÃO DA SAÚDE;não se aplica;não se aplica;PB;251660;TAVARES;MUNICIPAL;COMISSAO;CORRENTE;301;3000;1030151192E890001;17/06/2024;36000617742202400;-;FAF;INCREMENTO PAP;2E89;INCREMENTO TEMPORÁRIO AO CUSTEIO DOS SERVIÇOS DE ATENÇÃO PRIMÁRIA À SAÚDE - PAP;INCREMENTO DO PISO DA ATENÇÃO PRIMÁRIA À SAÚDE - PAP;10598364000179;FUNDO MUNICIPAL DE SAUDE DE TAVARES;4458;19/06/2024;PROPOSTA PAGA;Proposta Paga;26/06/2024;R$593.791,00;R$593.791,00;R$593.791,00
2024;50410006;S.PART.;COMISSÃO DA SAÚDE;não se aplica;não se aplica;PB;251340;SANTA LUZIA;MUNICIPAL;COMISSAO;CORRENTE;302;1001;1030251182E900001;28/06/2024;36000627087202400;-;FAF;INCREMENTO MAC;2E90;ATENÇÃO ESPECIALIZADA À SAÚDE;INCREMENTO TEMPORÁRIO DO TETO DA MÉDIA E ALTA COMPLEXIDADE - MAC;10425754000147;FUNDO MUNICIPAL DE SAUDE DE SANTA LUZIA;4683;02/07/2024;PROPOSTA PAGA;Proposta Paga;04/07/2024;R$700.000,00;R$700.000,00;R$700.000,00
2024;60060003;S.PART.;COMISSÃO DE ASSUNTOS SOCIAIS - CAS;não se aplica;não se aplica;PB;250640;GURINHEM;MUNICIPAL;COMISSAO;CORRENTE;301;3000;1030151192E890001;19/06/2024;36000619654202400;-;FAF;INCREMENTO PAP;2E89;INCREMENTO TEMPORÁRIO AO CUSTEIO DOS SERVIÇOS DE ATENÇÃO PRIMÁRIA À SAÚDE - PAP;INCREMENTO DO PISO DA ATENÇÃO PRIMÁRIA À SAÚDE - PAP;11739873000137;FMS DE GURINHEM;4492;21/06/2024;PROPOSTA PAGA;Proposta Paga;26/06/2024;R$200.000,00;R$200.000,00;R$200.000,00
2024;50410004;S.PART.;COMISSÃO DA SAÚDE;não se aplica;não se aplica;PB;250370;CAJAZEIRAS;MUNICIPAL;COMISSAO;CORRENTE;301;3000;1030151192E890001;01/07/2024;36000628523202400;-;FAF;INCREMENTO PAP;2E89;INCREMENTO TEMPORÁRIO AO CUSTEIO DOS SERVIÇOS DE ATENÇÃO PRIMÁRIA À SAÚDE - PAP;INCREMENTO DO PISO DA ATENÇÃO PRIMÁRIA À SAÚDE - PAP;11902878000139;MUNICIPIO DE CAJAZEIRAS FUNDO MUNICIPAL DE SAUDE - FMS;4715;03/07/2024;PROPOSTA PAGA;Proposta Paga;05/07/2024;R$1.000.000,00;R$1.000.000,00;R$1.000.000,00
2024;50410005;S.PART.;COMISSÃO DA SAÚDE;não se aplica;não se aplica;PB;250915;MARIZOPOLIS;MUNICIPAL;COMISSAO;CAPITAL;301;1001;10301511985810001;28/06/2024;11404727000124006;-;FAF;EQUIPAMENTO;8581;SAÚDE DA FAMÍLIA;EQUIPAMENTOS;11404727000150;FUNDO MUNICIPAL DE SAUDE;4719;03/07/2024;PROPOSTA PAGA;Proposta Paga;05/07/2024;R$85.200,00;R$85.200,00;R$85.200,00
2024;60110001;S.PART.;COMISSÃO DE ASSUNTOS SOCIAIS - CAS;não se aplica;não se aplica;PB;251130;PIANCO;MUNICIPAL;COMISSAO;CORRENTE;302;1000;1030251182E900001;18/06/2024;36000619237202400;-;FAF;INCREMENTO MAC;2E90;ATENÇÃO ESPECIALIZADA À SAÚDE;INCREMENTO TEMPORÁRIO DO TETO DA MÉDIA E ALTA COMPLEXIDADE - MAC;04827493000199;FUNDO MUNICIPAL DE SAUDE;4493;21/06/2024;PROPOSTA PAGA;Proposta Paga;26/06/2024;R$500.000,00;R$500.000,00;R$500.000,00
2024;60110002;S.PART.;COMISSÃO DE ASSUNTOS SOCIAIS - CAS;não se aplica;não se aplica;PB;251410;SAO JOAO DO TIGRE;MUNICIPAL;COMISSAO;CORRENTE;301;1000;1030151192E890001;18/06/2024;36000618522202400;-;FAF;INCREMENTO PAP;2E89;INCREMENTO TEMPORÁRIO AO CUSTEIO DOS SERVIÇOS DE ATENÇÃO PRIMÁRIA À SAÚDE - PAP;INCREMENTO DO PISO DA ATENÇÃO PRIMÁRIA À SAÚDE - PAP;12899907000113;FUNDO MUNICIPAL DE SAUDE;4492;21/06/2024;PROPOSTA PAGA;Proposta Paga;26/06/2024;R$70.000,00;R$70.000,00;R$70.000,00
2024;60060003;S.PART.;COMISSÃO DE ASSUNTOS SOCIAIS - CAS;não se aplica;não se aplica;PB;251290;RIO TINTO;MUNICIPAL;COMISSAO;CORRENTE;302;1000;1030251182E900001;03/07/2024;36000630380202400;-;FAF;INCREMENTO MAC;2E90;ATENÇÃO ESPECIALIZADA À SAÚDE;INCREMENTO TEMPORÁRIO DO TETO DA MÉDIA E ALTA COMPLEXIDADE - MAC;12457150000108;FUNDO MUNICIPAL DE SAUDE DE RIO TINTO;4805;04/07/2024;PROPOSTA PAGA;Proposta Paga;05/07/2024;R$304.963,00;R$304.963,00;R$304.963,00
2024;60110002;S.PART.;COMISSÃO DE ASSUNTOS SOCIAIS - CAS;não se aplica;não se aplica;PB;251150;PILAR;MUNICIPAL;COMISSAO;CORRENTE;301;1000;1030151192E890001;18/06/2024;36000619234202400;-;FAF;INCREMENTO PAP;2E89;INCREMENTO TEMPORÁRIO AO CUSTEIO DOS SERVIÇOS DE ATENÇÃO PRIMÁRIA À SAÚDE - PAP;INCREMENTO DO PISO DA ATENÇÃO PRIMÁRIA À SAÚDE - PAP;11171199000137;FUNDO MUNICIPAL DE SAUDE DO MUNICIPIO DE PILAR;4492;21/06/2024;PROPOSTA PAGA;Proposta Paga;26/06/2024;R$100.000,00;R$100.000,00;R$100.000,00
2024;60110002;S.PART.;COMISSÃO DE ASSUNTOS SOCIAIS - CAS;não se aplica;não se aplica;PB;251190;PITIMBU;MUNICIPAL;COMISSAO;CORRENTE;301;1000;1030151192E890001;26/06/2024;36000625750202400;-;FAF;INCREMENTO PAP;2E89;INCREMENTO TEMPORÁRIO AO CUSTEIO DOS SERVIÇOS DE ATENÇÃO PRIMÁRIA À SAÚDE - PAP;INCREMENTO DO PISO DA ATENÇÃO PRIMÁRIA À SAÚDE - PAP;10557425000150;FUNDO MUNICIPAL DE SAUDE DE PITIMBU;4597;01/07/2024;PROPOSTA PAGA;Proposta Paga;04/07/2024;R$100.000,00;R$100.000,00;R$100.000,00
2024;50410002;S.PART.;COMISSÃO DA SAÚDE;não se aplica;não se aplica;PB;251120;PEDRAS DE FOGO;MUNICIPAL;COMISSAO;CORRENTE;302;1001;1030251182E900001;13/05/2024;36000611853202400;-;FAF;INCREMENTO MAC;2E90;ATENÇÃO ESPECIALIZADA À SAÚDE;INCREMENTO TEMPORÁRIO DO TETO DA MÉDIA E ALTA COMPLEXIDADE - MAC;10490987000123;FUNDO MUNICIPAL DE SAUDE;3864;21/05/2024;PROPOSTA PAGA;Proposta Paga;10/06/2024;R$500.000,00;R$500.000,00;R$500.000,00
2024;50410004;S.PART.;COMISSÃO DA SAÚDE;não se aplica;não se aplica;PB;251675;TENORIO;MUNICIPAL;COMISSAO;CORRENTE;301;1000;1030151192E890001;24/04/2024;36000608721202400;-;FAF;INCREMENTO PAP;2E89;INCREMENTO TEMPORÁRIO AO CUSTEIO DOS SERVIÇOS DE ATENÇÃO PRIMÁRIA À SAÚDE - PAP;INCREMENTO DO PISO DA ATENÇÃO PRIMÁRIA À SAÚDE - PAP;11793042000143;FUNDO MUNICIPAL DE SAUDE DE TENORIO;3853;21/05/2024;PROPOSTA PAGA;Proposta Paga;29/05/2024;R$50.000,00;R$50.000,00;R$50.000,00
2024;50410002;S.PART.;COMISSÃO DA SAÚDE;não se aplica;não se aplica;PB;251020;NOVA OLINDA;MUNICIPAL;COMISSAO;CORRENTE;302;1001;1030251182E900001;22/04/2024;36000607822202400;-;FAF;INCREMENTO MAC;2E90;ATENÇÃO ESPECIALIZADA À SAÚDE;INCREMENTO TEMPORÁRIO DO TETO DA MÉDIA E ALTA COMPLEXIDADE - MAC;11268720000159;FUNDO MUNICIPAL DE SAUDE_NOVA OLINDA;3864;21/05/2024;PROPOSTA PAGA;Proposta Paga;29/05/2024;R$262.119,00;R$262.119,00;R$262.119,00
2024;50410002;S.PART.;COMISSÃO DA SAÚDE;não se aplica;não se aplica;PB;250750;JOAO PESSOA;MUNICIPAL;COMISSAO;CORRENTE;302;1001;1030251182E900001;10/05/2024;36000611544202400;-;FAF;INCREMENTO MAC;2E90;ATENÇÃO ESPECIALIZADA À SAÚDE;INCREMENTO TEMPORÁRIO DO TETO DA MÉDIA E ALTA COMPLEXIDADE - MAC;08715618000140;FUNDO MUNICIPAL DE SAUDE;3864;21/05/2024;PROPOSTA PAGA;Proposta Paga;10/06/2024;R$5.500.000,00;R$5.500.000,00;R$5.500.000,00
2024;50410004;S.PART.;COMISSÃO DA SAÚDE;não se aplica;não se aplica;PB;250560;DIAMANTE;MUNICIPAL;COMISSAO;CORRENTE;301;3000;1030151192E890001;03/07/2024;36000630840202400;-;FAF;INCREMENTO PAP;2E89;INCREMENTO TEMPORÁRIO AO CUSTEIO DOS SERVIÇOS DE ATENÇÃO PRIMÁRIA À SAÚDE - PAP;INCREMENTO DO PISO DA ATENÇÃO PRIMÁRIA À SAÚDE - PAP;10382118000185;FUNDO MUNICIPAL DE SAUDE DE DIAMANTE;4800;04/07/2024;PROPOSTA PAGA;Proposta Paga;05/07/2024;R$200.000,00;R$200.000,00;R$200.000,00
2024;60060003;S.PART.;COMISSÃO DE ASSUNTOS SOCIAIS - CAS;não se aplica;não se aplica;PB;250460;CONDE;MUNICIPAL;COMISSAO;CORRENTE;301;3000;1030151192E890001;18/06/2024;36000619222202400;-;FAF;INCREMENTO PAP;2E89;INCREMENTO TEMPORÁRIO AO CUSTEIO DOS SERVIÇOS DE ATENÇÃO PRIMÁRIA À SAÚDE - PAP;INCREMENTO DO PISO DA ATENÇÃO PRIMÁRIA À SAÚDE - PAP;11570107000191;FUNDO MUNICIPAL DE SAUDE;4492;21/06/2024;PROPOSTA PAGA;Proposta Paga;26/06/2024;R$300.000,00;R$300.000,00;R$300.000,00
2024;60060003;S.PART.;COMISSÃO DE ASSUNTOS SOCIAIS - CAS;não se aplica;não se aplica;PB;250050;ALAGOINHA;MUNICIPAL;COMISSAO;CORRENTE;301;3000;1030151192E890001;18/06/2024;36000618451202400;-;FAF;INCREMENTO PAP;2E89;INCREMENTO TEMPORÁRIO AO CUSTEIO DOS SERVIÇOS DE ATENÇÃO PRIMÁRIA À SAÚDE - PAP;INCREMENTO DO PISO DA ATENÇÃO PRIMÁRIA À SAÚDE - PAP;11757032000152;FUNDO MUNICIPAL DE SAUDE DE ALAGOINHA;4492;21/06/2024;PROPOSTA PAGA;Proposta Paga;26/06/2024;R$250.000,00;R$250.000,00;R$250.000,00
2024;60060003;S.PART.;COMISSÃO DE ASSUNTOS SOCIAIS - CAS;não se aplica;não se aplica;PB;250370;CAJAZEIRAS;MUNICIPAL;COMISSAO;CORRENTE;301;3000;1030151192E890001;19/06/2024;36000619379202400;-;FAF;INCREMENTO PAP;2E89;INCREMENTO TEMPORÁRIO AO CUSTEIO DOS SERVIÇOS DE ATENÇÃO PRIMÁRIA À SAÚDE - PAP;INCREMENTO DO PISO DA ATENÇÃO PRIMÁRIA À SAÚDE - PAP;11902878000139;MUNICIPIO DE CAJAZEIRAS FUNDO MUNICIPAL DE SAUDE - FMS;4492;21/06/2024;PROPOSTA PAGA;Proposta Paga;26/06/2024;R$500.000,00;R$500.000,00;R$500.000,00
2024;50410006;S.PART.;COMISSÃO DA SAÚDE;não se aplica;não se aplica;PB;250750;JOAO PESSOA;MUNICIPAL;COMISSAO;CORRENTE;302;1001;1030251182E900001;04/07/2024;36000631213202400;-;FAF;INCREMENTO MAC;2E90;ATENÇÃO ESPECIALIZADA À SAÚDE;INCREMENTO TEMPORÁRIO DO TETO DA MÉDIA E ALTA COMPLEXIDADE - MAC;08715618000140;FUNDO MUNICIPAL DE SAUDE;4823;04/07/2024;PROPOSTA PAGA;Proposta Paga;05/07/2024;R$300.000,00;R$300.000,00;R$300.000,00
2024;50410005;S.PART.;COMISSÃO DA SAÚDE;não se aplica;não se aplica;PB;250630;GUARABIRA;MUNICIPAL;COMISSAO;CAPITAL;301;1001;10301511985810001;24/04/2024;13844779000124001;-;FAF;EQUIPAMENTO;8581;SAÚDE DA FAMÍLIA;EQUIPAMENTOS;13844779000173;GUARABIRA FUNDO MUNICIPAL DE SAUDE;3866;21/05/2024;PROPOSTA PAGA;Proposta Paga;29/05/2024;R$222.545,00;R$222.545,00;R$222.545,00
2024;60060003;S.PART.;COMISSÃO DE ASSUNTOS SOCIAIS - CAS;não se aplica;não se aplica;PB;250400;CAMPINA GRANDE;MUNICIPAL;COMISSAO;CORRENTE;301;3000;1030151192E890001;21/06/2024;36000621949202400;-;FAF;INCREMENTO PAP;2E89;INCREMENTO TEMPORÁRIO AO CUSTEIO DOS SERVIÇOS DE ATENÇÃO PRIMÁRIA À SAÚDE - PAP;INCREMENTO DO PISO DA ATENÇÃO PRIMÁRIA À SAÚDE - PAP;24513574000121;FUNDO MUNICIPAL DE SAUDE DE CAMPINA GRANDE;4524;25/06/2024;PROPOSTA PAGA;Proposta Paga;28/06/2024;R$5.000.000,00;R$5.000.000,00;R$5.000.000,00
2024;60060003;S.PART.;COMISSÃO DE ASSUNTOS SOCIAIS - CAS;não se aplica;não se aplica;PB;251550;SERRA BRANCA;MUNICIPAL;COMISSAO;CORRENTE;302;1000;1030251182E900001;25/06/2024;36000623983202400;-;FAF;INCREMENTO MAC;2E90;ATENÇÃO ESPECIALIZADA À SAÚDE;INCREMENTO TEMPORÁRIO DO TETO DA MÉDIA E ALTA COMPLEXIDADE - MAC;05456092000132;FUNDO MUNICIPAL DE SAUDE;4588;28/06/2024;PROPOSTA PAGA;Proposta Paga;02/07/2024;R$500.000,00;R$500.000,00;R$500.000,00
2024;60110002;S.PART.;COMISSÃO DE ASSUNTOS SOCIAIS - CAS;não se aplica;não se aplica;PB;250920;MASSARANDUBA;MUNICIPAL;COMISSAO;CORRENTE;301;1000;1030151192E890001;18/06/2024;36000618561202400;-;FAF;INCREMENTO PAP;2E89;INCREMENTO TEMPORÁRIO AO CUSTEIO DOS SERVIÇOS DE ATENÇÃO PRIMÁRIA À SAÚDE - PAP;INCREMENTO DO PISO DA ATENÇÃO PRIMÁRIA À SAÚDE - PAP;10948421000100;FUNDO MUNICIPAL DE SAUDE;4492;21/06/2024;PROPOSTA PAGA;Proposta Paga;26/06/2024;R$500.000,00;R$500.000,00;R$500.000,00
2024;60110001;S.PART.;COMISSÃO DE ASSUNTOS SOCIAIS - CAS;não se aplica;não se aplica;PB;251250;QUEIMADAS;MUNICIPAL;COMISSAO;CORRENTE;302;1000;1030251182E900001;24/06/2024;36000623590202400;-;FAF;INCREMENTO MAC;2E90;ATENÇÃO ESPECIALIZADA À SAÚDE;INCREMENTO TEMPORÁRIO DO TETO DA MÉDIA E ALTA COMPLEXIDADE - MAC;11162629000154;FUNDO MUNICIPAL DE SAUDE;4588;28/06/2024;PROPOSTA PAGA;Proposta Paga;02/07/2024;R$1.000.000,00;R$1.000.000,00;R$1.000.000,00
2024;60110002;S.PART.;COMISSÃO DE ASSUNTOS SOCIAIS - CAS;não se aplica;não se aplica;PB;251130;PIANCO;MUNICIPAL;COMISSAO;CORRENTE;301;1000;1030151192E890001;18/06/2024;36000619233202400;-;FAF;INCREMENTO PAP;2E89;INCREMENTO TEMPORÁRIO AO CUSTEIO DOS SERVIÇOS DE ATENÇÃO PRIMÁRIA À SAÚDE - PAP;INCREMENTO DO PISO DA ATENÇÃO PRIMÁRIA À SAÚDE - PAP;04827493000199;FUNDO MUNICIPAL DE SAUDE;4492;21/06/2024;PROPOSTA PAGA;Proposta Paga;26/06/2024;R$300.000,00;R$300.000,00;R$300.000,00
2024;50230002;S.PART.;COMISSÃO DA SAÚDE;não se aplica;não se aplica;PB;250240;BONITO DE SANTA FE;MUNICIPAL;COMISSAO;CORRENTE;302;1000;1030251182E900001;04/07/2024;36000631006202400;-;FAF;INCREMENTO MAC;2E90;ATENÇÃO ESPECIALIZADA À SAÚDE;INCREMENTO TEMPORÁRIO DO TETO DA MÉDIA E ALTA COMPLEXIDADE - MAC;11494230000170;FUNDO MUNICIPAL DE SAUDE BONITO DE SANTA FE;4825;04/07/2024;PROPOSTA PAGA;Proposta Paga;05/07/2024;R$400.000,00;R$400.000,00;R$400.000,00
2024;50410002;S.PART.;COMISSÃO DA SAÚDE;não se aplica;não se aplica;PB;250300;CAAPORA;MUNICIPAL;COMISSAO;CORRENTE;302;1001;1030251182E900001;19/04/2024;36000607423202400;-;FAF;INCREMENTO MAC;2E90;ATENÇÃO ESPECIALIZADA À SAÚDE;INCREMENTO TEMPORÁRIO DO TETO DA MÉDIA E ALTA COMPLEXIDADE - MAC;10975044000190;FUNDO MUNICIPAL DE SAUDE - FMS;3864;21/05/2024;PROPOSTA PAGA;Proposta Paga;29/05/2024;R$100.000,00;R$100.000,00;R$100.000,00
2024;50410002;S.PART.;COMISSÃO DA SAÚDE;não se aplica;não se aplica;PB;250400;CAMPINA GRANDE;MUNICIPAL;COMISSAO;CORRENTE;302;1001;1030251182E900001;17/06/2024;36000617040202400;-;FAF;INCREMENTO MAC;2E90;ATENÇÃO ESPECIALIZADA À SAÚDE;INCREMENTO TEMPORÁRIO DO TETO DA MÉDIA E ALTA COMPLEXIDADE - MAC;24513574000121;FUNDO MUNICIPAL DE SAUDE DE CAMPINA GRANDE;4452;19/06/2024;PROPOSTA PAGA;Proposta Paga;26/06/2024;R$4.700.000,00;R$4.700.000,00;R$4.700.000,00
2024;50410002;S.PART.;COMISSÃO DA SAÚDE;não se aplica;não se aplica;PB;250400;CAMPINA GRANDE;MUNICIPAL;COMISSAO;CORRENTE;302;1000;1030251182E900001;25/06/2024;36000624560202400;-;FAF;INCREMENTO MAC;2E90;ATENÇÃO ESPECIALIZADA À SAÚDE;INCREMENTO TEMPORÁRIO DO TETO DA MÉDIA E ALTA COMPLEXIDADE - MAC;24513574000121;FUNDO MUNICIPAL DE SAUDE DE CAMPINA GRANDE;4588;28/06/2024;PROPOSTA PAGA;Proposta Paga;02/07/2024;R$5.010.000,00;R$5.010.000,00;R$5.010.000,00
2024;50410002;S.PART.;COMISSÃO DA SAÚDE;não se aplica;não se aplica;PB;251390;SAO BENTO;MUNICIPAL;COMISSAO;CORRENTE;302;1001;1030251182E900001;19/04/2024;36000607439202400;-;FAF;INCREMENTO MAC;2E90;ATENÇÃO ESPECIALIZADA À SAÚDE;INCREMENTO TEMPORÁRIO DO TETO DA MÉDIA E ALTA COMPLEXIDADE - MAC;02015756000130;FUNDO MINICIPAL DE SAUDE;3864;21/05/2024;PROPOSTA PAGA;Proposta Paga;29/05/2024;R$325.440,00;R$325.440,00;R$325.440,00
2024;50410002;S.PART.;COMISSÃO DA SAÚDE;não se aplica;não se aplica;PB;250430;CATOLE DO ROCHA;MUNICIPAL;COMISSAO;CORRENTE;302;1001;1030251182E900001;19/04/2024;36000607319202400;-;FAF;INCREMENTO MAC;2E90;ATENÇÃO ESPECIALIZADA À SAÚDE;INCREMENTO TEMPORÁRIO DO TETO DA MÉDIA E ALTA COMPLEXIDADE - MAC;12784607000199;FUNDO MUNICIPAL DE SAUDE DE CATOLE DO ROCHA;3864;21/05/2024;PROPOSTA PAGA;Proposta Paga;29/05/2024;R$800.000,00;R$800.000,00;R$800.000,00
2024;50410002;S.PART.;COMISSÃO DA SAÚDE;não se aplica;não se aplica;PB;251650;TAPEROA;MUNICIPAL;COMISSAO;CORRENTE;302;1001;1030251182E900001;11/04/2024;36000602758202400;-;FAF;INCREMENTO MAC;2E90;ATENÇÃO ESPECIALIZADA À SAÚDE;INCREMENTO TEMPORÁRIO DO TETO DA MÉDIA E ALTA COMPLEXIDADE - MAC;11850452000189;FUNDO MUNICIPAL DE SAUDE DE TAPEROA;3864;21/05/2024;PROPOSTA PAGA;Proposta Paga;29/05/2024;R$822.411,00;R$822.411,00;R$822.411,00
2024;50410003;S.PART.;COMISSÃO DA SAÚDE;não se aplica;não se aplica;PB;251080;PATOS;MUNICIPAL;COMISSAO;CAPITAL;302;1000;10302511885350001;25/04/2024;11242822000124003;-;FAF;EQUIPAMENTO;8535;ATENÇÃO ESPECIALIZADA À SAÚDE;REDE DE ATENÇÃO DOMICILIAR - MELHOR EM CASA;11242822000103;FUNDO MUNICIPAL DE SAUDE;3867;21/05/2024;PROPOSTA PAGA;Proposta Paga;29/05/2024;R$64.758,00;R$64.758,00;R$64.758,00
2024;50410004;S.PART.;COMISSÃO DA SAÚDE;não se aplica;não se aplica;PB;251392;SAO BENTINHO;MUNICIPAL;COMISSAO;CORRENTE;301;1000;1030151192E890001;14/05/2024;36000612051202400;-;FAF;INCREMENTO PAP;2E89;INCREMENTO TEMPORÁRIO AO CUSTEIO DOS SERVIÇOS DE ATENÇÃO PRIMÁRIA À SAÚDE - PAP;INCREMENTO DO PISO DA ATENÇÃO PRIMÁRIA À SAÚDE - PAP;10770716000121;FUNDO MUNICIPAL DE SAUDE DE SAO BENTINHO;3853;21/05/2024;PROPOSTA PAGA;Proposta Paga;11/06/2024;R$400.000,00;R$400.000,00;R$400.000,00
2024;50410004;S.PART.;COMISSÃO DA SAÚDE;não se aplica;não se aplica;PB;250073;AMPARO;MUNICIPAL;COMISSAO;CORRENTE;301;3000;1030151192E890001;04/07/2024;36000631000202400;-;FAF;INCREMENTO PAP;2E89;INCREMENTO TEMPORÁRIO AO CUSTEIO DOS SERVIÇOS DE ATENÇÃO PRIMÁRIA À SAÚDE - PAP;INCREMENTO DO PISO DA ATENÇÃO PRIMÁRIA À SAÚDE - PAP;08612869000107;FUNDO MUNICIPAL DE SAUDE DE AMPARO-PB;4800;04/07/2024;PROPOSTA PAGA;Proposta Paga;05/07/2024;R$200.000,00;R$200.000,00;R$200.000,00
2024;50410004;S.PART.;COMISSÃO DA SAÚDE;não se aplica;não se aplica;PB;251680;TRIUNFO;MUNICIPAL;COMISSAO;CORRENTE;301;1000;1030151192E890001;15/05/2024;36000612508202400;-;FAF;INCREMENTO PAP;2E89;INCREMENTO TEMPORÁRIO AO CUSTEIO DOS SERVIÇOS DE ATENÇÃO PRIMÁRIA À SAÚDE - PAP;INCREMENTO DO PISO DA ATENÇÃO PRIMÁRIA À SAÚDE - PAP;12794460000118;FUNDO MUNICIPAL DE SAUDE DE TRIUNFO;3904;21/05/2024;PROPOSTA PAGA;Proposta Paga;11/06/2024;R$850.000,00;R$850.000,00;R$850.000,00
2024;50410004;S.PART.;COMISSÃO DA SAÚDE;não se aplica;não se aplica;PB;251200;POCINHOS;MUNICIPAL;COMISSAO;CORRENTE;301;1000;1030151192E890001;22/04/2024;36000607665202400;-;FAF;INCREMENTO PAP;2E89;INCREMENTO TEMPORÁRIO AO CUSTEIO DOS SERVIÇOS DE ATENÇÃO PRIMÁRIA À SAÚDE - PAP;INCREMENTO DO PISO DA ATENÇÃO PRIMÁRIA À SAÚDE - PAP;09505246000190;FUNDO MUNICIPAL DE SAUDE - POCINHOS - PARAIBA;3853;21/05/2024;PROPOSTA PAGA;Proposta Paga;29/05/2024;R$889.306,00;R$889.306,00;R$889.306,00
2024;50410006;S.PART.;COMISSÃO DA SAÚDE;não se aplica;não se aplica;PB;250750;JOAO PESSOA;MUNICIPAL;COMISSAO;CORRENTE;302;1001;1030251182E900001;04/07/2024;36000631215202400;-;FAF;INCREMENTO MAC;2E90;ATENÇÃO ESPECIALIZADA À SAÚDE;INCREMENTO TEMPORÁRIO DO TETO DA MÉDIA E ALTA COMPLEXIDADE - MAC;08715618000140;FUNDO MUNICIPAL DE SAUDE;4823;04/07/2024;PROPOSTA PAGA;Proposta Paga;05/07/2024;R$200.000,00;R$200.000,00;R$200.000,00
2024;50410007;S.PART.;COMISSÃO DA SAÚDE;não se aplica;não se aplica;PB;250920;MASSARANDUBA;MUNICIPAL;COMISSAO;CAPITAL;302;1001;10302511885350001;05/07/2024;10948421000124008;-;FAF;EQUIPAMENTO;8535;ATENÇÃO ESPECIALIZADA À SAÚDE;REDE DE ATENÇÃO HOSPITALAR - HOSPITAL GERAL;10948421000100;FUNDO MUNICIPAL DE SAUDE;6104;18/12/2024;PROPOSTA PAGA;Proposta Paga;16/06/2025;R$373.387,00;R$373.387,00;R$373.387,00
2024;60060003;S.PART.;COMISSÃO DE ASSUNTOS SOCIAIS - CAS;não se aplica;não se aplica;PB;251650;TAPEROA;MUNICIPAL;COMISSAO;CORRENTE;301;3000;1030151192E890001;18/06/2024;36000618535202400;-;FAF;INCREMENTO PAP;2E89;INCREMENTO TEMPORÁRIO AO CUSTEIO DOS SERVIÇOS DE ATENÇÃO PRIMÁRIA À SAÚDE - PAP;INCREMENTO DO PISO DA ATENÇÃO PRIMÁRIA À SAÚDE - PAP;11850452000189;FUNDO MUNICIPAL DE SAUDE DE TAPEROA;4492;21/06/2024;PROPOSTA PAGA;Proposta Paga;26/06/2024;R$111.758,00;R$111.758,00;R$111.758,00
2024;50410007;S.PART.;COMISSÃO DA SAÚDE;não se aplica;não se aplica;PB;250920;MASSARANDUBA;MUNICIPAL;COMISSAO;CAPITAL;302;1001;10302511885350001;29/06/2024;10948421000124006;-;FAF;EQUIPAMENTO;8535;ATENÇÃO ESPECIALIZADA À SAÚDE;REDE DE ATENÇÃO ESPECIALIZADA À SAÚDE - AMBULATÓRIO;10948421000100;FUNDO MUNICIPAL DE SAUDE;6111;18/12/2024;PROPOSTA PAGA;Proposta Paga;16/06/2025;R$124.717,00;R$124.717,00;R$124.717,00
2024;60060003;S.PART.;COMISSÃO DE ASSUNTOS SOCIAIS - CAS;não se aplica;não se aplica;PB;250060;ALHANDRA;MUNICIPAL;COMISSAO;CORRENTE;302;1000;1030251182E900001;03/07/2024;36000630408202400;-;FAF;INCREMENTO MAC;2E90;ATENÇÃO ESPECIALIZADA À SAÚDE;INCREMENTO TEMPORÁRIO DO TETO DA MÉDIA E ALTA COMPLEXIDADE - MAC;11490408000105;FUNDO MUNICIPAL DE SAUDE;4805;04/07/2024;PROPOSTA PAGA;Proposta Paga;05/07/2024;R$400.000,00;R$400.000,00;R$400.000,00
2024;60110002;S.PART.;COMISSÃO DE ASSUNTOS SOCIAIS - CAS;não se aplica;não se aplica;PB;251000;NAZAREZINHO;MUNICIPAL;COMISSAO;CORRENTE;301;1000;1030151192E890001;18/06/2024;36000618508202400;-;FAF;INCREMENTO PAP;2E89;INCREMENTO TEMPORÁRIO AO CUSTEIO DOS SERVIÇOS DE ATENÇÃO PRIMÁRIA À SAÚDE - PAP;INCREMENTO DO PISO DA ATENÇÃO PRIMÁRIA À SAÚDE - PAP;12445365000109;FUNDO MUNICIPAL DE SAUDE DE NAZAREZINHO;4492;21/06/2024;PROPOSTA PAGA;Proposta Paga;26/06/2024;R$100.000,00;R$100.000,00;R$100.000,00
2024;60110002;S.PART.;COMISSÃO DE ASSUNTOS SOCIAIS - CAS;não se aplica;não se aplica;PB;251180;PIRPIRITUBA;MUNICIPAL;COMISSAO;CORRENTE;301;1000;1030151192E890001;26/06/2024;36000625309202400;-;FAF;INCREMENTO PAP;2E89;INCREMENTO TEMPORÁRIO AO CUSTEIO DOS SERVIÇOS DE ATENÇÃO PRIMÁRIA À SAÚDE - PAP;INCREMENTO DO PISO DA ATENÇÃO PRIMÁRIA À SAÚDE - PAP;12044829000175;FUNDO MUNICIPAL DE SAUDE DE PIRPIRITUBA;4597;01/07/2024;PROPOSTA PAGA;Proposta Paga;04/07/2024;R$400.000,00;R$400.000,00;R$400.000,00
2024;50410002;S.PART.;COMISSÃO DA SAÚDE;não se aplica;não se aplica;PB;250850;LIVRAMENTO;MUNICIPAL;COMISSAO;CORRENTE;302;1000;1030251182E900001;28/05/2024;36000614323202400;-;FAF;INCREMENTO MAC;2E90;ATENÇÃO ESPECIALIZADA À SAÚDE;INCREMENTO TEMPORÁRIO DO TETO DA MÉDIA E ALTA COMPLEXIDADE - MAC;11188530000121;FUNDO MUNICIPAL DE SAUDE;4218;10/06/2024;PROPOSTA PAGA;Proposta Paga;20/06/2024;R$300.000,00;R$300.000,00;R$300.000,00
2024;50410002;S.PART.;COMISSÃO DA SAÚDE;não se aplica;não se aplica;PB;250840;LASTRO;MUNICIPAL;COMISSAO;CORRENTE;302;1000;1030251182E900001;25/06/2024;36000623895202400;-;FAF;INCREMENTO MAC;2E90;ATENÇÃO ESPECIALIZADA À SAÚDE;INCREMENTO TEMPORÁRIO DO TETO DA MÉDIA E ALTA COMPLEXIDADE - MAC;11304889000117;FUNDO MUNICIPAL DE SAUDE DE LASTRO;4588;28/06/2024;PROPOSTA PAGA;Proposta Paga;02/07/2024;R$364.113,00;R$364.113,00;R$364.113,00
2024;50410002;S.PART.;COMISSÃO DA SAÚDE;não se aplica;não se aplica;PB;251620;SOUSA;MUNICIPAL;COMISSAO;CORRENTE;302;1000;1030251182E900001;24/06/2024;36000622876202400;-;FAF;INCREMENTO MAC;2E90;ATENÇÃO ESPECIALIZADA À SAÚDE;INCREMENTO TEMPORÁRIO DO TETO DA MÉDIA E ALTA COMPLEXIDADE - MAC;05626697000124;FUNDO MUNICIPAL DE SAUDE DE SOUSA;4541;26/06/2024;PROPOSTA PAGA;Proposta Paga;01/07/2024;R$1.000.000,00;R$1.000.000,00;R$1.000.000,00
2024;50410002;S.PART.;COMISSÃO DA SAÚDE;não se aplica;não se aplica;PB;250790;JURIPIRANGA;MUNICIPAL;COMISSAO;CORRENTE;302;1001;1030251182E900001;16/04/2024;36000606049202400;-;FAF;INCREMENTO MAC;2E90;ATENÇÃO ESPECIALIZADA À SAÚDE;INCREMENTO TEMPORÁRIO DO TETO DA MÉDIA E ALTA COMPLEXIDADE - MAC;11164805000197;FUNDO MUNICIPAL DE SAUDE;3864;21/05/2024;PROPOSTA PAGA;Proposta Paga;29/05/2024;R$245.000,00;R$245.000,00;R$245.000,00
2024;50410002;S.PART.;COMISSÃO DA SAÚDE;não se aplica;não se aplica;PB;250205;BERNARDINO BATISTA;MUNICIPAL;COMISSAO;CORRENTE;302;1001;1030251182E900001;20/04/2024;36000607451202400;-;FAF;INCREMENTO MAC;2E90;ATENÇÃO ESPECIALIZADA À SAÚDE;INCREMENTO TEMPORÁRIO DO TETO DA MÉDIA E ALTA COMPLEXIDADE - MAC;10484826000127;FUNDO MUNICIPAL DE SAUDE;3864;21/05/2024;PROPOSTA PAGA;Proposta Paga;29/05/2024;R$149.123,00;R$149.123,00;R$149.123,00
2024;50410004;S.PART.;COMISSÃO DA SAÚDE;não se aplica;não se aplica;PB;250939;MATUREIA;MUNICIPAL;COMISSAO;CORRENTE;301;3000;1030151192E890001;19/06/2024;36000620395202400;-;FAF;INCREMENTO PAP;2E89;INCREMENTO TEMPORÁRIO AO CUSTEIO DOS SERVIÇOS DE ATENÇÃO PRIMÁRIA À SAÚDE - PAP;INCREMENTO DO PISO DA ATENÇÃO PRIMÁRIA À SAÚDE - PAP;11209770000165;FUNDO MUNICIPAL DE SAUDE;4492;21/06/2024;PROPOSTA PAGA;Proposta Paga;26/06/2024;R$87.634,00;R$87.634,00;R$87.634,00
2024;50410004;S.PART.;COMISSÃO DA SAÚDE;não se aplica;não se aplica;PB;250115;AREIA DE BARAUNAS;MUNICIPAL;COMISSAO;CORRENTE;301;3000;1030151192E890001;05/07/2024;36000631396202400;-;FAF;INCREMENTO PAP;2E89;INCREMENTO TEMPORÁRIO AO CUSTEIO DOS SERVIÇOS DE ATENÇÃO PRIMÁRIA À SAÚDE - PAP;INCREMENTO DO PISO DA ATENÇÃO PRIMÁRIA À SAÚDE - PAP;11832051000104;FUNDO MUNICIPAL DE SAUDE DO MUNICIPIO DE AREIA DE BARAUNAS;6160;18/12/2024;PROPOSTA PAGA;Proposta Paga;16/06/2025;R$100.000,00;R$100.000,00;R$100.000,00
2024;50410004;S.PART.;COMISSÃO DA SAÚDE;não se aplica;não se aplica;PB;250030;ALAGOA GRANDE;MUNICIPAL;COMISSAO;CORRENTE;301;3000;1030151192E890001;16/07/2024;36000632508202400;-;FAF;INCREMENTO PAP;2E89;INCREMENTO TEMPORÁRIO AO CUSTEIO DOS SERVIÇOS DE ATENÇÃO PRIMÁRIA À SAÚDE - PAP;INCREMENTO DO PISO DA ATENÇÃO PRIMÁRIA À SAÚDE - PAP;17698753000115;FUNDO MUNICIPAL DE SAUDE DE ALAGOA GRANDE;6160;18/12/2024;PROPOSTA PAGA;Proposta Paga;30/05/2025;R$400.000,00;R$400.000,00;R$400.000,00
2024;50410004;S.PART.;COMISSÃO DA SAÚDE;não se aplica;não se aplica;PB;250110;AREIA;MUNICIPAL;COMISSAO;CORRENTE;301;3000;1030151192E890001;04/07/2024;36000631315202400;-;FAF;INCREMENTO PAP;2E89;INCREMENTO TEMPORÁRIO AO CUSTEIO DOS SERVIÇOS DE ATENÇÃO PRIMÁRIA À SAÚDE - PAP;INCREMENTO DO PISO DA ATENÇÃO PRIMÁRIA À SAÚDE - PAP;11268285000162;FUNDO MUNICIPAL DE SAUDE;4845;08/07/2024;PROPOSTA PAGA;Proposta Paga;30/05/2025;R$400.000,00;R$400.000,00;R$400.000,00
2024;50410004;S.PART.;COMISSÃO DA SAÚDE;não se aplica;não se aplica;PB;250470;CONGO;MUNICIPAL;COMISSAO;CORRENTE;301;3000;1030151192E890001;02/07/2024;36000628915202400;-;FAF;INCREMENTO PAP;2E89;INCREMENTO TEMPORÁRIO AO CUSTEIO DOS SERVIÇOS DE ATENÇÃO PRIMÁRIA À SAÚDE - PAP;INCREMENTO DO PISO DA ATENÇÃO PRIMÁRIA À SAÚDE - PAP;11436548000103;FUNDO MUNICIPAL DE SAUDE - CONGO - PARAIBA;4735;04/07/2024;PROPOSTA PAGA;Proposta Paga;05/07/2024;R$7.686,00;R$7.686,00;R$7.686,00
2024;50410004;S.PART.;COMISSÃO DA SAÚDE;não se aplica;não se aplica;PB;250890;MAMANGUAPE;MUNICIPAL;COMISSAO;CORRENTE;301;3000;1030151192E890001;03/07/2024;36000629999202400;-;FAF;INCREMENTO PAP;2E89;INCREMENTO TEMPORÁRIO AO CUSTEIO DOS SERVIÇOS DE ATENÇÃO PRIMÁRIA À SAÚDE - PAP;INCREMENTO DO PISO DA ATENÇÃO PRIMÁRIA À SAÚDE - PAP;08674396000164;FUNDO MUNICIPAL DE SAUDE DE MAMANGUAPE;4760;04/07/2024;PROPOSTA PAGA;Proposta Paga;05/07/2024;R$500.000,00;R$500.000,00;R$500.000,00
2024;50410004;S.PART.;COMISSÃO DA SAÚDE;não se aplica;não se aplica;PB;251130;PIANCO;MUNICIPAL;COMISSAO;CORRENTE;301;3000;1030151192E890001;03/07/2024;36000630803202400;-;FAF;INCREMENTO PAP;2E89;INCREMENTO TEMPORÁRIO AO CUSTEIO DOS SERVIÇOS DE ATENÇÃO PRIMÁRIA À SAÚDE - PAP;INCREMENTO DO PISO DA ATENÇÃO PRIMÁRIA À SAÚDE - PAP;04827493000199;FUNDO MUNICIPAL DE SAUDE;4800;04/07/2024;PROPOSTA PAGA;Proposta Paga;05/07/2024;R$500.000,00;R$500.000,00;R$500.000,00
2024;60060003;S.PART.;COMISSÃO DE ASSUNTOS SOCIAIS - CAS;não se aplica;não se aplica;PB;250090;ARARA;MUNICIPAL;COMISSAO;CORRENTE;301;3000;1030151192E890001;20/06/2024;36000621334202400;-;FAF;INCREMENTO PAP;2E89;INCREMENTO TEMPORÁRIO AO CUSTEIO DOS SERVIÇOS DE ATENÇÃO PRIMÁRIA À SAÚDE - PAP;INCREMENTO DO PISO DA ATENÇÃO PRIMÁRIA À SAÚDE - PAP;11898585000125;FUNDO MUNICIPAL DE SAUDE DO MUNICIPIO DE ARARA - PB;4492;21/06/2024;PROPOSTA PAGA;Proposta Paga;26/06/2024;R$100.000,00;R$100.000,00;R$100.000,00
2024;60060003;S.PART.;COMISSÃO DE ASSUNTOS SOCIAIS - CAS;não se aplica;não se aplica;PB;250370;CAJAZEIRAS;MUNICIPAL;COMISSAO;CORRENTE;302;1000;1030251182E900001;19/06/2024;36000619384202400;-;FAF;INCREMENTO MAC;2E90;ATENÇÃO ESPECIALIZADA À SAÚDE;INCREMENTO TEMPORÁRIO DO TETO DA MÉDIA E ALTA COMPLEXIDADE - MAC;11902878000139;MUNICIPIO DE CAJAZEIRAS FUNDO MUNICIPAL DE SAUDE - FMS;4493;21/06/2024;PROPOSTA PAGA;Proposta Paga;26/06/2024;R$2.000.000,00;R$2.000.000,00;R$2.000.000,00
2024;60110002;S.PART.;COMISSÃO DE ASSUNTOS SOCIAIS - CAS;não se aplica;não se aplica;PB;251190;PITIMBU;MUNICIPAL;COMISSAO;CORRENTE;301;1000;1030151192E890001;26/06/2024;36000625746202400;-;FAF;INCREMENTO PAP;2E89;INCREMENTO TEMPORÁRIO AO CUSTEIO DOS SERVIÇOS DE ATENÇÃO PRIMÁRIA À SAÚDE - PAP;INCREMENTO DO PISO DA ATENÇÃO PRIMÁRIA À SAÚDE - PAP;10557425000150;FUNDO MUNICIPAL DE SAUDE DE PITIMBU;4597;01/07/2024;PROPOSTA PAGA;Proposta Paga;04/07/2024;R$300.000,00;R$300.000,00;R$300.000,00
2024;60110001;S.PART.;COMISSÃO DE ASSUNTOS SOCIAIS - CAS;não se aplica;não se aplica;PB;251130;PIANCO;MUNICIPAL;COMISSAO;CORRENTE;302;1000;1030251182E900001;18/06/2024;36000619239202400;-;FAF;INCREMENTO MAC;2E90;ATENÇÃO ESPECIALIZADA À SAÚDE;INCREMENTO TEMPORÁRIO DO TETO DA MÉDIA E ALTA COMPLEXIDADE - MAC;04827493000199;FUNDO MUNICIPAL DE SAUDE;4493;21/06/2024;PROPOSTA PAGA;Proposta Paga;26/06/2024;R$300.000,00;R$300.000,00;R$300.000,00
2024;50410002;S.PART.;COMISSÃO DA SAÚDE;não se aplica;não se aplica;PB;251700;UMBUZEIRO;MUNICIPAL;COMISSAO;CORRENTE;302;1001;1030251182E900001;22/04/2024;36000607732202400;-;FAF;INCREMENTO MAC;2E90;ATENÇÃO ESPECIALIZADA À SAÚDE;INCREMENTO TEMPORÁRIO DO TETO DA MÉDIA E ALTA COMPLEXIDADE - MAC;09494245000197;FUNDO MUNICIPAL DE SAUDE;3864;21/05/2024;PROPOSTA PAGA;Proposta Paga;29/05/2024;R$260.494,00;R$260.494,00;R$260.494,00
2024;50410004;S.PART.;COMISSÃO DA SAÚDE;não se aplica;não se aplica;PB;250470;CONGO;MUNICIPAL;COMISSAO;CORRENTE;301;1000;1030151192E890001;19/04/2024;36000607415202400;-;FAF;INCREMENTO PAP;2E89;INCREMENTO TEMPORÁRIO AO CUSTEIO DOS SERVIÇOS DE ATENÇÃO PRIMÁRIA À SAÚDE - PAP;INCREMENTO DO PISO DA ATENÇÃO PRIMÁRIA À SAÚDE - PAP;11436548000103;FUNDO MUNICIPAL DE SAUDE - CONGO - PARAIBA;3853;21/05/2024;PROPOSTA PAGA;Proposta Paga;29/05/2024;R$343.196,00;R$343.196,00;R$343.196,00
2024;50410004;S.PART.;COMISSÃO DA SAÚDE;não se aplica;não se aplica;PB;250077;APARECIDA;MUNICIPAL;COMISSAO;CORRENTE;301;3000;1030151192E890001;04/07/2024;36000631018202400;-;FAF;INCREMENTO PAP;2E89;INCREMENTO TEMPORÁRIO AO CUSTEIO DOS SERVIÇOS DE ATENÇÃO PRIMÁRIA À SAÚDE - PAP;INCREMENTO DO PISO DA ATENÇÃO PRIMÁRIA À SAÚDE - PAP;11956816000100;FUNDO MUNICIPAL DE SAUDE DE APARECIDA;4800;04/07/2024;PROPOSTA PAGA;Proposta Paga;05/07/2024;R$31.495,00;R$31.495,00;R$31.495,00
2024;50410004;S.PART.;COMISSÃO DA SAÚDE;não se aplica;não se aplica;PB;251610;SOLEDADE;MUNICIPAL;COMISSAO;CORRENTE;301;3000;1030151192E890001;03/07/2024;36000630633202400;-;FAF;INCREMENTO PAP;2E89;INCREMENTO TEMPORÁRIO AO CUSTEIO DOS SERVIÇOS DE ATENÇÃO PRIMÁRIA À SAÚDE - PAP;INCREMENTO DO PISO DA ATENÇÃO PRIMÁRIA À SAÚDE - PAP;02182502000106;FUNDO MUNICIPAL DE SAUDE DE SOLEDADE;4800;04/07/2024;PROPOSTA PAGA;Proposta Paga;05/07/2024;R$200.000,00;R$200.000,00;R$200.000,00
2024;50410004;S.PART.;COMISSÃO DA SAÚDE;não se aplica;não se aplica;PB;250933;MATINHAS;MUNICIPAL;COMISSAO;CORRENTE;301;1000;1030151192E890001;16/04/2024;36000606057202400;-;FAF;INCREMENTO PAP;2E89;INCREMENTO TEMPORÁRIO AO CUSTEIO DOS SERVIÇOS DE ATENÇÃO PRIMÁRIA À SAÚDE - PAP;INCREMENTO DO PISO DA ATENÇÃO PRIMÁRIA À SAÚDE - PAP;12012166000107;FUNDO MUNICIPAL DE SAUDE;3853;21/05/2024;PROPOSTA PAGA;Proposta Paga;29/05/2024;R$200.000,00;R$200.000,00;R$200.000,00
2024;50410004;S.PART.;COMISSÃO DA SAÚDE;não se aplica;não se aplica;PB;250077;APARECIDA;MUNICIPAL;COMISSAO;CORRENTE;301;1000;1030151192E890001;22/04/2024;36000607657202400;-;FAF;INCREMENTO PAP;2E89;INCREMENTO TEMPORÁRIO AO CUSTEIO DOS SERVIÇOS DE ATENÇÃO PRIMÁRIA À SAÚDE - PAP;INCREMENTO DO PISO DA ATENÇÃO PRIMÁRIA À SAÚDE - PAP;11956816000100;FUNDO MUNICIPAL DE SAUDE DE APARECIDA;3853;21/05/2024;PROPOSTA PAGA;Proposta Paga;29/05/2024;R$500.000,00;R$500.000,00;R$500.000,00
2024;50410004;S.PART.;COMISSÃO DA SAÚDE;não se aplica;não se aplica;PB;251240;PUXINANA;MUNICIPAL;COMISSAO;CORRENTE;301;1000;1030151192E890001;24/04/2024;36000608744202400;-;FAF;INCREMENTO PAP;2E89;INCREMENTO TEMPORÁRIO AO CUSTEIO DOS SERVIÇOS DE ATENÇÃO PRIMÁRIA À SAÚDE - PAP;INCREMENTO DO PISO DA ATENÇÃO PRIMÁRIA À SAÚDE - PAP;10521892000120;FUNDO MUNICIPAL DE SAUDE - PUXINANA;3853;21/05/2024;PROPOSTA PAGA;Proposta Paga;29/05/2024;R$300.000,00;R$300.000,00;R$300.000,00
2024;60060003;S.PART.;COMISSÃO DE ASSUNTOS SOCIAIS - CAS;não se aplica;não se aplica;PB;250710;ITAPOROROCA;MUNICIPAL;COMISSAO;CORRENTE;301;3000;1030151192E890001;19/06/2024;36000620535202400;-;FAF;INCREMENTO PAP;2E89;INCREMENTO TEMPORÁRIO AO CUSTEIO DOS SERVIÇOS DE ATENÇÃO PRIMÁRIA À SAÚDE - PAP;INCREMENTO DO PISO DA ATENÇÃO PRIMÁRIA À SAÚDE - PAP;12099621000153;FUNDO MUNICIPAL DE SAUDE;4492;21/06/2024;PROPOSTA PAGA;Proposta Paga;26/06/2024;R$300.000,00;R$300.000,00;R$300.000,00
2024;60060003;S.PART.;COMISSÃO DE ASSUNTOS SOCIAIS - CAS;não se aplica;não se aplica;PB;251615;SOSSEGO;MUNICIPAL;COMISSAO;CORRENTE;301;3000;1030151192E890001;25/06/2024;36000624004202400;-;FAF;INCREMENTO PAP;2E89;INCREMENTO TEMPORÁRIO AO CUSTEIO DOS SERVIÇOS DE ATENÇÃO PRIMÁRIA À SAÚDE - PAP;INCREMENTO DO PISO DA ATENÇÃO PRIMÁRIA À SAÚDE - PAP;11404679000109;FUNDO MUNICIPAL DE SAUDE;4581;28/06/2024;PROPOSTA PAGA;Proposta Paga;02/07/2024;R$300.000,00;R$300.000,00;R$300.000,00
2024;60060003;S.PART.;COMISSÃO DE ASSUNTOS SOCIAIS - CAS;não se aplica;não se aplica;PB;250205;BERNARDINO BATISTA;MUNICIPAL;COMISSAO;CORRENTE;301;3000;1030151192E890001;18/06/2024;36000619251202400;-;FAF;INCREMENTO PAP;2E89;INCREMENTO TEMPORÁRIO AO CUSTEIO DOS SERVIÇOS DE ATENÇÃO PRIMÁRIA À SAÚDE - PAP;INCREMENTO DO PISO DA ATENÇÃO PRIMÁRIA À SAÚDE - PAP;10484826000127;FUNDO MUNICIPAL DE SAUDE;4492;21/06/2024;PROPOSTA PAGA;Proposta Paga;26/06/2024;R$82.000,00;R$82.000,00;R$82.000,00
2024;60060003;S.PART.;COMISSÃO DE ASSUNTOS SOCIAIS - CAS;não se aplica;não se aplica;PB;250350;CACIMBA DE DENTRO;MUNICIPAL;COMISSAO;CORRENTE;301;3000;1030151192E890001;18/06/2024;36000618674202400;-;FAF;INCREMENTO PAP;2E89;INCREMENTO TEMPORÁRIO AO CUSTEIO DOS SERVIÇOS DE ATENÇÃO PRIMÁRIA À SAÚDE - PAP;INCREMENTO DO PISO DA ATENÇÃO PRIMÁRIA À SAÚDE - PAP;12011663000190;FUNDO MUNICIPAL DE SAUDE DE CACIMBA DE DENTRO;4492;21/06/2024;PROPOSTA PAGA;Proposta Paga;26/06/2024;R$200.000,00;R$200.000,00;R$200.000,00
2024;50410004;S.PART.;COMISSÃO DA SAÚDE;não se aplica;não se aplica;PB;251350;SANTANA DE MANGUEIRA;MUNICIPAL;COMISSAO;CORRENTE;301;3000;1030151192E890001;17/06/2024;36000616702202400;-;FAF;INCREMENTO PAP;2E89;INCREMENTO TEMPORÁRIO AO CUSTEIO DOS SERVIÇOS DE ATENÇÃO PRIMÁRIA À SAÚDE - PAP;INCREMENTO DO PISO DA ATENÇÃO PRIMÁRIA À SAÚDE - PAP;11285050000189;FUNDO MUNICIPAL DE SAUDE;4458;19/06/2024;PROPOSTA PAGA;Proposta Paga;26/06/2024;R$700.000,00;R$700.000,00;R$700.000,00
2024;50410002;S.PART.;COMISSÃO DA SAÚDE;não se aplica;não se aplica;PB;250400;CAMPINA GRANDE;MUNICIPAL;COMISSAO;CORRENTE;302;1000;1030251182E900001;26/06/2024;36000625473202400;-;FAF;INCREMENTO MAC;2E90;ATENÇÃO ESPECIALIZADA À SAÚDE;INCREMENTO TEMPORÁRIO DO TETO DA MÉDIA E ALTA COMPLEXIDADE - MAC;24513574000121;FUNDO MUNICIPAL DE SAUDE DE CAMPINA GRANDE;4642;01/07/2024;PROPOSTA PAGA;Proposta Paga;04/07/2024;R$2.998.000,00;R$2.998.000,00;R$2.998.000,00
2024;50410002;S.PART.;COMISSÃO DA SAÚDE;não se aplica;não se aplica;PB;251080;PATOS;MUNICIPAL;COMISSAO;CORRENTE;302;1000;1030251182E900001;25/06/2024;36000623850202400;-;FAF;INCREMENTO MAC;2E90;ATENÇÃO ESPECIALIZADA À SAÚDE;INCREMENTO TEMPORÁRIO DO TETO DA MÉDIA E ALTA COMPLEXIDADE - MAC;11242822000103;FUNDO MUNICIPAL DE SAUDE;4588;28/06/2024;PROPOSTA PAGA;Proposta Paga;02/07/2024;R$112.178,00;R$112.178,00;R$112.178,00
2024;50230002;S.PART.;COMISSÃO DA SAÚDE;não se aplica;não se aplica;PB;251150;PILAR;MUNICIPAL;COMISSAO;CORRENTE;302;1000;1030251182E900001;03/07/2024;36000630811202400;-;FAF;INCREMENTO MAC;2E90;ATENÇÃO ESPECIALIZADA À SAÚDE;INCREMENTO TEMPORÁRIO DO TETO DA MÉDIA E ALTA COMPLEXIDADE - MAC;11171199000137;FUNDO MUNICIPAL DE SAUDE DO MUNICIPIO DE PILAR;4825;04/07/2024;PROPOSTA PAGA;Proposta Paga;05/07/2024;R$300.000,00;R$300.000,00;R$300.000,00
2024;50410002;S.PART.;COMISSÃO DA SAÚDE;não se aplica;não se aplica;PB;250440;CONCEICAO;MUNICIPAL;COMISSAO;CORRENTE;302;1000;1030251182E900001;18/06/2024;36000618453202400;-;FAF;INCREMENTO MAC;2E90;ATENÇÃO ESPECIALIZADA À SAÚDE;INCREMENTO TEMPORÁRIO DO TETO DA MÉDIA E ALTA COMPLEXIDADE - MAC;05497410000103;FUNDO MUNICIPAL DE SAUDE DE CONCEICAO;4455;19/06/2024;PROPOSTA PAGA;Proposta Paga;26/06/2024;R$1.000.000,00;R$1.000.000,00;R$1.000.000,00
2024;50410002;S.PART.;COMISSÃO DA SAÚDE;não se aplica;não se aplica;PB;251400;SAO JOAO DO CARIRI;MUNICIPAL;COMISSAO;CORRENTE;302;1000;1030251182E900001;25/06/2024;36000623632202400;-;FAF;INCREMENTO MAC;2E90;ATENÇÃO ESPECIALIZADA À SAÚDE;INCREMENTO TEMPORÁRIO DO TETO DA MÉDIA E ALTA COMPLEXIDADE - MAC;12447221000191;FUNDO MUNICIPAL DE SAUDE DE SAO JOAO DO CARIRI - PB;4588;28/06/2024;PROPOSTA PAGA;Proposta Paga;02/07/2024;R$400.000,00;R$400.000,00;R$400.000,00
2024;50410002;S.PART.;COMISSÃO DA SAÚDE;não se aplica;não se aplica;PB;250820;LAGOA DE DENTRO;MUNICIPAL;COMISSAO;CORRENTE;302;1001;1030251182E900001;17/04/2024;36000606190202400;-;FAF;INCREMENTO MAC;2E90;ATENÇÃO ESPECIALIZADA À SAÚDE;INCREMENTO TEMPORÁRIO DO TETO DA MÉDIA E ALTA COMPLEXIDADE - MAC;12375571000190;LAGOA DE DENTRO - FUNDO MUNICIPAL DE SAUDE;3864;21/05/2024;PROPOSTA PAGA;Proposta Paga;29/05/2024;R$440.000,00;R$440.000,00;R$440.000,00
2024;50410003;S.PART.;COMISSÃO DA SAÚDE;não se aplica;não se aplica;PB;251100;PEDRA BRANCA;MUNICIPAL;COMISSAO;CAPITAL;302;1000;10302511885350001;17/04/2024;12051399000124002;-;FAF;EQUIPAMENTO;8535;ATENÇÃO ESPECIALIZADA À SAÚDE;REDE DE ATENÇÃO ESPECIALIZADA À SAÚDE - AMBULATÓRIO;12051399000119;FUNDO MUNICIPAL DE SAUDE DE PEDRA BRANCA;4184;07/06/2024;PROPOSTA PAGA;Proposta Paga;20/06/2024;R$132.289,00;R$132.289,00;R$132.289,00
2024;50410002;S.PART.;COMISSÃO DA SAÚDE;não se aplica;não se aplica;PB;251130;PIANCO;MUNICIPAL;COMISSAO;CORRENTE;302;1001;1030251182E900001;16/04/2024;36000606024202400;-;FAF;INCREMENTO MAC;2E90;ATENÇÃO ESPECIALIZADA À SAÚDE;INCREMENTO TEMPORÁRIO DO TETO DA MÉDIA E ALTA COMPLEXIDADE - MAC;04827493000199;FUNDO MUNICIPAL DE SAUDE;3864;21/05/2024;PROPOSTA PAGA;Proposta Paga;29/05/2024;R$400.000,00;R$400.000,00;R$400.000,00
2024;50410004;S.PART.;COMISSÃO DA SAÚDE;não se aplica;não se aplica;PB;250510;CUITE;MUNICIPAL;COMISSAO;CORRENTE;301;3000;1030151192E890001;03/07/2024;36000630782202400;-;FAF;INCREMENTO PAP;2E89;INCREMENTO TEMPORÁRIO AO CUSTEIO DOS SERVIÇOS DE ATENÇÃO PRIMÁRIA À SAÚDE - PAP;INCREMENTO DO PISO DA ATENÇÃO PRIMÁRIA À SAÚDE - PAP;11404674000178;FUNDO MUNICIPAL DE SAUDE;4800;04/07/2024;PROPOSTA PAGA;Proposta Paga;05/07/2024;R$200.000,00;R$200.000,00;R$200.000,00
2024;50410004;S.PART.;COMISSÃO DA SAÚDE;não se aplica;não se aplica;PB;251360;SANTANA DOS GARROTES;MUNICIPAL;COMISSAO;CORRENTE;301;3000;1030151192E890001;04/07/2024;36000630983202400;-;FAF;INCREMENTO PAP;2E89;INCREMENTO TEMPORÁRIO AO CUSTEIO DOS SERVIÇOS DE ATENÇÃO PRIMÁRIA À SAÚDE - PAP;INCREMENTO DO PISO DA ATENÇÃO PRIMÁRIA À SAÚDE - PAP;12290612000145;FUNDO MUNICIPAL DE SAUDE DE SANTANA DOS GARROTES;4800;04/07/2024;PROPOSTA PAGA;Proposta Paga;05/07/2024;R$200.000,00;R$200.000,00;R$200.000,00
2024;50410004;S.PART.;COMISSÃO DA SAÚDE;não se aplica;não se aplica;PB;250670;IMACULADA;MUNICIPAL;COMISSAO;CORRENTE;301;1000;1030151192E890001;17/04/2024;36000606176202400;-;FAF;INCREMENTO PAP;2E89;INCREMENTO TEMPORÁRIO AO CUSTEIO DOS SERVIÇOS DE ATENÇÃO PRIMÁRIA À SAÚDE - PAP;INCREMENTO DO PISO DA ATENÇÃO PRIMÁRIA À SAÚDE - PAP;11838404000175;FUNDO MUNICIPAL DE SAUDE DO MUNICIPIO DE IMACULADA;3853;21/05/2024;PROPOSTA PAGA;Proposta Paga;29/05/2024;R$250.000,00;R$250.000,00;R$250.000,00
2024;50410004;S.PART.;COMISSÃO DA SAÚDE;não se aplica;não se aplica;PB;250500;CUBATI;MUNICIPAL;COMISSAO;CORRENTE;301;1000;1030151192E890001;29/05/2024;36000614379202400;-;FAF;INCREMENTO PAP;2E89;INCREMENTO TEMPORÁRIO AO CUSTEIO DOS SERVIÇOS DE ATENÇÃO PRIMÁRIA À SAÚDE - PAP;INCREMENTO DO PISO DA ATENÇÃO PRIMÁRIA À SAÚDE - PAP;08580325000100;FUNDO MUNICIPAL DE SAUDE DE CUBATI;4300;18/06/2024;PROPOSTA PAGA;Proposta Paga;26/06/2024;R$300.000,00;R$300.000,00;R$300.000,00
2024;50410004;S.PART.;COMISSÃO DA SAÚDE;não se aplica;não se aplica;PB;251500;SAO MIGUEL DE TAIPU;MUNICIPAL;COMISSAO;CORRENTE;301;3000;1030151192E890001;03/07/2024;36000630663202400;-;FAF;INCREMENTO PAP;2E89;INCREMENTO TEMPORÁRIO AO CUSTEIO DOS SERVIÇOS DE ATENÇÃO PRIMÁRIA À SAÚDE - PAP;INCREMENTO DO PISO DA ATENÇÃO PRIMÁRIA À SAÚDE - PAP;11601645000104;FUNDO MUNICIPAL DE SAUDE;4800;04/07/2024;PROPOSTA PAGA;Proposta Paga;05/07/2024;R$100.000,00;R$100.000,00;R$100.000,00
2024;50410004;S.PART.;COMISSÃO DA SAÚDE;não se aplica;não se aplica;PB;250415;CASSERENGUE;MUNICIPAL;COMISSAO;CORRENTE;301;3000;1030151192E890001;17/06/2024;36000617602202400;-;FAF;INCREMENTO PAP;2E89;INCREMENTO TEMPORÁRIO AO CUSTEIO DOS SERVIÇOS DE ATENÇÃO PRIMÁRIA À SAÚDE - PAP;INCREMENTO DO PISO DA ATENÇÃO PRIMÁRIA À SAÚDE - PAP;12431437000169;FUNDO MUNICIPAL DE SAUDE;4458;19/06/2024;PROPOSTA PAGA;Proposta Paga;26/06/2024;R$300.000,00;R$300.000,00;R$300.000,00
2024;50410004;S.PART.;COMISSÃO DA SAÚDE;não se aplica;não se aplica;PB;250535;DAMIAO;MUNICIPAL;COMISSAO;CORRENTE;301;3000;1030151192E890001;03/07/2024;36000630644202400;-;FAF;INCREMENTO PAP;2E89;INCREMENTO TEMPORÁRIO AO CUSTEIO DOS SERVIÇOS DE ATENÇÃO PRIMÁRIA À SAÚDE - PAP;INCREMENTO DO PISO DA ATENÇÃO PRIMÁRIA À SAÚDE - PAP;11767841000145;FUNDO MUNICIPAL DE SAUDE DAMIAO PARAIBA;4800;04/07/2024;PROPOSTA PAGA;Proposta Paga;05/07/2024;R$300.000,00;R$300.000,00;R$300.000,00
2024;50410004;S.PART.;COMISSÃO DA SAÚDE;não se aplica;não se aplica;PB;250355;CACIMBAS;MUNICIPAL;COMISSAO;CORRENTE;301;1000;1030151192E890001;28/05/2024;36000614316202400;-;FAF;INCREMENTO PAP;2E89;INCREMENTO TEMPORÁRIO AO CUSTEIO DOS SERVIÇOS DE ATENÇÃO PRIMÁRIA À SAÚDE - PAP;INCREMENTO DO PISO DA ATENÇÃO PRIMÁRIA À SAÚDE - PAP;10541009000163;FUNDO MUNICIPAL DE SAUDE DE CACIMBAS;4300;18/06/2024;PROPOSTA PAGA;Proposta Paga;26/06/2024;R$460.737,00;R$460.737,00;R$460.737,00
2024;50410004;S.PART.;COMISSÃO DA SAÚDE;não se aplica;não se aplica;PB;251300;SALGADINHO;MUNICIPAL;COMISSAO;CORRENTE;301;3000;1030151192E890001;03/07/2024;36000630814202400;-;FAF;INCREMENTO PAP;2E89;INCREMENTO TEMPORÁRIO AO CUSTEIO DOS SERVIÇOS DE ATENÇÃO PRIMÁRIA À SAÚDE - PAP;INCREMENTO DO PISO DA ATENÇÃO PRIMÁRIA À SAÚDE - PAP;11321779000163;FUNDO MUNICIPAL DE SAUDE - SALGADINHO - PB;4800;04/07/2024;PROPOSTA PAGA;Proposta Paga;05/07/2024;R$300.000,00;R$300.000,00;R$300.000,00
2024;50410005;S.PART.;COMISSÃO DA SAÚDE;não se aplica;não se aplica;PB;251200;POCINHOS;MUNICIPAL;COMISSAO;CAPITAL;301;1001;10301511985810001;25/04/2024;09505246000124004;-;FAF;EQUIPAMENTO;8581;SAÚDE DA FAMÍLIA;EQUIPAMENTOS;09505246000190;FUNDO MUNICIPAL DE SAUDE - POCINHOS - PARAIBA;3866;21/05/2024;PROPOSTA PAGA;Proposta Paga;29/05/2024;R$422.447,00;R$422.447,00;R$422.447,00
2024;50410004;S.PART.;COMISSÃO DA SAÚDE;não se aplica;não se aplica;PB;250100;ARARUNA;MUNICIPAL;COMISSAO;CORRENTE;301;3000;1030151192E890001;03/07/2024;36000630643202400;-;FAF;INCREMENTO PAP;2E89;INCREMENTO TEMPORÁRIO AO CUSTEIO DOS SERVIÇOS DE ATENÇÃO PRIMÁRIA À SAÚDE - PAP;INCREMENTO DO PISO DA ATENÇÃO PRIMÁRIA À SAÚDE - PAP;11667845000151;FUNDO MUNICIPAL DE SAUDE DE ARARUNA PARAIBA;4800;04/07/2024;PROPOSTA PAGA;Proposta Paga;05/07/2024;R$800.000,00;R$800.000,00;R$800.000,00
2024;50410004;S.PART.;COMISSÃO DA SAÚDE;não se aplica;não se aplica;PB;250790;JURIPIRANGA;MUNICIPAL;COMISSAO;CORRENTE;301;3000;1030151192E890001;03/07/2024;36000630790202400;-;FAF;INCREMENTO PAP;2E89;INCREMENTO TEMPORÁRIO AO CUSTEIO DOS SERVIÇOS DE ATENÇÃO PRIMÁRIA À SAÚDE - PAP;INCREMENTO DO PISO DA ATENÇÃO PRIMÁRIA À SAÚDE - PAP;11164805000197;FUNDO MUNICIPAL DE SAUDE;4800;04/07/2024;PROPOSTA PAGA;Proposta Paga;05/07/2024;R$500.000,00;R$500.000,00;R$500.000,00
2024;50410004;S.PART.;COMISSÃO DA SAÚDE;não se aplica;não se aplica;PB;251080;PATOS;MUNICIPAL;COMISSAO;CORRENTE;301;3000;1030151192E890001;03/07/2024;36000630033202400;-;FAF;INCREMENTO PAP;2E89;INCREMENTO TEMPORÁRIO AO CUSTEIO DOS SERVIÇOS DE ATENÇÃO PRIMÁRIA À SAÚDE - PAP;INCREMENTO DO PISO DA ATENÇÃO PRIMÁRIA À SAÚDE - PAP;11242822000103;FUNDO MUNICIPAL DE SAUDE;4760;04/07/2024;PROPOSTA PAGA;Proposta Paga;05/07/2024;R$966.575,00;R$966.575,00;R$966.575,00
2024;60060003;S.PART.;COMISSÃO DE ASSUNTOS SOCIAIS - CAS;não se aplica;não se aplica;PB;250210;BOA VENTURA;MUNICIPAL;COMISSAO;CORRENTE;301;3000;1030151192E890001;19/06/2024;36000620072202400;-;FAF;INCREMENTO PAP;2E89;INCREMENTO TEMPORÁRIO AO CUSTEIO DOS SERVIÇOS DE ATENÇÃO PRIMÁRIA À SAÚDE - PAP;INCREMENTO DO PISO DA ATENÇÃO PRIMÁRIA À SAÚDE - PAP;10570295000195;FUNCO MUNICIPAL DE SAUDE DE BOA VENTURA;4492;21/06/2024;PROPOSTA PAGA;Proposta Paga;26/06/2024;R$100.000,00;R$100.000,00;R$100.000,00
2024;60060003;S.PART.;COMISSÃO DE ASSUNTOS SOCIAIS - CAS;não se aplica;não se aplica;PB;250360;CAICARA;MUNICIPAL;COMISSAO;CORRENTE;301;3000;1030151192E890001;20/06/2024;36000621342202400;-;FAF;INCREMENTO PAP;2E89;INCREMENTO TEMPORÁRIO AO CUSTEIO DOS SERVIÇOS DE ATENÇÃO PRIMÁRIA À SAÚDE - PAP;INCREMENTO DO PISO DA ATENÇÃO PRIMÁRIA À SAÚDE - PAP;17577160000109;FUNDO MUNICIPAL DE SAUDE DE CAICARA;4492;21/06/2024;PROPOSTA PAGA;Proposta Paga;26/06/2024;R$400.000,00;R$400.000,00;R$400.000,00
2024;50410004;S.PART.;COMISSÃO DA SAÚDE;não se aplica;não se aplica;PB;250940;MOGEIRO;MUNICIPAL;COMISSAO;CORRENTE;301;3000;1030151192E890001;25/06/2024;36000623862202400;-;FAF;INCREMENTO PAP;2E89;INCREMENTO TEMPORÁRIO AO CUSTEIO DOS SERVIÇOS DE ATENÇÃO PRIMÁRIA À SAÚDE - PAP;INCREMENTO DO PISO DA ATENÇÃO PRIMÁRIA À SAÚDE - PAP;10664047000103;FUNDO MUNICIPAL DE SAUDE DE MOGEIRO;4549;26/06/2024;PROPOSTA PAGA;Proposta Paga;28/06/2024;R$1.500.000,00;R$1.500.000,00;R$1.500.000,00
2024;60060003;S.PART.;COMISSÃO DE ASSUNTOS SOCIAIS - CAS;não se aplica;não se aplica;PB;251610;SOLEDADE;MUNICIPAL;COMISSAO;CORRENTE;301;3000;1030151192E890001;24/06/2024;36000623412202400;-;FAF;INCREMENTO PAP;2E89;INCREMENTO TEMPORÁRIO AO CUSTEIO DOS SERVIÇOS DE ATENÇÃO PRIMÁRIA À SAÚDE - PAP;INCREMENTO DO PISO DA ATENÇÃO PRIMÁRIA À SAÚDE - PAP;02182502000106;FUNDO MUNICIPAL DE SAUDE DE SOLEDADE;4547;26/06/2024;PROPOSTA PAGA;Proposta Paga;28/06/2024;R$200.000,00;R$200.000,00;R$200.000,00
2024;60060003;S.PART.;COMISSÃO DE ASSUNTOS SOCIAIS - CAS;não se aplica;não se aplica;PB;250750;JOAO PESSOA;ESTADUAL;COMISSAO;CORRENTE;302;1000;1030251182E900001;25/06/2024;36000623996202400;-;FAF;INCREMENTO MAC;2E90;ATENÇÃO ESPECIALIZADA À SAÚDE;INCREMENTO TEMPORÁRIO DO TETO DA MÉDIA E ALTA COMPLEXIDADE - MAC;03609595000175;FUNDO ESTADUAL DE SAUDE DO ESTADO DA PARAIBA - FESEP;4588;28/06/2024;PROPOSTA PAGA;Proposta Paga;02/07/2024;R$500.000,00;R$500.000,00;R$500.000,00
2024;60110002;S.PART.;COMISSÃO DE ASSUNTOS SOCIAIS - CAS;não se aplica;não se aplica;PB;251120;PEDRAS DE FOGO;MUNICIPAL;COMISSAO;CORRENTE;301;1000;1030151192E890001;25/06/2024;36000624077202400;-;FAF;INCREMENTO PAP;2E89;INCREMENTO TEMPORÁRIO AO CUSTEIO DOS SERVIÇOS DE ATENÇÃO PRIMÁRIA À SAÚDE - PAP;INCREMENTO DO PISO DA ATENÇÃO PRIMÁRIA À SAÚDE - PAP;10490987000123;FUNDO MUNICIPAL DE SAUDE;4581;28/06/2024;PROPOSTA PAGA;Proposta Paga;02/07/2024;R$800.000,00;R$800.000,00;R$800.000,00
2024;60110002;S.PART.;COMISSÃO DE ASSUNTOS SOCIAIS - CAS;não se aplica;não se aplica;PB;250915;MARIZOPOLIS;MUNICIPAL;COMISSAO;CORRENTE;301;1000;1030151192E890001;19/06/2024;36000620442202400;-;FAF;INCREMENTO PAP;2E89;INCREMENTO TEMPORÁRIO AO CUSTEIO DOS SERVIÇOS DE ATENÇÃO PRIMÁRIA À SAÚDE - PAP;INCREMENTO DO PISO DA ATENÇÃO PRIMÁRIA À SAÚDE - PAP;11404727000150;FUNDO MUNICIPAL DE SAUDE;4492;21/06/2024;PROPOSTA PAGA;Proposta Paga;26/06/2024;R$100.000,00;R$100.000,00;R$100.000,00
2024;50410002;S.PART.;COMISSÃO DA SAÚDE;não se aplica;não se aplica;PB;250053;ALCANTIL;MUNICIPAL;COMISSAO;CORRENTE;302;1000;1030251182E900001;24/06/2024;36000623368202400;-;FAF;INCREMENTO MAC;2E90;ATENÇÃO ESPECIALIZADA À SAÚDE;INCREMENTO TEMPORÁRIO DO TETO DA MÉDIA E ALTA COMPLEXIDADE - MAC;08448753000176;FUNDO MUNICIPAL DE SAUDE - ALCANTIL PB;4588;28/06/2024;PROPOSTA PAGA;Proposta Paga;02/07/2024;R$500.000,00;R$500.000,00;R$500.000,00
2024;50410002;S.PART.;COMISSÃO DA SAÚDE;não se aplica;não se aplica;PB;251220;PRATA;MUNICIPAL;COMISSAO;CORRENTE;302;1000;1030251182E900001;28/05/2024;36000614321202400;-;FAF;INCREMENTO MAC;2E90;ATENÇÃO ESPECIALIZADA À SAÚDE;INCREMENTO TEMPORÁRIO DO TETO DA MÉDIA E ALTA COMPLEXIDADE - MAC;11356674000140;FUNDO MUNICIPAL DE SAUDE DO MUNICIPIO DE PRATA;4218;10/06/2024;PROPOSTA PAGA;Proposta Paga;20/06/2024;R$257.272,00;R$257.272,00;R$257.272,00
2024;50410002;S.PART.;COMISSÃO DA SAÚDE;não se aplica;não se aplica;PB;251080;PATOS;MUNICIPAL;COMISSAO;CORRENTE;302;1001;1030251182E900001;25/04/2024;36000609040202400;-;FAF;INCREMENTO MAC;2E90;ATENÇÃO ESPECIALIZADA À SAÚDE;INCREMENTO TEMPORÁRIO DO TETO DA MÉDIA E ALTA COMPLEXIDADE - MAC;11242822000103;FUNDO MUNICIPAL DE SAUDE;3864;21/05/2024;PROPOSTA PAGA;Proposta Paga;29/05/2024;R$4.000.000,00;R$4.000.000,00;R$4.000.000,00
2024;50410002;S.PART.;COMISSÃO DA SAÚDE;não se aplica;não se aplica;PB;250890;MAMANGUAPE;MUNICIPAL;COMISSAO;CORRENTE;302;1001;1030251182E900001;12/04/2024;36000604224202400;-;FAF;INCREMENTO MAC;2E90;ATENÇÃO ESPECIALIZADA À SAÚDE;INCREMENTO TEMPORÁRIO DO TETO DA MÉDIA E ALTA COMPLEXIDADE - MAC;08674396000164;FUNDO MUNICIPAL DE SAUDE DE MAMANGUAPE;3864;21/05/2024;PROPOSTA PAGA;Proposta Paga;29/05/2024;R$1.000.000,00;R$1.000.000,00;R$1.000.000,00
2024;50410002;S.PART.;COMISSÃO DA SAÚDE;não se aplica;não se aplica;PB;251210;POMBAL;MUNICIPAL;COMISSAO;CORRENTE;302;1001;1030251182E900001;25/04/2024;36000608955202400;-;FAF;INCREMENTO MAC;2E90;ATENÇÃO ESPECIALIZADA À SAÚDE;INCREMENTO TEMPORÁRIO DO TETO DA MÉDIA E ALTA COMPLEXIDADE - MAC;10602526000103;FUNDO MUNICIPAL DE SAUDE;3864;21/05/2024;PROPOSTA PAGA;Proposta Paga;29/05/2024;R$800.000,00;R$800.000,00;R$800.000,00
2024;50410003;S.PART.;COMISSÃO DA SAÚDE;não se aplica;não se aplica;PB;250740;JERICO;MUNICIPAL;COMISSAO;CAPITAL;302;1000;10302511885350001;17/06/2024;12009325000124006;-;FAF;EQUIPAMENTO;8535;ATENÇÃO ESPECIALIZADA À SAÚDE;REDE DE ATENÇÃO HOSPITALAR - AMBULÂNCIA TIPO A - REMOÇÃO SIMPLES E ELETIVA;12009325000114;FUNDO MUNICIPAL DE SAUDE - FMS;6103;18/12/2024;PROPOSTA PAGA;Proposta Paga;16/06/2025;R$344.515,00;R$344.515,00;R$344.515,00
2024;50410004;S.PART.;COMISSÃO DA SAÚDE;não se aplica;não se aplica;PB;251720;VIEIROPOLIS;MUNICIPAL;COMISSAO;CORRENTE;301;3000;1030151192E890001;03/07/2024;36000630870202400;-;FAF;INCREMENTO PAP;2E89;INCREMENTO TEMPORÁRIO AO CUSTEIO DOS SERVIÇOS DE ATENÇÃO PRIMÁRIA À SAÚDE - PAP;INCREMENTO DO PISO DA ATENÇÃO PRIMÁRIA À SAÚDE - PAP;14688620000170;FUNDO MUNICIPAL DE SAUDE DE VIEIROPOLIS;4800;04/07/2024;PROPOSTA PAGA;Proposta Paga;05/07/2024;R$200.000,00;R$200.000,00;R$200.000,00
2024;50410004;S.PART.;COMISSÃO DA SAÚDE;não se aplica;não se aplica;PB;250057;ALGODAO DE JANDAIRA;MUNICIPAL;COMISSAO;CORRENTE;301;1000;1030151192E890001;21/05/2024;36000613500202400;-;FAF;INCREMENTO PAP;2E89;INCREMENTO TEMPORÁRIO AO CUSTEIO DOS SERVIÇOS DE ATENÇÃO PRIMÁRIA À SAÚDE - PAP;INCREMENTO DO PISO DA ATENÇÃO PRIMÁRIA À SAÚDE - PAP;11903620000157;FUNDO MUNICIPAL DE SAUDE DO MUNICIPIO DE ALGODAO DE JANDAIRA;4109;28/05/2024;PROPOSTA PAGA;Proposta Paga;11/06/2024;R$200.000,00;R$200.000,00;R$200.000,00
2024;50410004;S.PART.;COMISSÃO DA SAÚDE;não se aplica;não se aplica;PB;251510;SAO SEBASTIAO DE LAGOA DE ROCA;MUNICIPAL;COMISSAO;CORRENTE;301;1000;1030151192E890001;19/04/2024;36000607440202400;-;FAF;INCREMENTO PAP;2E89;INCREMENTO TEMPORÁRIO AO CUSTEIO DOS SERVIÇOS DE ATENÇÃO PRIMÁRIA À SAÚDE - PAP;INCREMENTO DO PISO DA ATENÇÃO PRIMÁRIA À SAÚDE - PAP;11143891000151;FUNDO MUNICIPAL DE SAUDE SAO SEBASTIAO DE LAGOA DE ROCA;3853;21/05/2024;PROPOSTA PAGA;Proposta Paga;29/05/2024;R$300.000,00;R$300.000,00;R$300.000,00
2024;50410004;S.PART.;COMISSÃO DA SAÚDE;não se aplica;não se aplica;PB;250527;CURRAL DE CIMA;MUNICIPAL;COMISSAO;CORRENTE;301;3000;1030151192E890001;03/07/2024;36000630632202400;-;FAF;INCREMENTO PAP;2E89;INCREMENTO TEMPORÁRIO AO CUSTEIO DOS SERVIÇOS DE ATENÇÃO PRIMÁRIA À SAÚDE - PAP;INCREMENTO DO PISO DA ATENÇÃO PRIMÁRIA À SAÚDE - PAP;17945598000194;FUNDO MUNICIPAL DE SAUDE DE CURRAL DE CIMA;4800;04/07/2024;PROPOSTA PAGA;Proposta Paga;05/07/2024;R$300.000,00;R$300.000,00;R$300.000,00
2024;50410004;S.PART.;COMISSÃO DA SAÚDE;não se aplica;não se aplica;PB;251230;PRINCESA ISABEL;MUNICIPAL;COMISSAO;CORRENTE;301;3000;1030151192E890001;24/06/2024;36000623499202400;-;FAF;INCREMENTO PAP;2E89;INCREMENTO TEMPORÁRIO AO CUSTEIO DOS SERVIÇOS DE ATENÇÃO PRIMÁRIA À SAÚDE - PAP;INCREMENTO DO PISO DA ATENÇÃO PRIMÁRIA À SAÚDE - PAP;10473821000107;FUNDO MUNICIPAL DE SAUDE DO MUNICIPIO DE PRINCESA ISABEL;4547;26/06/2024;PROPOSTA PAGA;Proposta Paga;28/06/2024;R$500.000,00;R$500.000,00;R$500.000,00
2024;50410004;S.PART.;COMISSÃO DA SAÚDE;não se aplica;não se aplica;PB;251275;RIACHAO DO BACAMARTE;MUNICIPAL;COMISSAO;CORRENTE;301;3000;1030151192E890001;03/07/2024;36000630754202400;-;FAF;INCREMENTO PAP;2E89;INCREMENTO TEMPORÁRIO AO CUSTEIO DOS SERVIÇOS DE ATENÇÃO PRIMÁRIA À SAÚDE - PAP;INCREMENTO DO PISO DA ATENÇÃO PRIMÁRIA À SAÚDE - PAP;11565067000190;FUNDO MUNICIPAL DE SAUDE - RIACHAO DO BACAMARTE - PB;4800;04/07/2024;PROPOSTA PAGA;Proposta Paga;05/07/2024;R$500.000,00;R$500.000,00;R$500.000,00
2024;50410006;S.PART.;COMISSÃO DA SAÚDE;não se aplica;não se aplica;PB;251700;UMBUZEIRO;MUNICIPAL;COMISSAO;CORRENTE;302;1001;1030251182E900001;21/06/2024;36000622010202400;-;FAF;INCREMENTO MAC;2E90;ATENÇÃO ESPECIALIZADA À SAÚDE;INCREMENTO TEMPORÁRIO DO TETO DA MÉDIA E ALTA COMPLEXIDADE - MAC;09494245000197;FUNDO MUNICIPAL DE SAUDE;4496;21/06/2024;PROPOSTA PAGA;Proposta Paga;26/06/2024;R$291.756,00;R$291.756,00;R$291.756,00
2024;60060003;S.PART.;COMISSÃO DE ASSUNTOS SOCIAIS - CAS;não se aplica;não se aplica;PB;250600;ESPERANCA;MUNICIPAL;COMISSAO;CORRENTE;301;3000;1030151192E890001;18/06/2024;36000618304202400;-;FAF;INCREMENTO PAP;2E89;INCREMENTO TEMPORÁRIO AO CUSTEIO DOS SERVIÇOS DE ATENÇÃO PRIMÁRIA À SAÚDE - PAP;INCREMENTO DO PISO DA ATENÇÃO PRIMÁRIA À SAÚDE - PAP;12011984000195;FUNDO MUNICIPAL DE SAUDE;4458;19/06/2024;PROPOSTA PAGA;Proposta Paga;26/06/2024;R$500.000,00;R$500.000,00;R$500.000,00
2024;50410004;S.PART.;COMISSÃO DA SAÚDE;não se aplica;não se aplica;PB;250750;JOAO PESSOA;MUNICIPAL;COMISSAO;CORRENTE;301;3000;1030151192E890001;21/06/2024;36000622374202400;-;FAF;INCREMENTO PAP;2E89;INCREMENTO TEMPORÁRIO AO CUSTEIO DOS SERVIÇOS DE ATENÇÃO PRIMÁRIA À SAÚDE - PAP;INCREMENTO DO PISO DA ATENÇÃO PRIMÁRIA À SAÚDE - PAP;08715618000140;FUNDO MUNICIPAL DE SAUDE;4524;25/06/2024;PROPOSTA PAGA;Proposta Paga;28/06/2024;R$10.000.000,00;R$10.000.000,00;R$10.000.000,00
2024;60060003;S.PART.;COMISSÃO DE ASSUNTOS SOCIAIS - CAS;não se aplica;não se aplica;PB;250160;BARRA DE SANTA ROSA;MUNICIPAL;COMISSAO;CORRENTE;302;1000;1030251182E900001;20/06/2024;36000620802202400;-;FAF;INCREMENTO MAC;2E90;ATENÇÃO ESPECIALIZADA À SAÚDE;INCREMENTO TEMPORÁRIO DO TETO DA MÉDIA E ALTA COMPLEXIDADE - MAC;11404690000160;FUNDO MUNICIPAL DE SAUDE;4493;21/06/2024;PROPOSTA PAGA;Proposta Paga;26/06/2024;R$780.000,00;R$780.000,00;R$780.000,00
2024;60110001;S.PART.;COMISSÃO DE ASSUNTOS SOCIAIS - CAS;não se aplica;não se aplica;PB;251280;RIACHO DOS CAVALOS;MUNICIPAL;COMISSAO;CORRENTE;302;1000;1030251182E900001;25/06/2024;36000624642202400;-;FAF;INCREMENTO MAC;2E90;ATENÇÃO ESPECIALIZADA À SAÚDE;INCREMENTO TEMPORÁRIO DO TETO DA MÉDIA E ALTA COMPLEXIDADE - MAC;12081925000193;RIACHO DOS CAVALOS FUNDO MUNICIPAL DE SAUDE;4588;28/06/2024;PROPOSTA PAGA;Proposta Paga;02/07/2024;R$40.471,00;R$40.471,00;R$40.471,00
2024;60110001;S.PART.;COMISSÃO DE ASSUNTOS SOCIAIS - CAS;não se aplica;não se aplica;PB;251400;SAO JOAO DO CARIRI;MUNICIPAL;COMISSAO;CORRENTE;302;1000;1030251182E900001;20/06/2024;36000620765202400;-;FAF;INCREMENTO MAC;2E90;ATENÇÃO ESPECIALIZADA À SAÚDE;INCREMENTO TEMPORÁRIO DO TETO DA MÉDIA E ALTA COMPLEXIDADE - MAC;12447221000191;FUNDO MUNICIPAL DE SAUDE DE SAO JOAO DO CARIRI - PB;4493;21/06/2024;PROPOSTA PAGA;Proposta Paga;26/06/2024;R$119.000,00;R$119.000,00;R$119.000,00
2024;50410002;S.PART.;COMISSÃO DA SAÚDE;não se aplica;não se aplica;PB;250510;CUITE;MUNICIPAL;COMISSAO;CORRENTE;302;1000;1030251182E900001;24/06/2024;36000623275202400;-;FAF;INCREMENTO MAC;2E90;ATENÇÃO ESPECIALIZADA À SAÚDE;INCREMENTO TEMPORÁRIO DO TETO DA MÉDIA E ALTA COMPLEXIDADE - MAC;11404674000178;FUNDO MUNICIPAL DE SAUDE;4588;28/06/2024;PROPOSTA PAGA;Proposta Paga;02/07/2024;R$2.800.000,00;R$2.800.000,00;R$2.800.000,00
2024;50410002;S.PART.;COMISSÃO DA SAÚDE;não se aplica;não se aplica;PB;251510;SAO SEBASTIAO DE LAGOA DE ROCA;MUNICIPAL;COMISSAO;CORRENTE;302;1000;1030251182E900001;24/06/2024;36000623336202400;-;FAF;INCREMENTO MAC;2E90;ATENÇÃO ESPECIALIZADA À SAÚDE;INCREMENTO TEMPORÁRIO DO TETO DA MÉDIA E ALTA COMPLEXIDADE - MAC;11143891000151;FUNDO MUNICIPAL DE SAUDE SAO SEBASTIAO DE LAGOA DE ROCA;4588;28/06/2024;PROPOSTA PAGA;Proposta Paga;02/07/2024;R$290.000,00;R$290.000,00;R$290.000,00
2024;50410004;S.PART.;COMISSÃO DA SAÚDE;não se aplica;não se aplica;PB;250380;CALDAS BRANDAO;MUNICIPAL;COMISSAO;CORRENTE;301;3000;1030151192E890001;04/07/2024;36000631316202400;-;FAF;INCREMENTO PAP;2E89;INCREMENTO TEMPORÁRIO AO CUSTEIO DOS SERVIÇOS DE ATENÇÃO PRIMÁRIA À SAÚDE - PAP;INCREMENTO DO PISO DA ATENÇÃO PRIMÁRIA À SAÚDE - PAP;11238753000156;FUNDO MUNICIPAL DE SAUDE CALDAS BRANDAO;4845;08/07/2024;PROPOSTA PAGA;Proposta Paga;30/05/2025;R$12.027,00;R$12.027,00;R$12.027,00
2024;50410004;S.PART.;COMISSÃO DA SAÚDE;não se aplica;não se aplica;PB;250590;EMAS;MUNICIPAL;COMISSAO;CORRENTE;301;1000;1030151192E890001;25/04/2024;36000608809202400;-;FAF;INCREMENTO PAP;2E89;INCREMENTO TEMPORÁRIO AO CUSTEIO DOS SERVIÇOS DE ATENÇÃO PRIMÁRIA À SAÚDE - PAP;INCREMENTO DO PISO DA ATENÇÃO PRIMÁRIA À SAÚDE - PAP;11655026000194;FUNDO MUNICIPAL DE SAUDE;3853;21/05/2024;PROPOSTA PAGA;Proposta Paga;29/05/2024;R$200.000,00;R$200.000,00;R$200.000,00
2024;50410004;S.PART.;COMISSÃO DA SAÚDE;não se aplica;não se aplica;PB;250540;DESTERRO;MUNICIPAL;COMISSAO;CORRENTE;301;1000;1030151192E890001;24/04/2024;36000608749202400;-;FAF;INCREMENTO PAP;2E89;INCREMENTO TEMPORÁRIO AO CUSTEIO DOS SERVIÇOS DE ATENÇÃO PRIMÁRIA À SAÚDE - PAP;INCREMENTO DO PISO DA ATENÇÃO PRIMÁRIA À SAÚDE - PAP;10493355000113;FUNDO MUNICIPAL DE SAUDE DE DESTERRO;3853;21/05/2024;PROPOSTA PAGA;Proposta Paga;29/05/2024;R$500.000,00;R$500.000,00;R$500.000,00
2024;50410004;S.PART.;COMISSÃO DA SAÚDE;não se aplica;não se aplica;PB;250090;ARARA;MUNICIPAL;COMISSAO;CORRENTE;301;3000;1030151192E890001;27/06/2024;36000626643202400;-;FAF;INCREMENTO PAP;2E89;INCREMENTO TEMPORÁRIO AO CUSTEIO DOS SERVIÇOS DE ATENÇÃO PRIMÁRIA À SAÚDE - PAP;INCREMENTO DO PISO DA ATENÇÃO PRIMÁRIA À SAÚDE - PAP;11898585000125;FUNDO MUNICIPAL DE SAUDE DO MUNICIPIO DE ARARA - PB;4654;01/07/2024;PROPOSTA PAGA;Proposta Paga;04/07/2024;R$100.000,00;R$100.000,00;R$100.000,00
2024;50410004;S.PART.;COMISSÃO DA SAÚDE;não se aplica;não se aplica;PB;250800;JURU;MUNICIPAL;COMISSAO;CORRENTE;301;3000;1030151192E890001;03/07/2024;36000629931202400;-;FAF;INCREMENTO PAP;2E89;INCREMENTO TEMPORÁRIO AO CUSTEIO DOS SERVIÇOS DE ATENÇÃO PRIMÁRIA À SAÚDE - PAP;INCREMENTO DO PISO DA ATENÇÃO PRIMÁRIA À SAÚDE - PAP;10538747000151;FUNDO MUNICIPAL DE SAUDE;4760;04/07/2024;PROPOSTA PAGA;Proposta Paga;05/07/2024;R$300.000,00;R$300.000,00;R$300.000,00
2024;50410004;S.PART.;COMISSÃO DA SAÚDE;não se aplica;não se aplica;PB;251650;TAPEROA;MUNICIPAL;COMISSAO;CORRENTE;301;3000;1030151192E890001;03/07/2024;36000630868202400;-;FAF;INCREMENTO PAP;2E89;INCREMENTO TEMPORÁRIO AO CUSTEIO DOS SERVIÇOS DE ATENÇÃO PRIMÁRIA À SAÚDE - PAP;INCREMENTO DO PISO DA ATENÇÃO PRIMÁRIA À SAÚDE - PAP;11850452000189;FUNDO MUNICIPAL DE SAUDE DE TAPEROA;4800;04/07/2024;PROPOSTA PAGA;Proposta Paga;05/07/2024;R$300.000,00;R$300.000,00;R$300.000,00
2024;50410004;S.PART.;COMISSÃO DA SAÚDE;não se aplica;não se aplica;PB;250510;CUITE;MUNICIPAL;COMISSAO;CORRENTE;301;3000;1030151192E890001;03/07/2024;36000630784202400;-;FAF;INCREMENTO PAP;2E89;INCREMENTO TEMPORÁRIO AO CUSTEIO DOS SERVIÇOS DE ATENÇÃO PRIMÁRIA À SAÚDE - PAP;INCREMENTO DO PISO DA ATENÇÃO PRIMÁRIA À SAÚDE - PAP;11404674000178;FUNDO MUNICIPAL DE SAUDE;4800;04/07/2024;PROPOSTA PAGA;Proposta Paga;05/07/2024;R$400.000,00;R$400.000,00;R$400.000,00
2024;60060003;S.PART.;COMISSÃO DE ASSUNTOS SOCIAIS - CAS;não se aplica;não se aplica;PB;250720;ITATUBA;MUNICIPAL;COMISSAO;CORRENTE;301;3000;1030151192E890001;24/06/2024;36000623513202400;-;FAF;INCREMENTO PAP;2E89;INCREMENTO TEMPORÁRIO AO CUSTEIO DOS SERVIÇOS DE ATENÇÃO PRIMÁRIA À SAÚDE - PAP;INCREMENTO DO PISO DA ATENÇÃO PRIMÁRIA À SAÚDE - PAP;12306005000126;FUNDO MUNICIPAL DE SAUDE;4547;26/06/2024;PROPOSTA PAGA;Proposta Paga;28/06/2024;R$300.000,00;R$300.000,00;R$300.000,00
2024;50410004;S.PART.;COMISSÃO DA SAÚDE;não se aplica;não se aplica;PB;250170;BARRA DE SAO MIGUEL;MUNICIPAL;COMISSAO;CORRENTE;301;3000;1030151192E890001;03/07/2024;36000630596202400;-;FAF;INCREMENTO PAP;2E89;INCREMENTO TEMPORÁRIO AO CUSTEIO DOS SERVIÇOS DE ATENÇÃO PRIMÁRIA À SAÚDE - PAP;INCREMENTO DO PISO DA ATENÇÃO PRIMÁRIA À SAÚDE - PAP;11228592000110;FUNDO MUNICIPAL DE SAUDE DE BARRA DE SAO MIGUEL;4800;04/07/2024;PROPOSTA PAGA;Proposta Paga;05/07/2024;R$500.000,00;R$500.000,00;R$500.000,00
2024;50410004;S.PART.;COMISSÃO DA SAÚDE;não se aplica;não se aplica;PB;250240;BONITO DE SANTA FE;MUNICIPAL;COMISSAO;CORRENTE;301;3000;1030151192E890001;03/07/2024;36000629576202400;-;FAF;INCREMENTO PAP;2E89;INCREMENTO TEMPORÁRIO AO CUSTEIO DOS SERVIÇOS DE ATENÇÃO PRIMÁRIA À SAÚDE - PAP;INCREMENTO DO PISO DA ATENÇÃO PRIMÁRIA À SAÚDE - PAP;11494230000170;FUNDO MUNICIPAL DE SAUDE BONITO DE SANTA FE;4759;04/07/2024;PROPOSTA PAGA;Proposta Paga;05/07/2024;R$500.000,00;R$500.000,00;R$500.000,00
2024;50410004;S.PART.;COMISSÃO DA SAÚDE;não se aplica;não se aplica;PB;250020;AGUIAR;MUNICIPAL;COMISSAO;CORRENTE;301;3000;1030151192E890001;03/07/2024;36000630159202400;-;FAF;INCREMENTO PAP;2E89;INCREMENTO TEMPORÁRIO AO CUSTEIO DOS SERVIÇOS DE ATENÇÃO PRIMÁRIA À SAÚDE - PAP;INCREMENTO DO PISO DA ATENÇÃO PRIMÁRIA À SAÚDE - PAP;11267041000165;FUNDO MUNICIPAL DE SAUDE;4760;04/07/2024;PROPOSTA PAGA;Proposta Paga;05/07/2024;R$900.000,00;R$900.000,00;R$900.000,00
2024;50410004;S.PART.;COMISSÃO DA SAÚDE;não se aplica;não se aplica;PB;250510;CUITE;MUNICIPAL;COMISSAO;CORRENTE;301;3000;1030151192E890001;24/06/2024;36000623282202400;-;FAF;INCREMENTO PAP;2E89;INCREMENTO TEMPORÁRIO AO CUSTEIO DOS SERVIÇOS DE ATENÇÃO PRIMÁRIA À SAÚDE - PAP;INCREMENTO DO PISO DA ATENÇÃO PRIMÁRIA À SAÚDE - PAP;11404674000178;FUNDO MUNICIPAL DE SAUDE;4547;26/06/2024;PROPOSTA PAGA;Proposta Paga;28/06/2024;R$1.700.000,00;R$1.700.000,00;R$1.700.000,00
2024;50410005;S.PART.;COMISSÃO DA SAÚDE;não se aplica;não se aplica;PB;251278;RIACHO DE SANTO ANTONIO;MUNICIPAL;COMISSAO;CAPITAL;301;1001;10301511985810001;30/04/2024;11170236000124003;-;FAF;EQUIPAMENTO;8581;SAÚDE DA FAMÍLIA;EQUIPAMENTOS;11170236000192;FUNDO MUNICIPAL DE SAUDE;3866;21/05/2024;PROPOSTA PAGA;Proposta Paga;29/05/2024;R$93.770,00;R$93.770,00;R$93.770,00
2024;60060003;S.PART.;COMISSÃO DE ASSUNTOS SOCIAIS - CAS;não se aplica;não se aplica;PB;251610;SOLEDADE;MUNICIPAL;COMISSAO;CORRENTE;302;1000;1030251182E900001;03/07/2024;36000630637202400;-;FAF;INCREMENTO MAC;2E90;ATENÇÃO ESPECIALIZADA À SAÚDE;INCREMENTO TEMPORÁRIO DO TETO DA MÉDIA E ALTA COMPLEXIDADE - MAC;02182502000106;FUNDO MUNICIPAL DE SAUDE DE SOLEDADE;4805;04/07/2024;PROPOSTA PAGA;Proposta Paga;05/07/2024;R$500.000,00;R$500.000,00;R$500.000,00
2024;60110002;S.PART.;COMISSÃO DE ASSUNTOS SOCIAIS - CAS;não se aplica;não se aplica;PB;250880;MALTA;MUNICIPAL;COMISSAO;CORRENTE;301;1000;1030151192E890001;18/06/2024;36000618486202400;-;FAF;INCREMENTO PAP;2E89;INCREMENTO TEMPORÁRIO AO CUSTEIO DOS SERVIÇOS DE ATENÇÃO PRIMÁRIA À SAÚDE - PAP;INCREMENTO DO PISO DA ATENÇÃO PRIMÁRIA À SAÚDE - PAP;12460136000163;FUNDO MUNICIPAL DE SAUDE DE MALTA;4492;21/06/2024;PROPOSTA PAGA;Proposta Paga;26/06/2024;R$300.000,00;R$300.000,00;R$300.000,00
2024;60110002;S.PART.;COMISSÃO DE ASSUNTOS SOCIAIS - CAS;não se aplica;não se aplica;PB;251470;SAO JOSE DO SABUGI;MUNICIPAL;COMISSAO;CORRENTE;301;1000;1030151192E890001;19/06/2024;36000620061202400;-;FAF;INCREMENTO PAP;2E89;INCREMENTO TEMPORÁRIO AO CUSTEIO DOS SERVIÇOS DE ATENÇÃO PRIMÁRIA À SAÚDE - PAP;INCREMENTO DO PISO DA ATENÇÃO PRIMÁRIA À SAÚDE - PAP;11850135000162;FUNDO MUNICIPAL DE SAUDE DO MUNICIPIO DE SAO JOSE DO SABUGI;4492;21/06/2024;PROPOSTA PAGA;Proposta Paga;26/06/2024;R$79.000,00;R$79.000,00;R$79.000,00
2024;60060003;S.PART.;COMISSÃO DE ASSUNTOS SOCIAIS - CAS;não se aplica;não se aplica;PB;250030;ALAGOA GRANDE;MUNICIPAL;COMISSAO;CORRENTE;302;1000;1030251182E900001;18/06/2024;36000619211202400;-;FAF;INCREMENTO MAC;2E90;ATENÇÃO ESPECIALIZADA À SAÚDE;INCREMENTO TEMPORÁRIO DO TETO DA MÉDIA E ALTA COMPLEXIDADE - MAC;17698753000115;FUNDO MUNICIPAL DE SAUDE DE ALAGOA GRANDE;4493;21/06/2024;PROPOSTA PAGA;Proposta Paga;26/06/2024;R$1.000.000,00;R$1.000.000,00;R$1.000.000,00
2024;60110002;S.PART.;COMISSÃO DE ASSUNTOS SOCIAIS - CAS;não se aplica;não se aplica;PB;251010;NOVA FLORESTA;MUNICIPAL;COMISSAO;CORRENTE;301;1000;1030151192E890001;25/06/2024;36000624054202400;-;FAF;INCREMENTO PAP;2E89;INCREMENTO TEMPORÁRIO AO CUSTEIO DOS SERVIÇOS DE ATENÇÃO PRIMÁRIA À SAÚDE - PAP;INCREMENTO DO PISO DA ATENÇÃO PRIMÁRIA À SAÚDE - PAP;18517489000139;FUNDO MUNICIPAL DE SAUDE;4581;28/06/2024;PROPOSTA PAGA;Proposta Paga;02/07/2024;R$100.000,00;R$100.000,00;R$100.000,00
2024;50410002;S.PART.;COMISSÃO DA SAÚDE;não se aplica;não se aplica;PB;250160;BARRA DE SANTA ROSA;MUNICIPAL;COMISSAO;CORRENTE;302;1000;1030251182E900001;04/07/2024;36000631001202400;-;FAF;INCREMENTO MAC;2E90;ATENÇÃO ESPECIALIZADA À SAÚDE;INCREMENTO TEMPORÁRIO DO TETO DA MÉDIA E ALTA COMPLEXIDADE - MAC;11404690000160;FUNDO MUNICIPAL DE SAUDE;4805;04/07/2024;PROPOSTA PAGA;Proposta Paga;05/07/2024;R$1.914,00;R$1.914,00;R$1.914,00
2024;50410002;S.PART.;COMISSÃO DA SAÚDE;não se aplica;não se aplica;PB;250930;MATARACA;MUNICIPAL;COMISSAO;CORRENTE;302;1001;1030251182E900001;21/06/2024;36000621706202400;-;FAF;INCREMENTO MAC;2E90;ATENÇÃO ESPECIALIZADA À SAÚDE;INCREMENTO TEMPORÁRIO DO TETO DA MÉDIA E ALTA COMPLEXIDADE - MAC;13070749000157;FUNDO MUNICIPAL DE SAUDE DO MUNICIPIO DE MATARACA-PB;4480;21/06/2024;PROPOSTA PAGA;Proposta Paga;26/06/2024;R$890.000,00;R$890.000,00;R$890.000,00
2024;50410003;S.PART.;COMISSÃO DA SAÚDE;não se aplica;não se aplica;PB;251210;POMBAL;MUNICIPAL;COMISSAO;CAPITAL;302;1000;10302511885350001;19/06/2024;10602526000124004;-;FAF;EQUIPAMENTO;8535;ATENÇÃO ESPECIALIZADA À SAÚDE;REDE DE ATENÇÃO HOSPITALAR - AMBULÂNCIA TIPO A - REMOÇÃO SIMPLES E ELETIVA;10602526000103;FUNDO MUNICIPAL DE SAUDE;6103;18/12/2024;PROPOSTA PAGA;Proposta Paga;16/06/2025;R$323.812,00;R$323.812,00;R$323.812,00
2024;50410002;S.PART.;COMISSÃO DA SAÚDE;não se aplica;não se aplica;PB;250460;CONDE;MUNICIPAL;COMISSAO;CORRENTE;302;1001;1030251182E900001;16/04/2024;36000606047202400;-;FAF;INCREMENTO MAC;2E90;ATENÇÃO ESPECIALIZADA À SAÚDE;INCREMENTO TEMPORÁRIO DO TETO DA MÉDIA E ALTA COMPLEXIDADE - MAC;11570107000191;FUNDO MUNICIPAL DE SAUDE;3864;21/05/2024;PROPOSTA PAGA;Proposta Paga;29/05/2024;R$600.000,00;R$600.000,00;R$600.000,00
2024;50410002;S.PART.;COMISSÃO DA SAÚDE;não se aplica;não se aplica;PB;250150;BANANEIRAS;MUNICIPAL;COMISSAO;CORRENTE;302;1001;1030251182E900001;15/06/2024;36000616461202400;-;FAF;INCREMENTO MAC;2E90;ATENÇÃO ESPECIALIZADA À SAÚDE;INCREMENTO TEMPORÁRIO DO TETO DA MÉDIA E ALTA COMPLEXIDADE - MAC;18730452000194;BANANEIRAS - FUNDO MUNICIPAL DE SAUDE;4450;19/06/2024;PROPOSTA PAGA;Proposta Paga;26/06/2024;R$650.000,00;R$650.000,00;R$650.000,00
2024;50410004;S.PART.;COMISSÃO DA SAÚDE;não se aplica;não se aplica;PB;250490;CRUZ DO ESPIRITO SANTO;MUNICIPAL;COMISSAO;CORRENTE;301;1000;1030151192E890001;22/04/2024;36000607703202400;-;FAF;INCREMENTO PAP;2E89;INCREMENTO TEMPORÁRIO AO CUSTEIO DOS SERVIÇOS DE ATENÇÃO PRIMÁRIA À SAÚDE - PAP;INCREMENTO DO PISO DA ATENÇÃO PRIMÁRIA À SAÚDE - PAP;23014200000107;FUNDO MUNICIPAL DE SAUDE DE CRUZ DO ESPIRITO SANTO;3853;21/05/2024;PROPOSTA PAGA;Proposta Paga;29/05/2024;R$150.000,00;R$150.000,00;R$150.000,00
2024;50410004;S.PART.;COMISSÃO DA SAÚDE;não se aplica;não se aplica;PB;250625;GADO BRAVO;MUNICIPAL;COMISSAO;CORRENTE;301;3000;1030151192E890001;03/07/2024;36000629799202400;-;FAF;INCREMENTO PAP;2E89;INCREMENTO TEMPORÁRIO AO CUSTEIO DOS SERVIÇOS DE ATENÇÃO PRIMÁRIA À SAÚDE - PAP;INCREMENTO DO PISO DA ATENÇÃO PRIMÁRIA À SAÚDE - PAP;11136097000180;FUNDO MUNICIPAL DE SAUDE GADO BRAVO;4760;04/07/2024;PROPOSTA PAGA;Proposta Paga;05/07/2024;R$200.000,00;R$200.000,00;R$200.000,00
2024;50410004;S.PART.;COMISSÃO DA SAÚDE;não se aplica;não se aplica;PB;250905;MARCACAO;MUNICIPAL;COMISSAO;CORRENTE;301;3000;1030151192E890001;03/07/2024;36000630648202400;-;FAF;INCREMENTO PAP;2E89;INCREMENTO TEMPORÁRIO AO CUSTEIO DOS SERVIÇOS DE ATENÇÃO PRIMÁRIA À SAÚDE - PAP;INCREMENTO DO PISO DA ATENÇÃO PRIMÁRIA À SAÚDE - PAP;12370254000180;MARCACAO - FUNDO MUNICIPAL DE SAUDE;4800;04/07/2024;PROPOSTA PAGA;Proposta Paga;05/07/2024;R$320.000,00;R$320.000,00;R$320.000,00
2024;50410004;S.PART.;COMISSÃO DA SAÚDE;não se aplica;não se aplica;PB;250740;JERICO;MUNICIPAL;COMISSAO;CORRENTE;301;3000;1030151192E890001;17/06/2024;36000616672202400;-;FAF;INCREMENTO PAP;2E89;INCREMENTO TEMPORÁRIO AO CUSTEIO DOS SERVIÇOS DE ATENÇÃO PRIMÁRIA À SAÚDE - PAP;INCREMENTO DO PISO DA ATENÇÃO PRIMÁRIA À SAÚDE - PAP;12009325000114;FUNDO MUNICIPAL DE SAUDE - FMS;4458;19/06/2024;PROPOSTA PAGA;Proposta Paga;26/06/2024;R$150.000,00;R$150.000,00;R$150.000,00
2024;50410004;S.PART.;COMISSÃO DA SAÚDE;não se aplica;não se aplica;PB;251398;SAO FRANCISCO;MUNICIPAL;COMISSAO;CORRENTE;301;3000;1030151192E890001;04/07/2024;36000631058202400;-;FAF;INCREMENTO PAP;2E89;INCREMENTO TEMPORÁRIO AO CUSTEIO DOS SERVIÇOS DE ATENÇÃO PRIMÁRIA À SAÚDE - PAP;INCREMENTO DO PISO DA ATENÇÃO PRIMÁRIA À SAÚDE - PAP;10398439000178;FUNDO MUNICIPAL DE SAUDE;4800;04/07/2024;PROPOSTA PAGA;Proposta Paga;05/07/2024;R$150.000,00;R$150.000,00;R$150.000,00
2024;50410004;S.PART.;COMISSÃO DA SAÚDE;não se aplica;não se aplica;PB;251590;SERRARIA;MUNICIPAL;COMISSAO;CORRENTE;301;3000;1030151192E890001;04/07/2024;36000630947202400;-;FAF;INCREMENTO PAP;2E89;INCREMENTO TEMPORÁRIO AO CUSTEIO DOS SERVIÇOS DE ATENÇÃO PRIMÁRIA À SAÚDE - PAP;INCREMENTO DO PISO DA ATENÇÃO PRIMÁRIA À SAÚDE - PAP;12011652000100;SSFUNDO MUNICIPAL DE SAUDE DE SERRARIA - PB;4800;04/07/2024;PROPOSTA PAGA;Proposta Paga;05/07/2024;R$300.000,00;R$300.000,00;R$300.000,00
2024;50410004;S.PART.;COMISSÃO DA SAÚDE;não se aplica;não se aplica;PB;250939;MATUREIA;MUNICIPAL;COMISSAO;CORRENTE;301;3000;1030151192E890001;19/06/2024;36000620399202400;-;FAF;INCREMENTO PAP;2E89;INCREMENTO TEMPORÁRIO AO CUSTEIO DOS SERVIÇOS DE ATENÇÃO PRIMÁRIA À SAÚDE - PAP;INCREMENTO DO PISO DA ATENÇÃO PRIMÁRIA À SAÚDE - PAP;11209770000165;FUNDO MUNICIPAL DE SAUDE;4492;21/06/2024;PROPOSTA PAGA;Proposta Paga;26/06/2024;R$206.752,00;R$206.752,00;R$206.752,00
2024;60060003;S.PART.;COMISSÃO DE ASSUNTOS SOCIAIS - CAS;não se aplica;não se aplica;PB;250790;JURIPIRANGA;MUNICIPAL;COMISSAO;CORRENTE;301;3000;1030151192E890001;18/06/2024;36000618460202400;-;FAF;INCREMENTO PAP;2E89;INCREMENTO TEMPORÁRIO AO CUSTEIO DOS SERVIÇOS DE ATENÇÃO PRIMÁRIA À SAÚDE - PAP;INCREMENTO DO PISO DA ATENÇÃO PRIMÁRIA À SAÚDE - PAP;11164805000197;FUNDO MUNICIPAL DE SAUDE;4492;21/06/2024;PROPOSTA PAGA;Proposta Paga;26/06/2024;R$300.000,00;R$300.000,00;R$300.000,00
2024;50410004;S.PART.;COMISSÃO DA SAÚDE;não se aplica;não se aplica;PB;250770;JUAZEIRINHO;MUNICIPAL;COMISSAO;CORRENTE;301;3000;1030151192E890001;24/06/2024;36000623398202400;-;FAF;INCREMENTO PAP;2E89;INCREMENTO TEMPORÁRIO AO CUSTEIO DOS SERVIÇOS DE ATENÇÃO PRIMÁRIA À SAÚDE - PAP;INCREMENTO DO PISO DA ATENÇÃO PRIMÁRIA À SAÚDE - PAP;11277311000119;FUNDO MUNICIPAL DE SAUDE DE JUAZEIRINHO;4547;26/06/2024;PROPOSTA PAGA;Proposta Paga;28/06/2024;R$500.000,00;R$500.000,00;R$500.000,00
2024;50410004;S.PART.;COMISSÃO DA SAÚDE;não se aplica;não se aplica;PB;250750;JOAO PESSOA;MUNICIPAL;COMISSAO;CORRENTE;301;3000;1030151192E890001;03/07/2024;36000630351202400;-;FAF;INCREMENTO PAP;2E89;INCREMENTO TEMPORÁRIO AO CUSTEIO DOS SERVIÇOS DE ATENÇÃO PRIMÁRIA À SAÚDE - PAP;INCREMENTO DO PISO DA ATENÇÃO PRIMÁRIA À SAÚDE - PAP;08715618000140;FUNDO MUNICIPAL DE SAUDE;4798;04/07/2024;PROPOSTA PAGA;Proposta Paga;30/05/2025;R$1.250.000,00;R$1.250.000,00;R$1.250.000,00
2024;60060003;S.PART.;COMISSÃO DE ASSUNTOS SOCIAIS - CAS;não se aplica;não se aplica;PB;250700;ITAPORANGA;MUNICIPAL;COMISSAO;CORRENTE;301;3000;1030151192E890001;19/06/2024;36000619401202400;-;FAF;INCREMENTO PAP;2E89;INCREMENTO TEMPORÁRIO AO CUSTEIO DOS SERVIÇOS DE ATENÇÃO PRIMÁRIA À SAÚDE - PAP;INCREMENTO DO PISO DA ATENÇÃO PRIMÁRIA À SAÚDE - PAP;11174552000132;FUNDO MUNICIPAL DE SAUDE DE ITAPORANGA;4492;21/06/2024;PROPOSTA PAGA;Proposta Paga;26/06/2024;R$150.000,00;R$150.000,00;R$150.000,00
2024;60060003;S.PART.;COMISSÃO DE ASSUNTOS SOCIAIS - CAS;não se aplica;não se aplica;PB;250040;ALAGOA NOVA;MUNICIPAL;COMISSAO;CORRENTE;301;3000;1030151192E890001;18/06/2024;36000618329202400;-;FAF;INCREMENTO PAP;2E89;INCREMENTO TEMPORÁRIO AO CUSTEIO DOS SERVIÇOS DE ATENÇÃO PRIMÁRIA À SAÚDE - PAP;INCREMENTO DO PISO DA ATENÇÃO PRIMÁRIA À SAÚDE - PAP;11838096000188;FUNDO MUNICIPAL DE SAUDE DE ALAGOA NOVA;4458;19/06/2024;PROPOSTA PAGA;Proposta Paga;26/06/2024;R$400.000,00;R$400.000,00;R$400.000,00
2024;60060003;S.PART.;COMISSÃO DE ASSUNTOS SOCIAIS - CAS;não se aplica;não se aplica;PB;250730;JACARAU;MUNICIPAL;COMISSAO;CORRENTE;301;3000;1030151192E890001;26/06/2024;36000625519202400;-;FAF;INCREMENTO PAP;2E89;INCREMENTO TEMPORÁRIO AO CUSTEIO DOS SERVIÇOS DE ATENÇÃO PRIMÁRIA À SAÚDE - PAP;INCREMENTO DO PISO DA ATENÇÃO PRIMÁRIA À SAÚDE - PAP;10486210000195;FUNDO MUNICIPAL DE SAUDE DE JACARAU;4597;01/07/2024;PROPOSTA PAGA;Proposta Paga;04/07/2024;R$400.000,00;R$400.000,00;R$400.000,00
2024;50410004;S.PART.;COMISSÃO DA SAÚDE;não se aplica;não se aplica;PB;250930;MATARACA;MUNICIPAL;COMISSAO;CORRENTE;301;3000;1030151192E890001;18/06/2024;36000618823202400;-;FAF;INCREMENTO PAP;2E89;INCREMENTO TEMPORÁRIO AO CUSTEIO DOS SERVIÇOS DE ATENÇÃO PRIMÁRIA À SAÚDE - PAP;INCREMENTO DO PISO DA ATENÇÃO PRIMÁRIA À SAÚDE - PAP;13070749000157;FUNDO MUNICIPAL DE SAUDE DO MUNICIPIO DE MATARACA-PB;4492;21/06/2024;PROPOSTA PAGA;Proposta Paga;26/06/2024;R$1.000.000,00;R$1.000.000,00;R$1.000.000,00
2024;50410005;S.PART.;COMISSÃO DA SAÚDE;não se aplica;não se aplica;PB;250620;FREI MARTINHO;MUNICIPAL;COMISSAO;CAPITAL;301;1001;10301511985810001;25/04/2024;11252030000124002;-;FAF;EQUIPAMENTO;8581;SAÚDE DA FAMÍLIA;EQUIPAMENTOS;11252030000101;FUNDO MUNICIPAL DE SAUDE DE FREI MARTINHO;4107;28/05/2024;PROPOSTA PAGA;Proposta Paga;10/06/2024;R$93.801,00;R$93.801,00;R$93.801,00
2024;60060003;S.PART.;COMISSÃO DE ASSUNTOS SOCIAIS - CAS;não se aplica;não se aplica;PB;250460;CONDE;MUNICIPAL;COMISSAO;CORRENTE;302;1000;1030251182E900001;18/06/2024;36000619226202400;-;FAF;INCREMENTO MAC;2E90;ATENÇÃO ESPECIALIZADA À SAÚDE;INCREMENTO TEMPORÁRIO DO TETO DA MÉDIA E ALTA COMPLEXIDADE - MAC;11570107000191;FUNDO MUNICIPAL DE SAUDE;4493;21/06/2024;PROPOSTA PAGA;Proposta Paga;26/06/2024;R$500.000,00;R$500.000,00;R$500.000,00
2024;50410002;S.PART.;COMISSÃO DA SAÚDE;não se aplica;não se aplica;PB;250400;CAMPINA GRANDE;MUNICIPAL;COMISSAO;CORRENTE;302;1000;1030251182E900001;03/07/2024;36000630533202400;-;FAF;INCREMENTO MAC;2E90;ATENÇÃO ESPECIALIZADA À SAÚDE;INCREMENTO TEMPORÁRIO DO TETO DA MÉDIA E ALTA COMPLEXIDADE - MAC;24513574000121;FUNDO MUNICIPAL DE SAUDE DE CAMPINA GRANDE;4805;04/07/2024;PROPOSTA PAGA;Proposta Paga;05/07/2024;R$1.050.000,00;R$1.050.000,00;R$1.050.000,00
2024;50410002;S.PART.;COMISSÃO DA SAÚDE;não se aplica;não se aplica;PB;251350;SANTANA DE MANGUEIRA;MUNICIPAL;COMISSAO;CORRENTE;302;1001;1030251182E900001;19/04/2024;36000607249202400;-;FAF;INCREMENTO MAC;2E90;ATENÇÃO ESPECIALIZADA À SAÚDE;INCREMENTO TEMPORÁRIO DO TETO DA MÉDIA E ALTA COMPLEXIDADE - MAC;11285050000189;FUNDO MUNICIPAL DE SAUDE;3864;21/05/2024;PROPOSTA PAGA;Proposta Paga;29/05/2024;R$117.454,00;R$117.454,00;R$117.454,00
2024;50410004;S.PART.;COMISSÃO DA SAÚDE;não se aplica;não se aplica;PB;251630;SUME;MUNICIPAL;COMISSAO;CORRENTE;301;1000;1030151192E890001;27/06/2024;36000626855202400;-;FAF;INCREMENTO PAP;2E89;INCREMENTO TEMPORÁRIO AO CUSTEIO DOS SERVIÇOS DE ATENÇÃO PRIMÁRIA À SAÚDE - PAP;INCREMENTO DO PISO DA ATENÇÃO PRIMÁRIA À SAÚDE - PAP;11285069000125;FUNDO MUNICIPAL DE SAUDE;4654;01/07/2024;PROPOSTA PAGA;Proposta Paga;04/07/2024;R$110.000,00;R$110.000,00;R$110.000,00
2024;50410004;S.PART.;COMISSÃO DA SAÚDE;não se aplica;não se aplica;PB;250080;ARACAGI;MUNICIPAL;COMISSAO;CORRENTE;301;1000;1030151192E890001;19/04/2024;36000607422202400;-;FAF;INCREMENTO PAP;2E89;INCREMENTO TEMPORÁRIO AO CUSTEIO DOS SERVIÇOS DE ATENÇÃO PRIMÁRIA À SAÚDE - PAP;INCREMENTO DO PISO DA ATENÇÃO PRIMÁRIA À SAÚDE - PAP;12431299000118;ARACAGI - FUNDO MUNICIPAL DE SAUDE;3853;21/05/2024;PROPOSTA PAGA;Proposta Paga;29/05/2024;R$124.000,00;R$124.000,00;R$124.000,00
2024;50410004;S.PART.;COMISSÃO DA SAÚDE;não se aplica;não se aplica;PB;250205;BERNARDINO BATISTA;MUNICIPAL;COMISSAO;CORRENTE;301;1000;1030151192E890001;20/04/2024;36000607450202400;-;FAF;INCREMENTO PAP;2E89;INCREMENTO TEMPORÁRIO AO CUSTEIO DOS SERVIÇOS DE ATENÇÃO PRIMÁRIA À SAÚDE - PAP;INCREMENTO DO PISO DA ATENÇÃO PRIMÁRIA À SAÚDE - PAP;10484826000127;FUNDO MUNICIPAL DE SAUDE;3853;21/05/2024;PROPOSTA PAGA;Proposta Paga;29/05/2024;R$150.000,00;R$150.000,00;R$150.000,00
2024;50410004;S.PART.;COMISSÃO DA SAÚDE;não se aplica;não se aplica;PB;250535;DAMIAO;MUNICIPAL;COMISSAO;CORRENTE;301;1000;1030151192E890001;16/04/2024;36000606058202400;-;FAF;INCREMENTO PAP;2E89;INCREMENTO TEMPORÁRIO AO CUSTEIO DOS SERVIÇOS DE ATENÇÃO PRIMÁRIA À SAÚDE - PAP;INCREMENTO DO PISO DA ATENÇÃO PRIMÁRIA À SAÚDE - PAP;11767841000145;FUNDO MUNICIPAL DE SAUDE DAMIAO PARAIBA;3853;21/05/2024;PROPOSTA PAGA;Proposta Paga;29/05/2024;R$200.000,00;R$200.000,00;R$200.000,00
2024;50410004;S.PART.;COMISSÃO DA SAÚDE;não se aplica;não se aplica;PB;251000;NAZAREZINHO;MUNICIPAL;COMISSAO;CORRENTE;301;1000;1030151192E890001;25/04/2024;36000608985202400;-;FAF;INCREMENTO PAP;2E89;INCREMENTO TEMPORÁRIO AO CUSTEIO DOS SERVIÇOS DE ATENÇÃO PRIMÁRIA À SAÚDE - PAP;INCREMENTO DO PISO DA ATENÇÃO PRIMÁRIA À SAÚDE - PAP;12445365000109;FUNDO MUNICIPAL DE SAUDE DE NAZAREZINHO;3853;21/05/2024;PROPOSTA PAGA;Proposta Paga;29/05/2024;R$500.000,00;R$500.000,00;R$500.000,00
2024;50410004;S.PART.;COMISSÃO DA SAÚDE;não se aplica;não se aplica;PB;251010;NOVA FLORESTA;MUNICIPAL;COMISSAO;CORRENTE;301;3000;1030151192E890001;04/07/2024;36000631046202400;-;FAF;INCREMENTO PAP;2E89;INCREMENTO TEMPORÁRIO AO CUSTEIO DOS SERVIÇOS DE ATENÇÃO PRIMÁRIA À SAÚDE - PAP;INCREMENTO DO PISO DA ATENÇÃO PRIMÁRIA À SAÚDE - PAP;18517489000139;FUNDO MUNICIPAL DE SAUDE;4800;04/07/2024;PROPOSTA PAGA;Proposta Paga;05/07/2024;R$300.000,00;R$300.000,00;R$300.000,00
2024;50410006;S.PART.;COMISSÃO DA SAÚDE;não se aplica;não se aplica;PB;250053;ALCANTIL;MUNICIPAL;COMISSAO;CORRENTE;302;1001;1030251182E900001;03/07/2024;36000630845202400;-;FAF;INCREMENTO MAC;2E90;ATENÇÃO ESPECIALIZADA À SAÚDE;INCREMENTO TEMPORÁRIO DO TETO DA MÉDIA E ALTA COMPLEXIDADE - MAC;08448753000176;FUNDO MUNICIPAL DE SAUDE - ALCANTIL PB;4809;04/07/2024;PROPOSTA PAGA;Proposta Paga;05/07/2024;R$100.000,00;R$100.000,00;R$100.000,00
2024;50410005;S.PART.;COMISSÃO DA SAÚDE;não se aplica;não se aplica;PB;251530;SAPE;MUNICIPAL;COMISSAO;CAPITAL;301;1001;10301511985810001;03/07/2024;08036438000124013;-;FAF;EQUIPAMENTO;8581;SAÚDE DA FAMÍLIA;TRANSPORTE ELETIVO EM SAÚDE;08036438000131;FUNDO MUNICIPAL DE SAUDE DE SAPE;6163;18/12/2024;PROPOSTA PAGA;Proposta Paga;30/05/2025;R$611.000,00;R$611.000,00;R$611.000,00
2024;50410005;S.PART.;COMISSÃO DA SAÚDE;não se aplica;não se aplica;PB;250700;ITAPORANGA;MUNICIPAL;COMISSAO;CAPITAL;301;1001;10301511985810001;12/04/2024;11174552000124002;-;FAF;EQUIPAMENTO;8581;SAÚDE DA FAMÍLIA;EQUIPAMENTOS;11174552000132;FUNDO MUNICIPAL DE SAUDE DE ITAPORANGA;4292;10/06/2024;PROPOSTA PAGA;Proposta Paga;20/06/2024;R$132.318,00;R$132.318,00;R$132.318,00
2024;50410007;S.PART.;COMISSÃO DA SAÚDE;não se aplica;não se aplica;PB;251530;SAPE;MUNICIPAL;COMISSAO;CAPITAL;302;1001;10302511885350001;27/06/2024;08036438000124011;-;FAF;EQUIPAMENTO;8535;ATENÇÃO ESPECIALIZADA À SAÚDE;REDE DE ATENÇÃO DOMICILIAR - MELHOR EM CASA;08036438000131;FUNDO MUNICIPAL DE SAUDE DE SAPE;4750;04/07/2024;PROPOSTA PAGA;Proposta Paga;05/07/2024;R$43.172,00;R$43.172,00;R$43.172,00
2024;50410002;S.PART.;COMISSÃO DA SAÚDE;não se aplica;não se aplica;PB;250770;JUAZEIRINHO;MUNICIPAL;COMISSAO;CORRENTE;302;1001;1030251182E900001;25/04/2024;36000608979202400;-;FAF;INCREMENTO MAC;2E90;ATENÇÃO ESPECIALIZADA À SAÚDE;INCREMENTO TEMPORÁRIO DO TETO DA MÉDIA E ALTA COMPLEXIDADE - MAC;11277311000119;FUNDO MUNICIPAL DE SAUDE DE JUAZEIRINHO;3864;21/05/2024;PROPOSTA PAGA;Proposta Paga;29/05/2024;R$500.000,00;R$500.000,00;R$500.000,00
2024;50410002;S.PART.;COMISSÃO DA SAÚDE;não se aplica;não se aplica;PB;250250;BOQUEIRAO;MUNICIPAL;COMISSAO;CORRENTE;302;1001;1030251182E900001;12/04/2024;36000604088202400;-;FAF;INCREMENTO MAC;2E90;ATENÇÃO ESPECIALIZADA À SAÚDE;INCREMENTO TEMPORÁRIO DO TETO DA MÉDIA E ALTA COMPLEXIDADE - MAC;11153600000106;FUNDO MUNICIPAL DE SAUDE;3864;21/05/2024;PROPOSTA PAGA;Proposta Paga;29/05/2024;R$1.000.000,00;R$1.000.000,00;R$1.000.000,00
2024;50410002;S.PART.;COMISSÃO DA SAÚDE;não se aplica;não se aplica;PB;250040;ALAGOA NOVA;MUNICIPAL;COMISSAO;CORRENTE;302;1001;1030251182E900001;17/06/2024;36000616779202400;-;FAF;INCREMENTO MAC;2E90;ATENÇÃO ESPECIALIZADA À SAÚDE;INCREMENTO TEMPORÁRIO DO TETO DA MÉDIA E ALTA COMPLEXIDADE - MAC;11838096000188;FUNDO MUNICIPAL DE SAUDE DE ALAGOA NOVA;4452;19/06/2024;PROPOSTA PAGA;Proposta Paga;26/06/2024;R$1.241.579,00;R$1.241.579,00;R$1.241.579,00
2024;50410004;S.PART.;COMISSÃO DA SAÚDE;não se aplica;não se aplica;PB;251000;NAZAREZINHO;MUNICIPAL;COMISSAO;CORRENTE;301;3000;1030151192E890001;04/07/2024;36000631074202400;-;FAF;INCREMENTO PAP;2E89;INCREMENTO TEMPORÁRIO AO CUSTEIO DOS SERVIÇOS DE ATENÇÃO PRIMÁRIA À SAÚDE - PAP;INCREMENTO DO PISO DA ATENÇÃO PRIMÁRIA À SAÚDE - PAP;12445365000109;FUNDO MUNICIPAL DE SAUDE DE NAZAREZINHO;4800;04/07/2024;PROPOSTA PAGA;Proposta Paga;05/07/2024;R$200.000,00;R$200.000,00;R$200.000,00
2024;50410004;S.PART.;COMISSÃO DA SAÚDE;não se aplica;não se aplica;PB;251640;TACIMA;MUNICIPAL;COMISSAO;CORRENTE;301;1000;1030151192E890001;16/04/2024;36000606035202400;-;FAF;INCREMENTO PAP;2E89;INCREMENTO TEMPORÁRIO AO CUSTEIO DOS SERVIÇOS DE ATENÇÃO PRIMÁRIA À SAÚDE - PAP;INCREMENTO DO PISO DA ATENÇÃO PRIMÁRIA À SAÚDE - PAP;11907806000184;FUNDO MUNICIPAL DE SAUDE DE TACIMA;3853;21/05/2024;PROPOSTA PAGA;Proposta Paga;29/05/2024;R$200.000,00;R$200.000,00;R$200.000,00
2024;50410004;S.PART.;COMISSÃO DA SAÚDE;não se aplica;não se aplica;PB;250527;CURRAL DE CIMA;MUNICIPAL;COMISSAO;CORRENTE;301;3000;1030151192E890001;03/07/2024;36000629785202400;-;FAF;INCREMENTO PAP;2E89;INCREMENTO TEMPORÁRIO AO CUSTEIO DOS SERVIÇOS DE ATENÇÃO PRIMÁRIA À SAÚDE - PAP;INCREMENTO DO PISO DA ATENÇÃO PRIMÁRIA À SAÚDE - PAP;17945598000194;FUNDO MUNICIPAL DE SAUDE DE CURRAL DE CIMA;4759;04/07/2024;PROPOSTA PAGA;Proposta Paga;05/07/2024;R$114.008,00;R$114.008,00;R$114.008,00
2024;50410004;S.PART.;COMISSÃO DA SAÚDE;não se aplica;não se aplica;PB;251315;SANTA CECILIA;MUNICIPAL;COMISSAO;CORRENTE;301;3000;1030151192E890001;04/07/2024;36000631080202400;-;FAF;INCREMENTO PAP;2E89;INCREMENTO TEMPORÁRIO AO CUSTEIO DOS SERVIÇOS DE ATENÇÃO PRIMÁRIA À SAÚDE - PAP;INCREMENTO DO PISO DA ATENÇÃO PRIMÁRIA À SAÚDE - PAP;08698105000178;FUNDO MUNICIPAL DE SAUDE SANTA CECILIA;4800;04/07/2024;PROPOSTA PAGA;Proposta Paga;05/07/2024;R$92.807,00;R$92.807,00;R$92.807,00
2024;50410004;S.PART.;COMISSÃO DA SAÚDE;não se aplica;não se aplica;PB;250040;ALAGOA NOVA;MUNICIPAL;COMISSAO;CORRENTE;301;3000;1030151192E890001;17/06/2024;36000616774202400;-;FAF;INCREMENTO PAP;2E89;INCREMENTO TEMPORÁRIO AO CUSTEIO DOS SERVIÇOS DE ATENÇÃO PRIMÁRIA À SAÚDE - PAP;INCREMENTO DO PISO DA ATENÇÃO PRIMÁRIA À SAÚDE - PAP;11838096000188;FUNDO MUNICIPAL DE SAUDE DE ALAGOA NOVA;4458;19/06/2024;PROPOSTA PAGA;Proposta Paga;26/06/2024;R$361.053,00;R$361.053,00;R$361.053,00
2024;50410004;S.PART.;COMISSÃO DA SAÚDE;não se aplica;não se aplica;PB;250350;CACIMBA DE DENTRO;MUNICIPAL;COMISSAO;CORRENTE;301;3000;1030151192E890001;03/07/2024;36000630657202400;-;FAF;INCREMENTO PAP;2E89;INCREMENTO TEMPORÁRIO AO CUSTEIO DOS SERVIÇOS DE ATENÇÃO PRIMÁRIA À SAÚDE - PAP;INCREMENTO DO PISO DA ATENÇÃO PRIMÁRIA À SAÚDE - PAP;12011663000190;FUNDO MUNICIPAL DE SAUDE DE CACIMBA DE DENTRO;4800;04/07/2024;PROPOSTA PAGA;Proposta Paga;05/07/2024;R$300.000,00;R$300.000,00;R$300.000,00
2024;50410004;S.PART.;COMISSÃO DA SAÚDE;não se aplica;não se aplica;PB;250680;INGA;MUNICIPAL;COMISSAO;CORRENTE;301;3000;1030151192E890001;03/07/2024;36000630854202400;-;FAF;INCREMENTO PAP;2E89;INCREMENTO TEMPORÁRIO AO CUSTEIO DOS SERVIÇOS DE ATENÇÃO PRIMÁRIA À SAÚDE - PAP;INCREMENTO DO PISO DA ATENÇÃO PRIMÁRIA À SAÚDE - PAP;08610110000187;FUNDO MUNICIPAL DE SAUDE DE INGA/PB;4800;04/07/2024;PROPOSTA PAGA;Proposta Paga;05/07/2024;R$300.000,00;R$300.000,00;R$300.000,00
2024;50410004;S.PART.;COMISSÃO DA SAÚDE;não se aplica;não se aplica;PB;250880;MALTA;MUNICIPAL;COMISSAO;CORRENTE;301;3000;1030151192E890001;03/07/2024;36000629760202400;-;FAF;INCREMENTO PAP;2E89;INCREMENTO TEMPORÁRIO AO CUSTEIO DOS SERVIÇOS DE ATENÇÃO PRIMÁRIA À SAÚDE - PAP;INCREMENTO DO PISO DA ATENÇÃO PRIMÁRIA À SAÚDE - PAP;12460136000163;FUNDO MUNICIPAL DE SAUDE DE MALTA;4759;04/07/2024;PROPOSTA PAGA;Proposta Paga;05/07/2024;R$300.000,00;R$300.000,00;R$300.000,00
2024;60060003;S.PART.;COMISSÃO DE ASSUNTOS SOCIAIS - CAS;não se aplica;não se aplica;PB;250415;CASSERENGUE;MUNICIPAL;COMISSAO;CORRENTE;301;3000;1030151192E890001;20/06/2024;36000621072202400;-;FAF;INCREMENTO PAP;2E89;INCREMENTO TEMPORÁRIO AO CUSTEIO DOS SERVIÇOS DE ATENÇÃO PRIMÁRIA À SAÚDE - PAP;INCREMENTO DO PISO DA ATENÇÃO PRIMÁRIA À SAÚDE - PAP;12431437000169;FUNDO MUNICIPAL DE SAUDE;4492;21/06/2024;PROPOSTA PAGA;Proposta Paga;26/06/2024;R$450.000,00;R$450.000,00;R$450.000,00
2024;60060003;S.PART.;COMISSÃO DE ASSUNTOS SOCIAIS - CAS;não se aplica;não se aplica;PB;250980;MULUNGU;MUNICIPAL;COMISSAO;CORRENTE;302;1000;1030251182E900001;03/07/2024;36000630772202400;-;FAF;INCREMENTO MAC;2E90;ATENÇÃO ESPECIALIZADA À SAÚDE;INCREMENTO TEMPORÁRIO DO TETO DA MÉDIA E ALTA COMPLEXIDADE - MAC;18767963000180;FUNDO MUNICIPAL DE SAUDE MULUNGU;4805;04/07/2024;PROPOSTA PAGA;Proposta Paga;05/07/2024;R$42.813,00;R$42.813,00;R$42.813,00
2024;50410007;S.PART.;COMISSÃO DA SAÚDE;não se aplica;não se aplica;PB;250915;MARIZOPOLIS;MUNICIPAL;COMISSAO;CAPITAL;302;1001;10302511885350001;24/10/2024;11404727000124016;-;FAF;EQUIPAMENTO;8535;ATENÇÃO ESPECIALIZADA À SAÚDE;REDE DE ATENÇÃO ESPECIALIZADA À SAÚDE - POLICLÍNICA REGIONAL;11404727000150;FUNDO MUNICIPAL DE SAUDE;6113;17/12/2024;EM ANALISE PELA ÁREA FINALÍSTICA;Proposta Empenhada aguardando Formalização;-;R$322.572,00;R$322.572,00;R$0,00
2024;60060003;S.PART.;COMISSÃO DE ASSUNTOS SOCIAIS - CAS;não se aplica;não se aplica;PB;251120;PEDRAS DE FOGO;MUNICIPAL;COMISSAO;CORRENTE;302;1000;1030251182E900001;03/07/2024;36000630615202400;-;FAF;INCREMENTO MAC;2E90;ATENÇÃO ESPECIALIZADA À SAÚDE;INCREMENTO TEMPORÁRIO DO TETO DA MÉDIA E ALTA COMPLEXIDADE - MAC;10490987000123;FUNDO MUNICIPAL DE SAUDE;4805;04/07/2024;PROPOSTA PAGA;Proposta Paga;05/07/2024;R$200.000,00;R$200.000,00;R$200.000,00
2024;60060003;S.PART.;COMISSÃO DE ASSUNTOS SOCIAIS - CAS;não se aplica;não se aplica;PB;251600;SOLANEA;MUNICIPAL;COMISSAO;CORRENTE;302;1000;1030251182E900001;03/07/2024;36000630426202400;-;FAF;INCREMENTO MAC;2E90;ATENÇÃO ESPECIALIZADA À SAÚDE;INCREMENTO TEMPORÁRIO DO TETO DA MÉDIA E ALTA COMPLEXIDADE - MAC;13857317000190;FUNDO MUNICIPAL DE SAUDE DE SOLANEA;4805;04/07/2024;PROPOSTA PAGA;Proposta Paga;05/07/2024;R$400.000,00;R$400.000,00;R$400.000,00
2024;60110002;S.PART.;COMISSÃO DE ASSUNTOS SOCIAIS - CAS;não se aplica;não se aplica;PB;250810;LAGOA;MUNICIPAL;COMISSAO;CORRENTE;301;1000;1030151192E890001;21/06/2024;36000621801202400;-;FAF;INCREMENTO PAP;2E89;INCREMENTO TEMPORÁRIO AO CUSTEIO DOS SERVIÇOS DE ATENÇÃO PRIMÁRIA À SAÚDE - PAP;INCREMENTO DO PISO DA ATENÇÃO PRIMÁRIA À SAÚDE - PAP;12319873000140;FUNDO MUNICIPAL DE SAUDE - FMS;4524;25/06/2024;PROPOSTA PAGA;Proposta Paga;28/06/2024;R$100.000,00;R$100.000,00;R$100.000,00
2024;50230002;S.PART.;COMISSÃO DA SAÚDE;não se aplica;não se aplica;PB;250435;CATURITE;MUNICIPAL;COMISSAO;CORRENTE;302;1000;1030251182E900001;03/07/2024;36000630766202400;-;FAF;INCREMENTO MAC;2E90;ATENÇÃO ESPECIALIZADA À SAÚDE;INCREMENTO TEMPORÁRIO DO TETO DA MÉDIA E ALTA COMPLEXIDADE - MAC;11457024000190;FUNDO MUNICIPAL DE SAUDE CATURITE;4825;04/07/2024;PROPOSTA PAGA;Proposta Paga;05/07/2024;R$100.000,00;R$100.000,00;R$100.000,00
2024;50410002;S.PART.;COMISSÃO DA SAÚDE;não se aplica;não se aplica;PB;250090;ARARA;MUNICIPAL;COMISSAO;CORRENTE;302;1000;1030251182E900001;29/05/2024;36000614386202400;-;FAF;INCREMENTO MAC;2E90;ATENÇÃO ESPECIALIZADA À SAÚDE;INCREMENTO TEMPORÁRIO DO TETO DA MÉDIA E ALTA COMPLEXIDADE - MAC;11898585000125;FUNDO MUNICIPAL DE SAUDE DO MUNICIPIO DE ARARA - PB;4249;07/06/2024;PROPOSTA PAGA;Proposta Paga;20/06/2024;R$350.000,00;R$350.000,00;R$350.000,00
2024;50410002;S.PART.;COMISSÃO DA SAÚDE;não se aplica;não se aplica;PB;250150;BANANEIRAS;MUNICIPAL;COMISSAO;CORRENTE;302;1000;1030251182E900001;29/05/2024;36000614367202400;-;FAF;INCREMENTO MAC;2E90;ATENÇÃO ESPECIALIZADA À SAÚDE;INCREMENTO TEMPORÁRIO DO TETO DA MÉDIA E ALTA COMPLEXIDADE - MAC;18730452000194;BANANEIRAS - FUNDO MUNICIPAL DE SAUDE;4249;07/06/2024;PROPOSTA PAGA;Proposta Paga;20/06/2024;R$350.000,00;R$350.000,00;R$350.000,00
2024;50230002;S.PART.;COMISSÃO DA SAÚDE;não se aplica;não se aplica;PB;251130;PIANCO;MUNICIPAL;COMISSAO;CORRENTE;302;1000;1030251182E900001;03/07/2024;36000630807202400;-;FAF;INCREMENTO MAC;2E90;ATENÇÃO ESPECIALIZADA À SAÚDE;INCREMENTO TEMPORÁRIO DO TETO DA MÉDIA E ALTA COMPLEXIDADE - MAC;04827493000199;FUNDO MUNICIPAL DE SAUDE;4825;04/07/2024;PROPOSTA PAGA;Proposta Paga;05/07/2024;R$300.000,00;R$300.000,00;R$300.000,00
2024;50410002;S.PART.;COMISSÃO DA SAÚDE;não se aplica;não se aplica;PB;250415;CASSERENGUE;MUNICIPAL;COMISSAO;CORRENTE;302;1000;1030251182E900001;29/05/2024;36000614400202400;-;FAF;INCREMENTO MAC;2E90;ATENÇÃO ESPECIALIZADA À SAÚDE;INCREMENTO TEMPORÁRIO DO TETO DA MÉDIA E ALTA COMPLEXIDADE - MAC;12431437000169;FUNDO MUNICIPAL DE SAUDE;4249;07/06/2024;PROPOSTA PAGA;Proposta Paga;20/06/2024;R$33.000,00;R$33.000,00;R$33.000,00
2024;50410002;S.PART.;COMISSÃO DA SAÚDE;não se aplica;não se aplica;PB;250340;CACIMBA DE AREIA;MUNICIPAL;COMISSAO;CORRENTE;302;1001;1030251182E900001;26/04/2024;36000609297202400;-;FAF;INCREMENTO MAC;2E90;ATENÇÃO ESPECIALIZADA À SAÚDE;INCREMENTO TEMPORÁRIO DO TETO DA MÉDIA E ALTA COMPLEXIDADE - MAC;10460927000168;FUNDO MUNICIPAL DE SAUDE DE CACIMBA DE AREIA;3864;21/05/2024;PROPOSTA PAGA;Proposta Paga;29/05/2024;R$300.000,00;R$300.000,00;R$300.000,00
2024;50410002;S.PART.;COMISSÃO DA SAÚDE;não se aplica;não se aplica;PB;251630;SUME;MUNICIPAL;COMISSAO;CORRENTE;302;1001;1030251182E900001;27/06/2024;36000626858202400;-;FAF;INCREMENTO MAC;2E90;ATENÇÃO ESPECIALIZADA À SAÚDE;INCREMENTO TEMPORÁRIO DO TETO DA MÉDIA E ALTA COMPLEXIDADE - MAC;11285069000125;FUNDO MUNICIPAL DE SAUDE;4698;02/07/2024;PROPOSTA PAGA;Proposta Paga;04/07/2024;R$490.000,00;R$490.000,00;R$490.000,00
2024;50410002;S.PART.;COMISSÃO DA SAÚDE;não se aplica;não se aplica;PB;251290;RIO TINTO;MUNICIPAL;COMISSAO;CORRENTE;302;1001;1030251182E900001;16/04/2024;36000606052202400;-;FAF;INCREMENTO MAC;2E90;ATENÇÃO ESPECIALIZADA À SAÚDE;INCREMENTO TEMPORÁRIO DO TETO DA MÉDIA E ALTA COMPLEXIDADE - MAC;12457150000108;FUNDO MUNICIPAL DE SAUDE DE RIO TINTO;3864;21/05/2024;PROPOSTA PAGA;Proposta Paga;29/05/2024;R$200.000,00;R$200.000,00;R$200.000,00
2024;50410004;S.PART.;COMISSÃO DA SAÚDE;não se aplica;não se aplica;PB;250570;DONA INES;MUNICIPAL;COMISSAO;CORRENTE;301;3000;1030151192E890001;04/07/2024;36000631085202400;-;FAF;INCREMENTO PAP;2E89;INCREMENTO TEMPORÁRIO AO CUSTEIO DOS SERVIÇOS DE ATENÇÃO PRIMÁRIA À SAÚDE - PAP;INCREMENTO DO PISO DA ATENÇÃO PRIMÁRIA À SAÚDE - PAP;11420456000127;DONA INES - FUNDO MUNICIPAL DE SAUDE;4800;04/07/2024;PROPOSTA PAGA;Proposta Paga;05/07/2024;R$200.000,00;R$200.000,00;R$200.000,00
2024;50410004;S.PART.;COMISSÃO DA SAÚDE;não se aplica;não se aplica;PB;251315;SANTA CECILIA;MUNICIPAL;COMISSAO;CORRENTE;301;1000;1030151192E890001;29/05/2024;36000614391202400;-;FAF;INCREMENTO PAP;2E89;INCREMENTO TEMPORÁRIO AO CUSTEIO DOS SERVIÇOS DE ATENÇÃO PRIMÁRIA À SAÚDE - PAP;INCREMENTO DO PISO DA ATENÇÃO PRIMÁRIA À SAÚDE - PAP;08698105000178;FUNDO MUNICIPAL DE SAUDE SANTA CECILIA;4300;18/06/2024;PROPOSTA PAGA;Proposta Paga;26/06/2024;R$535.815,00;R$535.815,00;R$535.815,00
2024;50410004;S.PART.;COMISSÃO DA SAÚDE;não se aplica;não se aplica;PB;250435;CATURITE;MUNICIPAL;COMISSAO;CORRENTE;301;3000;1030151192E890001;03/07/2024;36000630769202400;-;FAF;INCREMENTO PAP;2E89;INCREMENTO TEMPORÁRIO AO CUSTEIO DOS SERVIÇOS DE ATENÇÃO PRIMÁRIA À SAÚDE - PAP;INCREMENTO DO PISO DA ATENÇÃO PRIMÁRIA À SAÚDE - PAP;11457024000190;FUNDO MUNICIPAL DE SAUDE CATURITE;4800;04/07/2024;PROPOSTA PAGA;Proposta Paga;05/07/2024;R$260.000,00;R$260.000,00;R$260.000,00
2024;50410004;S.PART.;COMISSÃO DA SAÚDE;não se aplica;não se aplica;PB;250540;DESTERRO;MUNICIPAL;COMISSAO;CORRENTE;301;3000;1030151192E890001;24/06/2024;36000623378202400;-;FAF;INCREMENTO PAP;2E89;INCREMENTO TEMPORÁRIO AO CUSTEIO DOS SERVIÇOS DE ATENÇÃO PRIMÁRIA À SAÚDE - PAP;INCREMENTO DO PISO DA ATENÇÃO PRIMÁRIA À SAÚDE - PAP;10493355000113;FUNDO MUNICIPAL DE SAUDE DE DESTERRO;4547;26/06/2024;PROPOSTA PAGA;Proposta Paga;28/06/2024;R$475.443,00;R$475.443,00;R$475.443,00
2024;50410004;S.PART.;COMISSÃO DA SAÚDE;não se aplica;não se aplica;PB;250870;MAE D'AGUA;MUNICIPAL;COMISSAO;CORRENTE;301;3000;1030151192E890001;03/07/2024;36000629899202400;-;FAF;INCREMENTO PAP;2E89;INCREMENTO TEMPORÁRIO AO CUSTEIO DOS SERVIÇOS DE ATENÇÃO PRIMÁRIA À SAÚDE - PAP;INCREMENTO DO PISO DA ATENÇÃO PRIMÁRIA À SAÚDE - PAP;03627760000111;FUNDO MUNICIPAL DE SAUDE DE MAE D AGUA;4760;04/07/2024;PROPOSTA PAGA;Proposta Paga;05/07/2024;R$300.000,00;R$300.000,00;R$300.000,00
2024;50410004;S.PART.;COMISSÃO DA SAÚDE;não se aplica;não se aplica;PB;250900;MANAIRA;MUNICIPAL;COMISSAO;CORRENTE;301;3000;1030151192E890001;03/07/2024;36000630028202400;-;FAF;INCREMENTO PAP;2E89;INCREMENTO TEMPORÁRIO AO CUSTEIO DOS SERVIÇOS DE ATENÇÃO PRIMÁRIA À SAÚDE - PAP;INCREMENTO DO PISO DA ATENÇÃO PRIMÁRIA À SAÚDE - PAP;10522238000130;FUNDO MUNICIPAL DE SAUDE DE MANAIRA;4760;04/07/2024;PROPOSTA PAGA;Proposta Paga;05/07/2024;R$300.000,00;R$300.000,00;R$300.000,00
2024;60060003;S.PART.;COMISSÃO DE ASSUNTOS SOCIAIS - CAS;não se aplica;não se aplica;PB;251500;SAO MIGUEL DE TAIPU;MUNICIPAL;COMISSAO;CORRENTE;301;3000;1030151192E890001;19/06/2024;36000619931202400;-;FAF;INCREMENTO PAP;2E89;INCREMENTO TEMPORÁRIO AO CUSTEIO DOS SERVIÇOS DE ATENÇÃO PRIMÁRIA À SAÚDE - PAP;INCREMENTO DO PISO DA ATENÇÃO PRIMÁRIA À SAÚDE - PAP;11601645000104;FUNDO MUNICIPAL DE SAUDE;4492;21/06/2024;PROPOSTA PAGA;Proposta Paga;26/06/2024;R$300.000,00;R$300.000,00;R$300.000,00
2024;50410004;S.PART.;COMISSÃO DA SAÚDE;não se aplica;não se aplica;PB;251140;PICUI;MUNICIPAL;COMISSAO;CORRENTE;301;3000;1030151192E890001;04/07/2024;36000631314202400;-;FAF;INCREMENTO PAP;2E89;INCREMENTO TEMPORÁRIO AO CUSTEIO DOS SERVIÇOS DE ATENÇÃO PRIMÁRIA À SAÚDE - PAP;INCREMENTO DO PISO DA ATENÇÃO PRIMÁRIA À SAÚDE - PAP;08619650000121;FUNDO MUNICIPAL DE SAUDE;4845;08/07/2024;PROPOSTA PAGA;Proposta Paga;30/05/2025;R$500.000,00;R$500.000,00;R$500.000,00
2024;60060003;S.PART.;COMISSÃO DE ASSUNTOS SOCIAIS - CAS;não se aplica;não se aplica;PB;250053;ALCANTIL;MUNICIPAL;COMISSAO;CORRENTE;302;1000;1030251182E900001;24/06/2024;36000623371202400;-;FAF;INCREMENTO MAC;2E90;ATENÇÃO ESPECIALIZADA À SAÚDE;INCREMENTO TEMPORÁRIO DO TETO DA MÉDIA E ALTA COMPLEXIDADE - MAC;08448753000176;FUNDO MUNICIPAL DE SAUDE - ALCANTIL PB;4588;28/06/2024;PROPOSTA PAGA;Proposta Paga;02/07/2024;R$244.011,00;R$244.011,00;R$244.011,00
2024;60060003;S.PART.;COMISSÃO DE ASSUNTOS SOCIAIS - CAS;não se aplica;não se aplica;PB;250140;BAIA DA TRAICAO;MUNICIPAL;COMISSAO;CORRENTE;301;3000;1030151192E890001;18/06/2024;36000618430202400;-;FAF;INCREMENTO PAP;2E89;INCREMENTO TEMPORÁRIO AO CUSTEIO DOS SERVIÇOS DE ATENÇÃO PRIMÁRIA À SAÚDE - PAP;INCREMENTO DO PISO DA ATENÇÃO PRIMÁRIA À SAÚDE - PAP;13923732000103;FUNDO MUNICIPAL DE SAUDE DE BAIA DA TRAICAO-PB;4492;21/06/2024;PROPOSTA PAGA;Proposta Paga;26/06/2024;R$400.000,00;R$400.000,00;R$400.000,00
2024;50410004;S.PART.;COMISSÃO DA SAÚDE;não se aplica;não se aplica;PB;250830;LAGOA SECA;MUNICIPAL;COMISSAO;CORRENTE;301;3000;1030151192E890001;24/06/2024;36000623300202400;-;FAF;INCREMENTO PAP;2E89;INCREMENTO TEMPORÁRIO AO CUSTEIO DOS SERVIÇOS DE ATENÇÃO PRIMÁRIA À SAÚDE - PAP;INCREMENTO DO PISO DA ATENÇÃO PRIMÁRIA À SAÚDE - PAP;11264183000179;FUNDO MUNICIPAL DE SAUDE;4547;26/06/2024;PROPOSTA PAGA;Proposta Paga;28/06/2024;R$1.570.000,00;R$1.570.000,00;R$1.570.000,00
2024;50410007;S.PART.;COMISSÃO DA SAÚDE;não se aplica;não se aplica;PB;251340;SANTA LUZIA;MUNICIPAL;COMISSAO;CAPITAL;302;1001;10302511885350001;11/07/2024;10425754000124005;-;FAF;EQUIPAMENTO;8535;ATENÇÃO ESPECIALIZADA À SAÚDE;REDE DE ATENÇÃO ESPECIALIZADA À SAÚDE - POLICLÍNICA REGIONAL;10425754000147;FUNDO MUNICIPAL DE SAUDE DE SANTA LUZIA;6113;17/12/2024;PROPOSTA PAGA;Proposta Paga;30/05/2025;R$258.206,00;R$258.206,00;R$258.206,00
2024;60060003;S.PART.;COMISSÃO DE ASSUNTOS SOCIAIS - CAS;não se aplica;não se aplica;PB;250400;CAMPINA GRANDE;MUNICIPAL;COMISSAO;CORRENTE;302;1000;1030251182E900001;25/06/2024;36000624507202400;-;FAF;INCREMENTO MAC;2E90;ATENÇÃO ESPECIALIZADA À SAÚDE;INCREMENTO TEMPORÁRIO DO TETO DA MÉDIA E ALTA COMPLEXIDADE - MAC;24513574000121;FUNDO MUNICIPAL DE SAUDE DE CAMPINA GRANDE;4588;28/06/2024;PROPOSTA PAGA;Proposta Paga;02/07/2024;R$1.500.000,00;R$1.500.000,00;R$1.500.000,00
2024;50410002;S.PART.;COMISSÃO DA SAÚDE;não se aplica;não se aplica;PB;251150;PILAR;MUNICIPAL;COMISSAO;CORRENTE;302;1001;1030251182E900001;16/04/2024;36000606051202400;-;FAF;INCREMENTO MAC;2E90;ATENÇÃO ESPECIALIZADA À SAÚDE;INCREMENTO TEMPORÁRIO DO TETO DA MÉDIA E ALTA COMPLEXIDADE - MAC;11171199000137;FUNDO MUNICIPAL DE SAUDE DO MUNICIPIO DE PILAR;3864;21/05/2024;PROPOSTA PAGA;Proposta Paga;29/05/2024;R$300.000,00;R$300.000,00;R$300.000,00
2024;50410004;S.PART.;COMISSÃO DA SAÚDE;não se aplica;não se aplica;PB;250820;LAGOA DE DENTRO;MUNICIPAL;COMISSAO;CORRENTE;301;3000;1030151192E890001;05/07/2024;36000631419202400;-;FAF;INCREMENTO PAP;2E89;INCREMENTO TEMPORÁRIO AO CUSTEIO DOS SERVIÇOS DE ATENÇÃO PRIMÁRIA À SAÚDE - PAP;INCREMENTO DO PISO DA ATENÇÃO PRIMÁRIA À SAÚDE - PAP;12375571000190;LAGOA DE DENTRO - FUNDO MUNICIPAL DE SAUDE;6160;18/12/2024;PROPOSTA PAGA;Proposta Paga;30/05/2025;R$200.000,00;R$200.000,00;R$200.000,00
2024;60060003;S.PART.;COMISSÃO DE ASSUNTOS SOCIAIS - CAS;não se aplica;não se aplica;PB;250100;ARARUNA;MUNICIPAL;COMISSAO;CORRENTE;301;3000;1030151192E890001;18/06/2024;36000618518202400;-;FAF;INCREMENTO PAP;2E89;INCREMENTO TEMPORÁRIO AO CUSTEIO DOS SERVIÇOS DE ATENÇÃO PRIMÁRIA À SAÚDE - PAP;INCREMENTO DO PISO DA ATENÇÃO PRIMÁRIA À SAÚDE - PAP;11667845000151;FUNDO MUNICIPAL DE SAUDE DE ARARUNA PARAIBA;4492;21/06/2024;PROPOSTA PAGA;Proposta Paga;26/06/2024;R$300.000,00;R$300.000,00;R$300.000,00
2024;60060003;S.PART.;COMISSÃO DE ASSUNTOS SOCIAIS - CAS;não se aplica;não se aplica;PB;250560;DIAMANTE;MUNICIPAL;COMISSAO;CORRENTE;301;3000;1030151192E890001;18/06/2024;36000618811202400;-;FAF;INCREMENTO PAP;2E89;INCREMENTO TEMPORÁRIO AO CUSTEIO DOS SERVIÇOS DE ATENÇÃO PRIMÁRIA À SAÚDE - PAP;INCREMENTO DO PISO DA ATENÇÃO PRIMÁRIA À SAÚDE - PAP;10382118000185;FUNDO MUNICIPAL DE SAUDE DE DIAMANTE;4492;21/06/2024;PROPOSTA PAGA;Proposta Paga;26/06/2024;R$300.000,00;R$300.000,00;R$300.000,00
2024;60060003;S.PART.;COMISSÃO DE ASSUNTOS SOCIAIS - CAS;não se aplica;não se aplica;PB;250625;GADO BRAVO;MUNICIPAL;COMISSAO;CORRENTE;302;1000;1030251182E900001;24/06/2024;36000623480202400;-;FAF;INCREMENTO MAC;2E90;ATENÇÃO ESPECIALIZADA À SAÚDE;INCREMENTO TEMPORÁRIO DO TETO DA MÉDIA E ALTA COMPLEXIDADE - MAC;11136097000180;FUNDO MUNICIPAL DE SAUDE GADO BRAVO;4588;28/06/2024;PROPOSTA PAGA;Proposta Paga;02/07/2024;R$98.087,00;R$98.087,00;R$98.087,00
2024;60060003;S.PART.;COMISSÃO DE ASSUNTOS SOCIAIS - CAS;não se aplica;não se aplica;PB;250560;DIAMANTE;MUNICIPAL;COMISSAO;CORRENTE;302;1000;1030251182E900001;03/07/2024;36000630836202400;-;FAF;INCREMENTO MAC;2E90;ATENÇÃO ESPECIALIZADA À SAÚDE;INCREMENTO TEMPORÁRIO DO TETO DA MÉDIA E ALTA COMPLEXIDADE - MAC;10382118000185;FUNDO MUNICIPAL DE SAUDE DE DIAMANTE;4805;04/07/2024;PROPOSTA PAGA;Proposta Paga;05/07/2024;R$100.000,00;R$100.000,00;R$100.000,00
2024;50410006;S.PART.;COMISSÃO DA SAÚDE;não se aplica;não se aplica;PB;250370;CAJAZEIRAS;MUNICIPAL;COMISSAO;CORRENTE;302;1001;1030251182E900001;04/07/2024;36000630965202400;-;FAF;INCREMENTO MAC;2E90;ATENÇÃO ESPECIALIZADA À SAÚDE;INCREMENTO TEMPORÁRIO DO TETO DA MÉDIA E ALTA COMPLEXIDADE - MAC;11902878000139;MUNICIPIO DE CAJAZEIRAS FUNDO MUNICIPAL DE SAUDE - FMS;4809;04/07/2024;PROPOSTA PAGA;Proposta Paga;05/07/2024;R$500.000,00;R$500.000,00;R$500.000,00
2024;60060003;S.PART.;COMISSÃO DE ASSUNTOS SOCIAIS - CAS;não se aplica;não se aplica;PB;250407;CARAUBAS;MUNICIPAL;COMISSAO;CORRENTE;302;1000;1030251182E900001;19/06/2024;36000620499202400;-;FAF;INCREMENTO MAC;2E90;ATENÇÃO ESPECIALIZADA À SAÚDE;INCREMENTO TEMPORÁRIO DO TETO DA MÉDIA E ALTA COMPLEXIDADE - MAC;11431018000164;FUNDO MUNICIPAL DE SAUDE;4493;21/06/2024;PROPOSTA PAGA;Proposta Paga;26/06/2024;R$38.000,00;R$38.000,00;R$38.000,00
2024;60110002;S.PART.;COMISSÃO DE ASSUNTOS SOCIAIS - CAS;não se aplica;não se aplica;PB;251335;SANTA INES;MUNICIPAL;COMISSAO;CORRENTE;301;1000;1030151192E890001;18/06/2024;36000618645202400;-;FAF;INCREMENTO PAP;2E89;INCREMENTO TEMPORÁRIO AO CUSTEIO DOS SERVIÇOS DE ATENÇÃO PRIMÁRIA À SAÚDE - PAP;INCREMENTO DO PISO DA ATENÇÃO PRIMÁRIA À SAÚDE - PAP;14418667000113;FUNDO MUNICIPAL DE SAUDE;4492;21/06/2024;PROPOSTA PAGA;Proposta Paga;26/06/2024;R$130.000,00;R$130.000,00;R$130.000,00
2024;60110001;S.PART.;COMISSÃO DE ASSUNTOS SOCIAIS - CAS;não se aplica;não se aplica;PB;250980;MULUNGU;MUNICIPAL;COMISSAO;CORRENTE;302;1000;1030251182E900001;19/06/2024;36000620080202400;-;FAF;INCREMENTO MAC;2E90;ATENÇÃO ESPECIALIZADA À SAÚDE;INCREMENTO TEMPORÁRIO DO TETO DA MÉDIA E ALTA COMPLEXIDADE - MAC;18767963000180;FUNDO MUNICIPAL DE SAUDE MULUNGU;4493;21/06/2024;PROPOSTA PAGA;Proposta Paga;26/06/2024;R$44.125,00;R$44.125,00;R$44.125,00
2024;50410002;S.PART.;COMISSÃO DA SAÚDE;não se aplica;não se aplica;PB;250157;BARRA DE SANTANA;MUNICIPAL;COMISSAO;CORRENTE;302;1000;1030251182E900001;24/06/2024;36000623328202400;-;FAF;INCREMENTO MAC;2E90;ATENÇÃO ESPECIALIZADA À SAÚDE;INCREMENTO TEMPORÁRIO DO TETO DA MÉDIA E ALTA COMPLEXIDADE - MAC;11109361000197;FUNDO MUNICIPAL DE SAUDE BARRA DE SANTANA;4588;28/06/2024;PROPOSTA PAGA;Proposta Paga;02/07/2024;R$500.000,00;R$500.000,00;R$500.000,00
2024;50410004;S.PART.;COMISSÃO DA SAÚDE;não se aplica;não se aplica;PB;250150;BANANEIRAS;MUNICIPAL;COMISSAO;CORRENTE;301;1000;1030151192E890001;11/07/2024;36000631836202400;-;FAF;INCREMENTO PAP;2E89;INCREMENTO TEMPORÁRIO AO CUSTEIO DOS SERVIÇOS DE ATENÇÃO PRIMÁRIA À SAÚDE - PAP;INCREMENTO DO PISO DA ATENÇÃO PRIMÁRIA À SAÚDE - PAP;18730452000194;BANANEIRAS - FUNDO MUNICIPAL DE SAUDE;6160;18/12/2024;PROPOSTA PAGA;Proposta Paga;16/06/2025;R$18.745,00;R$18.745,00;R$18.745,00
2024;50410002;S.PART.;COMISSÃO DA SAÚDE;não se aplica;não se aplica;PB;250090;ARARA;MUNICIPAL;COMISSAO;CORRENTE;302;1001;1030251182E900001;17/06/2024;36000617613202400;-;FAF;INCREMENTO MAC;2E90;ATENÇÃO ESPECIALIZADA À SAÚDE;INCREMENTO TEMPORÁRIO DO TETO DA MÉDIA E ALTA COMPLEXIDADE - MAC;11898585000125;FUNDO MUNICIPAL DE SAUDE DO MUNICIPIO DE ARARA - PB;4452;19/06/2024;PROPOSTA PAGA;Proposta Paga;26/06/2024;R$200.000,00;R$200.000,00;R$200.000,00
2024;50410002;S.PART.;COMISSÃO DA SAÚDE;não se aplica;não se aplica;PB;250700;ITAPORANGA;MUNICIPAL;COMISSAO;CORRENTE;302;1001;1030251182E900001;25/04/2024;36000608977202400;-;FAF;INCREMENTO MAC;2E90;ATENÇÃO ESPECIALIZADA À SAÚDE;INCREMENTO TEMPORÁRIO DO TETO DA MÉDIA E ALTA COMPLEXIDADE - MAC;11174552000132;FUNDO MUNICIPAL DE SAUDE DE ITAPORANGA;3864;21/05/2024;PROPOSTA PAGA;Proposta Paga;29/05/2024;R$400.000,00;R$400.000,00;R$400.000,00
2024;50410002;S.PART.;COMISSÃO DA SAÚDE;não se aplica;não se aplica;PB;250110;AREIA;MUNICIPAL;COMISSAO;CORRENTE;302;1001;1030251182E900001;13/05/2024;36000611846202400;-;FAF;INCREMENTO MAC;2E90;ATENÇÃO ESPECIALIZADA À SAÚDE;INCREMENTO TEMPORÁRIO DO TETO DA MÉDIA E ALTA COMPLEXIDADE - MAC;11268285000162;FUNDO MUNICIPAL DE SAUDE;3864;21/05/2024;PROPOSTA PAGA;Proposta Paga;10/06/2024;R$500.000,00;R$500.000,00;R$500.000,00
2024;50410002;S.PART.;COMISSÃO DA SAÚDE;não se aplica;não se aplica;PB;250130;AROEIRAS;MUNICIPAL;COMISSAO;CORRENTE;302;1001;1030251182E900001;17/04/2024;36000606135202400;-;FAF;INCREMENTO MAC;2E90;ATENÇÃO ESPECIALIZADA À SAÚDE;INCREMENTO TEMPORÁRIO DO TETO DA MÉDIA E ALTA COMPLEXIDADE - MAC;10819820000163;FUNDO MUNICIPAL DE SAUDE;3864;21/05/2024;PROPOSTA PAGA;Proposta Paga;29/05/2024;R$500.000,00;R$500.000,00;R$500.000,00
2024;50410004;S.PART.;COMISSÃO DA SAÚDE;não se aplica;não se aplica;PB;250915;MARIZOPOLIS;MUNICIPAL;COMISSAO;CORRENTE;301;3000;1030151192E890001;04/07/2024;36000631011202400;-;FAF;INCREMENTO PAP;2E89;INCREMENTO TEMPORÁRIO AO CUSTEIO DOS SERVIÇOS DE ATENÇÃO PRIMÁRIA À SAÚDE - PAP;INCREMENTO DO PISO DA ATENÇÃO PRIMÁRIA À SAÚDE - PAP;11404727000150;FUNDO MUNICIPAL DE SAUDE;4800;04/07/2024;PROPOSTA PAGA;Proposta Paga;05/07/2024;R$200.000,00;R$200.000,00;R$200.000,00
2024;50410004;S.PART.;COMISSÃO DA SAÚDE;não se aplica;não se aplica;PB;250980;MULUNGU;MUNICIPAL;COMISSAO;CORRENTE;301;1000;1030151192E890001;22/04/2024;36000607790202400;-;FAF;INCREMENTO PAP;2E89;INCREMENTO TEMPORÁRIO AO CUSTEIO DOS SERVIÇOS DE ATENÇÃO PRIMÁRIA À SAÚDE - PAP;INCREMENTO DO PISO DA ATENÇÃO PRIMÁRIA À SAÚDE - PAP;18767963000180;FUNDO MUNICIPAL DE SAUDE MULUNGU;3853;21/05/2024;PROPOSTA PAGA;Proposta Paga;29/05/2024;R$200.000,00;R$200.000,00;R$200.000,00
2024;50410004;S.PART.;COMISSÃO DA SAÚDE;não se aplica;não se aplica;PB;251310;SALGADO DE SAO FELIX;MUNICIPAL;COMISSAO;CORRENTE;301;1000;1030151192E890001;25/04/2024;36000609156202400;-;FAF;INCREMENTO PAP;2E89;INCREMENTO TEMPORÁRIO AO CUSTEIO DOS SERVIÇOS DE ATENÇÃO PRIMÁRIA À SAÚDE - PAP;INCREMENTO DO PISO DA ATENÇÃO PRIMÁRIA À SAÚDE - PAP;11462050000107;FUNDO MUNICIPAL DE SAUDE DE SALGADO DE SAO FELIX;3853;21/05/2024;PROPOSTA PAGA;Proposta Paga;29/05/2024;R$400.000,00;R$400.000,00;R$400.000,00
2024;50410004;S.PART.;COMISSÃO DA SAÚDE;não se aplica;não se aplica;PB;250090;ARARA;MUNICIPAL;COMISSAO;CORRENTE;301;1000;1030151192E890001;25/04/2024;36000609065202400;-;FAF;INCREMENTO PAP;2E89;INCREMENTO TEMPORÁRIO AO CUSTEIO DOS SERVIÇOS DE ATENÇÃO PRIMÁRIA À SAÚDE - PAP;INCREMENTO DO PISO DA ATENÇÃO PRIMÁRIA À SAÚDE - PAP;11898585000125;FUNDO MUNICIPAL DE SAUDE DO MUNICIPIO DE ARARA - PB;3853;21/05/2024;PROPOSTA PAGA;Proposta Paga;29/05/2024;R$300.000,00;R$300.000,00;R$300.000,00
2024;50410004;S.PART.;COMISSÃO DA SAÚDE;não se aplica;não se aplica;PB;250760;JUAREZ TAVORA;MUNICIPAL;COMISSAO;CORRENTE;301;1000;1030151192E890001;26/04/2024;36000609253202400;-;FAF;INCREMENTO PAP;2E89;INCREMENTO TEMPORÁRIO AO CUSTEIO DOS SERVIÇOS DE ATENÇÃO PRIMÁRIA À SAÚDE - PAP;INCREMENTO DO PISO DA ATENÇÃO PRIMÁRIA À SAÚDE - PAP;11908594000150;FUNDO MUNICIPAL DE SAUDE DE JUAREZ TAVORA;3853;21/05/2024;PROPOSTA PAGA;Proposta Paga;29/05/2024;R$300.000,00;R$300.000,00;R$300.000,00
2024;50410004;S.PART.;COMISSÃO DA SAÚDE;não se aplica;não se aplica;PB;250930;MATARACA;MUNICIPAL;COMISSAO;CORRENTE;301;1000;1030151192E890001;22/04/2024;36000607830202400;-;FAF;INCREMENTO PAP;2E89;INCREMENTO TEMPORÁRIO AO CUSTEIO DOS SERVIÇOS DE ATENÇÃO PRIMÁRIA À SAÚDE - PAP;INCREMENTO DO PISO DA ATENÇÃO PRIMÁRIA À SAÚDE - PAP;13070749000157;FUNDO MUNICIPAL DE SAUDE DO MUNICIPIO DE MATARACA-PB;3853;21/05/2024;PROPOSTA PAGA;Proposta Paga;29/05/2024;R$300.000,00;R$300.000,00;R$300.000,00
2024;50410004;S.PART.;COMISSÃO DA SAÚDE;não se aplica;não se aplica;PB;251060;OURO VELHO;MUNICIPAL;COMISSAO;CORRENTE;301;1000;1030151192E890001;19/04/2024;36000607361202400;-;FAF;INCREMENTO PAP;2E89;INCREMENTO TEMPORÁRIO AO CUSTEIO DOS SERVIÇOS DE ATENÇÃO PRIMÁRIA À SAÚDE - PAP;INCREMENTO DO PISO DA ATENÇÃO PRIMÁRIA À SAÚDE - PAP;11348410000144;FUNDO MUNICIPAL DE SAUDE DE OURO VELHO;3853;21/05/2024;PROPOSTA PAGA;Proposta Paga;29/05/2024;R$500.000,00;R$500.000,00;R$500.000,00
2024;50410004;S.PART.;COMISSÃO DA SAÚDE;não se aplica;não se aplica;PB;251410;SAO JOAO DO TIGRE;MUNICIPAL;COMISSAO;CORRENTE;301;1000;1030151192E890001;24/04/2024;36000608644202400;-;FAF;INCREMENTO PAP;2E89;INCREMENTO TEMPORÁRIO AO CUSTEIO DOS SERVIÇOS DE ATENÇÃO PRIMÁRIA À SAÚDE - PAP;INCREMENTO DO PISO DA ATENÇÃO PRIMÁRIA À SAÚDE - PAP;12899907000113;FUNDO MUNICIPAL DE SAUDE;3853;21/05/2024;PROPOSTA PAGA;Proposta Paga;29/05/2024;R$500.000,00;R$500.000,00;R$500.000,00
2024;50410004;S.PART.;COMISSÃO DA SAÚDE;não se aplica;não se aplica;PB;250810;LAGOA;MUNICIPAL;COMISSAO;CORRENTE;301;3000;1030151192E890001;04/07/2024;36000631047202400;-;FAF;INCREMENTO PAP;2E89;INCREMENTO TEMPORÁRIO AO CUSTEIO DOS SERVIÇOS DE ATENÇÃO PRIMÁRIA À SAÚDE - PAP;INCREMENTO DO PISO DA ATENÇÃO PRIMÁRIA À SAÚDE - PAP;12319873000140;FUNDO MUNICIPAL DE SAUDE - FMS;4800;04/07/2024;PROPOSTA PAGA;Proposta Paga;05/07/2024;R$300.000,00;R$300.000,00;R$300.000,00
2024;50410004;S.PART.;COMISSÃO DA SAÚDE;não se aplica;não se aplica;PB;251350;SANTANA DE MANGUEIRA;MUNICIPAL;COMISSAO;CORRENTE;301;3000;1030151192E890001;03/07/2024;36000630800202400;-;FAF;INCREMENTO PAP;2E89;INCREMENTO TEMPORÁRIO AO CUSTEIO DOS SERVIÇOS DE ATENÇÃO PRIMÁRIA À SAÚDE - PAP;INCREMENTO DO PISO DA ATENÇÃO PRIMÁRIA À SAÚDE - PAP;11285050000189;FUNDO MUNICIPAL DE SAUDE;4800;04/07/2024;PROPOSTA PAGA;Proposta Paga;05/07/2024;R$150.000,00;R$150.000,00;R$150.000,00
2024;50410004;S.PART.;COMISSÃO DA SAÚDE;não se aplica;não se aplica;PB;251670;TEIXEIRA;MUNICIPAL;COMISSAO;CORRENTE;301;3000;1030151192E890001;03/07/2024;36000630858202400;-;FAF;INCREMENTO PAP;2E89;INCREMENTO TEMPORÁRIO AO CUSTEIO DOS SERVIÇOS DE ATENÇÃO PRIMÁRIA À SAÚDE - PAP;INCREMENTO DO PISO DA ATENÇÃO PRIMÁRIA À SAÚDE - PAP;11229326000101;FUNDO MUNICIPAL DE SAUDE;4800;04/07/2024;PROPOSTA PAGA;Proposta Paga;05/07/2024;R$400.000,00;R$400.000,00;R$400.000,00
2024;50410004;S.PART.;COMISSÃO DA SAÚDE;não se aplica;não se aplica;PB;250057;ALGODAO DE JANDAIRA;MUNICIPAL;COMISSAO;CORRENTE;301;3000;1030151192E890001;18/06/2024;36000618033202400;-;FAF;INCREMENTO PAP;2E89;INCREMENTO TEMPORÁRIO AO CUSTEIO DOS SERVIÇOS DE ATENÇÃO PRIMÁRIA À SAÚDE - PAP;INCREMENTO DO PISO DA ATENÇÃO PRIMÁRIA À SAÚDE - PAP;11903620000157;FUNDO MUNICIPAL DE SAUDE DO MUNICIPIO DE ALGODAO DE JANDAIRA;4458;19/06/2024;PROPOSTA PAGA;Proposta Paga;26/06/2024;R$200.000,00;R$200.000,00;R$200.000,00
2024;50410004;S.PART.;COMISSÃO DA SAÚDE;não se aplica;não se aplica;PB;250470;CONGO;MUNICIPAL;COMISSAO;CORRENTE;301;3000;1030151192E890001;18/06/2024;36000618695202400;-;FAF;INCREMENTO PAP;2E89;INCREMENTO TEMPORÁRIO AO CUSTEIO DOS SERVIÇOS DE ATENÇÃO PRIMÁRIA À SAÚDE - PAP;INCREMENTO DO PISO DA ATENÇÃO PRIMÁRIA À SAÚDE - PAP;11436548000103;FUNDO MUNICIPAL DE SAUDE - CONGO - PARAIBA;4492;21/06/2024;PROPOSTA PAGA;Proposta Paga;26/06/2024;R$210.000,00;R$210.000,00;R$210.000,00
2024;50410006;S.PART.;COMISSÃO DA SAÚDE;não se aplica;não se aplica;PB;251370;SANTA RITA;MUNICIPAL;COMISSAO;CORRENTE;302;1001;1030251182E900001;05/07/2024;36000631326202400;-;FAF;INCREMENTO MAC;2E90;ATENÇÃO ESPECIALIZADA À SAÚDE;INCREMENTO TEMPORÁRIO DO TETO DA MÉDIA E ALTA COMPLEXIDADE - MAC;08694222000163;FUNDO MUNICIPAL DE SAUDE DE SANTA RITA;4861;01/08/2024;PROPOSTA PAGA;Proposta Paga;30/05/2025;R$150.000,00;R$150.000,00;R$150.000,00
2024;50410006;S.PART.;COMISSÃO DA SAÚDE;não se aplica;não se aplica;PB;250060;ALHANDRA;MUNICIPAL;COMISSAO;CORRENTE;302;1001;1030251182E900001;03/07/2024;36000630764202400;-;FAF;INCREMENTO MAC;2E90;ATENÇÃO ESPECIALIZADA À SAÚDE;INCREMENTO TEMPORÁRIO DO TETO DA MÉDIA E ALTA COMPLEXIDADE - MAC;11490408000105;FUNDO MUNICIPAL DE SAUDE;4809;04/07/2024;PROPOSTA PAGA;Proposta Paga;05/07/2024;R$227.319,00;R$227.319,00;R$227.319,00
2024;60060003;S.PART.;COMISSÃO DE ASSUNTOS SOCIAIS - CAS;não se aplica;não se aplica;PB;250130;AROEIRAS;MUNICIPAL;COMISSAO;CORRENTE;301;3000;1030151192E890001;25/06/2024;36000623701202400;-;FAF;INCREMENTO PAP;2E89;INCREMENTO TEMPORÁRIO AO CUSTEIO DOS SERVIÇOS DE ATENÇÃO PRIMÁRIA À SAÚDE - PAP;INCREMENTO DO PISO DA ATENÇÃO PRIMÁRIA À SAÚDE - PAP;10819820000163;FUNDO MUNICIPAL DE SAUDE;4549;26/06/2024;PROPOSTA PAGA;Proposta Paga;28/06/2024;R$220.000,00;R$220.000,00;R$220.000,00
2024;60060003;S.PART.;COMISSÃO DE ASSUNTOS SOCIAIS - CAS;não se aplica;não se aplica;PB;250230;BOM SUCESSO;MUNICIPAL;COMISSAO;CORRENTE;302;1000;1030251182E900001;19/06/2024;36000619375202400;-;FAF;INCREMENTO MAC;2E90;ATENÇÃO ESPECIALIZADA À SAÚDE;INCREMENTO TEMPORÁRIO DO TETO DA MÉDIA E ALTA COMPLEXIDADE - MAC;12403050000107;FUNDO MUNICIPAL DE SAUDE - FMS;4493;21/06/2024;PROPOSTA PAGA;Proposta Paga;26/06/2024;R$298.234,00;R$298.234,00;R$298.234,00
2024;60060003;S.PART.;COMISSÃO DE ASSUNTOS SOCIAIS - CAS;não se aplica;não se aplica;PB;250390;CAMALAU;MUNICIPAL;COMISSAO;CORRENTE;301;3000;1030151192E890001;26/06/2024;36000625393202400;-;FAF;INCREMENTO PAP;2E89;INCREMENTO TEMPORÁRIO AO CUSTEIO DOS SERVIÇOS DE ATENÇÃO PRIMÁRIA À SAÚDE - PAP;INCREMENTO DO PISO DA ATENÇÃO PRIMÁRIA À SAÚDE - PAP;11417610000101;FUNDO MUNICIPAL DE SAUDE CAMALAU;4597;01/07/2024;PROPOSTA PAGA;Proposta Paga;04/07/2024;R$150.000,00;R$150.000,00;R$150.000,00
2024;50410004;S.PART.;COMISSÃO DA SAÚDE;não se aplica;não se aplica;PB;250550;VISTA SERRANA;MUNICIPAL;COMISSAO;CORRENTE;301;3000;1030151192E890001;17/06/2024;36000617205202400;-;FAF;INCREMENTO PAP;2E89;INCREMENTO TEMPORÁRIO AO CUSTEIO DOS SERVIÇOS DE ATENÇÃO PRIMÁRIA À SAÚDE - PAP;INCREMENTO DO PISO DA ATENÇÃO PRIMÁRIA À SAÚDE - PAP;11428853000145;FUNDO MUNICIPAL DE SAUDE;4458;19/06/2024;PROPOSTA PAGA;Proposta Paga;26/06/2024;R$1.000.000,00;R$1.000.000,00;R$1.000.000,00
2024;60110001;S.PART.;COMISSÃO DE ASSUNTOS SOCIAIS - CAS;não se aplica;não se aplica;PB;251290;RIO TINTO;MUNICIPAL;COMISSAO;CORRENTE;302;1000;1030251182E900001;18/06/2024;36000619215202400;-;FAF;INCREMENTO MAC;2E90;ATENÇÃO ESPECIALIZADA À SAÚDE;INCREMENTO TEMPORÁRIO DO TETO DA MÉDIA E ALTA COMPLEXIDADE - MAC;12457150000108;FUNDO MUNICIPAL DE SAUDE DE RIO TINTO;4493;21/06/2024;PROPOSTA PAGA;Proposta Paga;26/06/2024;R$500.000,00;R$500.000,00;R$500.000,00
2024;60110002;S.PART.;COMISSÃO DE ASSUNTOS SOCIAIS - CAS;não se aplica;não se aplica;PB;251360;SANTANA DOS GARROTES;MUNICIPAL;COMISSAO;CORRENTE;301;1000;1030151192E890001;18/06/2024;36000618595202400;-;FAF;INCREMENTO PAP;2E89;INCREMENTO TEMPORÁRIO AO CUSTEIO DOS SERVIÇOS DE ATENÇÃO PRIMÁRIA À SAÚDE - PAP;INCREMENTO DO PISO DA ATENÇÃO PRIMÁRIA À SAÚDE - PAP;12290612000145;FUNDO MUNICIPAL DE SAUDE DE SANTANA DOS GARROTES;4492;21/06/2024;PROPOSTA PAGA;Proposta Paga;26/06/2024;R$100.000,00;R$100.000,00;R$100.000,00
2024;50410002;S.PART.;COMISSÃO DA SAÚDE;não se aplica;não se aplica;PB;250210;BOA VENTURA;MUNICIPAL;COMISSAO;CORRENTE;302;1000;1030251182E900001;29/05/2024;36000614354202400;-;FAF;INCREMENTO MAC;2E90;ATENÇÃO ESPECIALIZADA À SAÚDE;INCREMENTO TEMPORÁRIO DO TETO DA MÉDIA E ALTA COMPLEXIDADE - MAC;10570295000195;FUNCO MUNICIPAL DE SAUDE DE BOA VENTURA;4249;07/06/2024;PROPOSTA PAGA;Proposta Paga;20/06/2024;R$300.000,00;R$300.000,00;R$300.000,00
2024;50410002;S.PART.;COMISSÃO DA SAÚDE;não se aplica;não se aplica;PB;250930;MATARACA;MUNICIPAL;COMISSAO;CORRENTE;302;1001;1030251182E900001;21/06/2024;36000621759202400;-;FAF;INCREMENTO MAC;2E90;ATENÇÃO ESPECIALIZADA À SAÚDE;INCREMENTO TEMPORÁRIO DO TETO DA MÉDIA E ALTA COMPLEXIDADE - MAC;13070749000157;FUNDO MUNICIPAL DE SAUDE DO MUNICIPIO DE MATARACA-PB;4480;21/06/2024;PROPOSTA PAGA;Proposta Paga;26/06/2024;R$2.226,00;R$2.226,00;R$2.226,00
2024;50410003;S.PART.;COMISSÃO DA SAÚDE;não se aplica;não se aplica;PB;250290;BREJO DOS SANTOS;MUNICIPAL;COMISSAO;CAPITAL;302;1000;10302511885350001;20/06/2024;18000776000124007;-;FAF;EQUIPAMENTO;8535;ATENÇÃO ESPECIALIZADA À SAÚDE;REDE DE ATENÇÃO HOSPITALAR - HOSPITAL GERAL;18000776000177;FUNDO MUNICIPAL DE SAUDE DE BREJO DOS SANTOS;6104;18/12/2024;PROPOSTA PAGA;Proposta Paga;30/05/2025;R$344.976,00;R$344.976,00;R$344.976,00
2024;50410002;S.PART.;COMISSÃO DA SAÚDE;não se aplica;não se aplica;PB;251250;QUEIMADAS;MUNICIPAL;COMISSAO;CORRENTE;302;1001;1030251182E900001;25/04/2024;36000609071202400;-;FAF;INCREMENTO MAC;2E90;ATENÇÃO ESPECIALIZADA À SAÚDE;INCREMENTO TEMPORÁRIO DO TETO DA MÉDIA E ALTA COMPLEXIDADE - MAC;11162629000154;FUNDO MUNICIPAL DE SAUDE;3864;21/05/2024;PROPOSTA PAGA;Proposta Paga;29/05/2024;R$400.000,00;R$400.000,00;R$400.000,00
2024;50410004;S.PART.;COMISSÃO DA SAÚDE;não se aplica;não se aplica;PB;250130;AROEIRAS;MUNICIPAL;COMISSAO;CORRENTE;301;1000;1030151192E890001;28/05/2024;36000614324202400;-;FAF;INCREMENTO PAP;2E89;INCREMENTO TEMPORÁRIO AO CUSTEIO DOS SERVIÇOS DE ATENÇÃO PRIMÁRIA À SAÚDE - PAP;INCREMENTO DO PISO DA ATENÇÃO PRIMÁRIA À SAÚDE - PAP;10819820000163;FUNDO MUNICIPAL DE SAUDE;4300;18/06/2024;PROPOSTA PAGA;Proposta Paga;26/06/2024;R$150.000,00;R$150.000,00;R$150.000,00
2024;50410004;S.PART.;COMISSÃO DA SAÚDE;não se aplica;não se aplica;PB;250855;LOGRADOURO;MUNICIPAL;COMISSAO;CORRENTE;301;3000;1030151192E890001;04/07/2024;36000630986202400;-;FAF;INCREMENTO PAP;2E89;INCREMENTO TEMPORÁRIO AO CUSTEIO DOS SERVIÇOS DE ATENÇÃO PRIMÁRIA À SAÚDE - PAP;INCREMENTO DO PISO DA ATENÇÃO PRIMÁRIA À SAÚDE - PAP;11268139000137;FUNDO MUNICIPAL DE SAUDE DE LOGRADOURO;4800;04/07/2024;PROPOSTA PAGA;Proposta Paga;05/07/2024;R$9.758,00;R$9.758,00;R$9.758,00
2024;50410004;S.PART.;COMISSÃO DA SAÚDE;não se aplica;não se aplica;PB;251050;OLIVEDOS;MUNICIPAL;COMISSAO;CORRENTE;301;3000;1030151192E890001;03/07/2024;36000629762202400;-;FAF;INCREMENTO PAP;2E89;INCREMENTO TEMPORÁRIO AO CUSTEIO DOS SERVIÇOS DE ATENÇÃO PRIMÁRIA À SAÚDE - PAP;INCREMENTO DO PISO DA ATENÇÃO PRIMÁRIA À SAÚDE - PAP;17739771000106;FUNDO MUNICIPAL DE SAUDE DE OLIVEDOS;4759;04/07/2024;PROPOSTA PAGA;Proposta Paga;05/07/2024;R$103.584,00;R$103.584,00;R$103.584,00
2024;50410004;S.PART.;COMISSÃO DA SAÚDE;não se aplica;não se aplica;PB;250355;CACIMBAS;MUNICIPAL;COMISSAO;CORRENTE;301;1000;1030151192E890001;25/04/2024;36000609157202400;-;FAF;INCREMENTO PAP;2E89;INCREMENTO TEMPORÁRIO AO CUSTEIO DOS SERVIÇOS DE ATENÇÃO PRIMÁRIA À SAÚDE - PAP;INCREMENTO DO PISO DA ATENÇÃO PRIMÁRIA À SAÚDE - PAP;10541009000163;FUNDO MUNICIPAL DE SAUDE DE CACIMBAS;3853;21/05/2024;PROPOSTA PAGA;Proposta Paga;29/05/2024;R$300.000,00;R$300.000,00;R$300.000,00
2024;50410004;S.PART.;COMISSÃO DA SAÚDE;não se aplica;não se aplica;PB;250800;JURU;MUNICIPAL;COMISSAO;CORRENTE;301;3000;1030151192E890001;03/07/2024;36000630818202400;-;FAF;INCREMENTO PAP;2E89;INCREMENTO TEMPORÁRIO AO CUSTEIO DOS SERVIÇOS DE ATENÇÃO PRIMÁRIA À SAÚDE - PAP;INCREMENTO DO PISO DA ATENÇÃO PRIMÁRIA À SAÚDE - PAP;10538747000151;FUNDO MUNICIPAL DE SAUDE;4800;04/07/2024;PROPOSTA PAGA;Proposta Paga;05/07/2024;R$100.000,00;R$100.000,00;R$100.000,00
2024;50410004;S.PART.;COMISSÃO DA SAÚDE;não se aplica;não se aplica;PB;250250;BOQUEIRAO;MUNICIPAL;COMISSAO;CORRENTE;301;3000;1030151192E890001;03/07/2024;36000630601202400;-;FAF;INCREMENTO PAP;2E89;INCREMENTO TEMPORÁRIO AO CUSTEIO DOS SERVIÇOS DE ATENÇÃO PRIMÁRIA À SAÚDE - PAP;INCREMENTO DO PISO DA ATENÇÃO PRIMÁRIA À SAÚDE - PAP;11153600000106;FUNDO MUNICIPAL DE SAUDE;4800;04/07/2024;PROPOSTA PAGA;Proposta Paga;05/07/2024;R$300.000,00;R$300.000,00;R$300.000,00
2024;50410004;S.PART.;COMISSÃO DA SAÚDE;não se aplica;não se aplica;PB;250480;COREMAS;MUNICIPAL;COMISSAO;CORRENTE;301;3000;1030151192E890001;03/07/2024;36000629998202400;-;FAF;INCREMENTO PAP;2E89;INCREMENTO TEMPORÁRIO AO CUSTEIO DOS SERVIÇOS DE ATENÇÃO PRIMÁRIA À SAÚDE - PAP;INCREMENTO DO PISO DA ATENÇÃO PRIMÁRIA À SAÚDE - PAP;11161210000188;FUNDO MUNICIPAL DE SAUDE;4760;04/07/2024;PROPOSTA PAGA;Proposta Paga;05/07/2024;R$400.000,00;R$400.000,00;R$400.000,00
2024;50410004;S.PART.;COMISSÃO DA SAÚDE;não se aplica;não se aplica;PB;251160;PILOES;MUNICIPAL;COMISSAO;CORRENTE;301;3000;1030151192E890001;04/07/2024;36000630940202400;-;FAF;INCREMENTO PAP;2E89;INCREMENTO TEMPORÁRIO AO CUSTEIO DOS SERVIÇOS DE ATENÇÃO PRIMÁRIA À SAÚDE - PAP;INCREMENTO DO PISO DA ATENÇÃO PRIMÁRIA À SAÚDE - PAP;12044868000172;FUNDO MUNICIPAL DE SAUDE - PILOES-PB;4800;04/07/2024;PROPOSTA PAGA;Proposta Paga;05/07/2024;R$300.000,00;R$300.000,00;R$300.000,00
2024;60060003;S.PART.;COMISSÃO DE ASSUNTOS SOCIAIS - CAS;não se aplica;não se aplica;PB;250030;ALAGOA GRANDE;MUNICIPAL;COMISSAO;CORRENTE;301;3000;1030151192E890001;18/06/2024;36000619209202400;-;FAF;INCREMENTO PAP;2E89;INCREMENTO TEMPORÁRIO AO CUSTEIO DOS SERVIÇOS DE ATENÇÃO PRIMÁRIA À SAÚDE - PAP;INCREMENTO DO PISO DA ATENÇÃO PRIMÁRIA À SAÚDE - PAP;17698753000115;FUNDO MUNICIPAL DE SAUDE DE ALAGOA GRANDE;4492;21/06/2024;PROPOSTA PAGA;Proposta Paga;26/06/2024;R$300.000,00;R$300.000,00;R$300.000,00
2024;50410004;S.PART.;COMISSÃO DA SAÚDE;não se aplica;não se aplica;PB;250970;MONTEIRO;MUNICIPAL;COMISSAO;CORRENTE;301;3000;1030151192E890001;03/07/2024;36000630832202400;-;FAF;INCREMENTO PAP;2E89;INCREMENTO TEMPORÁRIO AO CUSTEIO DOS SERVIÇOS DE ATENÇÃO PRIMÁRIA À SAÚDE - PAP;INCREMENTO DO PISO DA ATENÇÃO PRIMÁRIA À SAÚDE - PAP;11214763000151;FUNDO MUNICIPAL DE SAUDE DE MONTEIRO;4800;04/07/2024;PROPOSTA PAGA;Proposta Paga;05/07/2024;R$500.000,00;R$500.000,00;R$500.000,00
2024;50410004;S.PART.;COMISSÃO DA SAÚDE;não se aplica;não se aplica;PB;251210;POMBAL;MUNICIPAL;COMISSAO;CORRENTE;301;3000;1030151192E890001;03/07/2024;36000629744202400;-;FAF;INCREMENTO PAP;2E89;INCREMENTO TEMPORÁRIO AO CUSTEIO DOS SERVIÇOS DE ATENÇÃO PRIMÁRIA À SAÚDE - PAP;INCREMENTO DO PISO DA ATENÇÃO PRIMÁRIA À SAÚDE - PAP;10602526000103;FUNDO MUNICIPAL DE SAUDE;4759;04/07/2024;PROPOSTA PAGA;Proposta Paga;05/07/2024;R$500.000,00;R$500.000,00;R$500.000,00
2024;60060003;S.PART.;COMISSÃO DE ASSUNTOS SOCIAIS - CAS;não se aplica;não se aplica;PB;250460;CONDE;MUNICIPAL;COMISSAO;CORRENTE;302;1000;1030251182E900001;18/06/2024;36000619227202400;-;FAF;INCREMENTO MAC;2E90;ATENÇÃO ESPECIALIZADA À SAÚDE;INCREMENTO TEMPORÁRIO DO TETO DA MÉDIA E ALTA COMPLEXIDADE - MAC;11570107000191;FUNDO MUNICIPAL DE SAUDE;4493;21/06/2024;PROPOSTA PAGA;Proposta Paga;26/06/2024;R$300.000,00;R$300.000,00;R$300.000,00
2024;50410002;S.PART.;COMISSÃO DA SAÚDE;não se aplica;não se aplica;PB;250750;JOAO PESSOA;ESTADUAL;COMISSAO;CORRENTE;302;1000;1030251182E900001;23/05/2024;36000613815202400;-;FAF;INCREMENTO MAC;2E90;ATENÇÃO ESPECIALIZADA À SAÚDE;INCREMENTO TEMPORÁRIO DO TETO DA MÉDIA E ALTA COMPLEXIDADE - MAC;03609595000175;FUNDO ESTADUAL DE SAUDE DO ESTADO DA PARAIBA - FESEP;4081;27/05/2024;PROPOSTA PAGA;Proposta Paga;10/06/2024;R$1.710.000,00;R$1.710.000,00;R$1.710.000,00
2024;50410002;S.PART.;COMISSÃO DA SAÚDE;não se aplica;não se aplica;PB;251140;PICUI;MUNICIPAL;COMISSAO;CORRENTE;302;1001;1030251182E900001;15/04/2024;36000605527202400;-;FAF;INCREMENTO MAC;2E90;ATENÇÃO ESPECIALIZADA À SAÚDE;INCREMENTO TEMPORÁRIO DO TETO DA MÉDIA E ALTA COMPLEXIDADE - MAC;08619650000121;FUNDO MUNICIPAL DE SAUDE;3864;21/05/2024;PROPOSTA PAGA;Proposta Paga;29/05/2024;R$2.000.000,00;R$2.000.000,00;R$2.000.000,00
2024;50410002;S.PART.;COMISSÃO DA SAÚDE;não se aplica;não se aplica;PB;251670;TEIXEIRA;MUNICIPAL;COMISSAO;CORRENTE;302;1001;1030251182E900001;19/04/2024;36000607441202400;-;FAF;INCREMENTO MAC;2E90;ATENÇÃO ESPECIALIZADA À SAÚDE;INCREMENTO TEMPORÁRIO DO TETO DA MÉDIA E ALTA COMPLEXIDADE - MAC;11229326000101;FUNDO MUNICIPAL DE SAUDE;3864;21/05/2024;PROPOSTA PAGA;Proposta Paga;29/05/2024;R$200.000,00;R$200.000,00;R$200.000,00
2024;50410004;S.PART.;COMISSÃO DA SAÚDE;não se aplica;não se aplica;PB;250937;MATO GROSSO;MUNICIPAL;COMISSAO;CORRENTE;301;1000;1030151192E890001;22/04/2024;36000607786202400;-;FAF;INCREMENTO PAP;2E89;INCREMENTO TEMPORÁRIO AO CUSTEIO DOS SERVIÇOS DE ATENÇÃO PRIMÁRIA À SAÚDE - PAP;INCREMENTO DO PISO DA ATENÇÃO PRIMÁRIA À SAÚDE - PAP;11951131000170;FUNDO MUNICIPAL DE SAUDE DE MATO GROSSO PB;3853;21/05/2024;PROPOSTA PAGA;Proposta Paga;29/05/2024;R$142.648,00;R$142.648,00;R$142.648,00
2024;50410004;S.PART.;COMISSÃO DA SAÚDE;não se aplica;não se aplica;PB;250860;LUCENA;MUNICIPAL;COMISSAO;CORRENTE;301;3000;1030151192E890001;03/07/2024;36000630795202400;-;FAF;INCREMENTO PAP;2E89;INCREMENTO TEMPORÁRIO AO CUSTEIO DOS SERVIÇOS DE ATENÇÃO PRIMÁRIA À SAÚDE - PAP;INCREMENTO DO PISO DA ATENÇÃO PRIMÁRIA À SAÚDE - PAP;11516231000179;FUNDO MUNICIPAL DE SAUDE DE LUCENA;4800;04/07/2024;PROPOSTA PAGA;Proposta Paga;05/07/2024;R$300.000,00;R$300.000,00;R$300.000,00
2024;50410004;S.PART.;COMISSÃO DA SAÚDE;não se aplica;não se aplica;PB;251530;SAPE;MUNICIPAL;COMISSAO;CORRENTE;301;3000;1030151192E890001;25/06/2024;36000624428202400;-;FAF;INCREMENTO PAP;2E89;INCREMENTO TEMPORÁRIO AO CUSTEIO DOS SERVIÇOS DE ATENÇÃO PRIMÁRIA À SAÚDE - PAP;INCREMENTO DO PISO DA ATENÇÃO PRIMÁRIA À SAÚDE - PAP;08036438000131;FUNDO MUNICIPAL DE SAUDE DE SAPE;4581;28/06/2024;PROPOSTA PAGA;Proposta Paga;02/07/2024;R$2.000.000,00;R$2.000.000,00;R$2.000.000,00
2024;50410004;S.PART.;COMISSÃO DA SAÚDE;não se aplica;não se aplica;PB;250600;ESPERANCA;MUNICIPAL;COMISSAO;CORRENTE;301;3000;1030151192E890001;03/07/2024;36000630716202400;-;FAF;INCREMENTO PAP;2E89;INCREMENTO TEMPORÁRIO AO CUSTEIO DOS SERVIÇOS DE ATENÇÃO PRIMÁRIA À SAÚDE - PAP;INCREMENTO DO PISO DA ATENÇÃO PRIMÁRIA À SAÚDE - PAP;12011984000195;FUNDO MUNICIPAL DE SAUDE;4800;04/07/2024;PROPOSTA PAGA;Proposta Paga;05/07/2024;R$500.000,00;R$500.000,00;R$500.000,00
2024;50410004;S.PART.;COMISSÃO DA SAÚDE;não se aplica;não se aplica;PB;251340;SANTA LUZIA;MUNICIPAL;COMISSAO;CORRENTE;301;3000;1030151192E890001;04/07/2024;36000631169202400;-;FAF;INCREMENTO PAP;2E89;INCREMENTO TEMPORÁRIO AO CUSTEIO DOS SERVIÇOS DE ATENÇÃO PRIMÁRIA À SAÚDE - PAP;INCREMENTO DO PISO DA ATENÇÃO PRIMÁRIA À SAÚDE - PAP;10425754000147;FUNDO MUNICIPAL DE SAUDE DE SANTA LUZIA;4800;04/07/2024;PROPOSTA PAGA;Proposta Paga;05/07/2024;R$500.000,00;R$500.000,00;R$500.000,00
2024;50410004;S.PART.;COMISSÃO DA SAÚDE;não se aplica;não se aplica;PB;251430;SAO JOSE DE CAIANA;MUNICIPAL;COMISSAO;CORRENTE;301;3000;1030151192E890001;03/07/2024;36000629861202400;-;FAF;INCREMENTO PAP;2E89;INCREMENTO TEMPORÁRIO AO CUSTEIO DOS SERVIÇOS DE ATENÇÃO PRIMÁRIA À SAÚDE - PAP;INCREMENTO DO PISO DA ATENÇÃO PRIMÁRIA À SAÚDE - PAP;10785644000196;FUNDO MUNICIPAL DE SAUDE DE SAO JOSE DE CAIANA;4760;04/07/2024;PROPOSTA PAGA;Proposta Paga;05/07/2024;R$850.000,00;R$850.000,00;R$850.000,00
2024;50410004;S.PART.;COMISSÃO DA SAÚDE;não se aplica;não se aplica;PB;251700;UMBUZEIRO;MUNICIPAL;COMISSAO;CORRENTE;301;3000;1030151192E890001;24/06/2024;36000623452202400;-;FAF;INCREMENTO PAP;2E89;INCREMENTO TEMPORÁRIO AO CUSTEIO DOS SERVIÇOS DE ATENÇÃO PRIMÁRIA À SAÚDE - PAP;INCREMENTO DO PISO DA ATENÇÃO PRIMÁRIA À SAÚDE - PAP;09494245000197;FUNDO MUNICIPAL DE SAUDE;4547;26/06/2024;PROPOSTA PAGA;Proposta Paga;28/06/2024;R$1.500.000,00;R$1.500.000,00;R$1.500.000,00
2024;50410005;S.PART.;COMISSÃO DA SAÚDE;não se aplica;não se aplica;PB;251410;SAO JOAO DO TIGRE;MUNICIPAL;COMISSAO;CAPITAL;301;1001;10301511985810001;25/04/2024;12899907000124001;-;FAF;EQUIPAMENTO;8581;SAÚDE DA FAMÍLIA;EQUIPAMENTOS;12899907000113;FUNDO MUNICIPAL DE SAUDE;3866;21/05/2024;PROPOSTA PAGA;Proposta Paga;29/05/2024;R$93.808,00;R$93.808,00;R$93.808,00
2024;60110001;S.PART.;COMISSÃO DE ASSUNTOS SOCIAIS - CAS;não se aplica;não se aplica;PB;251530;SAPE;MUNICIPAL;COMISSAO;CORRENTE;302;1000;1030251182E900001;20/06/2024;36000620791202400;-;FAF;INCREMENTO MAC;2E90;ATENÇÃO ESPECIALIZADA À SAÚDE;INCREMENTO TEMPORÁRIO DO TETO DA MÉDIA E ALTA COMPLEXIDADE - MAC;08036438000131;FUNDO MUNICIPAL DE SAUDE DE SAPE;4493;21/06/2024;PROPOSTA PAGA;Proposta Paga;26/06/2024;R$500.000,00;R$500.000,00;R$500.000,00
2024;60110002;S.PART.;COMISSÃO DE ASSUNTOS SOCIAIS - CAS;não se aplica;não se aplica;PB;251300;SALGADINHO;MUNICIPAL;COMISSAO;CORRENTE;301;1000;1030151192E890001;18/06/2024;36000619243202400;-;FAF;INCREMENTO PAP;2E89;INCREMENTO TEMPORÁRIO AO CUSTEIO DOS SERVIÇOS DE ATENÇÃO PRIMÁRIA À SAÚDE - PAP;INCREMENTO DO PISO DA ATENÇÃO PRIMÁRIA À SAÚDE - PAP;11321779000163;FUNDO MUNICIPAL DE SAUDE - SALGADINHO - PB;4492;21/06/2024;PROPOSTA PAGA;Proposta Paga;26/06/2024;R$150.000,00;R$150.000,00;R$150.000,00
2024;60110002;S.PART.;COMISSÃO DE ASSUNTOS SOCIAIS - CAS;não se aplica;não se aplica;PB;251290;RIO TINTO;MUNICIPAL;COMISSAO;CORRENTE;301;1000;1030151192E890001;18/06/2024;36000618503202400;-;FAF;INCREMENTO PAP;2E89;INCREMENTO TEMPORÁRIO AO CUSTEIO DOS SERVIÇOS DE ATENÇÃO PRIMÁRIA À SAÚDE - PAP;INCREMENTO DO PISO DA ATENÇÃO PRIMÁRIA À SAÚDE - PAP;12457150000108;FUNDO MUNICIPAL DE SAUDE DE RIO TINTO;4492;21/06/2024;PROPOSTA PAGA;Proposta Paga;26/06/2024;R$200.000,00;R$200.000,00;R$200.000,00
2024;60060003;S.PART.;COMISSÃO DE ASSUNTOS SOCIAIS - CAS;não se aplica;não se aplica;PB;250400;CAMPINA GRANDE;MUNICIPAL;COMISSAO;CORRENTE;302;1000;1030251182E900001;25/06/2024;36000624514202400;-;FAF;INCREMENTO MAC;2E90;ATENÇÃO ESPECIALIZADA À SAÚDE;INCREMENTO TEMPORÁRIO DO TETO DA MÉDIA E ALTA COMPLEXIDADE - MAC;24513574000121;FUNDO MUNICIPAL DE SAUDE DE CAMPINA GRANDE;4588;28/06/2024;PROPOSTA PAGA;Proposta Paga;02/07/2024;R$1.000.000,00;R$1.000.000,00;R$1.000.000,00
2024;50410002;S.PART.;COMISSÃO DA SAÚDE;não se aplica;não se aplica;PB;250600;ESPERANCA;MUNICIPAL;COMISSAO;CORRENTE;302;1001;1030251182E900001;16/04/2024;36000605989202400;-;FAF;INCREMENTO MAC;2E90;ATENÇÃO ESPECIALIZADA À SAÚDE;INCREMENTO TEMPORÁRIO DO TETO DA MÉDIA E ALTA COMPLEXIDADE - MAC;12011984000195;FUNDO MUNICIPAL DE SAUDE;3864;21/05/2024;PROPOSTA PAGA;Proposta Paga;29/05/2024;R$500.000,00;R$500.000,00;R$500.000,00
2024;50410002;S.PART.;COMISSÃO DA SAÚDE;não se aplica;não se aplica;PB;250400;CAMPINA GRANDE;MUNICIPAL;COMISSAO;CORRENTE;302;1001;1030251182E900001;17/06/2024;36000617046202400;-;FAF;INCREMENTO MAC;2E90;ATENÇÃO ESPECIALIZADA À SAÚDE;INCREMENTO TEMPORÁRIO DO TETO DA MÉDIA E ALTA COMPLEXIDADE - MAC;24513574000121;FUNDO MUNICIPAL DE SAUDE DE CAMPINA GRANDE;4452;19/06/2024;PROPOSTA PAGA;Proposta Paga;26/06/2024;R$5.050.000,00;R$5.050.000,00;R$5.050.000,00
2024;50410004;S.PART.;COMISSÃO DA SAÚDE;não se aplica;não se aplica;PB;250780;JUNCO DO SERIDO;MUNICIPAL;COMISSAO;CORRENTE;301;3000;1030151192E890001;04/07/2024;36000631219202400;-;FAF;INCREMENTO PAP;2E89;INCREMENTO TEMPORÁRIO AO CUSTEIO DOS SERVIÇOS DE ATENÇÃO PRIMÁRIA À SAÚDE - PAP;INCREMENTO DO PISO DA ATENÇÃO PRIMÁRIA À SAÚDE - PAP;13069201000197;FUNDO MUNICIPAL DE SAUDE DE JUNCO DO SERIDO-PB;4831;05/07/2024;PROPOSTA PAGA;Proposta Paga;05/07/2024;R$8.949,00;R$8.949,00;R$8.949,00
2024;50410004;S.PART.;COMISSÃO DA SAÚDE;não se aplica;não se aplica;PB;250960;MONTE HOREBE;MUNICIPAL;COMISSAO;CORRENTE;301;3000;1030151192E890001;04/07/2024;36000630971202400;-;FAF;INCREMENTO PAP;2E89;INCREMENTO TEMPORÁRIO AO CUSTEIO DOS SERVIÇOS DE ATENÇÃO PRIMÁRIA À SAÚDE - PAP;INCREMENTO DO PISO DA ATENÇÃO PRIMÁRIA À SAÚDE - PAP;12445872000142;FUNDO MUNICIPAL DE SAUDE DO MUNICIPIO DE MONTE HOREBE - PB;4800;04/07/2024;PROPOSTA PAGA;Proposta Paga;05/07/2024;R$200.000,00;R$200.000,00;R$200.000,00
2024;50410004;S.PART.;COMISSÃO DA SAÚDE;não se aplica;não se aplica;PB;250415;CASSERENGUE;MUNICIPAL;COMISSAO;CORRENTE;301;1000;1030151192E890001;29/05/2024;36000614398202400;-;FAF;INCREMENTO PAP;2E89;INCREMENTO TEMPORÁRIO AO CUSTEIO DOS SERVIÇOS DE ATENÇÃO PRIMÁRIA À SAÚDE - PAP;INCREMENTO DO PISO DA ATENÇÃO PRIMÁRIA À SAÚDE - PAP;12431437000169;FUNDO MUNICIPAL DE SAUDE;4300;18/06/2024;PROPOSTA PAGA;Proposta Paga;26/06/2024;R$500.000,00;R$500.000,00;R$500.000,00
2024;50410004;S.PART.;COMISSÃO DA SAÚDE;não se aplica;não se aplica;PB;250950;MONTADAS;MUNICIPAL;COMISSAO;CORRENTE;301;3000;1030151192E890001;24/06/2024;36000623349202400;-;FAF;INCREMENTO PAP;2E89;INCREMENTO TEMPORÁRIO AO CUSTEIO DOS SERVIÇOS DE ATENÇÃO PRIMÁRIA À SAÚDE - PAP;INCREMENTO DO PISO DA ATENÇÃO PRIMÁRIA À SAÚDE - PAP;13884126000118;FUNDO MUNICIPAL DE SAUDE DE MONTADAS;4547;26/06/2024;PROPOSTA PAGA;Proposta Paga;28/06/2024;R$413.787,00;R$413.787,00;R$413.787,00
2024;50410004;S.PART.;COMISSÃO DA SAÚDE;não se aplica;não se aplica;PB;250050;ALAGOINHA;MUNICIPAL;COMISSAO;CORRENTE;301;1000;1030151192E890001;22/04/2024;36000607806202400;-;FAF;INCREMENTO PAP;2E89;INCREMENTO TEMPORÁRIO AO CUSTEIO DOS SERVIÇOS DE ATENÇÃO PRIMÁRIA À SAÚDE - PAP;INCREMENTO DO PISO DA ATENÇÃO PRIMÁRIA À SAÚDE - PAP;11757032000152;FUNDO MUNICIPAL DE SAUDE DE ALAGOINHA;3853;21/05/2024;PROPOSTA PAGA;Proposta Paga;29/05/2024;R$1.000.000,00;R$1.000.000,00;R$1.000.000,00
2024;50410006;S.PART.;COMISSÃO DA SAÚDE;não se aplica;não se aplica;PB;250250;BOQUEIRAO;MUNICIPAL;COMISSAO;CORRENTE;302;1001;1030251182E900001;03/07/2024;36000630602202400;-;FAF;INCREMENTO MAC;2E90;ATENÇÃO ESPECIALIZADA À SAÚDE;INCREMENTO TEMPORÁRIO DO TETO DA MÉDIA E ALTA COMPLEXIDADE - MAC;11153600000106;FUNDO MUNICIPAL DE SAUDE;4809;04/07/2024;PROPOSTA PAGA;Proposta Paga;05/07/2024;R$300.000,00;R$300.000,00;R$300.000,00
2024;60060003;S.PART.;COMISSÃO DE ASSUNTOS SOCIAIS - CAS;não se aplica;não se aplica;PB;250760;JUAREZ TAVORA;MUNICIPAL;COMISSAO;CORRENTE;301;3000;1030151192E890001;19/06/2024;36000619303202400;-;FAF;INCREMENTO PAP;2E89;INCREMENTO TEMPORÁRIO AO CUSTEIO DOS SERVIÇOS DE ATENÇÃO PRIMÁRIA À SAÚDE - PAP;INCREMENTO DO PISO DA ATENÇÃO PRIMÁRIA À SAÚDE - PAP;11908594000150;FUNDO MUNICIPAL DE SAUDE DE JUAREZ TAVORA;4492;21/06/2024;PROPOSTA PAGA;Proposta Paga;26/06/2024;R$250.000,00;R$250.000,00;R$250.000,00
2024;60060003;S.PART.;COMISSÃO DE ASSUNTOS SOCIAIS - CAS;não se aplica;não se aplica;PB;250680;INGA;MUNICIPAL;COMISSAO;CORRENTE;302;1000;1030251182E900001;25/06/2024;36000623804202400;-;FAF;INCREMENTO MAC;2E90;ATENÇÃO ESPECIALIZADA À SAÚDE;INCREMENTO TEMPORÁRIO DO TETO DA MÉDIA E ALTA COMPLEXIDADE - MAC;08610110000187;FUNDO MUNICIPAL DE SAUDE DE INGA/PB;4588;28/06/2024;PROPOSTA PAGA;Proposta Paga;02/07/2024;R$300.000,00;R$300.000,00;R$300.000,00
2024;60110002;S.PART.;COMISSÃO DE ASSUNTOS SOCIAIS - CAS;não se aplica;não se aplica;PB;251250;QUEIMADAS;MUNICIPAL;COMISSAO;CORRENTE;301;1000;1030151192E890001;24/06/2024;36000623589202400;-;FAF;INCREMENTO PAP;2E89;INCREMENTO TEMPORÁRIO AO CUSTEIO DOS SERVIÇOS DE ATENÇÃO PRIMÁRIA À SAÚDE - PAP;INCREMENTO DO PISO DA ATENÇÃO PRIMÁRIA À SAÚDE - PAP;11162629000154;FUNDO MUNICIPAL DE SAUDE;4547;26/06/2024;PROPOSTA PAGA;Proposta Paga;28/06/2024;R$500.000,00;R$500.000,00;R$500.000,00
2024;50410002;S.PART.;COMISSÃO DA SAÚDE;não se aplica;não se aplica;PB;250750;JOAO PESSOA;MUNICIPAL;COMISSAO;CORRENTE;302;1000;1030251182E900001;03/07/2024;36000630354202400;-;FAF;INCREMENTO MAC;2E90;ATENÇÃO ESPECIALIZADA À SAÚDE;INCREMENTO TEMPORÁRIO DO TETO DA MÉDIA E ALTA COMPLEXIDADE - MAC;08715618000140;FUNDO MUNICIPAL DE SAUDE;4805;04/07/2024;PROPOSTA PAGA;Proposta Paga;05/07/2024;R$1.950.000,00;R$1.950.000,00;R$1.950.000,00
2024;50410002;S.PART.;COMISSÃO DA SAÚDE;não se aplica;não se aplica;PB;250750;JOAO PESSOA;ESTADUAL;COMISSAO;CORRENTE;302;1000;1030251182E900001;29/04/2024;36000609704202400;-;FAF;INCREMENTO MAC;2E90;ATENÇÃO ESPECIALIZADA À SAÚDE;INCREMENTO TEMPORÁRIO DO TETO DA MÉDIA E ALTA COMPLEXIDADE - MAC;03609595000175;FUNDO ESTADUAL DE SAUDE DO ESTADO DA PARAIBA - FESEP;3864;21/05/2024;PROPOSTA PAGA;Proposta Paga;10/06/2024;R$2.430.087,00;R$2.430.087,00;R$2.430.087,00
2024;50410002;S.PART.;COMISSÃO DA SAÚDE;não se aplica;não se aplica;PB;250470;CONGO;MUNICIPAL;COMISSAO;CORRENTE;302;1000;1030251182E900001;28/05/2024;36000614252202400;-;FAF;INCREMENTO MAC;2E90;ATENÇÃO ESPECIALIZADA À SAÚDE;INCREMENTO TEMPORÁRIO DO TETO DA MÉDIA E ALTA COMPLEXIDADE - MAC;11436548000103;FUNDO MUNICIPAL DE SAUDE - CONGO - PARAIBA;4218;10/06/2024;PROPOSTA PAGA;Proposta Paga;20/06/2024;R$239.000,00;R$239.000,00;R$239.000,00
2024;50410003;S.PART.;COMISSÃO DA SAÚDE;não se aplica;não se aplica;PB;251210;POMBAL;MUNICIPAL;COMISSAO;CAPITAL;302;1000;10302511885350001;19/06/2024;10602526000124005;-;FAF;EQUIPAMENTO;8535;ATENÇÃO ESPECIALIZADA À SAÚDE;REDE DE ATENÇÃO ESPECIALIZADA À SAÚDE - AMBULATÓRIO;10602526000103;FUNDO MUNICIPAL DE SAUDE;6111;18/12/2024;PROPOSTA PAGA;Proposta Paga;16/06/2025;R$72.268,00;R$72.268,00;R$72.268,00
2024;50410003;S.PART.;COMISSÃO DA SAÚDE;não se aplica;não se aplica;PB;250740;JERICO;MUNICIPAL;COMISSAO;CAPITAL;302;1000;10302511885350001;28/06/2024;12009325000124011;-;FAF;EQUIPAMENTO;8535;ATENÇÃO ESPECIALIZADA À SAÚDE;REDE DE ATENÇÃO HOSPITALAR - HOSPITAL GERAL;12009325000114;FUNDO MUNICIPAL DE SAUDE - FMS;6104;18/12/2024;PROPOSTA PAGA;Proposta Paga;30/05/2025;R$108.288,00;R$108.288,00;R$108.288,00
2024;50410004;S.PART.;COMISSÃO DA SAÚDE;não se aplica;não se aplica;PB;250050;ALAGOINHA;MUNICIPAL;COMISSAO;CORRENTE;301;3000;1030151192E890001;03/07/2024;36000630631202400;-;FAF;INCREMENTO PAP;2E89;INCREMENTO TEMPORÁRIO AO CUSTEIO DOS SERVIÇOS DE ATENÇÃO PRIMÁRIA À SAÚDE - PAP;INCREMENTO DO PISO DA ATENÇÃO PRIMÁRIA À SAÚDE - PAP;11757032000152;FUNDO MUNICIPAL DE SAUDE DE ALAGOINHA;4800;04/07/2024;PROPOSTA PAGA;Proposta Paga;05/07/2024;R$500.000,00;R$500.000,00;R$500.000,00
2024;50410004;S.PART.;COMISSÃO DA SAÚDE;não se aplica;não se aplica;PB;250460;CONDE;MUNICIPAL;COMISSAO;CORRENTE;301;3000;1030151192E890001;03/07/2024;36000630773202400;-;FAF;INCREMENTO PAP;2E89;INCREMENTO TEMPORÁRIO AO CUSTEIO DOS SERVIÇOS DE ATENÇÃO PRIMÁRIA À SAÚDE - PAP;INCREMENTO DO PISO DA ATENÇÃO PRIMÁRIA À SAÚDE - PAP;11570107000191;FUNDO MUNICIPAL DE SAUDE;4800;04/07/2024;PROPOSTA PAGA;Proposta Paga;05/07/2024;R$500.000,00;R$500.000,00;R$500.000,00
2024;60060003;S.PART.;COMISSÃO DE ASSUNTOS SOCIAIS - CAS;não se aplica;não se aplica;PB;250060;ALHANDRA;MUNICIPAL;COMISSAO;CORRENTE;301;3000;1030151192E890001;18/06/2024;36000618446202400;-;FAF;INCREMENTO PAP;2E89;INCREMENTO TEMPORÁRIO AO CUSTEIO DOS SERVIÇOS DE ATENÇÃO PRIMÁRIA À SAÚDE - PAP;INCREMENTO DO PISO DA ATENÇÃO PRIMÁRIA À SAÚDE - PAP;11490408000105;FUNDO MUNICIPAL DE SAUDE;4492;21/06/2024;PROPOSTA PAGA;Proposta Paga;26/06/2024;R$271.000,00;R$271.000,00;R$271.000,00
2024;50410002;S.PART.;COMISSÃO DA SAÚDE;não se aplica;não se aplica;PB;250435;CATURITE;MUNICIPAL;COMISSAO;CORRENTE;302;1000;1030251182E900001;23/05/2024;36000613861202400;-;FAF;INCREMENTO MAC;2E90;ATENÇÃO ESPECIALIZADA À SAÚDE;INCREMENTO TEMPORÁRIO DO TETO DA MÉDIA E ALTA COMPLEXIDADE - MAC;11457024000190;FUNDO MUNICIPAL DE SAUDE CATURITE;4352;18/06/2024;PROPOSTA PAGA;Proposta Paga;26/06/2024;R$118.000,00;R$118.000,00;R$118.000,00
2024;50410002;S.PART.;COMISSÃO DA SAÚDE;não se aplica;não se aplica;PB;250460;CONDE;MUNICIPAL;COMISSAO;CORRENTE;302;1001;1030251182E900001;25/04/2024;36000608963202400;-;FAF;INCREMENTO MAC;2E90;ATENÇÃO ESPECIALIZADA À SAÚDE;INCREMENTO TEMPORÁRIO DO TETO DA MÉDIA E ALTA COMPLEXIDADE - MAC;11570107000191;FUNDO MUNICIPAL DE SAUDE;3864;21/05/2024;PROPOSTA PAGA;Proposta Paga;29/05/2024;R$66.836,00;R$66.836,00;R$66.836,00
2024;50410004;S.PART.;COMISSÃO DA SAÚDE;não se aplica;não se aplica;PB;251630;SUME;MUNICIPAL;COMISSAO;CORRENTE;301;1000;1030151192E890001;21/06/2024;36000622378202400;-;FAF;INCREMENTO PAP;2E89;INCREMENTO TEMPORÁRIO AO CUSTEIO DOS SERVIÇOS DE ATENÇÃO PRIMÁRIA À SAÚDE - PAP;INCREMENTO DO PISO DA ATENÇÃO PRIMÁRIA À SAÚDE - PAP;11285069000125;FUNDO MUNICIPAL DE SAUDE;4524;25/06/2024;PROPOSTA PAGA;Proposta Paga;28/06/2024;R$1.500.000,00;R$1.500.000,00;R$1.500.000,00
2024;50410004;S.PART.;COMISSÃO DA SAÚDE;não se aplica;não se aplica;PB;251510;SAO SEBASTIAO DE LAGOA DE ROCA;MUNICIPAL;COMISSAO;CORRENTE;301;3000;1030151192E890001;24/06/2024;36000623340202400;-;FAF;INCREMENTO PAP;2E89;INCREMENTO TEMPORÁRIO AO CUSTEIO DOS SERVIÇOS DE ATENÇÃO PRIMÁRIA À SAÚDE - PAP;INCREMENTO DO PISO DA ATENÇÃO PRIMÁRIA À SAÚDE - PAP;11143891000151;FUNDO MUNICIPAL DE SAUDE SAO SEBASTIAO DE LAGOA DE ROCA;4547;26/06/2024;PROPOSTA PAGA;Proposta Paga;28/06/2024;R$279.091,00;R$279.091,00;R$279.091,00
2024;50410004;S.PART.;COMISSÃO DA SAÚDE;não se aplica;não se aplica;PB;250690;ITABAIANA;MUNICIPAL;COMISSAO;CORRENTE;301;1000;1030151192E890001;25/04/2024;36000608923202400;-;FAF;INCREMENTO PAP;2E89;INCREMENTO TEMPORÁRIO AO CUSTEIO DOS SERVIÇOS DE ATENÇÃO PRIMÁRIA À SAÚDE - PAP;INCREMENTO DO PISO DA ATENÇÃO PRIMÁRIA À SAÚDE - PAP;07615929000174;FUNDO MUNICIPAL DE SAUDE;3853;21/05/2024;PROPOSTA PAGA;Proposta Paga;29/05/2024;R$300.000,00;R$300.000,00;R$300.000,00
2024;50410004;S.PART.;COMISSÃO DA SAÚDE;não se aplica;não se aplica;PB;250110;AREIA;MUNICIPAL;COMISSAO;CORRENTE;301;1000;1030151192E890001;13/05/2024;36000611845202400;-;FAF;INCREMENTO PAP;2E89;INCREMENTO TEMPORÁRIO AO CUSTEIO DOS SERVIÇOS DE ATENÇÃO PRIMÁRIA À SAÚDE - PAP;INCREMENTO DO PISO DA ATENÇÃO PRIMÁRIA À SAÚDE - PAP;11268285000162;FUNDO MUNICIPAL DE SAUDE;3853;21/05/2024;PROPOSTA PAGA;Proposta Paga;11/06/2024;R$500.000,00;R$500.000,00;R$500.000,00
2024;50410004;S.PART.;COMISSÃO DA SAÚDE;não se aplica;não se aplica;PB;251330;SANTA HELENA;MUNICIPAL;COMISSAO;CORRENTE;301;3000;1030151192E890001;21/06/2024;36000622190202400;-;FAF;INCREMENTO PAP;2E89;INCREMENTO TEMPORÁRIO AO CUSTEIO DOS SERVIÇOS DE ATENÇÃO PRIMÁRIA À SAÚDE - PAP;INCREMENTO DO PISO DA ATENÇÃO PRIMÁRIA À SAÚDE - PAP;11245287000136;FUNDO MUNICIPAL DE SAUDE DE SANTA HELENA-PB;4524;25/06/2024;PROPOSTA PAGA;Proposta Paga;28/06/2024;R$359.978,00;R$359.978,00;R$359.978,00
2024;50410004;S.PART.;COMISSÃO DA SAÚDE;não se aplica;não se aplica;PB;251200;POCINHOS;MUNICIPAL;COMISSAO;CORRENTE;301;1000;1030151192E890001;25/04/2024;36000608846202400;-;FAF;INCREMENTO PAP;2E89;INCREMENTO TEMPORÁRIO AO CUSTEIO DOS SERVIÇOS DE ATENÇÃO PRIMÁRIA À SAÚDE - PAP;INCREMENTO DO PISO DA ATENÇÃO PRIMÁRIA À SAÚDE - PAP;09505246000190;FUNDO MUNICIPAL DE SAUDE - POCINHOS - PARAIBA;3853;21/05/2024;PROPOSTA PAGA;Proposta Paga;29/05/2024;R$500.000,00;R$500.000,00;R$500.000,00
2024;50410004;S.PART.;COMISSÃO DA SAÚDE;não se aplica;não se aplica;PB;250670;IMACULADA;MUNICIPAL;COMISSAO;CORRENTE;301;3000;1030151192E890001;03/07/2024;36000630015202400;-;FAF;INCREMENTO PAP;2E89;INCREMENTO TEMPORÁRIO AO CUSTEIO DOS SERVIÇOS DE ATENÇÃO PRIMÁRIA À SAÚDE - PAP;INCREMENTO DO PISO DA ATENÇÃO PRIMÁRIA À SAÚDE - PAP;11838404000175;FUNDO MUNICIPAL DE SAUDE DO MUNICIPIO DE IMACULADA;4760;04/07/2024;PROPOSTA PAGA;Proposta Paga;05/07/2024;R$300.000,00;R$300.000,00;R$300.000,00
2024;50410004;S.PART.;COMISSÃO DA SAÚDE;não se aplica;não se aplica;PB;250450;CONDADO;MUNICIPAL;COMISSAO;CORRENTE;301;3000;1030151192E890001;04/07/2024;36000631038202400;-;FAF;INCREMENTO PAP;2E89;INCREMENTO TEMPORÁRIO AO CUSTEIO DOS SERVIÇOS DE ATENÇÃO PRIMÁRIA À SAÚDE - PAP;INCREMENTO DO PISO DA ATENÇÃO PRIMÁRIA À SAÚDE - PAP;04275034000140;FUNDO MUNICIPAL DE SAUDE;4800;04/07/2024;PROPOSTA PAGA;Proposta Paga;05/07/2024;R$500.000,00;R$500.000,00;R$500.000,00
2024;60060003;S.PART.;COMISSÃO DE ASSUNTOS SOCIAIS - CAS;não se aplica;não se aplica;PB;250570;DONA INES;MUNICIPAL;COMISSAO;CORRENTE;302;1000;1030251182E900001;25/06/2024;36000623723202400;-;FAF;INCREMENTO MAC;2E90;ATENÇÃO ESPECIALIZADA À SAÚDE;INCREMENTO TEMPORÁRIO DO TETO DA MÉDIA E ALTA COMPLEXIDADE - MAC;11420456000127;DONA INES - FUNDO MUNICIPAL DE SAUDE;4588;28/06/2024;PROPOSTA PAGA;Proposta Paga;02/07/2024;R$220.000,00;R$220.000,00;R$220.000,00
2024;60060003;S.PART.;COMISSÃO DE ASSUNTOS SOCIAIS - CAS;não se aplica;não se aplica;PB;250670;IMACULADA;MUNICIPAL;COMISSAO;CORRENTE;301;3000;1030151192E890001;21/06/2024;36000621941202400;-;FAF;INCREMENTO PAP;2E89;INCREMENTO TEMPORÁRIO AO CUSTEIO DOS SERVIÇOS DE ATENÇÃO PRIMÁRIA À SAÚDE - PAP;INCREMENTO DO PISO DA ATENÇÃO PRIMÁRIA À SAÚDE - PAP;11838404000175;FUNDO MUNICIPAL DE SAUDE DO MUNICIPIO DE IMACULADA;4524;25/06/2024;PROPOSTA PAGA;Proposta Paga;28/06/2024;R$250.000,00;R$250.000,00;R$250.000,00
2024;50410006;S.PART.;COMISSÃO DA SAÚDE;não se aplica;não se aplica;PB;251620;SOUSA;MUNICIPAL;COMISSAO;CORRENTE;302;1001;1030251182E900001;21/06/2024;36000622265202400;-;FAF;INCREMENTO MAC;2E90;ATENÇÃO ESPECIALIZADA À SAÚDE;INCREMENTO TEMPORÁRIO DO TETO DA MÉDIA E ALTA COMPLEXIDADE - MAC;05626697000124;FUNDO MUNICIPAL DE SAUDE DE SOUSA;4513;25/06/2024;PROPOSTA PAGA;Proposta Paga;01/07/2024;R$1.000.000,00;R$1.000.000,00;R$1.000.000,00
2024;60060003;S.PART.;COMISSÃO DE ASSUNTOS SOCIAIS - CAS;não se aplica;não se aplica;PB;250250;BOQUEIRAO;MUNICIPAL;COMISSAO;CORRENTE;302;1000;1030251182E900001;24/06/2024;36000623421202400;-;FAF;INCREMENTO MAC;2E90;ATENÇÃO ESPECIALIZADA À SAÚDE;INCREMENTO TEMPORÁRIO DO TETO DA MÉDIA E ALTA COMPLEXIDADE - MAC;11153600000106;FUNDO MUNICIPAL DE SAUDE;4588;28/06/2024;PROPOSTA PAGA;Proposta Paga;02/07/2024;R$800.000,00;R$800.000,00;R$800.000,00
2024;50230002;S.PART.;COMISSÃO DA SAÚDE;não se aplica;não se aplica;PB;251610;SOLEDADE;MUNICIPAL;COMISSAO;CORRENTE;302;1000;1030251182E900001;03/07/2024;36000630636202400;-;FAF;INCREMENTO MAC;2E90;ATENÇÃO ESPECIALIZADA À SAÚDE;INCREMENTO TEMPORÁRIO DO TETO DA MÉDIA E ALTA COMPLEXIDADE - MAC;02182502000106;FUNDO MUNICIPAL DE SAUDE DE SOLEDADE;4825;04/07/2024;PROPOSTA PAGA;Proposta Paga;05/07/2024;R$300.000,00;R$300.000,00;R$300.000,00
2024;50410002;S.PART.;COMISSÃO DA SAÚDE;não se aplica;não se aplica;PB;250510;CUITE;MUNICIPAL;COMISSAO;CORRENTE;302;1001;1030251182E900001;25/04/2024;36000608975202400;-;FAF;INCREMENTO MAC;2E90;ATENÇÃO ESPECIALIZADA À SAÚDE;INCREMENTO TEMPORÁRIO DO TETO DA MÉDIA E ALTA COMPLEXIDADE - MAC;11404674000178;FUNDO MUNICIPAL DE SAUDE;3864;21/05/2024;PROPOSTA PAGA;Proposta Paga;29/05/2024;R$500.000,00;R$500.000,00;R$500.000,00
2024;50410002;S.PART.;COMISSÃO DA SAÚDE;não se aplica;não se aplica;PB;250400;CAMPINA GRANDE;MUNICIPAL;COMISSAO;CORRENTE;302;1001;1030251182E900001;19/04/2024;36000607238202400;-;FAF;INCREMENTO MAC;2E90;ATENÇÃO ESPECIALIZADA À SAÚDE;INCREMENTO TEMPORÁRIO DO TETO DA MÉDIA E ALTA COMPLEXIDADE - MAC;24513574000121;FUNDO MUNICIPAL DE SAUDE DE CAMPINA GRANDE;3864;21/05/2024;PROPOSTA PAGA;Proposta Paga;29/05/2024;R$1.000.000,00;R$1.000.000,00;R$1.000.000,00
2024;50410002;S.PART.;COMISSÃO DA SAÚDE;não se aplica;não se aplica;PB;250150;BANANEIRAS;MUNICIPAL;COMISSAO;CORRENTE;302;1001;1030251182E900001;19/04/2024;36000607316202400;-;FAF;INCREMENTO MAC;2E90;ATENÇÃO ESPECIALIZADA À SAÚDE;INCREMENTO TEMPORÁRIO DO TETO DA MÉDIA E ALTA COMPLEXIDADE - MAC;18730452000194;BANANEIRAS - FUNDO MUNICIPAL DE SAUDE;3864;21/05/2024;PROPOSTA PAGA;Proposta Paga;29/05/2024;R$1.457.732,00;R$1.457.732,00;R$1.457.732,00
2024;50410004;S.PART.;COMISSÃO DA SAÚDE;não se aplica;não se aplica;PB;251440;SAO JOSE DE ESPINHARAS;MUNICIPAL;COMISSAO;CORRENTE;301;3000;1030151192E890001;04/07/2024;36000630956202400;-;FAF;INCREMENTO PAP;2E89;INCREMENTO TEMPORÁRIO AO CUSTEIO DOS SERVIÇOS DE ATENÇÃO PRIMÁRIA À SAÚDE - PAP;INCREMENTO DO PISO DA ATENÇÃO PRIMÁRIA À SAÚDE - PAP;11418606000168;FUNDO MUNICIPAL DE SAUDE;4800;04/07/2024;PROPOSTA PAGA;Proposta Paga;05/07/2024;R$200.000,00;R$200.000,00;R$200.000,00
2024;50410004;S.PART.;COMISSÃO DA SAÚDE;não se aplica;não se aplica;PB;250820;LAGOA DE DENTRO;MUNICIPAL;COMISSAO;CORRENTE;301;1000;1030151192E890001;17/04/2024;36000606188202400;-;FAF;INCREMENTO PAP;2E89;INCREMENTO TEMPORÁRIO AO CUSTEIO DOS SERVIÇOS DE ATENÇÃO PRIMÁRIA À SAÚDE - PAP;INCREMENTO DO PISO DA ATENÇÃO PRIMÁRIA À SAÚDE - PAP;12375571000190;LAGOA DE DENTRO - FUNDO MUNICIPAL DE SAUDE;3853;21/05/2024;PROPOSTA PAGA;Proposta Paga;29/05/2024;R$360.000,00;R$360.000,00;R$360.000,00
2024;50410004;S.PART.;COMISSÃO DA SAÚDE;não se aplica;não se aplica;PB;250490;CRUZ DO ESPIRITO SANTO;MUNICIPAL;COMISSAO;CORRENTE;301;1000;1030151192E890001;24/04/2024;36000608748202400;-;FAF;INCREMENTO PAP;2E89;INCREMENTO TEMPORÁRIO AO CUSTEIO DOS SERVIÇOS DE ATENÇÃO PRIMÁRIA À SAÚDE - PAP;INCREMENTO DO PISO DA ATENÇÃO PRIMÁRIA À SAÚDE - PAP;23014200000107;FUNDO MUNICIPAL DE SAUDE DE CRUZ DO ESPIRITO SANTO;3853;21/05/2024;PROPOSTA PAGA;Proposta Paga;29/05/2024;R$400.000,00;R$400.000,00;R$400.000,00
2024;50410004;S.PART.;COMISSÃO DA SAÚDE;não se aplica;não se aplica;PB;251597;SOBRADO;MUNICIPAL;COMISSAO;CORRENTE;301;1000;1030151192E890001;23/04/2024;36000608261202400;-;FAF;INCREMENTO PAP;2E89;INCREMENTO TEMPORÁRIO AO CUSTEIO DOS SERVIÇOS DE ATENÇÃO PRIMÁRIA À SAÚDE - PAP;INCREMENTO DO PISO DA ATENÇÃO PRIMÁRIA À SAÚDE - PAP;12012235000182;FUNDO MUNICIPAL DE SAUDE;3853;21/05/2024;PROPOSTA PAGA;Proposta Paga;29/05/2024;R$1.000.000,00;R$1.000.000,00;R$1.000.000,00
2024;50410004;S.PART.;COMISSÃO DA SAÚDE;não se aplica;não se aplica;PB;250310;CABACEIRAS;MUNICIPAL;COMISSAO;CORRENTE;301;3000;1030151192E890001;24/06/2024;36000623551202400;-;FAF;INCREMENTO PAP;2E89;INCREMENTO TEMPORÁRIO AO CUSTEIO DOS SERVIÇOS DE ATENÇÃO PRIMÁRIA À SAÚDE - PAP;INCREMENTO DO PISO DA ATENÇÃO PRIMÁRIA À SAÚDE - PAP;11309134000105;FUNDO MUNICIPAL DE SAUDE - CABACEIRAS PB;4547;26/06/2024;PROPOSTA PAGA;Proposta Paga;28/06/2024;R$100.000,00;R$100.000,00;R$100.000,00
2024;60060003;S.PART.;COMISSÃO DE ASSUNTOS SOCIAIS - CAS;não se aplica;não se aplica;PB;250260;IGARACY;MUNICIPAL;COMISSAO;CORRENTE;301;3000;1030151192E890001;18/06/2024;36000618461202400;-;FAF;INCREMENTO PAP;2E89;INCREMENTO TEMPORÁRIO AO CUSTEIO DOS SERVIÇOS DE ATENÇÃO PRIMÁRIA À SAÚDE - PAP;INCREMENTO DO PISO DA ATENÇÃO PRIMÁRIA À SAÚDE - PAP;11463951000113;FUNDO MUNICIPAL DE SAUDE DE IGARACY;4492;21/06/2024;PROPOSTA PAGA;Proposta Paga;26/06/2024;R$300.000,00;R$300.000,00;R$300.000,00
2024;60060003;S.PART.;COMISSÃO DE ASSUNTOS SOCIAIS - CAS;não se aplica;não se aplica;PB;250050;ALAGOINHA;MUNICIPAL;COMISSAO;CORRENTE;301;3000;1030151192E890001;19/06/2024;36000620104202400;-;FAF;INCREMENTO PAP;2E89;INCREMENTO TEMPORÁRIO AO CUSTEIO DOS SERVIÇOS DE ATENÇÃO PRIMÁRIA À SAÚDE - PAP;INCREMENTO DO PISO DA ATENÇÃO PRIMÁRIA À SAÚDE - PAP;11757032000152;FUNDO MUNICIPAL DE SAUDE DE ALAGOINHA;4492;21/06/2024;PROPOSTA PAGA;Proposta Paga;26/06/2024;R$1.000.000,00;R$1.000.000,00;R$1.000.000,00
2024;50410004;S.PART.;COMISSÃO DA SAÚDE;não se aplica;não se aplica;PB;250030;ALAGOA GRANDE;MUNICIPAL;COMISSAO;CORRENTE;301;3000;1030151192E890001;03/07/2024;36000630738202400;-;FAF;INCREMENTO PAP;2E89;INCREMENTO TEMPORÁRIO AO CUSTEIO DOS SERVIÇOS DE ATENÇÃO PRIMÁRIA À SAÚDE - PAP;INCREMENTO DO PISO DA ATENÇÃO PRIMÁRIA À SAÚDE - PAP;17698753000115;FUNDO MUNICIPAL DE SAUDE DE ALAGOA GRANDE;4800;04/07/2024;PROPOSTA PAGA;Proposta Paga;05/07/2024;R$1.000.000,00;R$1.000.000,00;R$1.000.000,00
2024;60060003;S.PART.;COMISSÃO DE ASSUNTOS SOCIAIS - CAS;não se aplica;não se aplica;PB;251550;SERRA BRANCA;MUNICIPAL;COMISSAO;CORRENTE;301;3000;1030151192E890001;25/06/2024;36000623980202400;-;FAF;INCREMENTO PAP;2E89;INCREMENTO TEMPORÁRIO AO CUSTEIO DOS SERVIÇOS DE ATENÇÃO PRIMÁRIA À SAÚDE - PAP;INCREMENTO DO PISO DA ATENÇÃO PRIMÁRIA À SAÚDE - PAP;05456092000132;FUNDO MUNICIPAL DE SAUDE;4581;28/06/2024;PROPOSTA PAGA;Proposta Paga;02/07/2024;R$200.000,00;R$200.000,00;R$200.000,00
2024;60110002;S.PART.;COMISSÃO DE ASSUNTOS SOCIAIS - CAS;não se aplica;não se aplica;PB;251090;PAULISTA;MUNICIPAL;COMISSAO;CORRENTE;301;1000;1030151192E890001;25/06/2024;36000623798202400;-;FAF;INCREMENTO PAP;2E89;INCREMENTO TEMPORÁRIO AO CUSTEIO DOS SERVIÇOS DE ATENÇÃO PRIMÁRIA À SAÚDE - PAP;INCREMENTO DO PISO DA ATENÇÃO PRIMÁRIA À SAÚDE - PAP;11247833000178;FUNDO MUNICIPAL DE SAUDE;4549;26/06/2024;PROPOSTA PAGA;Proposta Paga;28/06/2024;R$100.000,00;R$100.000,00;R$100.000,00
2024;60110002;S.PART.;COMISSÃO DE ASSUNTOS SOCIAIS - CAS;não se aplica;não se aplica;PB;251160;PILOES;MUNICIPAL;COMISSAO;CORRENTE;301;1000;1030151192E890001;25/06/2024;36000624621202400;-;FAF;INCREMENTO PAP;2E89;INCREMENTO TEMPORÁRIO AO CUSTEIO DOS SERVIÇOS DE ATENÇÃO PRIMÁRIA À SAÚDE - PAP;INCREMENTO DO PISO DA ATENÇÃO PRIMÁRIA À SAÚDE - PAP;12044868000172;FUNDO MUNICIPAL DE SAUDE - PILOES-PB;4581;28/06/2024;PROPOSTA PAGA;Proposta Paga;02/07/2024;R$100.000,00;R$100.000,00;R$100.000,00
2024;50410002;S.PART.;COMISSÃO DA SAÚDE;não se aplica;não se aplica;PB;250890;MAMANGUAPE;MUNICIPAL;COMISSAO;CORRENTE;302;1001;1030251182E900001;06/05/2024;36000610569202400;-;FAF;INCREMENTO MAC;2E90;ATENÇÃO ESPECIALIZADA À SAÚDE;INCREMENTO TEMPORÁRIO DO TETO DA MÉDIA E ALTA COMPLEXIDADE - MAC;08674396000164;FUNDO MUNICIPAL DE SAUDE DE MAMANGUAPE;3864;21/05/2024;PROPOSTA PAGA;Proposta Paga;10/06/2024;R$1.000.000,00;R$1.000.000,00;R$1.000.000,00
2024;50410002;S.PART.;COMISSÃO DA SAÚDE;não se aplica;não se aplica;PB;251530;SAPE;MUNICIPAL;COMISSAO;CORRENTE;302;1001;1030251182E900001;25/04/2024;36000609076202400;-;FAF;INCREMENTO MAC;2E90;ATENÇÃO ESPECIALIZADA À SAÚDE;INCREMENTO TEMPORÁRIO DO TETO DA MÉDIA E ALTA COMPLEXIDADE - MAC;08036438000131;FUNDO MUNICIPAL DE SAUDE DE SAPE;3864;21/05/2024;PROPOSTA PAGA;Proposta Paga;29/05/2024;R$1.000.000,00;R$1.000.000,00;R$1.000.000,00
2024;50410003;S.PART.;COMISSÃO DA SAÚDE;não se aplica;não se aplica;PB;250450;CONDADO;MUNICIPAL;COMISSAO;CAPITAL;302;1000;10302511885350001;25/04/2024;04275034000124001;-;FAF;EQUIPAMENTO;8535;ATENÇÃO ESPECIALIZADA À SAÚDE;REDE DE ATENÇÃO HOSPITALAR - AMBULÂNCIA TIPO A - REMOÇÃO SIMPLES E ELETIVA;04275034000140;FUNDO MUNICIPAL DE SAUDE;6103;18/12/2024;PROPOSTA PAGA;Proposta Paga;16/06/2025;R$323.812,00;R$323.812,00;R$323.812,00
2024;50410003;S.PART.;COMISSÃO DA SAÚDE;não se aplica;não se aplica;PB;251272;PEDRO REGIS;MUNICIPAL;COMISSAO;CAPITAL;302;1000;10302511885350001;19/06/2024;13072341000124001;-;FAF;EQUIPAMENTO;8535;ATENÇÃO ESPECIALIZADA À SAÚDE;REDE DE ATENÇÃO ESPECIALIZADA À SAÚDE - POLICLÍNICA REGIONAL;13072341000114;PEDRO REGIS FUNDO MUNICIPAL DE SAUDE;6113;17/12/2024;PROPOSTA PAGA;Proposta Paga;30/05/2025;R$107.979,00;R$107.979,00;R$107.979,00
2024;50410004;S.PART.;COMISSÃO DA SAÚDE;não se aplica;não se aplica;PB;250260;IGARACY;MUNICIPAL;COMISSAO;CORRENTE;301;3000;1030151192E890001;03/07/2024;36000630852202400;-;FAF;INCREMENTO PAP;2E89;INCREMENTO TEMPORÁRIO AO CUSTEIO DOS SERVIÇOS DE ATENÇÃO PRIMÁRIA À SAÚDE - PAP;INCREMENTO DO PISO DA ATENÇÃO PRIMÁRIA À SAÚDE - PAP;11463951000113;FUNDO MUNICIPAL DE SAUDE DE IGARACY;4800;04/07/2024;PROPOSTA PAGA;Proposta Paga;05/07/2024;R$200.000,00;R$200.000,00;R$200.000,00
2024;50410004;S.PART.;COMISSÃO DA SAÚDE;não se aplica;não se aplica;PB;250070;SAO JOAO DO RIO DO PEIXE;MUNICIPAL;COMISSAO;CORRENTE;301;1000;1030151192E890001;23/04/2024;36000608186202400;-;FAF;INCREMENTO PAP;2E89;INCREMENTO TEMPORÁRIO AO CUSTEIO DOS SERVIÇOS DE ATENÇÃO PRIMÁRIA À SAÚDE - PAP;INCREMENTO DO PISO DA ATENÇÃO PRIMÁRIA À SAÚDE - PAP;17648806000193;FUNDO MUNICIPAL DE SAUDE DE SAO JOAO DO RIO DO PEIXE;3853;21/05/2024;PROPOSTA PAGA;Proposta Paga;29/05/2024;R$1.139.306,00;R$1.139.306,00;R$1.139.306,00
2024;50410004;S.PART.;COMISSÃO DA SAÚDE;não se aplica;não se aplica;PB;251445;SAO JOSE DOS RAMOS;MUNICIPAL;COMISSAO;CORRENTE;301;1000;1030151192E890001;26/04/2024;36000609313202400;-;FAF;INCREMENTO PAP;2E89;INCREMENTO TEMPORÁRIO AO CUSTEIO DOS SERVIÇOS DE ATENÇÃO PRIMÁRIA À SAÚDE - PAP;INCREMENTO DO PISO DA ATENÇÃO PRIMÁRIA À SAÚDE - PAP;11227813000135;FUNDO MUNICIPAL DE SAUDE DE SAO JOSE DOS RAMOS;3853;21/05/2024;PROPOSTA PAGA;Proposta Paga;29/05/2024;R$200.000,00;R$200.000,00;R$200.000,00
2024;50410004;S.PART.;COMISSÃO DA SAÚDE;não se aplica;não se aplica;PB;250375;CAJAZEIRINHAS;MUNICIPAL;COMISSAO;CORRENTE;301;1000;1030151192E890001;25/04/2024;36000609070202400;-;FAF;INCREMENTO PAP;2E89;INCREMENTO TEMPORÁRIO AO CUSTEIO DOS SERVIÇOS DE ATENÇÃO PRIMÁRIA À SAÚDE - PAP;INCREMENTO DO PISO DA ATENÇÃO PRIMÁRIA À SAÚDE - PAP;10461231000156;FUNDO MUNICIPAL DE SAUDE DE CAJAZEIRINHAS;3853;21/05/2024;PROPOSTA PAGA;Proposta Paga;29/05/2024;R$272.658,00;R$272.658,00;R$272.658,00
2024;50410004;S.PART.;COMISSÃO DA SAÚDE;não se aplica;não se aplica;PB;251640;TACIMA;MUNICIPAL;COMISSAO;CORRENTE;301;3000;1030151192E890001;03/07/2024;36000630817202400;-;FAF;INCREMENTO PAP;2E89;INCREMENTO TEMPORÁRIO AO CUSTEIO DOS SERVIÇOS DE ATENÇÃO PRIMÁRIA À SAÚDE - PAP;INCREMENTO DO PISO DA ATENÇÃO PRIMÁRIA À SAÚDE - PAP;11907806000184;FUNDO MUNICIPAL DE SAUDE DE TACIMA;4800;04/07/2024;PROPOSTA PAGA;Proposta Paga;05/07/2024;R$300.000,00;R$300.000,00;R$300.000,00
2024;60060003;S.PART.;COMISSÃO DE ASSUNTOS SOCIAIS - CAS;não se aplica;não se aplica;PB;250157;BARRA DE SANTANA;MUNICIPAL;COMISSAO;CORRENTE;301;3000;1030151192E890001;18/06/2024;36000618434202400;-;FAF;INCREMENTO PAP;2E89;INCREMENTO TEMPORÁRIO AO CUSTEIO DOS SERVIÇOS DE ATENÇÃO PRIMÁRIA À SAÚDE - PAP;INCREMENTO DO PISO DA ATENÇÃO PRIMÁRIA À SAÚDE - PAP;11109361000197;FUNDO MUNICIPAL DE SAUDE BARRA DE SANTANA;4492;21/06/2024;PROPOSTA PAGA;Proposta Paga;26/06/2024;R$300.000,00;R$300.000,00;R$300.000,00
2024;50410005;S.PART.;COMISSÃO DA SAÚDE;não se aplica;não se aplica;PB;251278;RIACHO DE SANTO ANTONIO;MUNICIPAL;COMISSAO;CAPITAL;301;1001;10301511985810001;04/07/2024;11170236000124005;-;FAF;EQUIPAMENTO;8581;SAÚDE DA FAMÍLIA;TRANSPORTE ELETIVO EM SAÚDE;11170236000192;FUNDO MUNICIPAL DE SAUDE;6163;18/12/2024;PROPOSTA PAGA;Proposta Paga;30/05/2025;R$611.000,00;R$611.000,00;R$611.000,00
2024;50410007;S.PART.;COMISSÃO DA SAÚDE;não se aplica;não se aplica;PB;250860;LUCENA;MUNICIPAL;COMISSAO;CAPITAL;302;1001;10302511885350001;06/09/2024;11516231000124006;-;FAF;EQUIPAMENTO;8535;ATENÇÃO ESPECIALIZADA À SAÚDE;REDE DE URGÊNCIA E EMERGÊNCIA - SAMU 192 - USA / USB/ MOTOLÂNCIA/AMBULANCHA/AERO;11516231000179;FUNDO MUNICIPAL DE SAUDE DE LUCENA;6118;17/12/2024;PROPOSTA PAGA;Proposta Paga;30/05/2025;R$34.799,00;R$34.799,00;R$34.799,00
2024;50410005;S.PART.;COMISSÃO DA SAÚDE;não se aplica;não se aplica;PB;250915;MARIZOPOLIS;MUNICIPAL;COMISSAO;CAPITAL;301;1001;10301511985810001;01/11/2024;11404727000124017;-;FAF;EQUIPAMENTO;8581;SAÚDE DA FAMÍLIA;EQUIPAMENTOS;11404727000150;FUNDO MUNICIPAL DE SAUDE;6164;18/12/2024;PROPOSTA PAGA;Proposta Paga;27/06/2025;R$304.214,00;R$304.214,00;R$304.214,00
2024;60110002;S.PART.;COMISSÃO DE ASSUNTOS SOCIAIS - CAS;não se aplica;não se aplica;PB;251430;SAO JOSE DE CAIANA;MUNICIPAL;COMISSAO;CORRENTE;301;1000;1030151192E890001;18/06/2024;36000618527202400;-;FAF;INCREMENTO PAP;2E89;INCREMENTO TEMPORÁRIO AO CUSTEIO DOS SERVIÇOS DE ATENÇÃO PRIMÁRIA À SAÚDE - PAP;INCREMENTO DO PISO DA ATENÇÃO PRIMÁRIA À SAÚDE - PAP;10785644000196;FUNDO MUNICIPAL DE SAUDE DE SAO JOSE DE CAIANA;4492;21/06/2024;PROPOSTA PAGA;Proposta Paga;26/06/2024;R$100.000,00;R$100.000,00;R$100.000,00
2024;60110002;S.PART.;COMISSÃO DE ASSUNTOS SOCIAIS - CAS;não se aplica;não se aplica;PB;251440;SAO JOSE DE ESPINHARAS;MUNICIPAL;COMISSAO;CORRENTE;301;1000;1030151192E890001;19/06/2024;36000619780202400;-;FAF;INCREMENTO PAP;2E89;INCREMENTO TEMPORÁRIO AO CUSTEIO DOS SERVIÇOS DE ATENÇÃO PRIMÁRIA À SAÚDE - PAP;INCREMENTO DO PISO DA ATENÇÃO PRIMÁRIA À SAÚDE - PAP;11418606000168;FUNDO MUNICIPAL DE SAUDE;4492;21/06/2024;PROPOSTA PAGA;Proposta Paga;26/06/2024;R$154.608,00;R$154.608,00;R$154.608,00
2024;60060003;S.PART.;COMISSÃO DE ASSUNTOS SOCIAIS - CAS;não se aplica;não se aplica;PB;250400;CAMPINA GRANDE;MUNICIPAL;COMISSAO;CORRENTE;302;1000;1030251182E900001;25/06/2024;36000624502202400;-;FAF;INCREMENTO MAC;2E90;ATENÇÃO ESPECIALIZADA À SAÚDE;INCREMENTO TEMPORÁRIO DO TETO DA MÉDIA E ALTA COMPLEXIDADE - MAC;24513574000121;FUNDO MUNICIPAL DE SAUDE DE CAMPINA GRANDE;4588;28/06/2024;PROPOSTA PAGA;Proposta Paga;02/07/2024;R$2.367.025,00;R$2.367.025,00;R$2.367.025,00
2024;60110002;S.PART.;COMISSÃO DE ASSUNTOS SOCIAIS - CAS;não se aplica;não se aplica;PB;250980;MULUNGU;MUNICIPAL;COMISSAO;CORRENTE;301;1000;1030151192E890001;18/06/2024;36000618473202400;-;FAF;INCREMENTO PAP;2E89;INCREMENTO TEMPORÁRIO AO CUSTEIO DOS SERVIÇOS DE ATENÇÃO PRIMÁRIA À SAÚDE - PAP;INCREMENTO DO PISO DA ATENÇÃO PRIMÁRIA À SAÚDE - PAP;18767963000180;FUNDO MUNICIPAL DE SAUDE MULUNGU;4492;21/06/2024;PROPOSTA PAGA;Proposta Paga;26/06/2024;R$312.972,00;R$312.972,00;R$312.972,00
2024;60060003;S.PART.;COMISSÃO DE ASSUNTOS SOCIAIS - CAS;não se aplica;não se aplica;PB;250630;GUARABIRA;MUNICIPAL;COMISSAO;CORRENTE;302;1000;1030251182E900001;03/07/2024;36000630387202400;-;FAF;INCREMENTO MAC;2E90;ATENÇÃO ESPECIALIZADA À SAÚDE;INCREMENTO TEMPORÁRIO DO TETO DA MÉDIA E ALTA COMPLEXIDADE - MAC;13844779000173;GUARABIRA FUNDO MUNICIPAL DE SAUDE;4805;04/07/2024;PROPOSTA PAGA;Proposta Paga;05/07/2024;R$1.000.000,00;R$1.000.000,00;R$1.000.000,00
2024;50230002;S.PART.;COMISSÃO DA SAÚDE;não se aplica;não se aplica;PB;250375;CAJAZEIRINHAS;MUNICIPAL;COMISSAO;CORRENTE;302;1000;1030251182E900001;04/07/2024;36000631094202400;-;FAF;INCREMENTO MAC;2E90;ATENÇÃO ESPECIALIZADA À SAÚDE;INCREMENTO TEMPORÁRIO DO TETO DA MÉDIA E ALTA COMPLEXIDADE - MAC;10461231000156;FUNDO MUNICIPAL DE SAUDE DE CAJAZEIRINHAS;4825;04/07/2024;PROPOSTA PAGA;Proposta Paga;05/07/2024;R$200.000,00;R$200.000,00;R$200.000,00
2024;50410003;S.PART.;COMISSÃO DA SAÚDE;não se aplica;não se aplica;PB;250150;BANANEIRAS;MUNICIPAL;COMISSAO;CAPITAL;302;1000;10302511885350001;12/07/2024;18730452000124002;-;FAF;EQUIPAMENTO;8535;ATENÇÃO ESPECIALIZADA À SAÚDE;REDE DE ATENÇÃO HOSPITALAR - HOSPITAL GERAL;18730452000194;BANANEIRAS - FUNDO MUNICIPAL DE SAUDE;6104;18/12/2024;PROPOSTA PAGA;Proposta Paga;30/05/2025;R$107.866,00;R$107.866,00;R$107.866,00
2024;50410004;S.PART.;COMISSÃO DA SAÚDE;não se aplica;não se aplica;PB;250170;BARRA DE SAO MIGUEL;MUNICIPAL;COMISSAO;CORRENTE;301;1000;1030151192E890001;16/04/2024;36000606056202400;-;FAF;INCREMENTO PAP;2E89;INCREMENTO TEMPORÁRIO AO CUSTEIO DOS SERVIÇOS DE ATENÇÃO PRIMÁRIA À SAÚDE - PAP;INCREMENTO DO PISO DA ATENÇÃO PRIMÁRIA À SAÚDE - PAP;11228592000110;FUNDO MUNICIPAL DE SAUDE DE BARRA DE SAO MIGUEL;3853;21/05/2024;PROPOSTA PAGA;Proposta Paga;29/05/2024;R$200.000,00;R$200.000,00;R$200.000,00
2024;50410004;S.PART.;COMISSÃO DA SAÚDE;não se aplica;não se aplica;PB;250030;ALAGOA GRANDE;MUNICIPAL;COMISSAO;CORRENTE;301;1000;1030151192E890001;25/04/2024;36000608919202400;-;FAF;INCREMENTO PAP;2E89;INCREMENTO TEMPORÁRIO AO CUSTEIO DOS SERVIÇOS DE ATENÇÃO PRIMÁRIA À SAÚDE - PAP;INCREMENTO DO PISO DA ATENÇÃO PRIMÁRIA À SAÚDE - PAP;17698753000115;FUNDO MUNICIPAL DE SAUDE DE ALAGOA GRANDE;3853;21/05/2024;PROPOSTA PAGA;Proposta Paga;29/05/2024;R$500.000,00;R$500.000,00;R$500.000,00
2024;50410004;S.PART.;COMISSÃO DA SAÚDE;não se aplica;não se aplica;PB;251150;PILAR;MUNICIPAL;COMISSAO;CORRENTE;301;3000;1030151192E890001;03/07/2024;36000630809202400;-;FAF;INCREMENTO PAP;2E89;INCREMENTO TEMPORÁRIO AO CUSTEIO DOS SERVIÇOS DE ATENÇÃO PRIMÁRIA À SAÚDE - PAP;INCREMENTO DO PISO DA ATENÇÃO PRIMÁRIA À SAÚDE - PAP;11171199000137;FUNDO MUNICIPAL DE SAUDE DO MUNICIPIO DE PILAR;4800;04/07/2024;PROPOSTA PAGA;Proposta Paga;05/07/2024;R$300.000,00;R$300.000,00;R$300.000,00
2024;50410004;S.PART.;COMISSÃO DA SAÚDE;não se aplica;não se aplica;PB;250070;SAO JOAO DO RIO DO PEIXE;MUNICIPAL;COMISSAO;CORRENTE;301;3000;1030151192E890001;04/07/2024;36000630953202400;-;FAF;INCREMENTO PAP;2E89;INCREMENTO TEMPORÁRIO AO CUSTEIO DOS SERVIÇOS DE ATENÇÃO PRIMÁRIA À SAÚDE - PAP;INCREMENTO DO PISO DA ATENÇÃO PRIMÁRIA À SAÚDE - PAP;17648806000193;FUNDO MUNICIPAL DE SAUDE DE SAO JOAO DO RIO DO PEIXE;4800;04/07/2024;PROPOSTA PAGA;Proposta Paga;05/07/2024;R$300.000,00;R$300.000,00;R$300.000,00
2024;50410004;S.PART.;COMISSÃO DA SAÚDE;não se aplica;não se aplica;PB;250130;AROEIRAS;MUNICIPAL;COMISSAO;CORRENTE;301;3000;1030151192E890001;25/06/2024;36000623760202400;-;FAF;INCREMENTO PAP;2E89;INCREMENTO TEMPORÁRIO AO CUSTEIO DOS SERVIÇOS DE ATENÇÃO PRIMÁRIA À SAÚDE - PAP;INCREMENTO DO PISO DA ATENÇÃO PRIMÁRIA À SAÚDE - PAP;10819820000163;FUNDO MUNICIPAL DE SAUDE;4549;26/06/2024;PROPOSTA PAGA;Proposta Paga;28/06/2024;R$500.000,00;R$500.000,00;R$500.000,00
2024;50410004;S.PART.;COMISSÃO DA SAÚDE;não se aplica;não se aplica;PB;250430;CATOLE DO ROCHA;MUNICIPAL;COMISSAO;CORRENTE;301;3000;1030151192E890001;04/07/2024;36000631017202400;-;FAF;INCREMENTO PAP;2E89;INCREMENTO TEMPORÁRIO AO CUSTEIO DOS SERVIÇOS DE ATENÇÃO PRIMÁRIA À SAÚDE - PAP;INCREMENTO DO PISO DA ATENÇÃO PRIMÁRIA À SAÚDE - PAP;12784607000199;FUNDO MUNICIPAL DE SAUDE DE CATOLE DO ROCHA;4800;04/07/2024;PROPOSTA PAGA;Proposta Paga;05/07/2024;R$500.000,00;R$500.000,00;R$500.000,00
2024;50410006;S.PART.;COMISSÃO DA SAÚDE;não se aplica;não se aplica;PB;250560;DIAMANTE;MUNICIPAL;COMISSAO;CORRENTE;302;1001;1030251182E900001;21/06/2024;36000621877202400;-;FAF;INCREMENTO MAC;2E90;ATENÇÃO ESPECIALIZADA À SAÚDE;INCREMENTO TEMPORÁRIO DO TETO DA MÉDIA E ALTA COMPLEXIDADE - MAC;10382118000185;FUNDO MUNICIPAL DE SAUDE DE DIAMANTE;4498;21/06/2024;PROPOSTA PAGA;Proposta Paga;26/06/2024;R$200.000,00;R$200.000,00;R$200.000,00
2024;50410007;S.PART.;COMISSÃO DA SAÚDE;não se aplica;não se aplica;PB;250370;CAJAZEIRAS;MUNICIPAL;COMISSAO;CAPITAL;302;1001;10302511885350001;27/08/2024;11902878000124011;-;FAF;EQUIPAMENTO;8535;ATENÇÃO ESPECIALIZADA À SAÚDE;REDE DE ATENÇÃO PSICOSOCIAL - CENTRO DE ATENÇÃO PSICOSSOCIAL (CAPS);11902878000139;MUNICIPIO DE CAJAZEIRAS FUNDO MUNICIPAL DE SAUDE - FMS;6112;17/12/2024;PROPOSTA PAGA;Proposta Paga;27/06/2025;R$409.766,00;R$409.766,00;R$409.766,00
2024;60060003;S.PART.;COMISSÃO DE ASSUNTOS SOCIAIS - CAS;não se aplica;não se aplica;PB;250800;JURU;MUNICIPAL;COMISSAO;CORRENTE;302;1000;1030251182E900001;03/07/2024;36000630295202400;-;FAF;INCREMENTO MAC;2E90;ATENÇÃO ESPECIALIZADA À SAÚDE;INCREMENTO TEMPORÁRIO DO TETO DA MÉDIA E ALTA COMPLEXIDADE - MAC;10538747000151;FUNDO MUNICIPAL DE SAUDE;4805;04/07/2024;PROPOSTA PAGA;Proposta Paga;05/07/2024;R$300.000,00;R$300.000,00;R$300.000,00
2024;60060003;S.PART.;COMISSÃO DE ASSUNTOS SOCIAIS - CAS;não se aplica;não se aplica;PB;250780;JUNCO DO SERIDO;MUNICIPAL;COMISSAO;CORRENTE;301;3000;1030151192E890001;19/06/2024;36000619593202400;-;FAF;INCREMENTO PAP;2E89;INCREMENTO TEMPORÁRIO AO CUSTEIO DOS SERVIÇOS DE ATENÇÃO PRIMÁRIA À SAÚDE - PAP;INCREMENTO DO PISO DA ATENÇÃO PRIMÁRIA À SAÚDE - PAP;13069201000197;FUNDO MUNICIPAL DE SAUDE DE JUNCO DO SERIDO-PB;4492;21/06/2024;PROPOSTA PAGA;Proposta Paga;26/06/2024;R$540.000,00;R$540.000,00;R$540.000,00
2024;60060003;S.PART.;COMISSÃO DE ASSUNTOS SOCIAIS - CAS;não se aplica;não se aplica;PB;250030;ALAGOA GRANDE;MUNICIPAL;COMISSAO;CORRENTE;302;1000;1030251182E900001;19/06/2024;36000620016202400;-;FAF;INCREMENTO MAC;2E90;ATENÇÃO ESPECIALIZADA À SAÚDE;INCREMENTO TEMPORÁRIO DO TETO DA MÉDIA E ALTA COMPLEXIDADE - MAC;17698753000115;FUNDO MUNICIPAL DE SAUDE DE ALAGOA GRANDE;4493;21/06/2024;PROPOSTA PAGA;Proposta Paga;26/06/2024;R$400.000,00;R$400.000,00;R$400.000,00
2024;60110001;S.PART.;COMISSÃO DE ASSUNTOS SOCIAIS - CAS;não se aplica;não se aplica;PB;251340;SANTA LUZIA;MUNICIPAL;COMISSAO;CORRENTE;302;1000;1030251182E900001;19/06/2024;36000619609202400;-;FAF;INCREMENTO MAC;2E90;ATENÇÃO ESPECIALIZADA À SAÚDE;INCREMENTO TEMPORÁRIO DO TETO DA MÉDIA E ALTA COMPLEXIDADE - MAC;10425754000147;FUNDO MUNICIPAL DE SAUDE DE SANTA LUZIA;4493;21/06/2024;PROPOSTA PAGA;Proposta Paga;26/06/2024;R$500.000,00;R$500.000,00;R$500.000,00
2024;60060003;S.PART.;COMISSÃO DE ASSUNTOS SOCIAIS - CAS;não se aplica;não se aplica;PB;250020;AGUIAR;MUNICIPAL;COMISSAO;CORRENTE;302;1000;1030251182E900001;19/06/2024;36000619460202400;-;FAF;INCREMENTO MAC;2E90;ATENÇÃO ESPECIALIZADA À SAÚDE;INCREMENTO TEMPORÁRIO DO TETO DA MÉDIA E ALTA COMPLEXIDADE - MAC;11267041000165;FUNDO MUNICIPAL DE SAUDE;4493;21/06/2024;PROPOSTA PAGA;Proposta Paga;26/06/2024;R$500.000,00;R$500.000,00;R$500.000,00
2024;60060003;S.PART.;COMISSÃO DE ASSUNTOS SOCIAIS - CAS;não se aplica;não se aplica;PB;250370;CAJAZEIRAS;MUNICIPAL;COMISSAO;CORRENTE;302;1000;1030251182E900001;03/07/2024;36000630286202400;-;FAF;INCREMENTO MAC;2E90;ATENÇÃO ESPECIALIZADA À SAÚDE;INCREMENTO TEMPORÁRIO DO TETO DA MÉDIA E ALTA COMPLEXIDADE - MAC;11902878000139;MUNICIPIO DE CAJAZEIRAS FUNDO MUNICIPAL DE SAUDE - FMS;4805;04/07/2024;PROPOSTA PAGA;Proposta Paga;05/07/2024;R$2.000.000,00;R$2.000.000,00;R$2.000.000,00
2023;60000002;S.PART.;COMISSÃO MISTA DE PLANOS, ORÇAMENTOS PÚBLICOS E FISCALIZAÇÃO;não se aplica;não se aplica;PB;250750;JOAO PESSOA;ESTADUAL;COMISSAO;CORRENTE;302;1444;1030250182E900001;08/05/2023;36000520039202300;-;FAF;INCREMENTO MAC;2E90;INCREMENTO TEMPORÁRIO - MAC;INCREMENTO DO CUSTEIO DA MÉDIA E ALTA COMPLEXIDADE (MAC);03609595000175;FUNDO ESTADUAL DE SAUDE DO ESTADO DA PARAIBA - FESEP;2636;22/12/2023;PROPOSTA PAGA;Proposta Paga;13/03/2024;R$11.000.000,00;R$11.000.000,00;R$11.000.000,00
2023;60000002;S.PART.;COMISSÃO MISTA DE PLANOS, ORÇAMENTOS PÚBLICOS E FISCALIZAÇÃO;não se aplica;não se aplica;PB;250750;JOAO PESSOA;ESTADUAL;COMISSAO;CORRENTE;302;1001;1030250182E900001;08/05/2023;36000520039202300;-;FAF;INCREMENTO MAC;2E90;INCREMENTO TEMPORÁRIO - MAC;INCREMENTO DO CUSTEIO DA MÉDIA E ALTA COMPLEXIDADE (MAC);03609595000175;FUNDO ESTADUAL DE SAUDE DO ESTADO DA PARAIBA - FESEP;2636;22/12/2023;PROPOSTA PAGA;Proposta Paga;13/03/2024;R$10.000.000,00;R$10.000.000,00;R$10.000.000,00
